solid OpenSCAD_Model
  facet normal -0.0436173 0.999048 0
    outer loop
      vertex 0 -8 1.90735e-07
      vertex -1.69954 -8.0742 17.5
      vertex 0 -8 17.5
    endloop
  endfacet
  facet normal -0.0436173 0.999048 0
    outer loop
      vertex -1.69954 -8.0742 17.5
      vertex 0 -8 1.90735e-07
      vertex -1.69954 -8.0742 1.90735e-07
    endloop
  endfacet
  facet normal 0.991448 -0.1305 0
    outer loop
      vertex 19.2038 -30.8861 17.5
      vertex 19.4258 -29.1995 7.5
      vertex 19.4258 -29.1995 17.5
    endloop
  endfacet
  facet normal 0.991448 -0.1305 0
    outer loop
      vertex 19.4258 -29.1995 7.5
      vertex 19.2038 -30.8861 17.5
      vertex 19.2038 -30.8861 7.5
    endloop
  endfacet
  facet normal 0.999048 -0.0436183 0
    outer loop
      vertex 19.4258 -29.1995 17.5
      vertex 19.5 -27.5 7.5
      vertex 19.5 -27.5 17.5
    endloop
  endfacet
  facet normal 0.999048 -0.0436183 0
    outer loop
      vertex 19.5 -27.5 7.5
      vertex 19.4258 -29.1995 17.5
      vertex 19.4258 -29.1995 7.5
    endloop
  endfacet
  facet normal -0.793371 0.608739 0
    outer loop
      vertex -15.9735 -16.3153 1.90735e-07
      vertex -14.9379 -14.9656 17.5
      vertex -14.9379 -14.9656 1.90735e-07
    endloop
  endfacet
  facet normal -0.793371 0.608739 0
    outer loop
      vertex -14.9379 -14.9656 17.5
      vertex -15.9735 -16.3153 1.90735e-07
      vertex -15.9735 -16.3153 17.5
    endloop
  endfacet
  facet normal -0.382685 0.923879 0
    outer loop
      vertex -6.66939 -9.17599 1.90735e-07
      vertex -8.24106 -9.827 17.5
      vertex -6.66939 -9.17599 17.5
    endloop
  endfacet
  facet normal -0.382685 0.923879 0
    outer loop
      vertex -8.24106 -9.827 17.5
      vertex -6.66939 -9.17599 1.90735e-07
      vertex -8.24106 -9.827 1.90735e-07
    endloop
  endfacet
  facet normal -0.737266 -0.675602 0
    outer loop
      vertex -13.7886 -41.2886 1.90735e-07
      vertex -14.9379 -40.0344 17.5
      vertex -14.9379 -40.0344 1.90735e-07
    endloop
  endfacet
  facet normal -0.737266 -0.675602 0
    outer loop
      vertex -14.9379 -40.0344 17.5
      vertex -13.7886 -41.2886 1.90735e-07
      vertex -13.7886 -41.2886 17.5
    endloop
  endfacet
  facet normal -0.461747 -0.887012 0
    outer loop
      vertex -9.75 -44.3875 1.90735e-07
      vertex -8.24106 -45.173 17.5
      vertex -9.75 -44.3875 17.5
    endloop
  endfacet
  facet normal -0.461747 -0.887012 -0
    outer loop
      vertex -8.24106 -45.173 17.5
      vertex -9.75 -44.3875 1.90735e-07
      vertex -8.24106 -45.173 1.90735e-07
    endloop
  endfacet
  facet normal -0.1305 -0.991448 -4.14945e-05
    outer loop
      vertex -2 -46.8862 16.2641
      vertex -1.69954 -46.9258 17.5
      vertex -3.38614 -46.7038 17.5
    endloop
  endfacet
  facet normal -0.130668 -0.991426 -0
    outer loop
      vertex -1.69954 -46.9258 17.5
      vertex -2 -46.8862 16.2641
      vertex -1.69954 -46.9258 16.4205
    endloop
  endfacet
  facet normal -0.130413 -0.99146 5.83499e-05
    outer loop
      vertex -3.38614 -46.7038 17.5
      vertex -2.2943 -46.8475 16.0766
      vertex -2 -46.8862 16.2641
    endloop
  endfacet
  facet normal -0.130627 -0.991432 -0.000108991
    outer loop
      vertex -3.38614 -46.7038 17.5
      vertex -2.57115 -46.811 15.8642
      vertex -2.2943 -46.8475 16.0766
    endloop
  endfacet
  facet normal -0.130304 -0.991474 5.45912e-05
    outer loop
      vertex -3.38614 -46.7038 17.5
      vertex -2.82843 -46.7772 15.6284
      vertex -2.57115 -46.811 15.8642
    endloop
  endfacet
  facet normal -0.130712 -0.99142 -6.90669e-05
    outer loop
      vertex -3.38614 -46.7038 17.5
      vertex -3.06418 -46.7461 15.3712
      vertex -2.82843 -46.7772 15.6284
    endloop
  endfacet
  facet normal -0.130226 -0.991484 5.68659e-06
    outer loop
      vertex -3.38614 -46.7038 17.5
      vertex -3.27661 -46.7182 15.0943
      vertex -3.06418 -46.7461 15.3712
    endloop
  endfacet
  facet normal -0.130349 -0.991468 0
    outer loop
      vertex -3.27661 -46.7182 15.0943
      vertex -3.38614 -46.7038 17.5
      vertex -3.38614 -46.7038 14.9224
    endloop
  endfacet
  facet normal -0.130349 -0.991468 0
    outer loop
      vertex -3.38614 -46.7038 1.90735e-07
      vertex -3.27661 -46.7182 4.20569
      vertex -3.38614 -46.7038 4.37762
    endloop
  endfacet
  facet normal -0.130223 -0.991485 -3.33272e-06
    outer loop
      vertex -3.38614 -46.7038 1.90735e-07
      vertex -3.06418 -46.7461 3.92885
      vertex -3.27661 -46.7182 4.20569
    endloop
  endfacet
  facet normal -0.130743 -0.991416 4.00188e-05
    outer loop
      vertex -3.38614 -46.7038 1.90735e-07
      vertex -2.82843 -46.7772 3.67157
      vertex -3.06418 -46.7461 3.92885
    endloop
  endfacet
  facet normal -0.130283 -0.991477 -3.10996e-05
    outer loop
      vertex -3.38614 -46.7038 1.90735e-07
      vertex -2.57115 -46.811 3.43582
      vertex -2.82843 -46.7772 3.67157
    endloop
  endfacet
  facet normal -0.130663 -0.991427 6.06803e-05
    outer loop
      vertex -3.38614 -46.7038 1.90735e-07
      vertex -2.2943 -46.8475 3.22339
      vertex -2.57115 -46.811 3.43582
    endloop
  endfacet
  facet normal -0.130396 -0.991462 -3.15503e-05
    outer loop
      vertex -3.38614 -46.7038 1.90735e-07
      vertex -2 -46.8862 3.0359
      vertex -2.2943 -46.8475 3.22339
    endloop
  endfacet
  facet normal -0.130629 -0.991431 7.66117e-05
    outer loop
      vertex -3.38614 -46.7038 1.90735e-07
      vertex -1.69954 -46.9258 2.87949
      vertex -2 -46.8862 3.0359
    endloop
  endfacet
  facet normal -0.1305 -0.991448 -0
    outer loop
      vertex -1.69954 -46.9258 2.87949
      vertex -3.38614 -46.7038 1.90735e-07
      vertex -1.69954 -46.9258 1.90735e-07
    endloop
  endfacet
  facet normal 0.887007 0.461756 0
    outer loop
      vertex 17.673 -19.2589 17.5
      vertex 16.8875 -17.75 7.5
      vertex 16.8875 -17.75 17.5
    endloop
  endfacet
  facet normal 0.887007 0.461756 0
    outer loop
      vertex 16.8875 -17.75 7.5
      vertex 17.673 -19.2589 17.5
      vertex 17.673 -19.2589 7.5
    endloop
  endfacet
  facet normal -0.923884 -0.382674 0
    outer loop
      vertex -17.673 -35.7411 1.90735e-07
      vertex -18.324 -34.1694 8.616
      vertex -18.324 -34.1694 1.90735e-07
    endloop
  endfacet
  facet normal -0.922767 -0.385358 0.00057403
    outer loop
      vertex -18.324 -34.1694 8.616
      vertex -17.673 -35.7411 1.90735e-07
      vertex -18.3179 -34.184 8.62062
    endloop
  endfacet
  facet normal -0.924015 -0.382357 -6.14382e-05
    outer loop
      vertex -18.3179 -34.184 8.62062
      vertex -17.673 -35.7411 1.90735e-07
      vertex -18.2512 -34.3452 8.68738
    endloop
  endfacet
  facet normal -0.923919 -0.382588 -1.78599e-05
    outer loop
      vertex -18.2512 -34.3452 8.68738
      vertex -17.673 -35.7411 1.90735e-07
      vertex -18.1871 -34.5 8.76795
    endloop
  endfacet
  facet normal -0.923823 -0.382821 2.07352e-05
    outer loop
      vertex -18.1871 -34.5 8.76795
      vertex -17.673 -35.7411 1.90735e-07
      vertex -18.1261 -34.6472 8.8617
    endloop
  endfacet
  facet normal -0.923938 -0.382542 -1.96604e-05
    outer loop
      vertex -18.1261 -34.6472 8.8617
      vertex -17.673 -35.7411 1.90735e-07
      vertex -18.0688 -34.7856 8.96791
    endloop
  endfacet
  facet normal -0.923805 -0.382864 2.06302e-05
    outer loop
      vertex -18.0688 -34.7856 8.96791
      vertex -17.673 -35.7411 1.90735e-07
      vertex -18.0155 -34.9142 9.08579
    endloop
  endfacet
  facet normal -0.92397 -0.382465 -2.19932e-05
    outer loop
      vertex -18.0155 -34.9142 9.08579
      vertex -17.673 -35.7411 1.90735e-07
      vertex -17.9667 -35.0321 9.21443
    endloop
  endfacet
  facet normal -0.923849 -0.382757 4.34162e-06
    outer loop
      vertex -17.9667 -35.0321 9.21443
      vertex -17.673 -35.7411 1.90735e-07
      vertex -17.9227 -35.1383 9.35285
    endloop
  endfacet
  facet normal -0.9236 -0.383359 4.97945e-05
    outer loop
      vertex -17.9227 -35.1383 9.35285
      vertex -17.673 -35.7411 1.90735e-07
      vertex -17.8838 -35.232 9.5
    endloop
  endfacet
  facet normal -0.924198 -0.381913 -4.09849e-05
    outer loop
      vertex -17.8838 -35.232 9.5
      vertex -17.673 -35.7411 1.90735e-07
      vertex -17.8505 -35.3126 9.65476
    endloop
  endfacet
  facet normal -0.923744 -0.383011 1.6107e-05
    outer loop
      vertex -17.8505 -35.3126 9.65476
      vertex -17.673 -35.7411 1.90735e-07
      vertex -17.8228 -35.3794 9.81596
    endloop
  endfacet
  facet normal -0.924139 -0.382057 -2.50655e-05
    outer loop
      vertex -17.8228 -35.3794 9.81596
      vertex -17.673 -35.7411 1.90735e-07
      vertex -17.8011 -35.4319 9.98236
    endloop
  endfacet
  facet normal -0.923236 -0.384234 5.39518e-05
    outer loop
      vertex -17.8011 -35.4319 9.98236
      vertex -17.673 -35.7411 1.90735e-07
      vertex -17.7854 -35.4696 10.1527
    endloop
  endfacet
  facet normal -0.925212 -0.37945 -8.98451e-05
    outer loop
      vertex -17.776 -35.4924 10.3257
      vertex -17.673 -35.7411 1.90735e-07
      vertex -17.7729 -35.5 10.5
    endloop
  endfacet
  facet normal -0.924416 -0.381386 -3.52568e-05
    outer loop
      vertex -17.7854 -35.4696 10.1527
      vertex -17.673 -35.7411 1.90735e-07
      vertex -17.776 -35.4924 10.3257
    endloop
  endfacet
  facet normal -0.922807 -0.385262 -0.000932343
    outer loop
      vertex -17.673 -35.7411 17.5
      vertex -18.324 -34.1694 12.384
      vertex -18.3179 -34.184 12.3794
    endloop
  endfacet
  facet normal -0.924009 -0.38237 9.87281e-05
    outer loop
      vertex -17.673 -35.7411 17.5
      vertex -18.3179 -34.184 12.3794
      vertex -18.2512 -34.3452 12.3126
    endloop
  endfacet
  facet normal -0.923917 -0.382593 2.84327e-05
    outer loop
      vertex -17.673 -35.7411 17.5
      vertex -18.2512 -34.3452 12.3126
      vertex -18.1871 -34.5 12.2321
    endloop
  endfacet
  facet normal -0.923825 -0.382814 -3.27122e-05
    outer loop
      vertex -17.673 -35.7411 17.5
      vertex -18.1871 -34.5 12.2321
      vertex -18.1261 -34.6472 12.1383
    endloop
  endfacet
  facet normal -0.923935 -0.382549 3.07572e-05
    outer loop
      vertex -17.673 -35.7411 17.5
      vertex -18.1261 -34.6472 12.1383
      vertex -18.0688 -34.7856 12.0321
    endloop
  endfacet
  facet normal -0.923808 -0.382855 -3.20118e-05
    outer loop
      vertex -17.673 -35.7411 17.5
      vertex -18.0688 -34.7856 12.0321
      vertex -18.0155 -34.9142 11.9142
    endloop
  endfacet
  facet normal -0.923966 -0.382476 3.38588e-05
    outer loop
      vertex -17.673 -35.7411 17.5
      vertex -18.0155 -34.9142 11.9142
      vertex -17.9667 -35.0321 11.7856
    endloop
  endfacet
  facet normal -0.92385 -0.382754 -6.6308e-06
    outer loop
      vertex -17.673 -35.7411 17.5
      vertex -17.9667 -35.0321 11.7856
      vertex -17.9227 -35.1383 11.6472
    endloop
  endfacet
  facet normal -0.923614 -0.383324 -7.5424e-05
    outer loop
      vertex -17.673 -35.7411 17.5
      vertex -17.9227 -35.1383 11.6472
      vertex -17.8838 -35.232 11.5
    endloop
  endfacet
  facet normal -0.924185 -0.381946 6.15401e-05
    outer loop
      vertex -17.673 -35.7411 17.5
      vertex -17.8838 -35.232 11.5
      vertex -17.8505 -35.3126 11.3452
    endloop
  endfacet
  facet normal -0.923751 -0.382994 -2.39491e-05
    outer loop
      vertex -17.673 -35.7411 17.5
      vertex -17.8505 -35.3126 11.3452
      vertex -17.8228 -35.3794 11.184
    endloop
  endfacet
  facet normal -0.924126 -0.382089 3.6821e-05
    outer loop
      vertex -17.673 -35.7411 17.5
      vertex -17.8228 -35.3794 11.184
      vertex -17.8011 -35.4319 11.0176
    endloop
  endfacet
  facet normal -0.923274 -0.384142 -7.79229e-05
    outer loop
      vertex -17.673 -35.7411 17.5
      vertex -17.8011 -35.4319 11.0176
      vertex -17.7854 -35.4696 10.8473
    endloop
  endfacet
  facet normal -0.923884 -0.382674 0
    outer loop
      vertex -18.324 -34.1694 12.384
      vertex -17.673 -35.7411 17.5
      vertex -18.324 -34.1694 17.5
    endloop
  endfacet
  facet normal -0.924378 -0.381478 4.94178e-05
    outer loop
      vertex -17.776 -35.4924 10.6743
      vertex -17.673 -35.7411 17.5
      vertex -17.7854 -35.4696 10.8473
    endloop
  endfacet
  facet normal -0.92501 -0.379942 0.000114917
    outer loop
      vertex -17.7729 -35.5 10.5
      vertex -17.673 -35.7411 17.5
      vertex -17.776 -35.4924 10.6743
    endloop
  endfacet
  facet normal -0.923835 -0.382792 -0
    outer loop
      vertex -17.673 -35.7411 17.5
      vertex -17.7729 -35.5 10.5
      vertex -17.673 -35.7411 1.90735e-07
    endloop
  endfacet
  facet normal -0.675602 -0.737266 0
    outer loop
      vertex -13.7886 -41.2886 1.90735e-07
      vertex -12.5344 -42.4379 17.5
      vertex -13.7886 -41.2886 17.5
    endloop
  endfacet
  facet normal -0.675602 -0.737266 -0
    outer loop
      vertex -12.5344 -42.4379 17.5
      vertex -13.7886 -41.2886 1.90735e-07
      vertex -12.5344 -42.4379 1.90735e-07
    endloop
  endfacet
  facet normal -0.95369 -0.300793 0
    outer loop
      vertex -18.8016 -32.6548 12.3126
      vertex -18.8356 -32.547 17.5
      vertex -18.8356 -32.547 12.2565
    endloop
  endfacet
  facet normal -0.953592 -0.3011 7.03258e-06
    outer loop
      vertex -18.7507 -32.816 12.3794
      vertex -18.8356 -32.547 17.5
      vertex -18.8016 -32.6548 12.3126
    endloop
  endfacet
  facet normal -0.953822 -0.300373 -3.49731e-05
    outer loop
      vertex -18.6983 -32.9824 12.4319
      vertex -18.8356 -32.547 17.5
      vertex -18.7507 -32.816 12.3794
    endloop
  endfacet
  facet normal -0.953709 -0.30073 -1.31208e-06
    outer loop
      vertex -18.6446 -33.1527 12.4696
      vertex -18.8356 -32.547 17.5
      vertex -18.6983 -32.9824 12.4319
    endloop
  endfacet
  facet normal -0.953634 -0.300969 3.04405e-05
    outer loop
      vertex -18.59 -33.3257 12.4924
      vertex -18.8356 -32.547 17.5
      vertex -18.6446 -33.1527 12.4696
    endloop
  endfacet
  facet normal -0.953805 -0.300427 -6.23574e-05
    outer loop
      vertex -18.5351 -33.5 12.5
      vertex -18.8356 -32.547 17.5
      vertex -18.59 -33.3257 12.4924
    endloop
  endfacet
  facet normal -0.953649 -0.300921 -2.42278e-05
    outer loop
      vertex -18.324 -34.1694 17.5
      vertex -18.5351 -33.5 12.5
      vertex -18.4801 -33.6743 12.4924
    endloop
  endfacet
  facet normal -0.95379 -0.300475 2.42903e-05
    outer loop
      vertex -18.324 -34.1694 17.5
      vertex -18.4801 -33.6743 12.4924
      vertex -18.4256 -33.8473 12.4696
    endloop
  endfacet
  facet normal -0.953709 -0.300731 6.2679e-06
    outer loop
      vertex -18.324 -34.1694 17.5
      vertex -18.4256 -33.8473 12.4696
      vertex -18.3719 -34.0176 12.4319
    endloop
  endfacet
  facet normal -0.953649 -0.300921 -0
    outer loop
      vertex -18.324 -34.1694 17.5
      vertex -18.3719 -34.0176 12.4319
      vertex -18.324 -34.1694 12.384
    endloop
  endfacet
  facet normal -0.953707 -0.300737 2.77459e-06
    outer loop
      vertex -18.5351 -33.5 12.5
      vertex -18.324 -34.1694 17.5
      vertex -18.8356 -32.547 17.5
    endloop
  endfacet
  facet normal -0.95369 -0.300793 0
    outer loop
      vertex -18.8356 -32.547 1.90735e-07
      vertex -18.8016 -32.6548 8.68738
      vertex -18.8356 -32.547 8.7435
    endloop
  endfacet
  facet normal -0.953592 -0.301101 -4.21379e-06
    outer loop
      vertex -18.8356 -32.547 1.90735e-07
      vertex -18.7507 -32.816 8.62062
      vertex -18.8016 -32.6548 8.68738
    endloop
  endfacet
  facet normal -0.953823 -0.300369 2.09124e-05
    outer loop
      vertex -18.8356 -32.547 1.90735e-07
      vertex -18.6983 -32.9824 8.56815
      vertex -18.7507 -32.816 8.62062
    endloop
  endfacet
  facet normal -0.953709 -0.300729 7.82049e-07
    outer loop
      vertex -18.8356 -32.547 1.90735e-07
      vertex -18.6446 -33.1527 8.53039
      vertex -18.6983 -32.9824 8.56815
    endloop
  endfacet
  facet normal -0.953633 -0.300971 -1.80668e-05
    outer loop
      vertex -18.8356 -32.547 1.90735e-07
      vertex -18.59 -33.3257 8.50761
      vertex -18.6446 -33.1527 8.53039
    endloop
  endfacet
  facet normal -0.953805 -0.300426 3.68055e-05
    outer loop
      vertex -18.8356 -32.547 1.90735e-07
      vertex -18.5351 -33.5 8.5
      vertex -18.59 -33.3257 8.50761
    endloop
  endfacet
  facet normal -0.953707 -0.300737 -1.63211e-06
    outer loop
      vertex -18.324 -34.1694 1.90735e-07
      vertex -18.5351 -33.5 8.5
      vertex -18.8356 -32.547 1.90735e-07
    endloop
  endfacet
  facet normal -0.953649 -0.300921 1.42857e-05
    outer loop
      vertex -18.5351 -33.5 8.5
      vertex -18.324 -34.1694 1.90735e-07
      vertex -18.4801 -33.6743 8.50761
    endloop
  endfacet
  facet normal -0.95379 -0.300473 -1.43735e-05
    outer loop
      vertex -18.4801 -33.6743 8.50761
      vertex -18.324 -34.1694 1.90735e-07
      vertex -18.4256 -33.8473 8.53039
    endloop
  endfacet
  facet normal -0.953709 -0.30073 -3.71747e-06
    outer loop
      vertex -18.4256 -33.8473 8.53039
      vertex -18.324 -34.1694 1.90735e-07
      vertex -18.3719 -34.0176 8.56815
    endloop
  endfacet
  facet normal -0.953649 -0.300921 0
    outer loop
      vertex -18.3719 -34.0176 8.56815
      vertex -18.324 -34.1694 1.90735e-07
      vertex -18.324 -34.1694 8.616
    endloop
  endfacet
  facet normal -0.608739 0.793371 0
    outer loop
      vertex -11.1847 -11.5265 1.90735e-07
      vertex -12.5344 -12.5621 17.5
      vertex -11.1847 -11.5265 17.5
    endloop
  endfacet
  facet normal -0.608739 0.793371 0
    outer loop
      vertex -12.5344 -12.5621 17.5
      vertex -11.1847 -11.5265 1.90735e-07
      vertex -12.5344 -12.5621 1.90735e-07
    endloop
  endfacet
  facet normal -0.216441 -0.976296 0
    outer loop
      vertex -5.04697 -46.3356 17.5
      vertex -3.38614 -46.7038 14.9224
      vertex -3.38614 -46.7038 17.5
    endloop
  endfacet
  facet normal -0.216539 -0.976274 -6.63842e-05
    outer loop
      vertex -5.04697 -46.3356 17.5
      vertex -3.4641 -46.6865 14.8
      vertex -3.38614 -46.7038 14.9224
    endloop
  endfacet
  facet normal -0.216648 -0.97625 -0.00013323
    outer loop
      vertex -5.04697 -46.3356 17.5
      vertex -3.62523 -46.6507 14.4905
      vertex -3.4641 -46.6865 14.8
    endloop
  endfacet
  facet normal -0.216391 -0.976307 -5.73125e-06
    outer loop
      vertex -5.04697 -46.3356 17.5
      vertex -3.75877 -46.6211 14.1681
      vertex -3.62523 -46.6507 14.4905
    endloop
  endfacet
  facet normal -0.216156 -0.976359 8.94094e-05
    outer loop
      vertex -5.04697 -46.3356 17.5
      vertex -3.8637 -46.5979 13.8353
      vertex -3.75877 -46.6211 14.1681
    endloop
  endfacet
  facet normal -0.216706 -0.976237 -9.6796e-05
    outer loop
      vertex -5.04697 -46.3356 17.5
      vertex -3.93923 -46.5811 13.4946
      vertex -3.8637 -46.5979 13.8353
    endloop
  endfacet
  facet normal -0.216406 -0.976303 -9.74881e-06
    outer loop
      vertex -5.04697 -46.3356 17.5
      vertex -3.98478 -46.571 13.1486
      vertex -3.93923 -46.5811 13.4946
    endloop
  endfacet
  facet normal -0.21569 -0.976462 0.000173503
    outer loop
      vertex -5.04697 -46.3356 17.5
      vertex -4 -46.5677 12.8
      vertex -3.98478 -46.571 13.1486
    endloop
  endfacet
  facet normal -0.216433 -0.976298 0
    outer loop
      vertex -5.04697 -46.3356 17.5
      vertex -4 -46.5677 6.5
      vertex -4 -46.5677 12.8
    endloop
  endfacet
  facet normal -0.216433 -0.976298 0
    outer loop
      vertex -5.04697 -46.3356 1.90735e-07
      vertex -4 -46.5677 6.5
      vertex -5.04697 -46.3356 17.5
    endloop
  endfacet
  facet normal -0.215467 -0.976511 -0.000163258
    outer loop
      vertex -4 -46.5677 6.5
      vertex -5.04697 -46.3356 1.90735e-07
      vertex -3.98478 -46.571 6.15138
    endloop
  endfacet
  facet normal -0.216415 -0.976301 8.51519e-06
    outer loop
      vertex -5.04697 -46.3356 1.90735e-07
      vertex -3.93923 -46.5811 5.80541
      vertex -3.98478 -46.571 6.15138
    endloop
  endfacet
  facet normal -0.216775 -0.976222 8.06663e-05
    outer loop
      vertex -5.04697 -46.3356 1.90735e-07
      vertex -3.8637 -46.5979 5.46472
      vertex -3.93923 -46.5811 5.80541
    endloop
  endfacet
  facet normal -0.216103 -0.97637 -7.19504e-05
    outer loop
      vertex -5.04697 -46.3356 1.90735e-07
      vertex -3.75877 -46.6211 5.13192
      vertex -3.8637 -46.5979 5.46472
    endloop
  endfacet
  facet normal -0.216394 -0.976306 4.47961e-06
    outer loop
      vertex -5.04697 -46.3356 1.90735e-07
      vertex -3.62523 -46.6507 4.80953
      vertex -3.75877 -46.6211 5.13192
    endloop
  endfacet
  facet normal -0.216706 -0.976237 0.000101421
    outer loop
      vertex -5.04697 -46.3356 1.90735e-07
      vertex -3.4641 -46.6865 4.5
      vertex -3.62523 -46.6507 4.80953
    endloop
  endfacet
  facet normal -0.216565 -0.976268 4.92803e-05
    outer loop
      vertex -5.04697 -46.3356 1.90735e-07
      vertex -3.38614 -46.7038 4.37762
      vertex -3.4641 -46.6865 4.5
    endloop
  endfacet
  facet normal -0.216441 -0.976296 -0
    outer loop
      vertex -3.38614 -46.7038 4.37762
      vertex -5.04697 -46.3356 1.90735e-07
      vertex -3.38614 -46.7038 1.90735e-07
    endloop
  endfacet
  facet normal -0.999048 0.0436183 0
    outer loop
      vertex -19.5 -27.5 1.90735e-07
      vertex -19.4258 -25.8005 17.5
      vertex -19.4258 -25.8005 1.90735e-07
    endloop
  endfacet
  facet normal -0.999048 0.0436183 0
    outer loop
      vertex -19.4258 -25.8005 17.5
      vertex -19.5 -27.5 1.90735e-07
      vertex -19.5 -27.5 17.5
    endloop
  endfacet
  facet normal -0.991448 -0.1305 0
    outer loop
      vertex -19.2038 -30.8861 1.90735e-07
      vertex -19.4258 -29.1995 17.5
      vertex -19.4258 -29.1995 1.90735e-07
    endloop
  endfacet
  facet normal -0.991448 -0.1305 0
    outer loop
      vertex -19.4258 -29.1995 17.5
      vertex -19.2038 -30.8861 1.90735e-07
      vertex -19.2038 -30.8861 17.5
    endloop
  endfacet
  facet normal -0.976295 -0.216442 0
    outer loop
      vertex -19.2038 -30.8861 1.90735e-07
      vertex -19.0677 -31.5 10.5
      vertex -19.2038 -30.8861 17.5
    endloop
  endfacet
  facet normal -0.97612 -0.217232 -4.84395e-05
    outer loop
      vertex -19.2038 -30.8861 1.90735e-07
      vertex -19.066 -31.5076 10.3257
      vertex -19.0677 -31.5 10.5
    endloop
  endfacet
  facet normal -0.976012 -0.217718 -7.91464e-05
    outer loop
      vertex -19.2038 -30.8861 1.90735e-07
      vertex -19.0609 -31.5304 10.1527
      vertex -19.066 -31.5076 10.3257
    endloop
  endfacet
  facet normal -0.976537 -0.215349 7.85978e-05
    outer loop
      vertex -19.2038 -30.8861 1.90735e-07
      vertex -19.0526 -31.5681 9.98236
      vertex -19.0609 -31.5304 10.1527
    endloop
  endfacet
  facet normal -0.976098 -0.21733 -6.33831e-05
    outer loop
      vertex -19.2038 -30.8861 1.90735e-07
      vertex -19.0409 -31.6206 9.81596
      vertex -19.0526 -31.5681 9.98236
    endloop
  endfacet
  facet normal -0.976317 -0.216344 1.40247e-05
    outer loop
      vertex -19.2038 -30.8861 1.90735e-07
      vertex -19.0261 -31.6874 9.65476
      vertex -19.0409 -31.6206 9.81596
    endloop
  endfacet
  facet normal -0.976397 -0.215986 4.51894e-05
    outer loop
      vertex -19.2038 -30.8861 1.90735e-07
      vertex -19.0083 -31.7679 9.5
      vertex -19.0261 -31.6874 9.65476
    endloop
  endfacet
  facet normal -0.976286 -0.216485 -3.38544e-06
    outer loop
      vertex -19.2038 -30.8861 1.90735e-07
      vertex -18.9875 -31.8617 9.35285
      vertex -19.0083 -31.7679 9.5
    endloop
  endfacet
  facet normal -0.9762 -0.216873 -4.59412e-05
    outer loop
      vertex -19.2038 -30.8861 1.90735e-07
      vertex -18.9639 -31.9679 9.21443
      vertex -18.9875 -31.8617 9.35285
    endloop
  endfacet
  facet normal -0.976353 -0.216182 3.922e-05
    outer loop
      vertex -19.2038 -30.8861 1.90735e-07
      vertex -18.9378 -32.0858 9.08579
      vertex -18.9639 -31.9679 9.21443
    endloop
  endfacet
  facet normal -0.97631 -0.216378 1.20375e-05
    outer loop
      vertex -19.2038 -30.8861 1.90735e-07
      vertex -18.9093 -32.2144 8.96791
      vertex -18.9378 -32.0858 9.08579
    endloop
  endfacet
  facet normal -0.976272 -0.216547 -1.4133e-05
    outer loop
      vertex -19.2038 -30.8861 1.90735e-07
      vertex -18.8786 -32.3528 8.8617
      vertex -18.9093 -32.2144 8.96791
    endloop
  endfacet
  facet normal -0.976338 -0.216251 3.72539e-05
    outer loop
      vertex -19.2038 -30.8861 1.90735e-07
      vertex -18.846 -32.5 8.76795
      vertex -18.8786 -32.3528 8.8617
    endloop
  endfacet
  facet normal -0.976298 -0.216433 -0
    outer loop
      vertex -18.8356 -32.547 8.7435
      vertex -19.2038 -30.8861 1.90735e-07
      vertex -18.8356 -32.547 1.90735e-07
    endloop
  endfacet
  facet normal -0.976375 -0.216085 6.92787e-05
    outer loop
      vertex -19.2038 -30.8861 1.90735e-07
      vertex -18.8356 -32.547 8.7435
      vertex -18.846 -32.5 8.76795
    endloop
  endfacet
  facet normal -0.976159 -0.217056 5.64846e-05
    outer loop
      vertex -19.066 -31.5076 10.6743
      vertex -19.2038 -30.8861 17.5
      vertex -19.0677 -31.5 10.5
    endloop
  endfacet
  facet normal -0.97605 -0.217544 0.000103152
    outer loop
      vertex -19.0609 -31.5304 10.8473
      vertex -19.2038 -30.8861 17.5
      vertex -19.066 -31.5076 10.6743
    endloop
  endfacet
  facet normal -0.97651 -0.215473 -0.000107366
    outer loop
      vertex -19.0526 -31.5681 11.0176
      vertex -19.2038 -30.8861 17.5
      vertex -19.0609 -31.5304 10.8473
    endloop
  endfacet
  facet normal -0.976116 -0.217252 8.90485e-05
    outer loop
      vertex -19.0409 -31.6206 11.184
      vertex -19.2038 -30.8861 17.5
      vertex -19.0526 -31.5681 11.0176
    endloop
  endfacet
  facet normal -0.976314 -0.216358 -2.00933e-05
    outer loop
      vertex -19.0261 -31.6874 11.3452
      vertex -19.2038 -30.8861 17.5
      vertex -19.0409 -31.6206 11.184
    endloop
  endfacet
  facet normal -0.976388 -0.216023 -6.57385e-05
    outer loop
      vertex -19.0083 -31.7679 11.5
      vertex -19.2038 -30.8861 17.5
      vertex -19.0261 -31.6874 11.3452
    endloop
  endfacet
  facet normal -0.976287 -0.216482 4.98996e-06
    outer loop
      vertex -18.9875 -31.8617 11.6472
      vertex -19.2038 -30.8861 17.5
      vertex -19.0083 -31.7679 11.5
    endloop
  endfacet
  facet normal -0.976206 -0.216845 6.85133e-05
    outer loop
      vertex -18.9639 -31.9679 11.7856
      vertex -19.2038 -30.8861 17.5
      vertex -18.9875 -31.8617 11.6472
    endloop
  endfacet
  facet normal -0.976348 -0.216203 -5.91324e-05
    outer loop
      vertex -18.9378 -32.0858 11.9142
      vertex -19.2038 -30.8861 17.5
      vertex -18.9639 -31.9679 11.7856
    endloop
  endfacet
  facet normal -0.976308 -0.216384 -1.83389e-05
    outer loop
      vertex -18.9093 -32.2144 12.0321
      vertex -19.2038 -30.8861 17.5
      vertex -18.9378 -32.0858 11.9142
    endloop
  endfacet
  facet normal -0.976274 -0.216541 2.17584e-05
    outer loop
      vertex -18.8786 -32.3528 12.1383
      vertex -19.2038 -30.8861 17.5
      vertex -18.9093 -32.2144 12.0321
    endloop
  endfacet
  facet normal -0.976335 -0.216263 -5.79595e-05
    outer loop
      vertex -18.846 -32.5 12.2321
      vertex -19.2038 -30.8861 17.5
      vertex -18.8786 -32.3528 12.1383
    endloop
  endfacet
  facet normal -0.97637 -0.216104 -0.000109011
    outer loop
      vertex -18.8356 -32.547 12.2565
      vertex -19.2038 -30.8861 17.5
      vertex -18.846 -32.5 12.2321
    endloop
  endfacet
  facet normal -0.976298 -0.216433 0
    outer loop
      vertex -19.2038 -30.8861 17.5
      vertex -18.8356 -32.547 12.2565
      vertex -18.8356 -32.547 17.5
    endloop
  endfacet
  facet normal 0.461747 0.887012 -0
    outer loop
      vertex 9.75 -10.6125 1.90735e-07
      vertex 8.24106 -9.827 17.5
      vertex 9.75 -10.6125 17.5
    endloop
  endfacet
  facet normal 0.461747 0.887012 0
    outer loop
      vertex 8.24106 -9.827 17.5
      vertex 9.75 -10.6125 1.90735e-07
      vertex 8.24106 -9.827 1.90735e-07
    endloop
  endfacet
  facet normal 0.793371 0.608739 -0
    outer loop
      vertex 15.9735 -16.3153 7.5
      vertex 14.9379 -14.9656 17.5
      vertex 15.9735 -16.3153 17.5
    endloop
  endfacet
  facet normal 0.793371 0.608739 0
    outer loop
      vertex 14.9379 -14.9656 17.5
      vertex 15.9735 -16.3153 7.5
      vertex 14.9379 -14.9656 1.90735e-07
    endloop
  endfacet
  facet normal 0.793371 0.608739 0
    outer loop
      vertex 14.9379 -14.9656 1.90735e-07
      vertex 15.9735 -16.3153 7.5
      vertex 15.9735 -16.3153 1.90735e-07
    endloop
  endfacet
  facet normal -0.300734 -0.953708 0
    outer loop
      vertex -6.66939 -45.824 1.90735e-07
      vertex -5.04697 -46.3356 17.5
      vertex -6.66939 -45.824 17.5
    endloop
  endfacet
  facet normal -0.300734 -0.953708 -0
    outer loop
      vertex -5.04697 -46.3356 17.5
      vertex -6.66939 -45.824 1.90735e-07
      vertex -5.04697 -46.3356 1.90735e-07
    endloop
  endfacet
  facet normal -0.887007 0.461756 0
    outer loop
      vertex -17.673 -19.2589 1.90735e-07
      vertex -16.8875 -17.75 17.5
      vertex -16.8875 -17.75 1.90735e-07
    endloop
  endfacet
  facet normal -0.887007 0.461756 0
    outer loop
      vertex -16.8875 -17.75 17.5
      vertex -17.673 -19.2589 1.90735e-07
      vertex -17.673 -19.2589 17.5
    endloop
  endfacet
  facet normal 0.675602 -0.737266 0
    outer loop
      vertex 12.5344 -42.4379 1.90735e-07
      vertex 13.7886 -41.2886 17.5
      vertex 12.5344 -42.4379 17.5
    endloop
  endfacet
  facet normal 0.675602 -0.737266 0
    outer loop
      vertex 13.7886 -41.2886 17.5
      vertex 12.5344 -42.4379 1.90735e-07
      vertex 13.7886 -41.2886 1.90735e-07
    endloop
  endfacet
  facet normal 0.300702 0.953718 -0
    outer loop
      vertex 6.66939 -9.17599 1.90735e-07
      vertex 5.04697 -8.66445 17.5
      vertex 6.66939 -9.17599 17.5
    endloop
  endfacet
  facet normal 0.300702 0.953718 0
    outer loop
      vertex 5.04697 -8.66445 17.5
      vertex 6.66939 -9.17599 1.90735e-07
      vertex 5.04697 -8.66445 1.90735e-07
    endloop
  endfacet
  facet normal -0.843393 0.537298 0
    outer loop
      vertex -16.8875 -17.75 1.90735e-07
      vertex -15.9735 -16.3153 17.5
      vertex -15.9735 -16.3153 1.90735e-07
    endloop
  endfacet
  facet normal -0.843393 0.537298 0
    outer loop
      vertex -15.9735 -16.3153 17.5
      vertex -16.8875 -17.75 1.90735e-07
      vertex -16.8875 -17.75 17.5
    endloop
  endfacet
  facet normal -0.461747 0.887012 0
    outer loop
      vertex -8.24106 -9.827 1.90735e-07
      vertex -9.75 -10.6125 17.5
      vertex -8.24106 -9.827 17.5
    endloop
  endfacet
  facet normal -0.461747 0.887012 0
    outer loop
      vertex -9.75 -10.6125 17.5
      vertex -8.24106 -9.827 1.90735e-07
      vertex -9.75 -10.6125 1.90735e-07
    endloop
  endfacet
  facet normal 0.843393 0.537298 0
    outer loop
      vertex 16.8875 -17.75 17.5
      vertex 15.9735 -16.3153 7.5
      vertex 15.9735 -16.3153 17.5
    endloop
  endfacet
  facet normal 0.843393 0.537298 0
    outer loop
      vertex 15.9735 -16.3153 7.5
      vertex 16.8875 -17.75 17.5
      vertex 16.8875 -17.75 7.5
    endloop
  endfacet
  facet normal -0.130529 0.991444 0
    outer loop
      vertex -1.69954 -8.0742 1.90735e-07
      vertex -3.38614 -8.29625 17.5
      vertex -1.69954 -8.0742 17.5
    endloop
  endfacet
  facet normal -0.130529 0.991444 0
    outer loop
      vertex -3.38614 -8.29625 17.5
      vertex -1.69954 -8.0742 1.90735e-07
      vertex -3.38614 -8.29625 1.90735e-07
    endloop
  endfacet
  facet normal 0.216441 0.976296 -0
    outer loop
      vertex 5.04697 -8.66445 1.90735e-07
      vertex 3.38614 -8.29625 17.5
      vertex 5.04697 -8.66445 17.5
    endloop
  endfacet
  facet normal 0.216441 0.976296 0
    outer loop
      vertex 3.38614 -8.29625 17.5
      vertex 5.04697 -8.66445 1.90735e-07
      vertex 3.38614 -8.29625 1.90735e-07
    endloop
  endfacet
  facet normal -0.537298 0.843393 0
    outer loop
      vertex -9.75 -10.6125 1.90735e-07
      vertex -11.1847 -11.5265 17.5
      vertex -9.75 -10.6125 17.5
    endloop
  endfacet
  facet normal -0.537298 0.843393 0
    outer loop
      vertex -11.1847 -11.5265 17.5
      vertex -9.75 -10.6125 1.90735e-07
      vertex -11.1847 -11.5265 1.90735e-07
    endloop
  endfacet
  facet normal 0.130529 0.991444 -0
    outer loop
      vertex 3.38614 -8.29625 1.90735e-07
      vertex 1.69954 -8.0742 17.5
      vertex 3.38614 -8.29625 17.5
    endloop
  endfacet
  facet normal 0.130529 0.991444 0
    outer loop
      vertex 1.69954 -8.0742 17.5
      vertex 3.38614 -8.29625 1.90735e-07
      vertex 1.69954 -8.0742 1.90735e-07
    endloop
  endfacet
  facet normal 0.737266 0.675602 0
    outer loop
      vertex 14.9379 -14.9656 17.5
      vertex 13.7886 -13.7114 1.90735e-07
      vertex 13.7886 -13.7114 17.5
    endloop
  endfacet
  facet normal 0.737266 0.675602 0
    outer loop
      vertex 13.7886 -13.7114 1.90735e-07
      vertex 14.9379 -14.9656 17.5
      vertex 14.9379 -14.9656 1.90735e-07
    endloop
  endfacet
  facet normal 0.608739 -0.793371 0
    outer loop
      vertex 11.1847 -43.4735 1.90735e-07
      vertex 12.5344 -42.4379 17.5
      vertex 11.1847 -43.4735 17.5
    endloop
  endfacet
  facet normal 0.608739 -0.793371 0
    outer loop
      vertex 12.5344 -42.4379 17.5
      vertex 11.1847 -43.4735 1.90735e-07
      vertex 12.5344 -42.4379 1.90735e-07
    endloop
  endfacet
  facet normal 0.537298 -0.843393 0
    outer loop
      vertex 9.75 -44.3875 1.90735e-07
      vertex 11.1847 -43.4735 17.5
      vertex 9.75 -44.3875 17.5
    endloop
  endfacet
  facet normal 0.537298 -0.843393 0
    outer loop
      vertex 11.1847 -43.4735 17.5
      vertex 9.75 -44.3875 1.90735e-07
      vertex 11.1847 -43.4735 1.90735e-07
    endloop
  endfacet
  facet normal -0.976298 0.216433 0
    outer loop
      vertex -19.2038 -24.1139 1.90735e-07
      vertex -18.8356 -22.453 17.5
      vertex -18.8356 -22.453 1.90735e-07
    endloop
  endfacet
  facet normal -0.976298 0.216433 0
    outer loop
      vertex -18.8356 -22.453 17.5
      vertex -19.2038 -24.1139 1.90735e-07
      vertex -19.2038 -24.1139 17.5
    endloop
  endfacet
  facet normal 0.793371 -0.608739 0
    outer loop
      vertex 14.9379 -40.0344 17.5
      vertex 15.9735 -38.6847 7.5
      vertex 15.9735 -38.6847 17.5
    endloop
  endfacet
  facet normal 0.793371 -0.608739 0
    outer loop
      vertex 14.9379 -40.0344 1.90735e-07
      vertex 15.9735 -38.6847 7.5
      vertex 14.9379 -40.0344 17.5
    endloop
  endfacet
  facet normal 0.793371 -0.608739 0
    outer loop
      vertex 15.9735 -38.6847 7.5
      vertex 14.9379 -40.0344 1.90735e-07
      vertex 15.9735 -38.6847 1.90735e-07
    endloop
  endfacet
  facet normal -0.923884 0.382674 0
    outer loop
      vertex -18.324 -20.8306 1.90735e-07
      vertex -17.673 -19.2589 17.5
      vertex -17.673 -19.2589 1.90735e-07
    endloop
  endfacet
  facet normal -0.923884 0.382674 0
    outer loop
      vertex -17.673 -19.2589 17.5
      vertex -18.324 -20.8306 1.90735e-07
      vertex -18.324 -20.8306 17.5
    endloop
  endfacet
  facet normal 0.976298 -0.216433 0
    outer loop
      vertex 18.8356 -32.547 17.5
      vertex 19.2038 -30.8861 7.5
      vertex 19.2038 -30.8861 17.5
    endloop
  endfacet
  facet normal 0.976298 -0.216433 0
    outer loop
      vertex 19.2038 -30.8861 7.5
      vertex 18.8356 -32.547 17.5
      vertex 18.8356 -32.547 7.5
    endloop
  endfacet
  facet normal 0.300734 -0.953708 0
    outer loop
      vertex 5.04697 -46.3356 1.90735e-07
      vertex 6.66939 -45.824 17.5
      vertex 5.04697 -46.3356 17.5
    endloop
  endfacet
  facet normal 0.300734 -0.953708 0
    outer loop
      vertex 6.66939 -45.824 17.5
      vertex 5.04697 -46.3356 1.90735e-07
      vertex 6.66939 -45.824 1.90735e-07
    endloop
  endfacet
  facet normal 0.953707 -0.300737 0
    outer loop
      vertex 18.324 -34.1694 17.5
      vertex 18.8356 -32.547 7.5
      vertex 18.8356 -32.547 17.5
    endloop
  endfacet
  facet normal 0.953707 -0.300737 0
    outer loop
      vertex 18.8356 -32.547 7.5
      vertex 18.324 -34.1694 17.5
      vertex 18.324 -34.1694 7.5
    endloop
  endfacet
  facet normal 0.130668 -0.991426 0
    outer loop
      vertex 2 -46.8862 16.2641
      vertex 1.69954 -46.9258 17.5
      vertex 1.69954 -46.9258 16.4205
    endloop
  endfacet
  facet normal 0.1305 -0.991448 -4.14945e-05
    outer loop
      vertex 1.69954 -46.9258 17.5
      vertex 2 -46.8862 16.2641
      vertex 3.38614 -46.7038 17.5
    endloop
  endfacet
  facet normal 0.130413 -0.99146 5.83499e-05
    outer loop
      vertex 2.2943 -46.8475 16.0766
      vertex 3.38614 -46.7038 17.5
      vertex 2 -46.8862 16.2641
    endloop
  endfacet
  facet normal 0.130627 -0.991432 -0.000108991
    outer loop
      vertex 2.57115 -46.811 15.8642
      vertex 3.38614 -46.7038 17.5
      vertex 2.2943 -46.8475 16.0766
    endloop
  endfacet
  facet normal 0.130304 -0.991474 5.45912e-05
    outer loop
      vertex 2.82843 -46.7772 15.6284
      vertex 3.38614 -46.7038 17.5
      vertex 2.57115 -46.811 15.8642
    endloop
  endfacet
  facet normal 0.130712 -0.99142 -6.90669e-05
    outer loop
      vertex 3.06418 -46.7461 15.3712
      vertex 3.38614 -46.7038 17.5
      vertex 2.82843 -46.7772 15.6284
    endloop
  endfacet
  facet normal 0.130226 -0.991484 5.68659e-06
    outer loop
      vertex 3.27661 -46.7182 15.0943
      vertex 3.38614 -46.7038 17.5
      vertex 3.06418 -46.7461 15.3712
    endloop
  endfacet
  facet normal 0.130349 -0.991468 0
    outer loop
      vertex 3.38614 -46.7038 17.5
      vertex 3.27661 -46.7182 15.0943
      vertex 3.38614 -46.7038 14.9224
    endloop
  endfacet
  facet normal 0.1305 -0.991448 0
    outer loop
      vertex 3.38614 -46.7038 1.90735e-07
      vertex 1.69954 -46.9258 2.87949
      vertex 1.69954 -46.9258 1.90735e-07
    endloop
  endfacet
  facet normal 0.130629 -0.991431 7.66117e-05
    outer loop
      vertex 1.69954 -46.9258 2.87949
      vertex 3.38614 -46.7038 1.90735e-07
      vertex 2 -46.8862 3.0359
    endloop
  endfacet
  facet normal 0.130396 -0.991462 -3.15503e-05
    outer loop
      vertex 2 -46.8862 3.0359
      vertex 3.38614 -46.7038 1.90735e-07
      vertex 2.2943 -46.8475 3.22339
    endloop
  endfacet
  facet normal 0.130663 -0.991427 6.06803e-05
    outer loop
      vertex 2.2943 -46.8475 3.22339
      vertex 3.38614 -46.7038 1.90735e-07
      vertex 2.57115 -46.811 3.43582
    endloop
  endfacet
  facet normal 0.130283 -0.991477 -3.10996e-05
    outer loop
      vertex 2.57115 -46.811 3.43582
      vertex 3.38614 -46.7038 1.90735e-07
      vertex 2.82843 -46.7772 3.67157
    endloop
  endfacet
  facet normal 0.130743 -0.991416 4.00188e-05
    outer loop
      vertex 2.82843 -46.7772 3.67157
      vertex 3.38614 -46.7038 1.90735e-07
      vertex 3.06418 -46.7461 3.92885
    endloop
  endfacet
  facet normal 0.130223 -0.991485 -3.33272e-06
    outer loop
      vertex 3.06418 -46.7461 3.92885
      vertex 3.38614 -46.7038 1.90735e-07
      vertex 3.27661 -46.7182 4.20569
    endloop
  endfacet
  facet normal 0.130349 -0.991468 0
    outer loop
      vertex 3.27661 -46.7182 4.20569
      vertex 3.38614 -46.7038 1.90735e-07
      vertex 3.38614 -46.7038 4.37762
    endloop
  endfacet
  facet normal 0.953707 0.300737 0
    outer loop
      vertex 18.8356 -22.453 17.5
      vertex 18.324 -20.8306 7.5
      vertex 18.324 -20.8306 17.5
    endloop
  endfacet
  facet normal 0.953707 0.300737 0
    outer loop
      vertex 18.324 -20.8306 7.5
      vertex 18.8356 -22.453 17.5
      vertex 18.8356 -22.453 7.5
    endloop
  endfacet
  facet normal 0.0436173 0.999048 -0
    outer loop
      vertex 1.69954 -8.0742 1.90735e-07
      vertex 0 -8 17.5
      vertex 1.69954 -8.0742 17.5
    endloop
  endfacet
  facet normal 0.0436173 0.999048 0
    outer loop
      vertex 0 -8 17.5
      vertex 1.69954 -8.0742 1.90735e-07
      vertex 0 -8 1.90735e-07
    endloop
  endfacet
  facet normal 0.537298 0.843393 -0
    outer loop
      vertex 11.1847 -11.5265 1.90735e-07
      vertex 9.75 -10.6125 17.5
      vertex 11.1847 -11.5265 17.5
    endloop
  endfacet
  facet normal 0.537298 0.843393 0
    outer loop
      vertex 9.75 -10.6125 17.5
      vertex 11.1847 -11.5265 1.90735e-07
      vertex 9.75 -10.6125 1.90735e-07
    endloop
  endfacet
  facet normal 0.38268 -0.923881 0
    outer loop
      vertex 6.66939 -45.824 1.90735e-07
      vertex 8.24106 -45.173 17.5
      vertex 6.66939 -45.824 17.5
    endloop
  endfacet
  facet normal 0.38268 -0.923881 0
    outer loop
      vertex 8.24106 -45.173 17.5
      vertex 6.66939 -45.824 1.90735e-07
      vertex 8.24106 -45.173 1.90735e-07
    endloop
  endfacet
  facet normal 0.923884 -0.382674 0
    outer loop
      vertex 17.673 -35.7411 17.5
      vertex 18.324 -34.1694 7.5
      vertex 18.324 -34.1694 17.5
    endloop
  endfacet
  facet normal 0.923884 -0.382674 0
    outer loop
      vertex 18.324 -34.1694 7.5
      vertex 17.673 -35.7411 17.5
      vertex 17.673 -35.7411 7.5
    endloop
  endfacet
  facet normal 0.976298 0.216433 0
    outer loop
      vertex 19.2038 -24.1139 17.5
      vertex 18.8356 -22.453 7.5
      vertex 18.8356 -22.453 17.5
    endloop
  endfacet
  facet normal 0.976298 0.216433 0
    outer loop
      vertex 18.8356 -22.453 7.5
      vertex 19.2038 -24.1139 17.5
      vertex 19.2038 -24.1139 7.5
    endloop
  endfacet
  facet normal 0.923884 0.382674 0
    outer loop
      vertex 18.324 -20.8306 17.5
      vertex 17.673 -19.2589 7.5
      vertex 17.673 -19.2589 17.5
    endloop
  endfacet
  facet normal 0.923884 0.382674 0
    outer loop
      vertex 17.673 -19.2589 7.5
      vertex 18.324 -20.8306 17.5
      vertex 18.324 -20.8306 7.5
    endloop
  endfacet
  facet normal 0.461747 -0.887012 0
    outer loop
      vertex 8.24106 -45.173 1.90735e-07
      vertex 9.75 -44.3875 17.5
      vertex 8.24106 -45.173 17.5
    endloop
  endfacet
  facet normal 0.461747 -0.887012 0
    outer loop
      vertex 9.75 -44.3875 17.5
      vertex 8.24106 -45.173 1.90735e-07
      vertex 9.75 -44.3875 1.90735e-07
    endloop
  endfacet
  facet normal -0.0436173 -0.999048 3.29648e-05
    outer loop
      vertex -0.694592 -46.9697 16.7392
      vertex 0 -47 17.5
      vertex -1.69954 -46.9258 17.5
    endloop
  endfacet
  facet normal -0.0435588 -0.999051 -0
    outer loop
      vertex 0 -47 17.5
      vertex -0.348622 -46.9848 16.7848
      vertex 0 -47 16.8
    endloop
  endfacet
  facet normal -0.043607 -0.999049 2.35078e-05
    outer loop
      vertex 0 -47 17.5
      vertex -0.694592 -46.9697 16.7392
      vertex -0.348622 -46.9848 16.7848
    endloop
  endfacet
  facet normal -0.0436817 -0.999045 -5.22438e-05
    outer loop
      vertex -1.69954 -46.9258 17.5
      vertex -1.03528 -46.9548 16.6637
      vertex -0.694592 -46.9697 16.7392
    endloop
  endfacet
  facet normal -0.043546 -0.999051 5.57801e-05
    outer loop
      vertex -1.69954 -46.9258 17.5
      vertex -1.36808 -46.9403 16.5588
      vertex -1.03528 -46.9548 16.6637
    endloop
  endfacet
  facet normal -0.0436953 -0.999045 3.07141e-06
    outer loop
      vertex -1.69954 -46.9258 17.5
      vertex -1.69047 -46.9262 16.4252
      vertex -1.36808 -46.9403 16.5588
    endloop
  endfacet
  facet normal -0.0440586 -0.999029 0
    outer loop
      vertex -1.69047 -46.9262 16.4252
      vertex -1.69954 -46.9258 17.5
      vertex -1.69954 -46.9258 16.4205
    endloop
  endfacet
  facet normal -0.0440586 -0.999029 0
    outer loop
      vertex -1.69954 -46.9258 1.90735e-07
      vertex -1.69047 -46.9262 2.87477
      vertex -1.69954 -46.9258 2.87949
    endloop
  endfacet
  facet normal -0.0436946 -0.999045 -1.15083e-06
    outer loop
      vertex -1.69954 -46.9258 1.90735e-07
      vertex -1.36808 -46.9403 2.74123
      vertex -1.69047 -46.9262 2.87477
    endloop
  endfacet
  facet normal -0.0435349 -0.999052 -2.04966e-05
    outer loop
      vertex -1.69954 -46.9258 1.90735e-07
      vertex -1.03528 -46.9548 2.6363
      vertex -1.36808 -46.9403 2.74123
    endloop
  endfacet
  facet normal -0.0436892 -0.999045 1.84591e-05
    outer loop
      vertex -1.69954 -46.9258 1.90735e-07
      vertex -0.694592 -46.9697 2.56077
      vertex -1.03528 -46.9548 2.6363
    endloop
  endfacet
  facet normal -0.0436173 -0.999048 -9.79378e-06
    outer loop
      vertex 0 -47 1.90735e-07
      vertex -0.694592 -46.9697 2.56077
      vertex -1.69954 -46.9258 1.90735e-07
    endloop
  endfacet
  facet normal -0.0436047 -0.999049 -6.37124e-06
    outer loop
      vertex -0.694592 -46.9697 2.56077
      vertex 0 -47 1.90735e-07
      vertex -0.348622 -46.9848 2.51522
    endloop
  endfacet
  facet normal -0.0435588 -0.999051 0
    outer loop
      vertex -0.348622 -46.9848 2.51522
      vertex 0 -47 1.90735e-07
      vertex 0 -47 2.5
    endloop
  endfacet
  facet normal 0.887007 -0.461756 0
    outer loop
      vertex 16.8875 -37.25 17.5
      vertex 17.673 -35.7411 7.5
      vertex 17.673 -35.7411 17.5
    endloop
  endfacet
  facet normal 0.887007 -0.461756 0
    outer loop
      vertex 17.673 -35.7411 7.5
      vertex 16.8875 -37.25 17.5
      vertex 16.8875 -37.25 7.5
    endloop
  endfacet
  facet normal 0.737266 -0.675602 0
    outer loop
      vertex 13.7886 -41.2886 17.5
      vertex 14.9379 -40.0344 1.90735e-07
      vertex 14.9379 -40.0344 17.5
    endloop
  endfacet
  facet normal 0.737266 -0.675602 0
    outer loop
      vertex 14.9379 -40.0344 1.90735e-07
      vertex 13.7886 -41.2886 17.5
      vertex 13.7886 -41.2886 1.90735e-07
    endloop
  endfacet
  facet normal 0.675602 0.737266 -0
    outer loop
      vertex 13.7886 -13.7114 1.90735e-07
      vertex 12.5344 -12.5621 17.5
      vertex 13.7886 -13.7114 17.5
    endloop
  endfacet
  facet normal 0.675602 0.737266 0
    outer loop
      vertex 12.5344 -12.5621 17.5
      vertex 13.7886 -13.7114 1.90735e-07
      vertex 12.5344 -12.5621 1.90735e-07
    endloop
  endfacet
  facet normal 0.843393 -0.537298 0
    outer loop
      vertex 15.9735 -38.6847 17.5
      vertex 16.8875 -37.25 7.5
      vertex 16.8875 -37.25 17.5
    endloop
  endfacet
  facet normal 0.843393 -0.537298 0
    outer loop
      vertex 16.8875 -37.25 7.5
      vertex 15.9735 -38.6847 17.5
      vertex 15.9735 -38.6847 7.5
    endloop
  endfacet
  facet normal 0.999048 0.0436183 0
    outer loop
      vertex 19.5 -27.5 17.5
      vertex 19.4258 -25.8005 7.5
      vertex 19.4258 -25.8005 17.5
    endloop
  endfacet
  facet normal 0.999048 0.0436183 0
    outer loop
      vertex 19.4258 -25.8005 7.5
      vertex 19.5 -27.5 17.5
      vertex 19.5 -27.5 7.5
    endloop
  endfacet
  facet normal -0.537298 -0.843393 0
    outer loop
      vertex -11.1847 -43.4735 1.90735e-07
      vertex -9.75 -44.3875 17.5
      vertex -11.1847 -43.4735 17.5
    endloop
  endfacet
  facet normal -0.537298 -0.843393 -0
    outer loop
      vertex -9.75 -44.3875 17.5
      vertex -11.1847 -43.4735 1.90735e-07
      vertex -9.75 -44.3875 1.90735e-07
    endloop
  endfacet
  facet normal -0.991448 0.1305 0
    outer loop
      vertex -19.4258 -25.8005 1.90735e-07
      vertex -19.2038 -24.1139 17.5
      vertex -19.2038 -24.1139 1.90735e-07
    endloop
  endfacet
  facet normal -0.991448 0.1305 0
    outer loop
      vertex -19.2038 -24.1139 17.5
      vertex -19.4258 -25.8005 1.90735e-07
      vertex -19.4258 -25.8005 17.5
    endloop
  endfacet
  facet normal -0.608739 -0.793371 0
    outer loop
      vertex -12.5344 -42.4379 1.90735e-07
      vertex -11.1847 -43.4735 17.5
      vertex -12.5344 -42.4379 17.5
    endloop
  endfacet
  facet normal -0.608739 -0.793371 -0
    outer loop
      vertex -11.1847 -43.4735 17.5
      vertex -12.5344 -42.4379 1.90735e-07
      vertex -11.1847 -43.4735 1.90735e-07
    endloop
  endfacet
  facet normal -0.675602 0.737266 0
    outer loop
      vertex -12.5344 -12.5621 1.90735e-07
      vertex -13.7886 -13.7114 17.5
      vertex -12.5344 -12.5621 17.5
    endloop
  endfacet
  facet normal -0.675602 0.737266 0
    outer loop
      vertex -13.7886 -13.7114 17.5
      vertex -12.5344 -12.5621 1.90735e-07
      vertex -13.7886 -13.7114 1.90735e-07
    endloop
  endfacet
  facet normal -0.38268 -0.923881 0
    outer loop
      vertex -8.24106 -45.173 1.90735e-07
      vertex -6.66939 -45.824 17.5
      vertex -8.24106 -45.173 17.5
    endloop
  endfacet
  facet normal -0.38268 -0.923881 -0
    outer loop
      vertex -6.66939 -45.824 17.5
      vertex -8.24106 -45.173 1.90735e-07
      vertex -6.66939 -45.824 1.90735e-07
    endloop
  endfacet
  facet normal -0.793371 -0.608739 0
    outer loop
      vertex -14.9379 -40.0344 1.90735e-07
      vertex -15.9735 -38.6847 17.5
      vertex -15.9735 -38.6847 1.90735e-07
    endloop
  endfacet
  facet normal -0.793371 -0.608739 0
    outer loop
      vertex -15.9735 -38.6847 17.5
      vertex -14.9379 -40.0344 1.90735e-07
      vertex -14.9379 -40.0344 17.5
    endloop
  endfacet
  facet normal 0 0 1
    outer loop
      vertex 19.5 -27.5 7.5
      vertex 22.8 -27.5 7.5
      vertex 22.7867 -27.1949 7.5
    endloop
  endfacet
  facet normal 0 0 1
    outer loop
      vertex 19.5 -27.5 7.5
      vertex 22.7867 -27.1949 7.5
      vertex 22.7468 -26.8922 7.5
    endloop
  endfacet
  facet normal 0 0 1
    outer loop
      vertex 22.8 -27.5 7.5
      vertex 19.5 -27.5 7.5
      vertex 22.7867 -27.805 7.5
    endloop
  endfacet
  facet normal 0 0 1
    outer loop
      vertex 19.5 -27.5 7.5
      vertex 22.7468 -26.8922 7.5
      vertex 22.6807 -26.5941 7.5
    endloop
  endfacet
  facet normal 0 0 1
    outer loop
      vertex 22.7867 -27.805 7.5
      vertex 19.5 -27.5 7.5
      vertex 22.7468 -28.1078 7.5
    endloop
  endfacet
  facet normal 0 0 1
    outer loop
      vertex 19.5 -27.5 7.5
      vertex 22.6807 -26.5941 7.5
      vertex 22.5889 -26.3029 7.5
    endloop
  endfacet
  facet normal 0 0 1
    outer loop
      vertex 22.7468 -28.1078 7.5
      vertex 19.5 -27.5 7.5
      vertex 22.6807 -28.4059 7.5
    endloop
  endfacet
  facet normal 0 0 1
    outer loop
      vertex 19.5 -27.5 7.5
      vertex 22.5889 -26.3029 7.5
      vertex 22.4721 -26.0208 7.5
    endloop
  endfacet
  facet normal 0 0 1
    outer loop
      vertex 22.6807 -28.4059 7.5
      vertex 19.5 -27.5 7.5
      vertex 22.5889 -28.6971 7.5
    endloop
  endfacet
  facet normal 0 0 1
    outer loop
      vertex 19.5 -27.5 7.5
      vertex 22.4721 -26.0208 7.5
      vertex 22.3311 -25.75 7.5
    endloop
  endfacet
  facet normal 0 0 1
    outer loop
      vertex 22.5889 -28.6971 7.5
      vertex 19.5 -27.5 7.5
      vertex 22.4721 -28.9792 7.5
    endloop
  endfacet
  facet normal 0 0 1
    outer loop
      vertex 19.4258 -25.8005 7.5
      vertex 22.3311 -25.75 7.5
      vertex 22.167 -25.4925 7.5
    endloop
  endfacet
  facet normal 0 0 1
    outer loop
      vertex 22.4721 -28.9792 7.5
      vertex 19.5 -27.5 7.5
      vertex 22.3311 -29.25 7.5
    endloop
  endfacet
  facet normal -0 0 1
    outer loop
      vertex 19.4258 -29.1995 7.5
      vertex 22.3311 -29.25 7.5
      vertex 19.5 -27.5 7.5
    endloop
  endfacet
  facet normal 0 0 1
    outer loop
      vertex 22.3311 -25.75 7.5
      vertex 19.4258 -25.8005 7.5
      vertex 19.5 -27.5 7.5
    endloop
  endfacet
  facet normal 0 0 1
    outer loop
      vertex 22.167 -25.4925 7.5
      vertex 19.2038 -24.1139 7.5
      vertex 19.4258 -25.8005 7.5
    endloop
  endfacet
  facet normal 0 0 1
    outer loop
      vertex 22.167 -25.4925 7.5
      vertex 18.8356 -22.453 7.5
      vertex 19.2038 -24.1139 7.5
    endloop
  endfacet
  facet normal 0 0 1
    outer loop
      vertex 22.167 -25.4925 7.5
      vertex 18.324 -20.8306 7.5
      vertex 18.8356 -22.453 7.5
    endloop
  endfacet
  facet normal 0 0 1
    outer loop
      vertex 22.167 -25.4925 7.5
      vertex 17.673 -19.2589 7.5
      vertex 18.324 -20.8306 7.5
    endloop
  endfacet
  facet normal 0 0 1
    outer loop
      vertex 22.167 -25.4925 7.5
      vertex 16.8875 -17.75 7.5
      vertex 17.673 -19.2589 7.5
    endloop
  endfacet
  facet normal -0 -0 1
    outer loop
      vertex 16.8875 -17.75 7.5
      vertex 22.167 -25.4925 7.5
      vertex 15.9735 -16.3153 7.5
    endloop
  endfacet
  facet normal 0 0 1
    outer loop
      vertex 22.3311 -29.25 7.5
      vertex 19.4258 -29.1995 7.5
      vertex 22.167 -29.5075 7.5
    endloop
  endfacet
  facet normal 0 0 1
    outer loop
      vertex 19.2038 -30.8861 7.5
      vertex 22.167 -29.5075 7.5
      vertex 19.4258 -29.1995 7.5
    endloop
  endfacet
  facet normal 0 0 1
    outer loop
      vertex 18.8356 -32.547 7.5
      vertex 22.167 -29.5075 7.5
      vertex 19.2038 -30.8861 7.5
    endloop
  endfacet
  facet normal 0 0 1
    outer loop
      vertex 18.324 -34.1694 7.5
      vertex 22.167 -29.5075 7.5
      vertex 18.8356 -32.547 7.5
    endloop
  endfacet
  facet normal 0 0 1
    outer loop
      vertex 17.673 -35.7411 7.5
      vertex 22.167 -29.5075 7.5
      vertex 18.324 -34.1694 7.5
    endloop
  endfacet
  facet normal 0 0 1
    outer loop
      vertex 16.8875 -37.25 7.5
      vertex 22.167 -29.5075 7.5
      vertex 17.673 -35.7411 7.5
    endloop
  endfacet
  facet normal 0 0 1
    outer loop
      vertex 22.167 -29.5075 7.5
      vertex 16.8875 -37.25 7.5
      vertex 15.9735 -38.6847 7.5
    endloop
  endfacet
  facet normal 0.382685 0.923879 -0
    outer loop
      vertex 8.24106 -9.827 1.90735e-07
      vertex 6.66939 -9.17599 17.5
      vertex 8.24106 -9.827 17.5
    endloop
  endfacet
  facet normal 0.382685 0.923879 0
    outer loop
      vertex 6.66939 -9.17599 17.5
      vertex 8.24106 -9.827 1.90735e-07
      vertex 6.66939 -9.17599 1.90735e-07
    endloop
  endfacet
  facet normal -0.953707 0.300737 0
    outer loop
      vertex -18.8356 -22.453 1.90735e-07
      vertex -18.324 -20.8306 17.5
      vertex -18.324 -20.8306 1.90735e-07
    endloop
  endfacet
  facet normal -0.953707 0.300737 0
    outer loop
      vertex -18.324 -20.8306 17.5
      vertex -18.8356 -22.453 1.90735e-07
      vertex -18.8356 -22.453 17.5
    endloop
  endfacet
  facet normal -0.737266 0.675602 0
    outer loop
      vertex -14.9379 -14.9656 1.90735e-07
      vertex -13.7886 -13.7114 17.5
      vertex -13.7886 -13.7114 1.90735e-07
    endloop
  endfacet
  facet normal -0.737266 0.675602 0
    outer loop
      vertex -13.7886 -13.7114 17.5
      vertex -14.9379 -14.9656 1.90735e-07
      vertex -14.9379 -14.9656 17.5
    endloop
  endfacet
  facet normal 0.991448 0.1305 0
    outer loop
      vertex 19.4258 -25.8005 17.5
      vertex 19.2038 -24.1139 7.5
      vertex 19.2038 -24.1139 17.5
    endloop
  endfacet
  facet normal 0.991448 0.1305 0
    outer loop
      vertex 19.2038 -24.1139 7.5
      vertex 19.4258 -25.8005 17.5
      vertex 19.4258 -25.8005 7.5
    endloop
  endfacet
  facet normal 0.0435588 -0.999051 0
    outer loop
      vertex 0.348622 -46.9848 16.7848
      vertex 0 -47 17.5
      vertex 0 -47 16.8
    endloop
  endfacet
  facet normal 0.043607 -0.999049 2.35078e-05
    outer loop
      vertex 0.694592 -46.9697 16.7392
      vertex 0 -47 17.5
      vertex 0.348622 -46.9848 16.7848
    endloop
  endfacet
  facet normal 0.0436173 -0.999048 3.29648e-05
    outer loop
      vertex 0 -47 17.5
      vertex 0.694592 -46.9697 16.7392
      vertex 1.69954 -46.9258 17.5
    endloop
  endfacet
  facet normal 0.0436817 -0.999045 -5.22438e-05
    outer loop
      vertex 1.03528 -46.9548 16.6637
      vertex 1.69954 -46.9258 17.5
      vertex 0.694592 -46.9697 16.7392
    endloop
  endfacet
  facet normal 0.043546 -0.999051 5.57801e-05
    outer loop
      vertex 1.36808 -46.9403 16.5588
      vertex 1.69954 -46.9258 17.5
      vertex 1.03528 -46.9548 16.6637
    endloop
  endfacet
  facet normal 0.0436953 -0.999045 3.07141e-06
    outer loop
      vertex 1.69047 -46.9262 16.4252
      vertex 1.69954 -46.9258 17.5
      vertex 1.36808 -46.9403 16.5588
    endloop
  endfacet
  facet normal 0.0440586 -0.999029 0
    outer loop
      vertex 1.69954 -46.9258 17.5
      vertex 1.69047 -46.9262 16.4252
      vertex 1.69954 -46.9258 16.4205
    endloop
  endfacet
  facet normal 0.0435588 -0.999051 0
    outer loop
      vertex 0 -47 1.90735e-07
      vertex 0.348622 -46.9848 2.51522
      vertex 0 -47 2.5
    endloop
  endfacet
  facet normal 0.0436047 -0.999049 -6.37124e-06
    outer loop
      vertex 0 -47 1.90735e-07
      vertex 0.694592 -46.9697 2.56077
      vertex 0.348622 -46.9848 2.51522
    endloop
  endfacet
  facet normal 0.0436173 -0.999048 -9.79378e-06
    outer loop
      vertex 1.69954 -46.9258 1.90735e-07
      vertex 0.694592 -46.9697 2.56077
      vertex 0 -47 1.90735e-07
    endloop
  endfacet
  facet normal 0.0436892 -0.999045 1.84591e-05
    outer loop
      vertex 0.694592 -46.9697 2.56077
      vertex 1.69954 -46.9258 1.90735e-07
      vertex 1.03528 -46.9548 2.6363
    endloop
  endfacet
  facet normal 0.0435349 -0.999052 -2.04966e-05
    outer loop
      vertex 1.03528 -46.9548 2.6363
      vertex 1.69954 -46.9258 1.90735e-07
      vertex 1.36808 -46.9403 2.74123
    endloop
  endfacet
  facet normal 0.0436946 -0.999045 -1.15083e-06
    outer loop
      vertex 1.36808 -46.9403 2.74123
      vertex 1.69954 -46.9258 1.90735e-07
      vertex 1.69047 -46.9262 2.87477
    endloop
  endfacet
  facet normal 0.0440586 -0.999029 0
    outer loop
      vertex 1.69047 -46.9262 2.87477
      vertex 1.69954 -46.9258 1.90735e-07
      vertex 1.69954 -46.9258 2.87949
    endloop
  endfacet
  facet normal -0.887007 -0.461756 0
    outer loop
      vertex -16.8875 -37.25 1.90735e-07
      vertex -17.673 -35.7411 17.5
      vertex -17.673 -35.7411 1.90735e-07
    endloop
  endfacet
  facet normal -0.887007 -0.461756 0
    outer loop
      vertex -17.673 -35.7411 17.5
      vertex -16.8875 -37.25 1.90735e-07
      vertex -16.8875 -37.25 17.5
    endloop
  endfacet
  facet normal 0.608739 0.793371 -0
    outer loop
      vertex 12.5344 -12.5621 1.90735e-07
      vertex 11.1847 -11.5265 17.5
      vertex 12.5344 -12.5621 17.5
    endloop
  endfacet
  facet normal 0.608739 0.793371 0
    outer loop
      vertex 11.1847 -11.5265 17.5
      vertex 12.5344 -12.5621 1.90735e-07
      vertex 11.1847 -11.5265 1.90735e-07
    endloop
  endfacet
  facet normal -0.216441 0.976296 0
    outer loop
      vertex -3.38614 -8.29625 1.90735e-07
      vertex -5.04697 -8.66445 17.5
      vertex -3.38614 -8.29625 17.5
    endloop
  endfacet
  facet normal -0.216441 0.976296 0
    outer loop
      vertex -5.04697 -8.66445 17.5
      vertex -3.38614 -8.29625 1.90735e-07
      vertex -5.04697 -8.66445 1.90735e-07
    endloop
  endfacet
  facet normal -0.843393 -0.537298 0
    outer loop
      vertex -15.9735 -38.6847 1.90735e-07
      vertex -16.8875 -37.25 17.5
      vertex -16.8875 -37.25 1.90735e-07
    endloop
  endfacet
  facet normal -0.843393 -0.537298 0
    outer loop
      vertex -16.8875 -37.25 17.5
      vertex -15.9735 -38.6847 1.90735e-07
      vertex -15.9735 -38.6847 17.5
    endloop
  endfacet
  facet normal -0.999048 -0.0436183 0
    outer loop
      vertex -19.4258 -29.1995 1.90735e-07
      vertex -19.5 -27.5 17.5
      vertex -19.5 -27.5 1.90735e-07
    endloop
  endfacet
  facet normal -0.999048 -0.0436183 0
    outer loop
      vertex -19.5 -27.5 17.5
      vertex -19.4258 -29.1995 1.90735e-07
      vertex -19.4258 -29.1995 17.5
    endloop
  endfacet
  facet normal 0 0 1
    outer loop
      vertex 17.5 -27.5 17.5
      vertex 19.5 -27.5 17.5
      vertex 19.4258 -25.8005 17.5
    endloop
  endfacet
  facet normal 0 0 1
    outer loop
      vertex 17.4334 -25.9748 17.5
      vertex 19.4258 -25.8005 17.5
      vertex 19.2038 -24.1139 17.5
    endloop
  endfacet
  facet normal 0 0 1
    outer loop
      vertex 19.5 -27.5 17.5
      vertex 17.5 -27.5 17.5
      vertex 19.4258 -29.1995 17.5
    endloop
  endfacet
  facet normal 0 0 1
    outer loop
      vertex 17.2341 -24.4612 17.5
      vertex 19.2038 -24.1139 17.5
      vertex 18.8356 -22.453 17.5
    endloop
  endfacet
  facet normal -0 0 1
    outer loop
      vertex 17.4334 -29.0252 17.5
      vertex 19.4258 -29.1995 17.5
      vertex 17.5 -27.5 17.5
    endloop
  endfacet
  facet normal 0 0 1
    outer loop
      vertex 16.9037 -22.9707 17.5
      vertex 18.8356 -22.453 17.5
      vertex 18.324 -20.8306 17.5
    endloop
  endfacet
  facet normal 0 0 1
    outer loop
      vertex 19.4258 -29.1995 17.5
      vertex 17.4334 -29.0252 17.5
      vertex 19.2038 -30.8861 17.5
    endloop
  endfacet
  facet normal 0 0 1
    outer loop
      vertex 16.4446 -21.5146 17.5
      vertex 18.324 -20.8306 17.5
      vertex 17.673 -19.2589 17.5
    endloop
  endfacet
  facet normal -0 0 1
    outer loop
      vertex 17.2341 -30.5388 17.5
      vertex 19.2038 -30.8861 17.5
      vertex 17.4334 -29.0252 17.5
    endloop
  endfacet
  facet normal 0 0 1
    outer loop
      vertex 19.2038 -30.8861 17.5
      vertex 17.2341 -30.5388 17.5
      vertex 18.8356 -32.547 17.5
    endloop
  endfacet
  facet normal 0 0 1
    outer loop
      vertex 19.4258 -25.8005 17.5
      vertex 17.4334 -25.9748 17.5
      vertex 17.5 -27.5 17.5
    endloop
  endfacet
  facet normal 0 0 1
    outer loop
      vertex 19.2038 -24.1139 17.5
      vertex 17.2341 -24.4612 17.5
      vertex 17.4334 -25.9748 17.5
    endloop
  endfacet
  facet normal 0 0 1
    outer loop
      vertex 18.8356 -22.453 17.5
      vertex 16.9037 -22.9707 17.5
      vertex 17.2341 -24.4612 17.5
    endloop
  endfacet
  facet normal 0 0 1
    outer loop
      vertex 15.8604 -20.1042 17.5
      vertex 17.673 -19.2589 17.5
      vertex 16.8875 -17.75 17.5
    endloop
  endfacet
  facet normal 0 0 1
    outer loop
      vertex 18.324 -20.8306 17.5
      vertex 16.4446 -21.5146 17.5
      vertex 16.9037 -22.9707 17.5
    endloop
  endfacet
  facet normal 0 0 1
    outer loop
      vertex 15.1554 -18.75 17.5
      vertex 16.8875 -17.75 17.5
      vertex 15.9735 -16.3153 17.5
    endloop
  endfacet
  facet normal 0 0 1
    outer loop
      vertex 17.673 -19.2589 17.5
      vertex 15.8604 -20.1042 17.5
      vertex 16.4446 -21.5146 17.5
    endloop
  endfacet
  facet normal 0 0 1
    outer loop
      vertex 16.8875 -17.75 17.5
      vertex 15.1554 -18.75 17.5
      vertex 15.8604 -20.1042 17.5
    endloop
  endfacet
  facet normal 0 0 1
    outer loop
      vertex 14.3352 -17.4624 17.5
      vertex 15.9735 -16.3153 17.5
      vertex 14.9379 -14.9656 17.5
    endloop
  endfacet
  facet normal 0 0 1
    outer loop
      vertex 15.9735 -16.3153 17.5
      vertex 14.3352 -17.4624 17.5
      vertex 15.1554 -18.75 17.5
    endloop
  endfacet
  facet normal 0 0 1
    outer loop
      vertex 13.4058 -16.2512 17.5
      vertex 14.9379 -14.9656 17.5
      vertex 13.7886 -13.7114 17.5
    endloop
  endfacet
  facet normal 0 0 1
    outer loop
      vertex 14.9379 -14.9656 17.5
      vertex 13.4058 -16.2512 17.5
      vertex 14.3352 -17.4624 17.5
    endloop
  endfacet
  facet normal 0 0 1
    outer loop
      vertex 12.3744 -15.1256 17.5
      vertex 13.7886 -13.7114 17.5
      vertex 12.5344 -12.5621 17.5
    endloop
  endfacet
  facet normal 0 0 1
    outer loop
      vertex 13.7886 -13.7114 17.5
      vertex 12.3744 -15.1256 17.5
      vertex 13.4058 -16.2512 17.5
    endloop
  endfacet
  facet normal 0 0 1
    outer loop
      vertex 12.5344 -12.5621 17.5
      vertex 11.2488 -14.0942 17.5
      vertex 12.3744 -15.1256 17.5
    endloop
  endfacet
  facet normal 0 0 1
    outer loop
      vertex 11.1847 -11.5265 17.5
      vertex 11.2488 -14.0942 17.5
      vertex 12.5344 -12.5621 17.5
    endloop
  endfacet
  facet normal 0 0 1
    outer loop
      vertex 11.1847 -11.5265 17.5
      vertex 10.0376 -13.1648 17.5
      vertex 11.2488 -14.0942 17.5
    endloop
  endfacet
  facet normal 0 0 1
    outer loop
      vertex 9.75 -10.6125 17.5
      vertex 10.0376 -13.1648 17.5
      vertex 11.1847 -11.5265 17.5
    endloop
  endfacet
  facet normal 0 0 1
    outer loop
      vertex 9.75 -10.6125 17.5
      vertex 8.75 -12.3446 17.5
      vertex 10.0376 -13.1648 17.5
    endloop
  endfacet
  facet normal 0 0 1
    outer loop
      vertex 8.24106 -9.827 17.5
      vertex 8.75 -12.3446 17.5
      vertex 9.75 -10.6125 17.5
    endloop
  endfacet
  facet normal 0 0 1
    outer loop
      vertex 8.24106 -9.827 17.5
      vertex 7.39582 -11.6396 17.5
      vertex 8.75 -12.3446 17.5
    endloop
  endfacet
  facet normal 0 0 1
    outer loop
      vertex 6.66939 -9.17599 17.5
      vertex 7.39582 -11.6396 17.5
      vertex 8.24106 -9.827 17.5
    endloop
  endfacet
  facet normal 0 0 1
    outer loop
      vertex 6.66939 -9.17599 17.5
      vertex 5.98535 -11.0554 17.5
      vertex 7.39582 -11.6396 17.5
    endloop
  endfacet
  facet normal 0 0 1
    outer loop
      vertex 5.04697 -8.66445 17.5
      vertex 5.98535 -11.0554 17.5
      vertex 6.66939 -9.17599 17.5
    endloop
  endfacet
  facet normal 0 0 1
    outer loop
      vertex 5.04697 -8.66445 17.5
      vertex 4.52933 -10.5963 17.5
      vertex 5.98535 -11.0554 17.5
    endloop
  endfacet
  facet normal 0 0 1
    outer loop
      vertex 3.38614 -8.29625 17.5
      vertex 4.52933 -10.5963 17.5
      vertex 5.04697 -8.66445 17.5
    endloop
  endfacet
  facet normal 0 0 1
    outer loop
      vertex 3.38614 -8.29625 17.5
      vertex 3.03884 -10.2659 17.5
      vertex 4.52933 -10.5963 17.5
    endloop
  endfacet
  facet normal 0 0 1
    outer loop
      vertex 1.69954 -8.0742 17.5
      vertex 3.03884 -10.2659 17.5
      vertex 3.38614 -8.29625 17.5
    endloop
  endfacet
  facet normal 0 0 1
    outer loop
      vertex 1.69954 -8.0742 17.5
      vertex 1.52522 -10.0666 17.5
      vertex 3.03884 -10.2659 17.5
    endloop
  endfacet
  facet normal 0 0 1
    outer loop
      vertex 0 -8 17.5
      vertex 1.52522 -10.0666 17.5
      vertex 1.69954 -8.0742 17.5
    endloop
  endfacet
  facet normal 0 0 1
    outer loop
      vertex 0 -8 17.5
      vertex 0 -10 17.5
      vertex 1.52522 -10.0666 17.5
    endloop
  endfacet
  facet normal 0 0 1
    outer loop
      vertex 0 -8 17.5
      vertex -1.52522 -10.0666 17.5
      vertex 0 -10 17.5
    endloop
  endfacet
  facet normal -0 0 1
    outer loop
      vertex -1.69954 -8.0742 17.5
      vertex -1.52522 -10.0666 17.5
      vertex 0 -8 17.5
    endloop
  endfacet
  facet normal 0 0 1
    outer loop
      vertex -1.69954 -8.0742 17.5
      vertex -3.03884 -10.2659 17.5
      vertex -1.52522 -10.0666 17.5
    endloop
  endfacet
  facet normal -0 0 1
    outer loop
      vertex -3.38614 -8.29625 17.5
      vertex -3.03884 -10.2659 17.5
      vertex -1.69954 -8.0742 17.5
    endloop
  endfacet
  facet normal 0 0 1
    outer loop
      vertex -3.38614 -8.29625 17.5
      vertex -4.52933 -10.5963 17.5
      vertex -3.03884 -10.2659 17.5
    endloop
  endfacet
  facet normal -0 0 1
    outer loop
      vertex -5.04697 -8.66445 17.5
      vertex -4.52933 -10.5963 17.5
      vertex -3.38614 -8.29625 17.5
    endloop
  endfacet
  facet normal 0 0 1
    outer loop
      vertex -5.04697 -8.66445 17.5
      vertex -5.98535 -11.0554 17.5
      vertex -4.52933 -10.5963 17.5
    endloop
  endfacet
  facet normal -0 0 1
    outer loop
      vertex -6.66939 -9.17599 17.5
      vertex -5.98535 -11.0554 17.5
      vertex -5.04697 -8.66445 17.5
    endloop
  endfacet
  facet normal 0 0 1
    outer loop
      vertex -6.66939 -9.17599 17.5
      vertex -7.39582 -11.6396 17.5
      vertex -5.98535 -11.0554 17.5
    endloop
  endfacet
  facet normal -0 0 1
    outer loop
      vertex -8.24106 -9.827 17.5
      vertex -7.39582 -11.6396 17.5
      vertex -6.66939 -9.17599 17.5
    endloop
  endfacet
  facet normal 0 0 1
    outer loop
      vertex -8.24106 -9.827 17.5
      vertex -8.75 -12.3446 17.5
      vertex -7.39582 -11.6396 17.5
    endloop
  endfacet
  facet normal -0 0 1
    outer loop
      vertex -9.75 -10.6125 17.5
      vertex -8.75 -12.3446 17.5
      vertex -8.24106 -9.827 17.5
    endloop
  endfacet
  facet normal 0 0 1
    outer loop
      vertex -9.75 -10.6125 17.5
      vertex -10.0376 -13.1648 17.5
      vertex -8.75 -12.3446 17.5
    endloop
  endfacet
  facet normal -0 0 1
    outer loop
      vertex -11.1847 -11.5265 17.5
      vertex -10.0376 -13.1648 17.5
      vertex -9.75 -10.6125 17.5
    endloop
  endfacet
  facet normal 0 0 1
    outer loop
      vertex -11.1847 -11.5265 17.5
      vertex -11.2488 -14.0942 17.5
      vertex -10.0376 -13.1648 17.5
    endloop
  endfacet
  facet normal -0 0 1
    outer loop
      vertex -12.5344 -12.5621 17.5
      vertex -11.2488 -14.0942 17.5
      vertex -11.1847 -11.5265 17.5
    endloop
  endfacet
  facet normal 0 0 1
    outer loop
      vertex -11.2488 -14.0942 17.5
      vertex -12.5344 -12.5621 17.5
      vertex -12.3744 -15.1256 17.5
    endloop
  endfacet
  facet normal -0 0 1
    outer loop
      vertex -13.7886 -13.7114 17.5
      vertex -12.3744 -15.1256 17.5
      vertex -12.5344 -12.5621 17.5
    endloop
  endfacet
  facet normal 0 0 1
    outer loop
      vertex -12.3744 -15.1256 17.5
      vertex -13.7886 -13.7114 17.5
      vertex -13.4058 -16.2512 17.5
    endloop
  endfacet
  facet normal -0 0 1
    outer loop
      vertex -14.9379 -14.9656 17.5
      vertex -13.4058 -16.2512 17.5
      vertex -13.7886 -13.7114 17.5
    endloop
  endfacet
  facet normal 0 0 1
    outer loop
      vertex -13.4058 -16.2512 17.5
      vertex -14.9379 -14.9656 17.5
      vertex -14.3352 -17.4624 17.5
    endloop
  endfacet
  facet normal -0 0 1
    outer loop
      vertex -15.9735 -16.3153 17.5
      vertex -14.3352 -17.4624 17.5
      vertex -14.9379 -14.9656 17.5
    endloop
  endfacet
  facet normal 0 0 1
    outer loop
      vertex -14.3352 -17.4624 17.5
      vertex -15.9735 -16.3153 17.5
      vertex -15.1554 -18.75 17.5
    endloop
  endfacet
  facet normal -0 0 1
    outer loop
      vertex -16.8875 -17.75 17.5
      vertex -15.1554 -18.75 17.5
      vertex -15.9735 -16.3153 17.5
    endloop
  endfacet
  facet normal 0 0 1
    outer loop
      vertex -15.1554 -18.75 17.5
      vertex -16.8875 -17.75 17.5
      vertex -15.8604 -20.1042 17.5
    endloop
  endfacet
  facet normal -0 0 1
    outer loop
      vertex -17.673 -19.2589 17.5
      vertex -15.8604 -20.1042 17.5
      vertex -16.8875 -17.75 17.5
    endloop
  endfacet
  facet normal 0 0 1
    outer loop
      vertex -15.8604 -20.1042 17.5
      vertex -17.673 -19.2589 17.5
      vertex -16.4446 -21.5146 17.5
    endloop
  endfacet
  facet normal -0 0 1
    outer loop
      vertex -18.324 -20.8306 17.5
      vertex -16.4446 -21.5146 17.5
      vertex -17.673 -19.2589 17.5
    endloop
  endfacet
  facet normal 0 0 1
    outer loop
      vertex -16.4446 -21.5146 17.5
      vertex -18.324 -20.8306 17.5
      vertex -16.9037 -22.9707 17.5
    endloop
  endfacet
  facet normal 0 0 1
    outer loop
      vertex -16.9037 -22.9707 17.5
      vertex -18.8356 -22.453 17.5
      vertex -17.2341 -24.4612 17.5
    endloop
  endfacet
  facet normal -0 0 1
    outer loop
      vertex -18.8356 -22.453 17.5
      vertex -16.9037 -22.9707 17.5
      vertex -18.324 -20.8306 17.5
    endloop
  endfacet
  facet normal -0 0 1
    outer loop
      vertex 16.9037 -32.0293 17.5
      vertex 18.8356 -32.547 17.5
      vertex 17.2341 -30.5388 17.5
    endloop
  endfacet
  facet normal 0 0 1
    outer loop
      vertex 18.8356 -32.547 17.5
      vertex 16.9037 -32.0293 17.5
      vertex 18.324 -34.1694 17.5
    endloop
  endfacet
  facet normal -0 0 1
    outer loop
      vertex 16.4446 -33.4854 17.5
      vertex 18.324 -34.1694 17.5
      vertex 16.9037 -32.0293 17.5
    endloop
  endfacet
  facet normal 0 0 1
    outer loop
      vertex 18.324 -34.1694 17.5
      vertex 16.4446 -33.4854 17.5
      vertex 17.673 -35.7411 17.5
    endloop
  endfacet
  facet normal -0 0 1
    outer loop
      vertex 15.8604 -34.8958 17.5
      vertex 17.673 -35.7411 17.5
      vertex 16.4446 -33.4854 17.5
    endloop
  endfacet
  facet normal 0 0 1
    outer loop
      vertex 17.673 -35.7411 17.5
      vertex 15.8604 -34.8958 17.5
      vertex 16.8875 -37.25 17.5
    endloop
  endfacet
  facet normal -0 0 1
    outer loop
      vertex 15.1554 -36.25 17.5
      vertex 16.8875 -37.25 17.5
      vertex 15.8604 -34.8958 17.5
    endloop
  endfacet
  facet normal 0 0 1
    outer loop
      vertex 16.8875 -37.25 17.5
      vertex 15.1554 -36.25 17.5
      vertex 15.9735 -38.6847 17.5
    endloop
  endfacet
  facet normal -0 0 1
    outer loop
      vertex 14.3352 -37.5376 17.5
      vertex 15.9735 -38.6847 17.5
      vertex 15.1554 -36.25 17.5
    endloop
  endfacet
  facet normal 0 0 1
    outer loop
      vertex 15.9735 -38.6847 17.5
      vertex 14.3352 -37.5376 17.5
      vertex 14.9379 -40.0344 17.5
    endloop
  endfacet
  facet normal -0 0 1
    outer loop
      vertex 13.4058 -38.7488 17.5
      vertex 14.9379 -40.0344 17.5
      vertex 14.3352 -37.5376 17.5
    endloop
  endfacet
  facet normal 0 0 1
    outer loop
      vertex 14.9379 -40.0344 17.5
      vertex 13.4058 -38.7488 17.5
      vertex 13.7886 -41.2886 17.5
    endloop
  endfacet
  facet normal -0 0 1
    outer loop
      vertex 12.3744 -39.8744 17.5
      vertex 13.7886 -41.2886 17.5
      vertex 13.4058 -38.7488 17.5
    endloop
  endfacet
  facet normal 0 0 1
    outer loop
      vertex 13.7886 -41.2886 17.5
      vertex 12.3744 -39.8744 17.5
      vertex 12.5344 -42.4379 17.5
    endloop
  endfacet
  facet normal -0 0 1
    outer loop
      vertex 11.2488 -40.9058 17.5
      vertex 12.5344 -42.4379 17.5
      vertex 12.3744 -39.8744 17.5
    endloop
  endfacet
  facet normal 0 0 1
    outer loop
      vertex 11.2488 -40.9058 17.5
      vertex 11.1847 -43.4735 17.5
      vertex 12.5344 -42.4379 17.5
    endloop
  endfacet
  facet normal -0 0 1
    outer loop
      vertex 10.0376 -41.8352 17.5
      vertex 11.1847 -43.4735 17.5
      vertex 11.2488 -40.9058 17.5
    endloop
  endfacet
  facet normal 0 0 1
    outer loop
      vertex 10.0376 -41.8352 17.5
      vertex 9.75 -44.3875 17.5
      vertex 11.1847 -43.4735 17.5
    endloop
  endfacet
  facet normal -0 0 1
    outer loop
      vertex 8.75 -42.6554 17.5
      vertex 9.75 -44.3875 17.5
      vertex 10.0376 -41.8352 17.5
    endloop
  endfacet
  facet normal 0 0 1
    outer loop
      vertex 8.75 -42.6554 17.5
      vertex 8.24106 -45.173 17.5
      vertex 9.75 -44.3875 17.5
    endloop
  endfacet
  facet normal -0 0 1
    outer loop
      vertex 7.39582 -43.3604 17.5
      vertex 8.24106 -45.173 17.5
      vertex 8.75 -42.6554 17.5
    endloop
  endfacet
  facet normal 0 0 1
    outer loop
      vertex 7.39582 -43.3604 17.5
      vertex 6.66939 -45.824 17.5
      vertex 8.24106 -45.173 17.5
    endloop
  endfacet
  facet normal -0 0 1
    outer loop
      vertex 5.98535 -43.9446 17.5
      vertex 6.66939 -45.824 17.5
      vertex 7.39582 -43.3604 17.5
    endloop
  endfacet
  facet normal 0 0 1
    outer loop
      vertex 5.98535 -43.9446 17.5
      vertex 5.04697 -46.3356 17.5
      vertex 6.66939 -45.824 17.5
    endloop
  endfacet
  facet normal -0 0 1
    outer loop
      vertex 4.52933 -44.4037 17.5
      vertex 5.04697 -46.3356 17.5
      vertex 5.98535 -43.9446 17.5
    endloop
  endfacet
  facet normal 0 0 1
    outer loop
      vertex 4.52933 -44.4037 17.5
      vertex 3.38614 -46.7038 17.5
      vertex 5.04697 -46.3356 17.5
    endloop
  endfacet
  facet normal -0 0 1
    outer loop
      vertex 3.03884 -44.7341 17.5
      vertex 3.38614 -46.7038 17.5
      vertex 4.52933 -44.4037 17.5
    endloop
  endfacet
  facet normal 0 0 1
    outer loop
      vertex 3.03884 -44.7341 17.5
      vertex 1.69954 -46.9258 17.5
      vertex 3.38614 -46.7038 17.5
    endloop
  endfacet
  facet normal -0 0 1
    outer loop
      vertex 1.52522 -44.9334 17.5
      vertex 1.69954 -46.9258 17.5
      vertex 3.03884 -44.7341 17.5
    endloop
  endfacet
  facet normal -0 0 1
    outer loop
      vertex 0 -45 17.5
      vertex 1.69954 -46.9258 17.5
      vertex 1.52522 -44.9334 17.5
    endloop
  endfacet
  facet normal 0 0 1
    outer loop
      vertex 0 -45 17.5
      vertex 0 -47 17.5
      vertex 1.69954 -46.9258 17.5
    endloop
  endfacet
  facet normal 0 0 1
    outer loop
      vertex -1.52522 -44.9334 17.5
      vertex 0 -47 17.5
      vertex 0 -45 17.5
    endloop
  endfacet
  facet normal 0 0 1
    outer loop
      vertex -1.52522 -44.9334 17.5
      vertex -1.69954 -46.9258 17.5
      vertex 0 -47 17.5
    endloop
  endfacet
  facet normal 0 0 1
    outer loop
      vertex -3.03884 -44.7341 17.5
      vertex -1.69954 -46.9258 17.5
      vertex -1.52522 -44.9334 17.5
    endloop
  endfacet
  facet normal 0 0 1
    outer loop
      vertex -3.03884 -44.7341 17.5
      vertex -3.38614 -46.7038 17.5
      vertex -1.69954 -46.9258 17.5
    endloop
  endfacet
  facet normal 0 0 1
    outer loop
      vertex -4.52933 -44.4037 17.5
      vertex -3.38614 -46.7038 17.5
      vertex -3.03884 -44.7341 17.5
    endloop
  endfacet
  facet normal 0 0 1
    outer loop
      vertex -4.52933 -44.4037 17.5
      vertex -5.04697 -46.3356 17.5
      vertex -3.38614 -46.7038 17.5
    endloop
  endfacet
  facet normal 0 0 1
    outer loop
      vertex -5.98535 -43.9446 17.5
      vertex -5.04697 -46.3356 17.5
      vertex -4.52933 -44.4037 17.5
    endloop
  endfacet
  facet normal 0 0 1
    outer loop
      vertex -5.98535 -43.9446 17.5
      vertex -6.66939 -45.824 17.5
      vertex -5.04697 -46.3356 17.5
    endloop
  endfacet
  facet normal 0 0 1
    outer loop
      vertex -7.39582 -43.3604 17.5
      vertex -6.66939 -45.824 17.5
      vertex -5.98535 -43.9446 17.5
    endloop
  endfacet
  facet normal 0 0 1
    outer loop
      vertex -7.39582 -43.3604 17.5
      vertex -8.24106 -45.173 17.5
      vertex -6.66939 -45.824 17.5
    endloop
  endfacet
  facet normal 0 0 1
    outer loop
      vertex -8.75 -42.6554 17.5
      vertex -8.24106 -45.173 17.5
      vertex -7.39582 -43.3604 17.5
    endloop
  endfacet
  facet normal 0 0 1
    outer loop
      vertex -8.75 -42.6554 17.5
      vertex -9.75 -44.3875 17.5
      vertex -8.24106 -45.173 17.5
    endloop
  endfacet
  facet normal 0 0 1
    outer loop
      vertex -10.0376 -41.8352 17.5
      vertex -9.75 -44.3875 17.5
      vertex -8.75 -42.6554 17.5
    endloop
  endfacet
  facet normal 0 0 1
    outer loop
      vertex -10.0376 -41.8352 17.5
      vertex -11.1847 -43.4735 17.5
      vertex -9.75 -44.3875 17.5
    endloop
  endfacet
  facet normal 0 0 1
    outer loop
      vertex -11.2488 -40.9058 17.5
      vertex -11.1847 -43.4735 17.5
      vertex -10.0376 -41.8352 17.5
    endloop
  endfacet
  facet normal 0 0 1
    outer loop
      vertex -12.5344 -42.4379 17.5
      vertex -11.2488 -40.9058 17.5
      vertex -12.3744 -39.8744 17.5
    endloop
  endfacet
  facet normal 0 0 1
    outer loop
      vertex -11.2488 -40.9058 17.5
      vertex -12.5344 -42.4379 17.5
      vertex -11.1847 -43.4735 17.5
    endloop
  endfacet
  facet normal 0 0 1
    outer loop
      vertex -13.7886 -41.2886 17.5
      vertex -12.3744 -39.8744 17.5
      vertex -13.4058 -38.7488 17.5
    endloop
  endfacet
  facet normal 0 0 1
    outer loop
      vertex -12.3744 -39.8744 17.5
      vertex -13.7886 -41.2886 17.5
      vertex -12.5344 -42.4379 17.5
    endloop
  endfacet
  facet normal 0 0 1
    outer loop
      vertex -14.9379 -40.0344 17.5
      vertex -13.4058 -38.7488 17.5
      vertex -14.3352 -37.5376 17.5
    endloop
  endfacet
  facet normal 0 0 1
    outer loop
      vertex -13.4058 -38.7488 17.5
      vertex -14.9379 -40.0344 17.5
      vertex -13.7886 -41.2886 17.5
    endloop
  endfacet
  facet normal 0 0 1
    outer loop
      vertex -15.9735 -38.6847 17.5
      vertex -14.3352 -37.5376 17.5
      vertex -15.1554 -36.25 17.5
    endloop
  endfacet
  facet normal 0 0 1
    outer loop
      vertex -16.8875 -37.25 17.5
      vertex -15.1554 -36.25 17.5
      vertex -15.8604 -34.8958 17.5
    endloop
  endfacet
  facet normal 0 0 1
    outer loop
      vertex -14.3352 -37.5376 17.5
      vertex -15.9735 -38.6847 17.5
      vertex -14.9379 -40.0344 17.5
    endloop
  endfacet
  facet normal 0 0 1
    outer loop
      vertex -17.673 -35.7411 17.5
      vertex -15.8604 -34.8958 17.5
      vertex -16.4446 -33.4854 17.5
    endloop
  endfacet
  facet normal 0 0 1
    outer loop
      vertex -15.1554 -36.25 17.5
      vertex -16.8875 -37.25 17.5
      vertex -15.9735 -38.6847 17.5
    endloop
  endfacet
  facet normal 0 0 1
    outer loop
      vertex -18.324 -34.1694 17.5
      vertex -16.4446 -33.4854 17.5
      vertex -16.9037 -32.0293 17.5
    endloop
  endfacet
  facet normal 0 0 1
    outer loop
      vertex -18.8356 -32.547 17.5
      vertex -16.9037 -32.0293 17.5
      vertex -17.2341 -30.5388 17.5
    endloop
  endfacet
  facet normal 0 0 1
    outer loop
      vertex -19.2038 -30.8861 17.5
      vertex -17.2341 -30.5388 17.5
      vertex -17.4334 -29.0252 17.5
    endloop
  endfacet
  facet normal 0 0 1
    outer loop
      vertex -15.8604 -34.8958 17.5
      vertex -17.673 -35.7411 17.5
      vertex -16.8875 -37.25 17.5
    endloop
  endfacet
  facet normal 0 0 1
    outer loop
      vertex -19.4258 -29.1995 17.5
      vertex -17.4334 -29.0252 17.5
      vertex -17.5 -27.5 17.5
    endloop
  endfacet
  facet normal -0 0 1
    outer loop
      vertex -19.2038 -24.1139 17.5
      vertex -17.2341 -24.4612 17.5
      vertex -18.8356 -22.453 17.5
    endloop
  endfacet
  facet normal 0 0 1
    outer loop
      vertex -17.2341 -24.4612 17.5
      vertex -19.2038 -24.1139 17.5
      vertex -17.4334 -25.9748 17.5
    endloop
  endfacet
  facet normal 0 0 1
    outer loop
      vertex -16.4446 -33.4854 17.5
      vertex -18.324 -34.1694 17.5
      vertex -17.673 -35.7411 17.5
    endloop
  endfacet
  facet normal -0 0 1
    outer loop
      vertex -19.4258 -25.8005 17.5
      vertex -17.4334 -25.9748 17.5
      vertex -19.2038 -24.1139 17.5
    endloop
  endfacet
  facet normal 0 0 1
    outer loop
      vertex -16.9037 -32.0293 17.5
      vertex -18.8356 -32.547 17.5
      vertex -18.324 -34.1694 17.5
    endloop
  endfacet
  facet normal 0 0 1
    outer loop
      vertex -17.4334 -25.9748 17.5
      vertex -19.4258 -25.8005 17.5
      vertex -17.5 -27.5 17.5
    endloop
  endfacet
  facet normal 0 0 1
    outer loop
      vertex -17.2341 -30.5388 17.5
      vertex -19.2038 -30.8861 17.5
      vertex -18.8356 -32.547 17.5
    endloop
  endfacet
  facet normal 0 0 1
    outer loop
      vertex -19.5 -27.5 17.5
      vertex -17.5 -27.5 17.5
      vertex -19.4258 -25.8005 17.5
    endloop
  endfacet
  facet normal 0 0 1
    outer loop
      vertex -17.4334 -29.0252 17.5
      vertex -19.4258 -29.1995 17.5
      vertex -19.2038 -30.8861 17.5
    endloop
  endfacet
  facet normal 0 0 1
    outer loop
      vertex -17.5 -27.5 17.5
      vertex -19.5 -27.5 17.5
      vertex -19.4258 -29.1995 17.5
    endloop
  endfacet
  facet normal -0.300702 0.953718 0
    outer loop
      vertex -5.04697 -8.66445 1.90735e-07
      vertex -6.66939 -9.17599 17.5
      vertex -5.04697 -8.66445 17.5
    endloop
  endfacet
  facet normal -0.300702 0.953718 0
    outer loop
      vertex -6.66939 -9.17599 17.5
      vertex -5.04697 -8.66445 1.90735e-07
      vertex -6.66939 -9.17599 1.90735e-07
    endloop
  endfacet
  facet normal 0.216441 -0.976296 0
    outer loop
      vertex 3.38614 -46.7038 14.9224
      vertex 5.04697 -46.3356 17.5
      vertex 3.38614 -46.7038 17.5
    endloop
  endfacet
  facet normal 0.216539 -0.976274 -6.63842e-05
    outer loop
      vertex 3.4641 -46.6865 14.8
      vertex 5.04697 -46.3356 17.5
      vertex 3.38614 -46.7038 14.9224
    endloop
  endfacet
  facet normal 0.216648 -0.97625 -0.00013323
    outer loop
      vertex 3.62523 -46.6507 14.4905
      vertex 5.04697 -46.3356 17.5
      vertex 3.4641 -46.6865 14.8
    endloop
  endfacet
  facet normal 0.216391 -0.976307 -5.73125e-06
    outer loop
      vertex 3.75877 -46.6211 14.1681
      vertex 5.04697 -46.3356 17.5
      vertex 3.62523 -46.6507 14.4905
    endloop
  endfacet
  facet normal 0.216156 -0.976359 8.94094e-05
    outer loop
      vertex 3.8637 -46.5979 13.8353
      vertex 5.04697 -46.3356 17.5
      vertex 3.75877 -46.6211 14.1681
    endloop
  endfacet
  facet normal 0.216706 -0.976237 -9.6796e-05
    outer loop
      vertex 3.93923 -46.5811 13.4946
      vertex 5.04697 -46.3356 17.5
      vertex 3.8637 -46.5979 13.8353
    endloop
  endfacet
  facet normal 0.216406 -0.976303 -9.74881e-06
    outer loop
      vertex 3.98478 -46.571 13.1486
      vertex 5.04697 -46.3356 17.5
      vertex 3.93923 -46.5811 13.4946
    endloop
  endfacet
  facet normal 0.21569 -0.976462 0.000173503
    outer loop
      vertex 4 -46.5677 12.8
      vertex 5.04697 -46.3356 17.5
      vertex 3.98478 -46.571 13.1486
    endloop
  endfacet
  facet normal 0.216433 -0.976298 0
    outer loop
      vertex 4 -46.5677 6.5
      vertex 5.04697 -46.3356 17.5
      vertex 4 -46.5677 12.8
    endloop
  endfacet
  facet normal 0.215467 -0.976511 -0.000163258
    outer loop
      vertex 5.04697 -46.3356 1.90735e-07
      vertex 4 -46.5677 6.5
      vertex 3.98478 -46.571 6.15138
    endloop
  endfacet
  facet normal 0.216441 -0.976296 0
    outer loop
      vertex 5.04697 -46.3356 1.90735e-07
      vertex 3.38614 -46.7038 4.37762
      vertex 3.38614 -46.7038 1.90735e-07
    endloop
  endfacet
  facet normal 0.216565 -0.976268 4.92803e-05
    outer loop
      vertex 3.38614 -46.7038 4.37762
      vertex 5.04697 -46.3356 1.90735e-07
      vertex 3.4641 -46.6865 4.5
    endloop
  endfacet
  facet normal 0.216706 -0.976237 0.000101421
    outer loop
      vertex 3.4641 -46.6865 4.5
      vertex 5.04697 -46.3356 1.90735e-07
      vertex 3.62523 -46.6507 4.80953
    endloop
  endfacet
  facet normal 0.216394 -0.976306 4.47961e-06
    outer loop
      vertex 3.62523 -46.6507 4.80953
      vertex 5.04697 -46.3356 1.90735e-07
      vertex 3.75877 -46.6211 5.13192
    endloop
  endfacet
  facet normal 0.216103 -0.97637 -7.19504e-05
    outer loop
      vertex 3.75877 -46.6211 5.13192
      vertex 5.04697 -46.3356 1.90735e-07
      vertex 3.8637 -46.5979 5.46472
    endloop
  endfacet
  facet normal 0.216775 -0.976222 8.06663e-05
    outer loop
      vertex 3.8637 -46.5979 5.46472
      vertex 5.04697 -46.3356 1.90735e-07
      vertex 3.93923 -46.5811 5.80541
    endloop
  endfacet
  facet normal 0.216433 -0.976298 0
    outer loop
      vertex 4 -46.5677 6.5
      vertex 5.04697 -46.3356 1.90735e-07
      vertex 5.04697 -46.3356 17.5
    endloop
  endfacet
  facet normal 0.216415 -0.976301 8.51519e-06
    outer loop
      vertex 3.93923 -46.5811 5.80541
      vertex 5.04697 -46.3356 1.90735e-07
      vertex 3.98478 -46.571 6.15138
    endloop
  endfacet
  facet normal 0.88697 0.461827 0
    outer loop
      vertex 22.4721 -26.0208 7.5
      vertex 22.3311 -25.75 1.90735e-07
      vertex 22.3311 -25.75 7.5
    endloop
  endfacet
  facet normal 0.88697 0.461827 0
    outer loop
      vertex 22.3311 -25.75 1.90735e-07
      vertex 22.4721 -26.0208 7.5
      vertex 22.4721 -26.0208 1.90735e-07
    endloop
  endfacet
  facet normal 0.843311 0.537426 0
    outer loop
      vertex 22.3311 -25.75 7.5
      vertex 22.167 -25.4925 1.90735e-07
      vertex 22.167 -25.4925 7.5
    endloop
  endfacet
  facet normal 0.843311 0.537426 0
    outer loop
      vertex 22.167 -25.4925 1.90735e-07
      vertex 22.3311 -25.75 7.5
      vertex 22.3311 -25.75 1.90735e-07
    endloop
  endfacet
  facet normal 0.999051 0.0435509 0
    outer loop
      vertex 22.8 -27.5 7.5
      vertex 22.7867 -27.1949 1.90735e-07
      vertex 22.7867 -27.1949 7.5
    endloop
  endfacet
  facet normal 0.999051 0.0435509 0
    outer loop
      vertex 22.7867 -27.1949 1.90735e-07
      vertex 22.8 -27.5 7.5
      vertex 22.8 -27.5 1.90735e-07
    endloop
  endfacet
  facet normal 0.999051 -0.0435652 0
    outer loop
      vertex 22.7867 -27.805 7.5
      vertex 22.8 -27.5 1.90735e-07
      vertex 22.8 -27.5 7.5
    endloop
  endfacet
  facet normal 0.999051 -0.0435652 0
    outer loop
      vertex 22.8 -27.5 1.90735e-07
      vertex 22.7867 -27.805 7.5
      vertex 22.7867 -27.805 1.90735e-07
    endloop
  endfacet
  facet normal 0.976287 -0.21648 0
    outer loop
      vertex 22.6807 -28.4059 7.5
      vertex 22.7468 -28.1078 1.90735e-07
      vertex 22.7468 -28.1078 7.5
    endloop
  endfacet
  facet normal 0.976287 -0.21648 0
    outer loop
      vertex 22.7468 -28.1078 1.90735e-07
      vertex 22.6807 -28.4059 7.5
      vertex 22.6807 -28.4059 1.90735e-07
    endloop
  endfacet
  facet normal 0.923937 -0.382545 0
    outer loop
      vertex 22.4721 -28.9792 7.5
      vertex 22.5889 -28.6971 1.90735e-07
      vertex 22.5889 -28.6971 7.5
    endloop
  endfacet
  facet normal 0.923937 -0.382545 0
    outer loop
      vertex 22.5889 -28.6971 1.90735e-07
      vertex 22.4721 -28.9792 7.5
      vertex 22.4721 -28.9792 1.90735e-07
    endloop
  endfacet
  facet normal 0.843311 -0.537426 0
    outer loop
      vertex 22.167 -29.5075 7.5
      vertex 22.3311 -29.25 1.90735e-07
      vertex 22.3311 -29.25 7.5
    endloop
  endfacet
  facet normal 0.843311 -0.537426 0
    outer loop
      vertex 22.3311 -29.25 1.90735e-07
      vertex 22.167 -29.5075 7.5
      vertex 22.167 -29.5075 1.90735e-07
    endloop
  endfacet
  facet normal 0.99143 -0.130641 0
    outer loop
      vertex 22.7468 -28.1078 7.5
      vertex 22.7867 -27.805 1.90735e-07
      vertex 22.7867 -27.805 7.5
    endloop
  endfacet
  facet normal 0.99143 -0.130641 0
    outer loop
      vertex 22.7867 -27.805 1.90735e-07
      vertex 22.7468 -28.1078 7.5
      vertex 22.7468 -28.1078 1.90735e-07
    endloop
  endfacet
  facet normal 0.828895 0.559404 0
    outer loop
      vertex 22.167 -25.4925 7.5
      vertex 15.9735 -16.3153 1.90735e-07
      vertex 15.9735 -16.3153 7.5
    endloop
  endfacet
  facet normal 0.828895 0.559404 0
    outer loop
      vertex 15.9735 -16.3153 1.90735e-07
      vertex 22.167 -25.4925 7.5
      vertex 22.167 -25.4925 1.90735e-07
    endloop
  endfacet
  facet normal 0.828895 -0.559404 0
    outer loop
      vertex 15.9735 -38.6847 7.5
      vertex 22.167 -29.5075 1.90735e-07
      vertex 22.167 -29.5075 7.5
    endloop
  endfacet
  facet normal 0.828895 -0.559404 0
    outer loop
      vertex 22.167 -29.5075 1.90735e-07
      vertex 15.9735 -38.6847 7.5
      vertex 15.9735 -38.6847 1.90735e-07
    endloop
  endfacet
  facet normal 0.991424 0.130683 0
    outer loop
      vertex 22.7867 -27.1949 7.5
      vertex 22.7468 -26.8922 1.90735e-07
      vertex 22.7468 -26.8922 7.5
    endloop
  endfacet
  facet normal 0.991424 0.130683 0
    outer loop
      vertex 22.7468 -26.8922 1.90735e-07
      vertex 22.7867 -27.1949 7.5
      vertex 22.7867 -27.1949 1.90735e-07
    endloop
  endfacet
  facet normal 0.953731 -0.300661 0
    outer loop
      vertex 22.5889 -28.6971 7.5
      vertex 22.6807 -28.4059 1.90735e-07
      vertex 22.6807 -28.4059 7.5
    endloop
  endfacet
  facet normal 0.953731 -0.300661 0
    outer loop
      vertex 22.6807 -28.4059 1.90735e-07
      vertex 22.5889 -28.6971 7.5
      vertex 22.5889 -28.6971 1.90735e-07
    endloop
  endfacet
  facet normal 0.88697 -0.461827 0
    outer loop
      vertex 22.3311 -29.25 7.5
      vertex 22.4721 -28.9792 1.90735e-07
      vertex 22.4721 -28.9792 7.5
    endloop
  endfacet
  facet normal 0.88697 -0.461827 0
    outer loop
      vertex 22.4721 -28.9792 1.90735e-07
      vertex 22.3311 -29.25 7.5
      vertex 22.3311 -29.25 1.90735e-07
    endloop
  endfacet
  facet normal 0.976287 0.21648 0
    outer loop
      vertex 22.7468 -26.8922 7.5
      vertex 22.6807 -26.5941 1.90735e-07
      vertex 22.6807 -26.5941 7.5
    endloop
  endfacet
  facet normal 0.976287 0.21648 0
    outer loop
      vertex 22.6807 -26.5941 1.90735e-07
      vertex 22.7468 -26.8922 7.5
      vertex 22.7468 -26.8922 1.90735e-07
    endloop
  endfacet
  facet normal 0.923937 0.382545 0
    outer loop
      vertex 22.5889 -26.3029 7.5
      vertex 22.4721 -26.0208 1.90735e-07
      vertex 22.4721 -26.0208 7.5
    endloop
  endfacet
  facet normal 0.923937 0.382545 0
    outer loop
      vertex 22.4721 -26.0208 1.90735e-07
      vertex 22.5889 -26.3029 7.5
      vertex 22.5889 -26.3029 1.90735e-07
    endloop
  endfacet
  facet normal 0.953731 0.300661 0
    outer loop
      vertex 22.6807 -26.5941 7.5
      vertex 22.5889 -26.3029 1.90735e-07
      vertex 22.5889 -26.3029 7.5
    endloop
  endfacet
  facet normal 0.953731 0.300661 0
    outer loop
      vertex 22.5889 -26.3029 1.90735e-07
      vertex 22.6807 -26.5941 7.5
      vertex 22.6807 -26.5941 1.90735e-07
    endloop
  endfacet
  facet normal 0 0 -1
    outer loop
      vertex -7.61367 -27.3437 1.90735e-07
      vertex -6.3 -21.1 1.90735e-07
      vertex -7.60342 -27.4216 1.90735e-07
    endloop
  endfacet
  facet normal 0 0 -1
    outer loop
      vertex -7.63067 -27.2671 1.90735e-07
      vertex -6.3 -21.1 1.90735e-07
      vertex -7.61367 -27.3437 1.90735e-07
    endloop
  endfacet
  facet normal 0 0 -1
    outer loop
      vertex -7.65428 -27.1922 1.90735e-07
      vertex -6.3 -21.1 1.90735e-07
      vertex -7.63067 -27.2671 1.90735e-07
    endloop
  endfacet
  facet normal 0 0 -1
    outer loop
      vertex -7.68432 -27.1196 1.90735e-07
      vertex -6.3 -21.1 1.90735e-07
      vertex -7.65428 -27.1922 1.90735e-07
    endloop
  endfacet
  facet normal 0 0 -1
    outer loop
      vertex -7.72058 -27.05 1.90735e-07
      vertex -6.3 -21.1 1.90735e-07
      vertex -7.68432 -27.1196 1.90735e-07
    endloop
  endfacet
  facet normal 0 0 -1
    outer loop
      vertex -7.76276 -26.9838 1.90735e-07
      vertex -6.3 -21.1 1.90735e-07
      vertex -7.72058 -27.05 1.90735e-07
    endloop
  endfacet
  facet normal 0 0 -1
    outer loop
      vertex -7.81056 -26.9215 1.90735e-07
      vertex -6.3 -21.1 1.90735e-07
      vertex -7.76276 -26.9838 1.90735e-07
    endloop
  endfacet
  facet normal 0 0 -1
    outer loop
      vertex -7.8636 -26.8636 1.90735e-07
      vertex -6.3 -21.1 1.90735e-07
      vertex -7.81056 -26.9215 1.90735e-07
    endloop
  endfacet
  facet normal 0 0 -1
    outer loop
      vertex -7.92149 -26.8106 1.90735e-07
      vertex -6.3 -21.1 1.90735e-07
      vertex -7.8636 -26.8636 1.90735e-07
    endloop
  endfacet
  facet normal 0 0 -1
    outer loop
      vertex -7.98378 -26.7628 1.90735e-07
      vertex -6.3 -21.1 1.90735e-07
      vertex -7.92149 -26.8106 1.90735e-07
    endloop
  endfacet
  facet normal 0 0 -1
    outer loop
      vertex -8.05 -26.7206 1.90735e-07
      vertex -6.3 -21.1 1.90735e-07
      vertex -7.98378 -26.7628 1.90735e-07
    endloop
  endfacet
  facet normal 0 0 -1
    outer loop
      vertex -8.11964 -26.6843 1.90735e-07
      vertex -6.3 -21.1 1.90735e-07
      vertex -8.05 -26.7206 1.90735e-07
    endloop
  endfacet
  facet normal 0 0 -1
    outer loop
      vertex -8.19218 -26.6543 1.90735e-07
      vertex -6.3 -21.1 1.90735e-07
      vertex -8.11964 -26.6843 1.90735e-07
    endloop
  endfacet
  facet normal 0 0 -1
    outer loop
      vertex -8.26706 -26.6307 1.90735e-07
      vertex -6.3 -21.1 1.90735e-07
      vertex -8.19218 -26.6543 1.90735e-07
    endloop
  endfacet
  facet normal 0 0 -1
    outer loop
      vertex -6.3 -21.1 1.90735e-07
      vertex -8.24106 -9.827 1.90735e-07
      vertex -6.66939 -9.17599 1.90735e-07
    endloop
  endfacet
  facet normal 0 0 -1
    outer loop
      vertex -8.34372 -26.6137 1.90735e-07
      vertex -6.3 -21.1 1.90735e-07
      vertex -8.26706 -26.6307 1.90735e-07
    endloop
  endfacet
  facet normal 0 0 -1
    outer loop
      vertex -8.42156 -26.6034 1.90735e-07
      vertex -6.3 -21.1 1.90735e-07
      vertex -8.34372 -26.6137 1.90735e-07
    endloop
  endfacet
  facet normal 0 0 -1
    outer loop
      vertex -8.5 -26.6 1.90735e-07
      vertex -6.3 -21.1 1.90735e-07
      vertex -8.42156 -26.6034 1.90735e-07
    endloop
  endfacet
  facet normal 0 0 -1
    outer loop
      vertex -8.57844 -26.6034 1.90735e-07
      vertex -6.3 -21.1 1.90735e-07
      vertex -8.5 -26.6 1.90735e-07
    endloop
  endfacet
  facet normal 0 0 -1
    outer loop
      vertex -8.65628 -26.6137 1.90735e-07
      vertex -6.3 -21.1 1.90735e-07
      vertex -8.57844 -26.6034 1.90735e-07
    endloop
  endfacet
  facet normal 0 0 -1
    outer loop
      vertex -8.73294 -26.6307 1.90735e-07
      vertex -6.3 -21.1 1.90735e-07
      vertex -8.65628 -26.6137 1.90735e-07
    endloop
  endfacet
  facet normal 0 0 -1
    outer loop
      vertex -8.80782 -26.6543 1.90735e-07
      vertex -6.3 -21.1 1.90735e-07
      vertex -8.73294 -26.6307 1.90735e-07
    endloop
  endfacet
  facet normal 0 0 -1
    outer loop
      vertex -8.88036 -26.6843 1.90735e-07
      vertex -6.3 -21.1 1.90735e-07
      vertex -8.80782 -26.6543 1.90735e-07
    endloop
  endfacet
  facet normal 0 0 -1
    outer loop
      vertex -8.95 -26.7206 1.90735e-07
      vertex -6.3 -21.1 1.90735e-07
      vertex -8.88036 -26.6843 1.90735e-07
    endloop
  endfacet
  facet normal 0 0 -1
    outer loop
      vertex -17.673 -19.2589 1.90735e-07
      vertex -6.3 -21.1 1.90735e-07
      vertex -8.95 -26.7206 1.90735e-07
    endloop
  endfacet
  facet normal 0 0 -1
    outer loop
      vertex -17.673 -19.2589 1.90735e-07
      vertex -8.95 -26.7206 1.90735e-07
      vertex -9.01622 -26.7628 1.90735e-07
    endloop
  endfacet
  facet normal 0 0 -1
    outer loop
      vertex -17.673 -19.2589 1.90735e-07
      vertex -9.01622 -26.7628 1.90735e-07
      vertex -9.07851 -26.8106 1.90735e-07
    endloop
  endfacet
  facet normal 0 0 -1
    outer loop
      vertex -18.324 -20.8306 1.90735e-07
      vertex -9.07851 -26.8106 1.90735e-07
      vertex -9.1364 -26.8636 1.90735e-07
    endloop
  endfacet
  facet normal 0 0 -1
    outer loop
      vertex -18.324 -20.8306 1.90735e-07
      vertex -9.1364 -26.8636 1.90735e-07
      vertex -9.18944 -26.9215 1.90735e-07
    endloop
  endfacet
  facet normal 0 0 -1
    outer loop
      vertex -18.8356 -22.453 1.90735e-07
      vertex -9.18944 -26.9215 1.90735e-07
      vertex -9.23724 -26.9838 1.90735e-07
    endloop
  endfacet
  facet normal 0 0 -1
    outer loop
      vertex -18.8356 -22.453 1.90735e-07
      vertex -9.23724 -26.9838 1.90735e-07
      vertex -9.27942 -27.05 1.90735e-07
    endloop
  endfacet
  facet normal 0 0 -1
    outer loop
      vertex -19.2038 -24.1139 1.90735e-07
      vertex -9.27942 -27.05 1.90735e-07
      vertex -9.31568 -27.1196 1.90735e-07
    endloop
  endfacet
  facet normal 0 0 -1
    outer loop
      vertex -19.2038 -24.1139 1.90735e-07
      vertex -9.31568 -27.1196 1.90735e-07
      vertex -9.34572 -27.1922 1.90735e-07
    endloop
  endfacet
  facet normal 0 0 -1
    outer loop
      vertex -19.4258 -25.8005 1.90735e-07
      vertex -9.34572 -27.1922 1.90735e-07
      vertex -9.36933 -27.2671 1.90735e-07
    endloop
  endfacet
  facet normal 0 0 -1
    outer loop
      vertex -19.4258 -25.8005 1.90735e-07
      vertex -9.36933 -27.2671 1.90735e-07
      vertex -9.38633 -27.3437 1.90735e-07
    endloop
  endfacet
  facet normal 0 0 -1
    outer loop
      vertex -19.4258 -25.8005 1.90735e-07
      vertex -9.38633 -27.3437 1.90735e-07
      vertex -9.39657 -27.4216 1.90735e-07
    endloop
  endfacet
  facet normal 0 0 -1
    outer loop
      vertex -6.3 -21.1 1.90735e-07
      vertex -9.75 -10.6125 1.90735e-07
      vertex -8.24106 -9.827 1.90735e-07
    endloop
  endfacet
  facet normal 0 0 -1
    outer loop
      vertex -19.5 -27.5 1.90735e-07
      vertex -9.39657 -27.4216 1.90735e-07
      vertex -9.4 -27.5 1.90735e-07
    endloop
  endfacet
  facet normal 0 0 -1
    outer loop
      vertex -18.8356 -32.547 1.90735e-07
      vertex -9.18944 -28.0785 1.90735e-07
      vertex -18.324 -34.1694 1.90735e-07
    endloop
  endfacet
  facet normal -0 0 -1
    outer loop
      vertex -9.18944 -28.0785 1.90735e-07
      vertex -18.8356 -32.547 1.90735e-07
      vertex -9.23724 -28.0162 1.90735e-07
    endloop
  endfacet
  facet normal 0 0 -1
    outer loop
      vertex -6.3 -21.1 1.90735e-07
      vertex -11.1847 -11.5265 1.90735e-07
      vertex -9.75 -10.6125 1.90735e-07
    endloop
  endfacet
  facet normal -0 0 -1
    outer loop
      vertex -9.23724 -28.0162 1.90735e-07
      vertex -18.8356 -32.547 1.90735e-07
      vertex -9.27942 -27.95 1.90735e-07
    endloop
  endfacet
  facet normal 0 0 -1
    outer loop
      vertex -6.3 -21.1 1.90735e-07
      vertex -12.5344 -12.5621 1.90735e-07
      vertex -11.1847 -11.5265 1.90735e-07
    endloop
  endfacet
  facet normal 0 0 -1
    outer loop
      vertex -19.2038 -30.8861 1.90735e-07
      vertex -9.27942 -27.95 1.90735e-07
      vertex -18.8356 -32.547 1.90735e-07
    endloop
  endfacet
  facet normal 0 0 -1
    outer loop
      vertex -6.3 -21.1 1.90735e-07
      vertex -13.7886 -13.7114 1.90735e-07
      vertex -12.5344 -12.5621 1.90735e-07
    endloop
  endfacet
  facet normal -0 0 -1
    outer loop
      vertex -9.27942 -27.95 1.90735e-07
      vertex -19.2038 -30.8861 1.90735e-07
      vertex -9.31568 -27.8804 1.90735e-07
    endloop
  endfacet
  facet normal 0 0 -1
    outer loop
      vertex -6.3 -21.1 1.90735e-07
      vertex -14.9379 -14.9656 1.90735e-07
      vertex -13.7886 -13.7114 1.90735e-07
    endloop
  endfacet
  facet normal -0 0 -1
    outer loop
      vertex -9.31568 -27.8804 1.90735e-07
      vertex -19.2038 -30.8861 1.90735e-07
      vertex -9.34572 -27.8078 1.90735e-07
    endloop
  endfacet
  facet normal 0 0 -1
    outer loop
      vertex -6.3 -21.1 1.90735e-07
      vertex -15.9735 -16.3153 1.90735e-07
      vertex -14.9379 -14.9656 1.90735e-07
    endloop
  endfacet
  facet normal 0 0 -1
    outer loop
      vertex -19.4258 -29.1995 1.90735e-07
      vertex -9.34572 -27.8078 1.90735e-07
      vertex -19.2038 -30.8861 1.90735e-07
    endloop
  endfacet
  facet normal 0 0 -1
    outer loop
      vertex -6.3 -21.1 1.90735e-07
      vertex -16.8875 -17.75 1.90735e-07
      vertex -15.9735 -16.3153 1.90735e-07
    endloop
  endfacet
  facet normal -0 0 -1
    outer loop
      vertex -9.34572 -27.8078 1.90735e-07
      vertex -19.4258 -29.1995 1.90735e-07
      vertex -9.36933 -27.7329 1.90735e-07
    endloop
  endfacet
  facet normal 0 0 -1
    outer loop
      vertex -6.3 -21.1 1.90735e-07
      vertex -17.673 -19.2589 1.90735e-07
      vertex -16.8875 -17.75 1.90735e-07
    endloop
  endfacet
  facet normal -0 0 -1
    outer loop
      vertex -9.36933 -27.7329 1.90735e-07
      vertex -19.4258 -29.1995 1.90735e-07
      vertex -9.38633 -27.6563 1.90735e-07
    endloop
  endfacet
  facet normal 0 0 -1
    outer loop
      vertex -9.07851 -26.8106 1.90735e-07
      vertex -18.324 -20.8306 1.90735e-07
      vertex -17.673 -19.2589 1.90735e-07
    endloop
  endfacet
  facet normal -0 0 -1
    outer loop
      vertex -9.38633 -27.6563 1.90735e-07
      vertex -19.4258 -29.1995 1.90735e-07
      vertex -9.39657 -27.5784 1.90735e-07
    endloop
  endfacet
  facet normal 0 0 -1
    outer loop
      vertex -9.18944 -26.9215 1.90735e-07
      vertex -18.8356 -22.453 1.90735e-07
      vertex -18.324 -20.8306 1.90735e-07
    endloop
  endfacet
  facet normal 0 0 -1
    outer loop
      vertex -19.5 -27.5 1.90735e-07
      vertex -9.39657 -27.5784 1.90735e-07
      vertex -19.4258 -29.1995 1.90735e-07
    endloop
  endfacet
  facet normal 0 0 -1
    outer loop
      vertex -9.27942 -27.05 1.90735e-07
      vertex -19.2038 -24.1139 1.90735e-07
      vertex -18.8356 -22.453 1.90735e-07
    endloop
  endfacet
  facet normal 0 0 -1
    outer loop
      vertex -9.39657 -27.5784 1.90735e-07
      vertex -19.5 -27.5 1.90735e-07
      vertex -9.4 -27.5 1.90735e-07
    endloop
  endfacet
  facet normal 0 0 -1
    outer loop
      vertex -9.34572 -27.1922 1.90735e-07
      vertex -19.4258 -25.8005 1.90735e-07
      vertex -19.2038 -24.1139 1.90735e-07
    endloop
  endfacet
  facet normal -0 0 -1
    outer loop
      vertex -9.39657 -27.4216 1.90735e-07
      vertex -19.5 -27.5 1.90735e-07
      vertex -19.4258 -25.8005 1.90735e-07
    endloop
  endfacet
  facet normal 0 0 -1
    outer loop
      vertex 20.2 -27.5 1.90735e-07
      vertex 22.8 -27.5 1.90735e-07
      vertex 22.7867 -27.805 1.90735e-07
    endloop
  endfacet
  facet normal 0 0 -1
    outer loop
      vertex 20.1966 -27.5784 1.90735e-07
      vertex 22.7867 -27.805 1.90735e-07
      vertex 22.7468 -28.1078 1.90735e-07
    endloop
  endfacet
  facet normal 0 0 -1
    outer loop
      vertex 22.8 -27.5 1.90735e-07
      vertex 20.2 -27.5 1.90735e-07
      vertex 22.7867 -27.1949 1.90735e-07
    endloop
  endfacet
  facet normal 0 0 -1
    outer loop
      vertex 20.1863 -27.6563 1.90735e-07
      vertex 22.7468 -28.1078 1.90735e-07
      vertex 22.6807 -28.4059 1.90735e-07
    endloop
  endfacet
  facet normal 0 0 -1
    outer loop
      vertex 20.1966 -27.4216 1.90735e-07
      vertex 22.7867 -27.1949 1.90735e-07
      vertex 20.2 -27.5 1.90735e-07
    endloop
  endfacet
  facet normal 0 0 -1
    outer loop
      vertex 20.1693 -27.7329 1.90735e-07
      vertex 22.6807 -28.4059 1.90735e-07
      vertex 22.5889 -28.6971 1.90735e-07
    endloop
  endfacet
  facet normal -0 0 -1
    outer loop
      vertex 22.7867 -27.1949 1.90735e-07
      vertex 20.1966 -27.4216 1.90735e-07
      vertex 22.7468 -26.8922 1.90735e-07
    endloop
  endfacet
  facet normal 0 0 -1
    outer loop
      vertex 20.1457 -27.8078 1.90735e-07
      vertex 22.5889 -28.6971 1.90735e-07
      vertex 22.4721 -28.9792 1.90735e-07
    endloop
  endfacet
  facet normal 0 0 -1
    outer loop
      vertex 20.1863 -27.3437 1.90735e-07
      vertex 22.7468 -26.8922 1.90735e-07
      vertex 20.1966 -27.4216 1.90735e-07
    endloop
  endfacet
  facet normal 0 0 -1
    outer loop
      vertex 20.1157 -27.8804 1.90735e-07
      vertex 22.4721 -28.9792 1.90735e-07
      vertex 22.3311 -29.25 1.90735e-07
    endloop
  endfacet
  facet normal -0 0 -1
    outer loop
      vertex 22.7468 -26.8922 1.90735e-07
      vertex 20.1863 -27.3437 1.90735e-07
      vertex 22.6807 -26.5941 1.90735e-07
    endloop
  endfacet
  facet normal 0 0 -1
    outer loop
      vertex 20.0794 -27.95 1.90735e-07
      vertex 22.3311 -29.25 1.90735e-07
      vertex 22.167 -29.5075 1.90735e-07
    endloop
  endfacet
  facet normal 0 0 -1
    outer loop
      vertex 20.1693 -27.2671 1.90735e-07
      vertex 22.6807 -26.5941 1.90735e-07
      vertex 20.1863 -27.3437 1.90735e-07
    endloop
  endfacet
  facet normal -0 0 -1
    outer loop
      vertex 22.6807 -26.5941 1.90735e-07
      vertex 20.1693 -27.2671 1.90735e-07
      vertex 22.5889 -26.3029 1.90735e-07
    endloop
  endfacet
  facet normal 0 0 -1
    outer loop
      vertex 22.7867 -27.805 1.90735e-07
      vertex 20.1966 -27.5784 1.90735e-07
      vertex 20.2 -27.5 1.90735e-07
    endloop
  endfacet
  facet normal 0 0 -1
    outer loop
      vertex 22.7468 -28.1078 1.90735e-07
      vertex 20.1863 -27.6563 1.90735e-07
      vertex 20.1966 -27.5784 1.90735e-07
    endloop
  endfacet
  facet normal 0 0 -1
    outer loop
      vertex 22.6807 -28.4059 1.90735e-07
      vertex 20.1693 -27.7329 1.90735e-07
      vertex 20.1863 -27.6563 1.90735e-07
    endloop
  endfacet
  facet normal 0 0 -1
    outer loop
      vertex 22.5889 -28.6971 1.90735e-07
      vertex 20.1457 -27.8078 1.90735e-07
      vertex 20.1693 -27.7329 1.90735e-07
    endloop
  endfacet
  facet normal 0 0 -1
    outer loop
      vertex 22.4721 -28.9792 1.90735e-07
      vertex 20.1157 -27.8804 1.90735e-07
      vertex 20.1457 -27.8078 1.90735e-07
    endloop
  endfacet
  facet normal 0 0 -1
    outer loop
      vertex 22.3311 -29.25 1.90735e-07
      vertex 20.0794 -27.95 1.90735e-07
      vertex 20.1157 -27.8804 1.90735e-07
    endloop
  endfacet
  facet normal 0 0 -1
    outer loop
      vertex 22.167 -29.5075 1.90735e-07
      vertex 20.0372 -28.0162 1.90735e-07
      vertex 20.0794 -27.95 1.90735e-07
    endloop
  endfacet
  facet normal 0 0 -1
    outer loop
      vertex 22.167 -29.5075 1.90735e-07
      vertex 19.9894 -28.0785 1.90735e-07
      vertex 20.0372 -28.0162 1.90735e-07
    endloop
  endfacet
  facet normal 0 0 -1
    outer loop
      vertex 22.167 -29.5075 1.90735e-07
      vertex 19.9364 -28.1364 1.90735e-07
      vertex 19.9894 -28.0785 1.90735e-07
    endloop
  endfacet
  facet normal 0 0 -1
    outer loop
      vertex 22.167 -29.5075 1.90735e-07
      vertex 19.8785 -28.1894 1.90735e-07
      vertex 19.9364 -28.1364 1.90735e-07
    endloop
  endfacet
  facet normal 0 0 -1
    outer loop
      vertex 22.167 -29.5075 1.90735e-07
      vertex 19.8162 -28.2372 1.90735e-07
      vertex 19.8785 -28.1894 1.90735e-07
    endloop
  endfacet
  facet normal 0 0 -1
    outer loop
      vertex 22.167 -29.5075 1.90735e-07
      vertex 19.75 -28.2794 1.90735e-07
      vertex 19.8162 -28.2372 1.90735e-07
    endloop
  endfacet
  facet normal 0 0 -1
    outer loop
      vertex 22.167 -29.5075 1.90735e-07
      vertex 19.6804 -28.3157 1.90735e-07
      vertex 19.75 -28.2794 1.90735e-07
    endloop
  endfacet
  facet normal 0 0 -1
    outer loop
      vertex 22.167 -29.5075 1.90735e-07
      vertex 19.6078 -28.3457 1.90735e-07
      vertex 19.6804 -28.3157 1.90735e-07
    endloop
  endfacet
  facet normal 0 0 -1
    outer loop
      vertex 22.167 -29.5075 1.90735e-07
      vertex 19.5329 -28.3693 1.90735e-07
      vertex 19.6078 -28.3457 1.90735e-07
    endloop
  endfacet
  facet normal 0 0 -1
    outer loop
      vertex 22.167 -29.5075 1.90735e-07
      vertex 19.4563 -28.3863 1.90735e-07
      vertex 19.5329 -28.3693 1.90735e-07
    endloop
  endfacet
  facet normal 0 0 -1
    outer loop
      vertex 22.167 -29.5075 1.90735e-07
      vertex 19.3784 -28.3966 1.90735e-07
      vertex 19.4563 -28.3863 1.90735e-07
    endloop
  endfacet
  facet normal 0 0 -1
    outer loop
      vertex 17.1 -33.9 1.90735e-07
      vertex 19.3784 -28.3966 1.90735e-07
      vertex 22.167 -29.5075 1.90735e-07
    endloop
  endfacet
  facet normal 0 0 -1
    outer loop
      vertex 19.3784 -28.3966 1.90735e-07
      vertex 17.1 -33.9 1.90735e-07
      vertex 19.3 -28.4 1.90735e-07
    endloop
  endfacet
  facet normal -0 0 -1
    outer loop
      vertex 19.3 -28.4 1.90735e-07
      vertex 17.1 -33.9 1.90735e-07
      vertex 19.2216 -28.3966 1.90735e-07
    endloop
  endfacet
  facet normal -0 0 -1
    outer loop
      vertex 19.2216 -28.3966 1.90735e-07
      vertex 17.1 -33.9 1.90735e-07
      vertex 19.1437 -28.3863 1.90735e-07
    endloop
  endfacet
  facet normal -0 0 -1
    outer loop
      vertex 19.1437 -28.3863 1.90735e-07
      vertex 17.1 -33.9 1.90735e-07
      vertex 19.0671 -28.3693 1.90735e-07
    endloop
  endfacet
  facet normal -0 0 -1
    outer loop
      vertex 18.4034 -27.5784 1.90735e-07
      vertex 17.1 -33.9 1.90735e-07
      vertex 18.4 -27.5 1.90735e-07
    endloop
  endfacet
  facet normal -0 0 -1
    outer loop
      vertex 18.4137 -27.6563 1.90735e-07
      vertex 17.1 -33.9 1.90735e-07
      vertex 18.4034 -27.5784 1.90735e-07
    endloop
  endfacet
  facet normal -0 0 -1
    outer loop
      vertex 18.4307 -27.7329 1.90735e-07
      vertex 17.1 -33.9 1.90735e-07
      vertex 18.4137 -27.6563 1.90735e-07
    endloop
  endfacet
  facet normal -0 0 -1
    outer loop
      vertex 18.4543 -27.8078 1.90735e-07
      vertex 17.1 -33.9 1.90735e-07
      vertex 18.4307 -27.7329 1.90735e-07
    endloop
  endfacet
  facet normal -0 0 -1
    outer loop
      vertex 18.4843 -27.8804 1.90735e-07
      vertex 17.1 -33.9 1.90735e-07
      vertex 18.4543 -27.8078 1.90735e-07
    endloop
  endfacet
  facet normal -0 0 -1
    outer loop
      vertex 18.5206 -27.95 1.90735e-07
      vertex 17.1 -33.9 1.90735e-07
      vertex 18.4843 -27.8804 1.90735e-07
    endloop
  endfacet
  facet normal -0 0 -1
    outer loop
      vertex 18.5628 -28.0162 1.90735e-07
      vertex 17.1 -33.9 1.90735e-07
      vertex 18.5206 -27.95 1.90735e-07
    endloop
  endfacet
  facet normal -0 0 -1
    outer loop
      vertex 18.6106 -28.0785 1.90735e-07
      vertex 17.1 -33.9 1.90735e-07
      vertex 18.5628 -28.0162 1.90735e-07
    endloop
  endfacet
  facet normal -0 0 -1
    outer loop
      vertex 18.6636 -28.1364 1.90735e-07
      vertex 17.1 -33.9 1.90735e-07
      vertex 18.6106 -28.0785 1.90735e-07
    endloop
  endfacet
  facet normal -0 0 -1
    outer loop
      vertex 18.7215 -28.1894 1.90735e-07
      vertex 17.1 -33.9 1.90735e-07
      vertex 18.6636 -28.1364 1.90735e-07
    endloop
  endfacet
  facet normal -0 0 -1
    outer loop
      vertex 18.7838 -28.2372 1.90735e-07
      vertex 17.1 -33.9 1.90735e-07
      vertex 18.7215 -28.1894 1.90735e-07
    endloop
  endfacet
  facet normal -0 0 -1
    outer loop
      vertex 18.85 -28.2794 1.90735e-07
      vertex 17.1 -33.9 1.90735e-07
      vertex 18.7838 -28.2372 1.90735e-07
    endloop
  endfacet
  facet normal -0 0 -1
    outer loop
      vertex 18.9196 -28.3157 1.90735e-07
      vertex 17.1 -33.9 1.90735e-07
      vertex 18.85 -28.2794 1.90735e-07
    endloop
  endfacet
  facet normal -0 0 -1
    outer loop
      vertex 18.9922 -28.3457 1.90735e-07
      vertex 17.1 -33.9 1.90735e-07
      vertex 18.9196 -28.3157 1.90735e-07
    endloop
  endfacet
  facet normal -0 0 -1
    outer loop
      vertex 19.0671 -28.3693 1.90735e-07
      vertex 17.1 -33.9 1.90735e-07
      vertex 18.9922 -28.3457 1.90735e-07
    endloop
  endfacet
  facet normal 0 0 -1
    outer loop
      vertex 15.9735 -38.6847 1.90735e-07
      vertex 17.1 -33.9 1.90735e-07
      vertex 22.167 -29.5075 1.90735e-07
    endloop
  endfacet
  facet normal 0 0 -1
    outer loop
      vertex 14.9379 -40.0344 1.90735e-07
      vertex 17.1 -33.9 1.90735e-07
      vertex 15.9735 -38.6847 1.90735e-07
    endloop
  endfacet
  facet normal 0 0 -1
    outer loop
      vertex 13.7886 -41.2886 1.90735e-07
      vertex 17.1 -33.9 1.90735e-07
      vertex 14.9379 -40.0344 1.90735e-07
    endloop
  endfacet
  facet normal 0 0 -1
    outer loop
      vertex -6.3 -33.9 1.90735e-07
      vertex 13.7886 -41.2886 1.90735e-07
      vertex 12.5344 -42.4379 1.90735e-07
    endloop
  endfacet
  facet normal 0 0 -1
    outer loop
      vertex -6.3 -33.9 1.90735e-07
      vertex 12.5344 -42.4379 1.90735e-07
      vertex 11.1847 -43.4735 1.90735e-07
    endloop
  endfacet
  facet normal 0 0 -1
    outer loop
      vertex -6.3 -33.9 1.90735e-07
      vertex 11.1847 -43.4735 1.90735e-07
      vertex 9.75 -44.3875 1.90735e-07
    endloop
  endfacet
  facet normal 0 0 -1
    outer loop
      vertex -6.3 -33.9 1.90735e-07
      vertex 9.75 -44.3875 1.90735e-07
      vertex 8.24106 -45.173 1.90735e-07
    endloop
  endfacet
  facet normal 0 0 -1
    outer loop
      vertex -6.3 -33.9 1.90735e-07
      vertex 8.24106 -45.173 1.90735e-07
      vertex 6.66939 -45.824 1.90735e-07
    endloop
  endfacet
  facet normal 0 0 -1
    outer loop
      vertex -6.3 -33.9 1.90735e-07
      vertex 6.66939 -45.824 1.90735e-07
      vertex 5.04697 -46.3356 1.90735e-07
    endloop
  endfacet
  facet normal 0 0 -1
    outer loop
      vertex -6.3 -33.9 1.90735e-07
      vertex 5.04697 -46.3356 1.90735e-07
      vertex 3.38614 -46.7038 1.90735e-07
    endloop
  endfacet
  facet normal 0 0 -1
    outer loop
      vertex -6.3 -33.9 1.90735e-07
      vertex 3.38614 -46.7038 1.90735e-07
      vertex 1.69954 -46.9258 1.90735e-07
    endloop
  endfacet
  facet normal 0 0 -1
    outer loop
      vertex -6.3 -33.9 1.90735e-07
      vertex 1.69954 -46.9258 1.90735e-07
      vertex 0 -47 1.90735e-07
    endloop
  endfacet
  facet normal 0 0 -1
    outer loop
      vertex -6.3 -33.9 1.90735e-07
      vertex 0 -47 1.90735e-07
      vertex -1.69954 -46.9258 1.90735e-07
    endloop
  endfacet
  facet normal 0 0 -1
    outer loop
      vertex -6.3 -33.9 1.90735e-07
      vertex -1.69954 -46.9258 1.90735e-07
      vertex -3.38614 -46.7038 1.90735e-07
    endloop
  endfacet
  facet normal 0 0 -1
    outer loop
      vertex -6.3 -33.9 1.90735e-07
      vertex -3.38614 -46.7038 1.90735e-07
      vertex -5.04697 -46.3356 1.90735e-07
    endloop
  endfacet
  facet normal 0 0 -1
    outer loop
      vertex 13.7886 -41.2886 1.90735e-07
      vertex -6.3 -33.9 1.90735e-07
      vertex 17.1 -33.9 1.90735e-07
    endloop
  endfacet
  facet normal 0 0 -1
    outer loop
      vertex -8.24106 -45.173 1.90735e-07
      vertex -6.3 -33.9 1.90735e-07
      vertex -6.66939 -45.824 1.90735e-07
    endloop
  endfacet
  facet normal 0 0 -1
    outer loop
      vertex -6.66939 -45.824 1.90735e-07
      vertex -6.3 -33.9 1.90735e-07
      vertex -5.04697 -46.3356 1.90735e-07
    endloop
  endfacet
  facet normal 0 0 -1
    outer loop
      vertex 20.1457 -27.1922 1.90735e-07
      vertex 22.5889 -26.3029 1.90735e-07
      vertex 20.1693 -27.2671 1.90735e-07
    endloop
  endfacet
  facet normal -0 0 -1
    outer loop
      vertex 22.5889 -26.3029 1.90735e-07
      vertex 20.1457 -27.1922 1.90735e-07
      vertex 22.4721 -26.0208 1.90735e-07
    endloop
  endfacet
  facet normal 0 0 -1
    outer loop
      vertex 20.1157 -27.1196 1.90735e-07
      vertex 22.4721 -26.0208 1.90735e-07
      vertex 20.1457 -27.1922 1.90735e-07
    endloop
  endfacet
  facet normal -0 0 -1
    outer loop
      vertex 22.4721 -26.0208 1.90735e-07
      vertex 20.1157 -27.1196 1.90735e-07
      vertex 22.3311 -25.75 1.90735e-07
    endloop
  endfacet
  facet normal 0 0 -1
    outer loop
      vertex 20.0794 -27.05 1.90735e-07
      vertex 22.3311 -25.75 1.90735e-07
      vertex 20.1157 -27.1196 1.90735e-07
    endloop
  endfacet
  facet normal -0 0 -1
    outer loop
      vertex 22.3311 -25.75 1.90735e-07
      vertex 20.0794 -27.05 1.90735e-07
      vertex 22.167 -25.4925 1.90735e-07
    endloop
  endfacet
  facet normal 0 0 -1
    outer loop
      vertex 20.0372 -26.9838 1.90735e-07
      vertex 22.167 -25.4925 1.90735e-07
      vertex 20.0794 -27.05 1.90735e-07
    endloop
  endfacet
  facet normal 0 0 -1
    outer loop
      vertex 19.9894 -26.9215 1.90735e-07
      vertex 22.167 -25.4925 1.90735e-07
      vertex 20.0372 -26.9838 1.90735e-07
    endloop
  endfacet
  facet normal 0 0 -1
    outer loop
      vertex 19.9364 -26.8636 1.90735e-07
      vertex 22.167 -25.4925 1.90735e-07
      vertex 19.9894 -26.9215 1.90735e-07
    endloop
  endfacet
  facet normal 0 0 -1
    outer loop
      vertex 19.8785 -26.8106 1.90735e-07
      vertex 22.167 -25.4925 1.90735e-07
      vertex 19.9364 -26.8636 1.90735e-07
    endloop
  endfacet
  facet normal 0 0 -1
    outer loop
      vertex 19.8162 -26.7628 1.90735e-07
      vertex 22.167 -25.4925 1.90735e-07
      vertex 19.8785 -26.8106 1.90735e-07
    endloop
  endfacet
  facet normal 0 0 -1
    outer loop
      vertex 19.75 -26.7206 1.90735e-07
      vertex 22.167 -25.4925 1.90735e-07
      vertex 19.8162 -26.7628 1.90735e-07
    endloop
  endfacet
  facet normal 0 0 -1
    outer loop
      vertex 19.6804 -26.6843 1.90735e-07
      vertex 22.167 -25.4925 1.90735e-07
      vertex 19.75 -26.7206 1.90735e-07
    endloop
  endfacet
  facet normal 0 0 -1
    outer loop
      vertex 19.6078 -26.6543 1.90735e-07
      vertex 22.167 -25.4925 1.90735e-07
      vertex 19.6804 -26.6843 1.90735e-07
    endloop
  endfacet
  facet normal 0 0 -1
    outer loop
      vertex 19.5329 -26.6307 1.90735e-07
      vertex 22.167 -25.4925 1.90735e-07
      vertex 19.6078 -26.6543 1.90735e-07
    endloop
  endfacet
  facet normal 0 0 -1
    outer loop
      vertex 19.4563 -26.6137 1.90735e-07
      vertex 22.167 -25.4925 1.90735e-07
      vertex 19.5329 -26.6307 1.90735e-07
    endloop
  endfacet
  facet normal 0 0 -1
    outer loop
      vertex 19.3784 -26.6034 1.90735e-07
      vertex 22.167 -25.4925 1.90735e-07
      vertex 19.4563 -26.6137 1.90735e-07
    endloop
  endfacet
  facet normal 0 0 -1
    outer loop
      vertex 17.1 -21.1 1.90735e-07
      vertex 19.3784 -26.6034 1.90735e-07
      vertex 19.3 -26.6 1.90735e-07
    endloop
  endfacet
  facet normal 0 0 -1
    outer loop
      vertex 17.1 -21.1 1.90735e-07
      vertex 19.3 -26.6 1.90735e-07
      vertex 19.2216 -26.6034 1.90735e-07
    endloop
  endfacet
  facet normal 0 0 -1
    outer loop
      vertex 17.1 -21.1 1.90735e-07
      vertex 19.2216 -26.6034 1.90735e-07
      vertex 19.1437 -26.6137 1.90735e-07
    endloop
  endfacet
  facet normal 0 0 -1
    outer loop
      vertex 17.1 -21.1 1.90735e-07
      vertex 19.1437 -26.6137 1.90735e-07
      vertex 19.0671 -26.6307 1.90735e-07
    endloop
  endfacet
  facet normal 0 0 -1
    outer loop
      vertex 17.1 -21.1 1.90735e-07
      vertex 19.0671 -26.6307 1.90735e-07
      vertex 18.9922 -26.6543 1.90735e-07
    endloop
  endfacet
  facet normal 0 0 -1
    outer loop
      vertex 17.1 -21.1 1.90735e-07
      vertex 18.4 -27.5 1.90735e-07
      vertex 17.1 -33.9 1.90735e-07
    endloop
  endfacet
  facet normal 0 0 -1
    outer loop
      vertex 18.4 -27.5 1.90735e-07
      vertex 17.1 -21.1 1.90735e-07
      vertex 18.4034 -27.4216 1.90735e-07
    endloop
  endfacet
  facet normal 0 0 -1
    outer loop
      vertex 18.4034 -27.4216 1.90735e-07
      vertex 17.1 -21.1 1.90735e-07
      vertex 18.4137 -27.3437 1.90735e-07
    endloop
  endfacet
  facet normal 0 0 -1
    outer loop
      vertex 17.1 -21.1 1.90735e-07
      vertex 18.4307 -27.2671 1.90735e-07
      vertex 18.4137 -27.3437 1.90735e-07
    endloop
  endfacet
  facet normal 0 0 -1
    outer loop
      vertex 17.1 -21.1 1.90735e-07
      vertex 18.4543 -27.1922 1.90735e-07
      vertex 18.4307 -27.2671 1.90735e-07
    endloop
  endfacet
  facet normal 0 0 -1
    outer loop
      vertex 17.1 -21.1 1.90735e-07
      vertex 18.4843 -27.1196 1.90735e-07
      vertex 18.4543 -27.1922 1.90735e-07
    endloop
  endfacet
  facet normal 0 0 -1
    outer loop
      vertex 17.1 -21.1 1.90735e-07
      vertex 18.5206 -27.05 1.90735e-07
      vertex 18.4843 -27.1196 1.90735e-07
    endloop
  endfacet
  facet normal 0 0 -1
    outer loop
      vertex 17.1 -21.1 1.90735e-07
      vertex 18.5628 -26.9838 1.90735e-07
      vertex 18.5206 -27.05 1.90735e-07
    endloop
  endfacet
  facet normal 0 0 -1
    outer loop
      vertex 17.1 -21.1 1.90735e-07
      vertex 18.6106 -26.9215 1.90735e-07
      vertex 18.5628 -26.9838 1.90735e-07
    endloop
  endfacet
  facet normal 0 0 -1
    outer loop
      vertex 17.1 -21.1 1.90735e-07
      vertex 18.6636 -26.8636 1.90735e-07
      vertex 18.6106 -26.9215 1.90735e-07
    endloop
  endfacet
  facet normal 0 0 -1
    outer loop
      vertex 17.1 -21.1 1.90735e-07
      vertex 18.7215 -26.8106 1.90735e-07
      vertex 18.6636 -26.8636 1.90735e-07
    endloop
  endfacet
  facet normal 0 0 -1
    outer loop
      vertex 17.1 -21.1 1.90735e-07
      vertex 18.7838 -26.7628 1.90735e-07
      vertex 18.7215 -26.8106 1.90735e-07
    endloop
  endfacet
  facet normal 0 0 -1
    outer loop
      vertex 17.1 -21.1 1.90735e-07
      vertex 18.85 -26.7206 1.90735e-07
      vertex 18.7838 -26.7628 1.90735e-07
    endloop
  endfacet
  facet normal 0 0 -1
    outer loop
      vertex 17.1 -21.1 1.90735e-07
      vertex 18.9196 -26.6843 1.90735e-07
      vertex 18.85 -26.7206 1.90735e-07
    endloop
  endfacet
  facet normal 0 0 -1
    outer loop
      vertex 17.1 -21.1 1.90735e-07
      vertex 18.9922 -26.6543 1.90735e-07
      vertex 18.9196 -26.6843 1.90735e-07
    endloop
  endfacet
  facet normal 0 0 -1
    outer loop
      vertex 19.3784 -26.6034 1.90735e-07
      vertex 17.1 -21.1 1.90735e-07
      vertex 22.167 -25.4925 1.90735e-07
    endloop
  endfacet
  facet normal 0 0 -1
    outer loop
      vertex 17.1 -21.1 1.90735e-07
      vertex 15.9735 -16.3153 1.90735e-07
      vertex 22.167 -25.4925 1.90735e-07
    endloop
  endfacet
  facet normal 0 0 -1
    outer loop
      vertex 17.1 -21.1 1.90735e-07
      vertex 14.9379 -14.9656 1.90735e-07
      vertex 15.9735 -16.3153 1.90735e-07
    endloop
  endfacet
  facet normal 0 0 -1
    outer loop
      vertex 17.1 -21.1 1.90735e-07
      vertex 13.7886 -13.7114 1.90735e-07
      vertex 14.9379 -14.9656 1.90735e-07
    endloop
  endfacet
  facet normal 0 0 -1
    outer loop
      vertex -6.3 -21.1 1.90735e-07
      vertex 13.7886 -13.7114 1.90735e-07
      vertex 17.1 -21.1 1.90735e-07
    endloop
  endfacet
  facet normal -0 0 -1
    outer loop
      vertex 13.7886 -13.7114 1.90735e-07
      vertex -6.3 -21.1 1.90735e-07
      vertex 12.5344 -12.5621 1.90735e-07
    endloop
  endfacet
  facet normal -0 0 -1
    outer loop
      vertex 12.5344 -12.5621 1.90735e-07
      vertex -6.3 -21.1 1.90735e-07
      vertex 11.1847 -11.5265 1.90735e-07
    endloop
  endfacet
  facet normal -0 0 -1
    outer loop
      vertex 11.1847 -11.5265 1.90735e-07
      vertex -6.3 -21.1 1.90735e-07
      vertex 9.75 -10.6125 1.90735e-07
    endloop
  endfacet
  facet normal -0 0 -1
    outer loop
      vertex 9.75 -10.6125 1.90735e-07
      vertex -6.3 -21.1 1.90735e-07
      vertex 8.24106 -9.827 1.90735e-07
    endloop
  endfacet
  facet normal -0 0 -1
    outer loop
      vertex 8.24106 -9.827 1.90735e-07
      vertex -6.3 -21.1 1.90735e-07
      vertex 6.66939 -9.17599 1.90735e-07
    endloop
  endfacet
  facet normal -0 0 -1
    outer loop
      vertex 6.66939 -9.17599 1.90735e-07
      vertex -6.3 -21.1 1.90735e-07
      vertex 5.04697 -8.66445 1.90735e-07
    endloop
  endfacet
  facet normal -0 0 -1
    outer loop
      vertex 5.04697 -8.66445 1.90735e-07
      vertex -6.3 -21.1 1.90735e-07
      vertex 3.38614 -8.29625 1.90735e-07
    endloop
  endfacet
  facet normal -0 0 -1
    outer loop
      vertex 3.38614 -8.29625 1.90735e-07
      vertex -6.3 -21.1 1.90735e-07
      vertex 1.69954 -8.0742 1.90735e-07
    endloop
  endfacet
  facet normal -0 0 -1
    outer loop
      vertex 1.69954 -8.0742 1.90735e-07
      vertex -6.3 -21.1 1.90735e-07
      vertex 0 -8 1.90735e-07
    endloop
  endfacet
  facet normal 0 0 -1
    outer loop
      vertex 0 -8 1.90735e-07
      vertex -6.3 -21.1 1.90735e-07
      vertex -1.69954 -8.0742 1.90735e-07
    endloop
  endfacet
  facet normal 0 0 -1
    outer loop
      vertex -1.69954 -8.0742 1.90735e-07
      vertex -6.3 -21.1 1.90735e-07
      vertex -3.38614 -8.29625 1.90735e-07
    endloop
  endfacet
  facet normal 0 0 -1
    outer loop
      vertex -3.38614 -8.29625 1.90735e-07
      vertex -6.3 -21.1 1.90735e-07
      vertex -5.04697 -8.66445 1.90735e-07
    endloop
  endfacet
  facet normal 0 0 -1
    outer loop
      vertex -6.3 -21.1 1.90735e-07
      vertex -6.66939 -9.17599 1.90735e-07
      vertex -5.04697 -8.66445 1.90735e-07
    endloop
  endfacet
  facet normal 0 -0 -1
    outer loop
      vertex -7.6 -27.5 1.90735e-07
      vertex -6.3 -33.9 1.90735e-07
      vertex -7.60342 -27.5784 1.90735e-07
    endloop
  endfacet
  facet normal 0 0 -1
    outer loop
      vertex -7.60342 -27.4216 1.90735e-07
      vertex -6.3 -21.1 1.90735e-07
      vertex -7.6 -27.5 1.90735e-07
    endloop
  endfacet
  facet normal 0 0 -1
    outer loop
      vertex -6.3 -33.9 1.90735e-07
      vertex -7.6 -27.5 1.90735e-07
      vertex -6.3 -21.1 1.90735e-07
    endloop
  endfacet
  facet normal 0 0 -1
    outer loop
      vertex -6.3 -33.9 1.90735e-07
      vertex -7.61367 -27.6563 1.90735e-07
      vertex -7.60342 -27.5784 1.90735e-07
    endloop
  endfacet
  facet normal 0 0 -1
    outer loop
      vertex -6.3 -33.9 1.90735e-07
      vertex -7.63067 -27.7329 1.90735e-07
      vertex -7.61367 -27.6563 1.90735e-07
    endloop
  endfacet
  facet normal 0 0 -1
    outer loop
      vertex -6.3 -33.9 1.90735e-07
      vertex -7.65428 -27.8078 1.90735e-07
      vertex -7.63067 -27.7329 1.90735e-07
    endloop
  endfacet
  facet normal 0 0 -1
    outer loop
      vertex -6.3 -33.9 1.90735e-07
      vertex -7.68432 -27.8804 1.90735e-07
      vertex -7.65428 -27.8078 1.90735e-07
    endloop
  endfacet
  facet normal 0 0 -1
    outer loop
      vertex -6.3 -33.9 1.90735e-07
      vertex -7.72058 -27.95 1.90735e-07
      vertex -7.68432 -27.8804 1.90735e-07
    endloop
  endfacet
  facet normal 0 0 -1
    outer loop
      vertex -6.3 -33.9 1.90735e-07
      vertex -7.76276 -28.0162 1.90735e-07
      vertex -7.72058 -27.95 1.90735e-07
    endloop
  endfacet
  facet normal 0 0 -1
    outer loop
      vertex -6.3 -33.9 1.90735e-07
      vertex -7.81056 -28.0785 1.90735e-07
      vertex -7.76276 -28.0162 1.90735e-07
    endloop
  endfacet
  facet normal 0 0 -1
    outer loop
      vertex -6.3 -33.9 1.90735e-07
      vertex -7.8636 -28.1364 1.90735e-07
      vertex -7.81056 -28.0785 1.90735e-07
    endloop
  endfacet
  facet normal 0 0 -1
    outer loop
      vertex -6.3 -33.9 1.90735e-07
      vertex -7.92149 -28.1894 1.90735e-07
      vertex -7.8636 -28.1364 1.90735e-07
    endloop
  endfacet
  facet normal 0 0 -1
    outer loop
      vertex -6.3 -33.9 1.90735e-07
      vertex -7.98378 -28.2372 1.90735e-07
      vertex -7.92149 -28.1894 1.90735e-07
    endloop
  endfacet
  facet normal 0 0 -1
    outer loop
      vertex -6.3 -33.9 1.90735e-07
      vertex -8.05 -28.2794 1.90735e-07
      vertex -7.98378 -28.2372 1.90735e-07
    endloop
  endfacet
  facet normal 0 0 -1
    outer loop
      vertex -6.3 -33.9 1.90735e-07
      vertex -8.11964 -28.3157 1.90735e-07
      vertex -8.05 -28.2794 1.90735e-07
    endloop
  endfacet
  facet normal 0 0 -1
    outer loop
      vertex -9.75 -44.3875 1.90735e-07
      vertex -6.3 -33.9 1.90735e-07
      vertex -8.24106 -45.173 1.90735e-07
    endloop
  endfacet
  facet normal 0 0 -1
    outer loop
      vertex -6.3 -33.9 1.90735e-07
      vertex -8.19218 -28.3457 1.90735e-07
      vertex -8.11964 -28.3157 1.90735e-07
    endloop
  endfacet
  facet normal 0 0 -1
    outer loop
      vertex -11.1847 -43.4735 1.90735e-07
      vertex -6.3 -33.9 1.90735e-07
      vertex -9.75 -44.3875 1.90735e-07
    endloop
  endfacet
  facet normal 0 0 -1
    outer loop
      vertex -6.3 -33.9 1.90735e-07
      vertex -8.26706 -28.3693 1.90735e-07
      vertex -8.19218 -28.3457 1.90735e-07
    endloop
  endfacet
  facet normal 0 0 -1
    outer loop
      vertex -6.3 -33.9 1.90735e-07
      vertex -8.34372 -28.3863 1.90735e-07
      vertex -8.26706 -28.3693 1.90735e-07
    endloop
  endfacet
  facet normal 0 0 -1
    outer loop
      vertex -6.3 -33.9 1.90735e-07
      vertex -8.42156 -28.3966 1.90735e-07
      vertex -8.34372 -28.3863 1.90735e-07
    endloop
  endfacet
  facet normal 0 0 -1
    outer loop
      vertex -6.3 -33.9 1.90735e-07
      vertex -8.5 -28.4 1.90735e-07
      vertex -8.42156 -28.3966 1.90735e-07
    endloop
  endfacet
  facet normal 0 0 -1
    outer loop
      vertex -6.3 -33.9 1.90735e-07
      vertex -8.57844 -28.3966 1.90735e-07
      vertex -8.5 -28.4 1.90735e-07
    endloop
  endfacet
  facet normal 0 0 -1
    outer loop
      vertex -6.3 -33.9 1.90735e-07
      vertex -8.65628 -28.3863 1.90735e-07
      vertex -8.57844 -28.3966 1.90735e-07
    endloop
  endfacet
  facet normal 0 0 -1
    outer loop
      vertex -6.3 -33.9 1.90735e-07
      vertex -8.73294 -28.3693 1.90735e-07
      vertex -8.65628 -28.3863 1.90735e-07
    endloop
  endfacet
  facet normal 0 0 -1
    outer loop
      vertex -6.3 -33.9 1.90735e-07
      vertex -8.80782 -28.3457 1.90735e-07
      vertex -8.73294 -28.3693 1.90735e-07
    endloop
  endfacet
  facet normal 0 0 -1
    outer loop
      vertex -6.3 -33.9 1.90735e-07
      vertex -8.88036 -28.3157 1.90735e-07
      vertex -8.80782 -28.3457 1.90735e-07
    endloop
  endfacet
  facet normal 0 0 -1
    outer loop
      vertex -6.3 -33.9 1.90735e-07
      vertex -8.95 -28.2794 1.90735e-07
      vertex -8.88036 -28.3157 1.90735e-07
    endloop
  endfacet
  facet normal 0 0 -1
    outer loop
      vertex -6.3 -33.9 1.90735e-07
      vertex -9.01622 -28.2372 1.90735e-07
      vertex -8.95 -28.2794 1.90735e-07
    endloop
  endfacet
  facet normal 0 0 -1
    outer loop
      vertex -15.9735 -38.6847 1.90735e-07
      vertex -6.3 -33.9 1.90735e-07
      vertex -14.9379 -40.0344 1.90735e-07
    endloop
  endfacet
  facet normal 0 0 -1
    outer loop
      vertex -13.7886 -41.2886 1.90735e-07
      vertex -6.3 -33.9 1.90735e-07
      vertex -12.5344 -42.4379 1.90735e-07
    endloop
  endfacet
  facet normal 0 0 -1
    outer loop
      vertex -12.5344 -42.4379 1.90735e-07
      vertex -6.3 -33.9 1.90735e-07
      vertex -11.1847 -43.4735 1.90735e-07
    endloop
  endfacet
  facet normal 0 0 -1
    outer loop
      vertex -14.9379 -40.0344 1.90735e-07
      vertex -6.3 -33.9 1.90735e-07
      vertex -13.7886 -41.2886 1.90735e-07
    endloop
  endfacet
  facet normal 0 0 -1
    outer loop
      vertex -16.8875 -37.25 1.90735e-07
      vertex -6.3 -33.9 1.90735e-07
      vertex -15.9735 -38.6847 1.90735e-07
    endloop
  endfacet
  facet normal 0 0 -1
    outer loop
      vertex -17.673 -35.7411 1.90735e-07
      vertex -6.3 -33.9 1.90735e-07
      vertex -16.8875 -37.25 1.90735e-07
    endloop
  endfacet
  facet normal -0 0 -1
    outer loop
      vertex -6.3 -33.9 1.90735e-07
      vertex -17.673 -35.7411 1.90735e-07
      vertex -9.01622 -28.2372 1.90735e-07
    endloop
  endfacet
  facet normal -0 0 -1
    outer loop
      vertex -9.01622 -28.2372 1.90735e-07
      vertex -17.673 -35.7411 1.90735e-07
      vertex -9.07851 -28.1894 1.90735e-07
    endloop
  endfacet
  facet normal 0 0 -1
    outer loop
      vertex -18.324 -34.1694 1.90735e-07
      vertex -9.07851 -28.1894 1.90735e-07
      vertex -17.673 -35.7411 1.90735e-07
    endloop
  endfacet
  facet normal -0 0 -1
    outer loop
      vertex -9.1364 -28.1364 1.90735e-07
      vertex -18.324 -34.1694 1.90735e-07
      vertex -9.18944 -28.0785 1.90735e-07
    endloop
  endfacet
  facet normal -0 0 -1
    outer loop
      vertex -9.07851 -28.1894 1.90735e-07
      vertex -18.324 -34.1694 1.90735e-07
      vertex -9.1364 -28.1364 1.90735e-07
    endloop
  endfacet
  facet normal -0.991446 0 0.130521
    outer loop
      vertex -3.98478 -56 13.1486
      vertex -3.93923 -46.5811 13.4946
      vertex -3.98478 -46.571 13.1486
    endloop
  endfacet
  facet normal -0.991446 0 0.130521
    outer loop
      vertex -3.93923 -46.5811 13.4946
      vertex -3.98478 -56 13.1486
      vertex -3.93923 -56 13.4946
    endloop
  endfacet
  facet normal 0.953718 0 0.300702
    outer loop
      vertex 3.8637 -56 13.8353
      vertex 3.75877 -46.6211 14.1681
      vertex 3.75877 -56 14.1681
    endloop
  endfacet
  facet normal 0.953718 0 0.300702
    outer loop
      vertex 3.75877 -46.6211 14.1681
      vertex 3.8637 -56 13.8353
      vertex 3.8637 -46.5979 13.8353
    endloop
  endfacet
  facet normal 0.53732 0 0.843378
    outer loop
      vertex 2 -46.8862 16.2641
      vertex 2.2943 -56 16.0766
      vertex 2.2943 -46.8475 16.0766
    endloop
  endfacet
  facet normal 0.53732 0 0.843378
    outer loop
      vertex 2.2943 -56 16.0766
      vertex 2 -46.8862 16.2641
      vertex 2 -56 16.2641
    endloop
  endfacet
  facet normal -0.737283 0 -0.675584
    outer loop
      vertex -3.06418 -56 3.92885
      vertex -2.82843 -46.7772 3.67157
      vertex -2.82843 -56 3.67157
    endloop
  endfacet
  facet normal -0.737283 0 -0.675584
    outer loop
      vertex -2.82843 -46.7772 3.67157
      vertex -3.06418 -56 3.92885
      vertex -3.06418 -46.7461 3.92885
    endloop
  endfacet
  facet normal -0.991444 0 -0.130532
    outer loop
      vertex -3.98478 -56 6.15138
      vertex -3.93923 -46.5811 5.80541
      vertex -3.93923 -56 5.80541
    endloop
  endfacet
  facet normal -0.991444 0 -0.130532
    outer loop
      vertex -3.93923 -46.5811 5.80541
      vertex -3.98478 -56 6.15138
      vertex -3.98478 -46.571 6.15138
    endloop
  endfacet
  facet normal -0.737178 0 0.675699
    outer loop
      vertex -3.06418 -56 15.3712
      vertex -2.82843 -46.7772 15.6284
      vertex -3.06418 -46.7461 15.3712
    endloop
  endfacet
  facet normal -0.737178 0 0.675699
    outer loop
      vertex -2.82843 -46.7772 15.6284
      vertex -3.06418 -56 15.3712
      vertex -2.82843 -56 15.6284
    endloop
  endfacet
  facet normal -0.300702 0 -0.953718
    outer loop
      vertex -1.36808 -56 2.74123
      vertex -1.03528 -46.9548 2.6363
      vertex -1.03528 -56 2.6363
    endloop
  endfacet
  facet normal -0.300702 0 -0.953718
    outer loop
      vertex -1.03528 -46.9548 2.6363
      vertex -1.36808 -56 2.74123
      vertex -1.36808 -46.9403 2.74123
    endloop
  endfacet
  facet normal 0.923882 0 0.382677
    outer loop
      vertex 3.75877 -56 14.1681
      vertex 3.62523 -46.6507 14.4905
      vertex 3.62523 -56 14.4905
    endloop
  endfacet
  facet normal 0.923882 0 0.382677
    outer loop
      vertex 3.62523 -46.6507 14.4905
      vertex 3.75877 -56 14.1681
      vertex 3.75877 -46.6211 14.1681
    endloop
  endfacet
  facet normal 0.737178 0 0.675699
    outer loop
      vertex 3.06418 -56 15.3712
      vertex 2.82843 -46.7772 15.6284
      vertex 2.82843 -56 15.6284
    endloop
  endfacet
  facet normal 0.737178 0 0.675699
    outer loop
      vertex 2.82843 -46.7772 15.6284
      vertex 3.06418 -56 15.3712
      vertex 3.06418 -46.7461 15.3712
    endloop
  endfacet
  facet normal -0.5373 0 -0.843391
    outer loop
      vertex -2.2943 -56 3.22339
      vertex -2 -46.8862 3.0359
      vertex -2 -56 3.0359
    endloop
  endfacet
  facet normal -0.5373 0 -0.843391
    outer loop
      vertex -2 -46.8862 3.0359
      vertex -2.2943 -56 3.22339
      vertex -2.2943 -46.8475 3.22339
    endloop
  endfacet
  facet normal -0.793349 0 -0.608767
    outer loop
      vertex -3.27661 -56 4.20569
      vertex -3.06418 -46.7461 3.92885
      vertex -3.06418 -56 3.92885
    endloop
  endfacet
  facet normal -0.793349 0 -0.608767
    outer loop
      vertex -3.06418 -46.7461 3.92885
      vertex -3.27661 -56 4.20569
      vertex -3.27661 -46.7182 4.20569
    endloop
  endfacet
  facet normal -0.300624 0 0.953743
    outer loop
      vertex -1.36808 -56 16.5588
      vertex -1.03528 -46.9548 16.6637
      vertex -1.36808 -46.9403 16.5588
    endloop
  endfacet
  facet normal -0.300624 0 0.953743
    outer loop
      vertex -1.03528 -46.9548 16.6637
      vertex -1.36808 -56 16.5588
      vertex -1.03528 -56 16.6637
    endloop
  endfacet
  facet normal 0.953718 0 -0.300702
    outer loop
      vertex 3.8637 -56 5.46472
      vertex 3.75877 -46.6211 5.13192
      vertex 3.8637 -46.5979 5.46472
    endloop
  endfacet
  facet normal 0.953718 0 -0.300702
    outer loop
      vertex 3.75877 -46.6211 5.13192
      vertex 3.8637 -56 5.46472
      vertex 3.75877 -56 5.13192
    endloop
  endfacet
  facet normal 0.793413 0 0.608684
    outer loop
      vertex 3.27661 -56 15.0943
      vertex 3.06418 -46.7461 15.3712
      vertex 3.06418 -56 15.3712
    endloop
  endfacet
  facet normal 0.793413 0 0.608684
    outer loop
      vertex 3.06418 -46.7461 15.3712
      vertex 3.27661 -56 15.0943
      vertex 3.27661 -46.7182 15.0943
    endloop
  endfacet
  facet normal -0.0435588 0 0.999051
    outer loop
      vertex -0.348622 -56 16.7848
      vertex 0 -47 16.8
      vertex -0.348622 -46.9848 16.7848
    endloop
  endfacet
  facet normal -0.0435588 0 0.999051
    outer loop
      vertex 0 -47 16.8
      vertex -0.348622 -56 16.7848
      vertex 0 -56 16.8
    endloop
  endfacet
  facet normal -0.886994 0 0.461781
    outer loop
      vertex -3.62523 -56 14.4905
      vertex -3.4641 -46.6865 14.8
      vertex -3.62523 -46.6507 14.4905
    endloop
  endfacet
  facet normal -0.886994 0 0.461781
    outer loop
      vertex -3.4641 -46.6865 14.8
      vertex -3.62523 -56 14.4905
      vertex -3.4641 -56 14.8
    endloop
  endfacet
  facet normal 1 -0 0
    outer loop
      vertex 4 -56 12.8
      vertex 4 -46.5677 6.5
      vertex 4 -46.5677 12.8
    endloop
  endfacet
  facet normal 1 0 0
    outer loop
      vertex 4 -46.5677 6.5
      vertex 4 -56 12.8
      vertex 4 -56 6.5
    endloop
  endfacet
  facet normal 0.999048 -0 0.0436188
    outer loop
      vertex 3.98478 -56 13.1486
      vertex 4 -46.5677 12.8
      vertex 3.98478 -46.571 13.1486
    endloop
  endfacet
  facet normal 0.999048 0 0.0436188
    outer loop
      vertex 4 -46.5677 12.8
      vertex 3.98478 -56 13.1486
      vertex 4 -56 12.8
    endloop
  endfacet
  facet normal -0.675584 0 -0.737283
    outer loop
      vertex -2.82843 -56 3.67157
      vertex -2.57115 -46.811 3.43582
      vertex -2.57115 -56 3.43582
    endloop
  endfacet
  facet normal -0.675584 0 -0.737283
    outer loop
      vertex -2.57115 -46.811 3.43582
      vertex -2.82843 -56 3.67157
      vertex -2.82843 -46.7772 3.67157
    endloop
  endfacet
  facet normal 0.976297 0 0.216436
    outer loop
      vertex 3.93923 -56 13.4946
      vertex 3.8637 -46.5979 13.8353
      vertex 3.8637 -56 13.8353
    endloop
  endfacet
  facet normal 0.976297 0 0.216436
    outer loop
      vertex 3.8637 -46.5979 13.8353
      vertex 3.93923 -56 13.4946
      vertex 3.93923 -46.5811 13.4946
    endloop
  endfacet
  facet normal 0.976295 0 -0.216442
    outer loop
      vertex 3.93923 -56 5.80541
      vertex 3.8637 -46.5979 5.46472
      vertex 3.93923 -46.5811 5.80541
    endloop
  endfacet
  facet normal 0.976295 0 -0.216442
    outer loop
      vertex 3.8637 -46.5979 5.46472
      vertex 3.93923 -56 5.80541
      vertex 3.8637 -56 5.46472
    endloop
  endfacet
  facet normal 0.999048 0 -0.0436163
    outer loop
      vertex 4 -56 6.5
      vertex 3.98478 -46.571 6.15138
      vertex 4 -46.5677 6.5
    endloop
  endfacet
  facet normal 0.999048 0 -0.0436163
    outer loop
      vertex 3.98478 -46.571 6.15138
      vertex 4 -56 6.5
      vertex 3.98478 -56 6.15138
    endloop
  endfacet
  facet normal 0.923878 0 -0.382688
    outer loop
      vertex 3.75877 -56 5.13192
      vertex 3.62523 -46.6507 4.80953
      vertex 3.75877 -46.6211 5.13192
    endloop
  endfacet
  facet normal 0.923878 0 -0.382688
    outer loop
      vertex 3.62523 -46.6507 4.80953
      vertex 3.75877 -56 5.13192
      vertex 3.62523 -56 4.80953
    endloop
  endfacet
  facet normal 0.793349 0 -0.608767
    outer loop
      vertex 3.27661 -56 4.20569
      vertex 3.06418 -46.7461 3.92885
      vertex 3.27661 -46.7182 4.20569
    endloop
  endfacet
  facet normal 0.793349 0 -0.608767
    outer loop
      vertex 3.06418 -46.7461 3.92885
      vertex 3.27661 -56 4.20569
      vertex 3.06418 -56 3.92885
    endloop
  endfacet
  facet normal -0.130532 0 -0.991444
    outer loop
      vertex -0.694592 -56 2.56077
      vertex -0.348622 -46.9848 2.51522
      vertex -0.348622 -56 2.51522
    endloop
  endfacet
  facet normal -0.130532 0 -0.991444
    outer loop
      vertex -0.348622 -46.9848 2.51522
      vertex -0.694592 -56 2.56077
      vertex -0.694592 -46.9697 2.56077
    endloop
  endfacet
  facet normal -1 0 0
    outer loop
      vertex -4 -56 6.5
      vertex -4 -46.5677 12.8
      vertex -4 -46.5677 6.5
    endloop
  endfacet
  facet normal -1 -0 0
    outer loop
      vertex -4 -46.5677 12.8
      vertex -4 -56 6.5
      vertex -4 -56 12.8
    endloop
  endfacet
  facet normal 0.675584 0 -0.737283
    outer loop
      vertex 2.57115 -46.811 3.43582
      vertex 2.82843 -56 3.67157
      vertex 2.57115 -56 3.43582
    endloop
  endfacet
  facet normal 0.675584 0 -0.737283
    outer loop
      vertex 2.82843 -56 3.67157
      vertex 2.57115 -46.811 3.43582
      vertex 2.82843 -46.7772 3.67157
    endloop
  endfacet
  facet normal -0.460091 -6.87907e-05 0.887872
    outer loop
      vertex -2 -56 16.2641
      vertex -1.69047 -46.9262 16.4252
      vertex -1.69954 -46.9258 16.4205
    endloop
  endfacet
  facet normal -0.461726 0 0.887022
    outer loop
      vertex -2 -56 16.2641
      vertex -1.69954 -46.9258 16.4205
      vertex -2 -46.8862 16.2641
    endloop
  endfacet
  facet normal -0.461678 0 0.887047
    outer loop
      vertex -1.69047 -46.9262 16.4252
      vertex -2 -56 16.2641
      vertex -1.69047 -56 16.4252
    endloop
  endfacet
  facet normal -0.216443 0 -0.976295
    outer loop
      vertex -1.03528 -56 2.6363
      vertex -0.694592 -46.9697 2.56077
      vertex -0.694592 -56 2.56077
    endloop
  endfacet
  facet normal -0.216443 0 -0.976295
    outer loop
      vertex -0.694592 -46.9697 2.56077
      vertex -1.03528 -56 2.6363
      vertex -1.03528 -46.9548 2.6363
    endloop
  endfacet
  facet normal 0.675662 0 0.737211
    outer loop
      vertex 2.57115 -46.811 15.8642
      vertex 2.82843 -56 15.6284
      vertex 2.82843 -46.7772 15.6284
    endloop
  endfacet
  facet normal 0.675662 0 0.737211
    outer loop
      vertex 2.82843 -56 15.6284
      vertex 2.57115 -46.811 15.8642
      vertex 2.57115 -56 15.8642
    endloop
  endfacet
  facet normal 0.886994 0 0.461781
    outer loop
      vertex 3.62523 -56 14.4905
      vertex 3.4641 -46.6865 14.8
      vertex 3.4641 -56 14.8
    endloop
  endfacet
  facet normal 0.886994 0 0.461781
    outer loop
      vertex 3.4641 -46.6865 14.8
      vertex 3.62523 -56 14.4905
      vertex 3.62523 -46.6507 14.4905
    endloop
  endfacet
  facet normal 0.843391 0 0.5373
    outer loop
      vertex 3.4641 -56 14.8
      vertex 3.27661 -46.7182 15.0943
      vertex 3.27661 -56 15.0943
    endloop
  endfacet
  facet normal 0.843352 -2.71386e-06 0.537361
    outer loop
      vertex 3.27661 -46.7182 15.0943
      vertex 3.4641 -56 14.8
      vertex 3.38614 -46.7038 14.9224
    endloop
  endfacet
  facet normal 0.843446 0 0.537214
    outer loop
      vertex 3.38614 -46.7038 14.9224
      vertex 3.4641 -56 14.8
      vertex 3.4641 -46.6865 14.8
    endloop
  endfacet
  facet normal -0.999048 0 0.0436188
    outer loop
      vertex -4 -56 12.8
      vertex -3.98478 -46.571 13.1486
      vertex -4 -46.5677 12.8
    endloop
  endfacet
  facet normal -0.999048 0 0.0436188
    outer loop
      vertex -3.98478 -46.571 13.1486
      vertex -4 -56 12.8
      vertex -3.98478 -56 13.1486
    endloop
  endfacet
  facet normal -0.843446 0 0.537214
    outer loop
      vertex -3.4641 -56 14.8
      vertex -3.38614 -46.7038 14.9224
      vertex -3.4641 -46.6865 14.8
    endloop
  endfacet
  facet normal -0.843352 -2.71386e-06 0.537361
    outer loop
      vertex -3.4641 -56 14.8
      vertex -3.27661 -46.7182 15.0943
      vertex -3.38614 -46.7038 14.9224
    endloop
  endfacet
  facet normal -0.843391 0 0.5373
    outer loop
      vertex -3.27661 -46.7182 15.0943
      vertex -3.4641 -56 14.8
      vertex -3.27661 -56 15.0943
    endloop
  endfacet
  facet normal -0.382688 0 -0.923878
    outer loop
      vertex -1.69047 -56 2.87477
      vertex -1.36808 -46.9403 2.74123
      vertex -1.36808 -56 2.74123
    endloop
  endfacet
  facet normal -0.382688 0 -0.923878
    outer loop
      vertex -1.36808 -46.9403 2.74123
      vertex -1.69047 -56 2.87477
      vertex -1.69047 -46.9262 2.87477
    endloop
  endfacet
  facet normal 0.461726 0 0.887022
    outer loop
      vertex 1.69954 -46.9258 16.4205
      vertex 2 -56 16.2641
      vertex 2 -46.8862 16.2641
    endloop
  endfacet
  facet normal 0.460091 -6.87907e-05 0.887872
    outer loop
      vertex 1.69047 -46.9262 16.4252
      vertex 2 -56 16.2641
      vertex 1.69954 -46.9258 16.4205
    endloop
  endfacet
  facet normal 0.461678 0 0.887047
    outer loop
      vertex 2 -56 16.2641
      vertex 1.69047 -46.9262 16.4252
      vertex 1.69047 -56 16.4252
    endloop
  endfacet
  facet normal -0.923882 0 0.382677
    outer loop
      vertex -3.75877 -56 14.1681
      vertex -3.62523 -46.6507 14.4905
      vertex -3.75877 -46.6211 14.1681
    endloop
  endfacet
  facet normal -0.923882 0 0.382677
    outer loop
      vertex -3.62523 -46.6507 14.4905
      vertex -3.75877 -56 14.1681
      vertex -3.62523 -56 14.4905
    endloop
  endfacet
  facet normal 0.300624 0 0.953743
    outer loop
      vertex 1.03528 -46.9548 16.6637
      vertex 1.36808 -56 16.5588
      vertex 1.36808 -46.9403 16.5588
    endloop
  endfacet
  facet normal 0.300624 0 0.953743
    outer loop
      vertex 1.36808 -56 16.5588
      vertex 1.03528 -46.9548 16.6637
      vertex 1.03528 -56 16.6637
    endloop
  endfacet
  facet normal 0.608699 0 0.793401
    outer loop
      vertex 2.2943 -46.8475 16.0766
      vertex 2.57115 -56 15.8642
      vertex 2.57115 -46.811 15.8642
    endloop
  endfacet
  facet normal 0.608699 0 0.793401
    outer loop
      vertex 2.57115 -56 15.8642
      vertex 2.2943 -46.8475 16.0766
      vertex 2.2943 -56 16.0766
    endloop
  endfacet
  facet normal 0.382834 0 0.923817
    outer loop
      vertex 1.36808 -46.9403 16.5588
      vertex 1.69047 -56 16.4252
      vertex 1.69047 -46.9262 16.4252
    endloop
  endfacet
  facet normal 0.382834 0 0.923817
    outer loop
      vertex 1.69047 -56 16.4252
      vertex 1.36808 -46.9403 16.5588
      vertex 1.36808 -56 16.5588
    endloop
  endfacet
  facet normal -0.953718 0 0.300702
    outer loop
      vertex -3.8637 -56 13.8353
      vertex -3.75877 -46.6211 14.1681
      vertex -3.8637 -46.5979 13.8353
    endloop
  endfacet
  facet normal -0.953718 0 0.300702
    outer loop
      vertex -3.75877 -46.6211 14.1681
      vertex -3.8637 -56 13.8353
      vertex -3.75877 -56 14.1681
    endloop
  endfacet
  facet normal -0.216361 0 0.976313
    outer loop
      vertex -1.03528 -56 16.6637
      vertex -0.694592 -46.9697 16.7392
      vertex -1.03528 -46.9548 16.6637
    endloop
  endfacet
  facet normal -0.216361 0 0.976313
    outer loop
      vertex -0.694592 -46.9697 16.7392
      vertex -1.03528 -56 16.6637
      vertex -0.694592 -56 16.7392
    endloop
  endfacet
  facet normal 0.300702 0 -0.953718
    outer loop
      vertex 1.03528 -46.9548 2.6363
      vertex 1.36808 -56 2.74123
      vertex 1.03528 -56 2.6363
    endloop
  endfacet
  facet normal 0.300702 0 -0.953718
    outer loop
      vertex 1.36808 -56 2.74123
      vertex 1.03528 -46.9548 2.6363
      vertex 1.36808 -46.9403 2.74123
    endloop
  endfacet
  facet normal -0.843399 0 -0.537287
    outer loop
      vertex -3.4641 -56 4.5
      vertex -3.27661 -46.7182 4.20569
      vertex -3.27661 -56 4.20569
    endloop
  endfacet
  facet normal -0.843395 -3.26066e-07 -0.537294
    outer loop
      vertex -3.27661 -46.7182 4.20569
      vertex -3.4641 -56 4.5
      vertex -3.38614 -46.7038 4.37762
    endloop
  endfacet
  facet normal -0.843406 0 -0.537277
    outer loop
      vertex -3.38614 -46.7038 4.37762
      vertex -3.4641 -56 4.5
      vertex -3.4641 -46.6865 4.5
    endloop
  endfacet
  facet normal 0.216361 0 0.976313
    outer loop
      vertex 0.694592 -46.9697 16.7392
      vertex 1.03528 -56 16.6637
      vertex 1.03528 -46.9548 16.6637
    endloop
  endfacet
  facet normal 0.216361 0 0.976313
    outer loop
      vertex 1.03528 -56 16.6637
      vertex 0.694592 -46.9697 16.7392
      vertex 0.694592 -56 16.7392
    endloop
  endfacet
  facet normal -0.53732 0 0.843378
    outer loop
      vertex -2.2943 -56 16.0766
      vertex -2 -46.8862 16.2641
      vertex -2.2943 -46.8475 16.0766
    endloop
  endfacet
  facet normal -0.53732 0 0.843378
    outer loop
      vertex -2 -46.8862 16.2641
      vertex -2.2943 -56 16.0766
      vertex -2 -56 16.2641
    endloop
  endfacet
  facet normal -0.608753 0 -0.79336
    outer loop
      vertex -2.57115 -56 3.43582
      vertex -2.2943 -46.8475 3.22339
      vertex -2.2943 -56 3.22339
    endloop
  endfacet
  facet normal -0.608753 0 -0.79336
    outer loop
      vertex -2.2943 -46.8475 3.22339
      vertex -2.57115 -56 3.43582
      vertex -2.57115 -46.811 3.43582
    endloop
  endfacet
  facet normal 0.382688 0 -0.923878
    outer loop
      vertex 1.36808 -46.9403 2.74123
      vertex 1.69047 -56 2.87477
      vertex 1.36808 -56 2.74123
    endloop
  endfacet
  facet normal 0.382688 0 -0.923878
    outer loop
      vertex 1.69047 -56 2.87477
      vertex 1.36808 -46.9403 2.74123
      vertex 1.69047 -46.9262 2.87477
    endloop
  endfacet
  facet normal -0.999048 0 -0.0436163
    outer loop
      vertex -3.98478 -56 6.15138
      vertex -4 -46.5677 6.5
      vertex -3.98478 -46.571 6.15138
    endloop
  endfacet
  facet normal -0.999048 -0 -0.0436163
    outer loop
      vertex -4 -46.5677 6.5
      vertex -3.98478 -56 6.15138
      vertex -4 -56 6.5
    endloop
  endfacet
  facet normal 0.46175 0 -0.88701
    outer loop
      vertex 2 -56 3.0359
      vertex 1.69954 -46.9258 2.87949
      vertex 2 -46.8862 3.0359
    endloop
  endfacet
  facet normal 0.461746 0 -0.887012
    outer loop
      vertex 1.69047 -46.9262 2.87477
      vertex 2 -56 3.0359
      vertex 1.69047 -56 2.87477
    endloop
  endfacet
  facet normal 0.46163 -5.03143e-06 -0.887073
    outer loop
      vertex 2 -56 3.0359
      vertex 1.69047 -46.9262 2.87477
      vertex 1.69954 -46.9258 2.87949
    endloop
  endfacet
  facet normal 0.130532 0 -0.991444
    outer loop
      vertex 0.348622 -46.9848 2.51522
      vertex 0.694592 -56 2.56077
      vertex 0.348622 -56 2.51522
    endloop
  endfacet
  facet normal 0.130532 0 -0.991444
    outer loop
      vertex 0.694592 -56 2.56077
      vertex 0.348622 -46.9848 2.51522
      vertex 0.694592 -46.9697 2.56077
    endloop
  endfacet
  facet normal -0.130673 0 0.991425
    outer loop
      vertex -0.694592 -56 16.7392
      vertex -0.348622 -46.9848 16.7848
      vertex -0.694592 -46.9697 16.7392
    endloop
  endfacet
  facet normal -0.130673 0 0.991425
    outer loop
      vertex -0.348622 -46.9848 16.7848
      vertex -0.694592 -56 16.7392
      vertex -0.348622 -56 16.7848
    endloop
  endfacet
  facet normal -0.923878 0 -0.382688
    outer loop
      vertex -3.75877 -56 5.13192
      vertex -3.62523 -46.6507 4.80953
      vertex -3.62523 -56 4.80953
    endloop
  endfacet
  facet normal -0.923878 0 -0.382688
    outer loop
      vertex -3.62523 -46.6507 4.80953
      vertex -3.75877 -56 5.13192
      vertex -3.75877 -46.6211 5.13192
    endloop
  endfacet
  facet normal -0.793413 0 0.608684
    outer loop
      vertex -3.27661 -56 15.0943
      vertex -3.06418 -46.7461 15.3712
      vertex -3.27661 -46.7182 15.0943
    endloop
  endfacet
  facet normal -0.793413 0 0.608684
    outer loop
      vertex -3.06418 -46.7461 15.3712
      vertex -3.27661 -56 15.0943
      vertex -3.06418 -56 15.3712
    endloop
  endfacet
  facet normal -0.953718 0 -0.300702
    outer loop
      vertex -3.8637 -56 5.46472
      vertex -3.75877 -46.6211 5.13192
      vertex -3.75877 -56 5.13192
    endloop
  endfacet
  facet normal -0.953718 0 -0.300702
    outer loop
      vertex -3.75877 -46.6211 5.13192
      vertex -3.8637 -56 5.46472
      vertex -3.8637 -46.5979 5.46472
    endloop
  endfacet
  facet normal 0.991444 0 -0.130532
    outer loop
      vertex 3.98478 -56 6.15138
      vertex 3.93923 -46.5811 5.80541
      vertex 3.98478 -46.571 6.15138
    endloop
  endfacet
  facet normal 0.991444 0 -0.130532
    outer loop
      vertex 3.93923 -46.5811 5.80541
      vertex 3.98478 -56 6.15138
      vertex 3.93923 -56 5.80541
    endloop
  endfacet
  facet normal 0.130673 0 0.991425
    outer loop
      vertex 0.348622 -46.9848 16.7848
      vertex 0.694592 -56 16.7392
      vertex 0.694592 -46.9697 16.7392
    endloop
  endfacet
  facet normal 0.130673 0 0.991425
    outer loop
      vertex 0.694592 -56 16.7392
      vertex 0.348622 -46.9848 16.7848
      vertex 0.348622 -56 16.7848
    endloop
  endfacet
  facet normal 0.0435588 0 0.999051
    outer loop
      vertex 0 -47 16.8
      vertex 0.348622 -56 16.7848
      vertex 0.348622 -46.9848 16.7848
    endloop
  endfacet
  facet normal 0.0435588 0 0.999051
    outer loop
      vertex 0.348622 -56 16.7848
      vertex 0 -47 16.8
      vertex 0 -56 16.8
    endloop
  endfacet
  facet normal -0.382834 0 0.923817
    outer loop
      vertex -1.69047 -56 16.4252
      vertex -1.36808 -46.9403 16.5588
      vertex -1.69047 -46.9262 16.4252
    endloop
  endfacet
  facet normal -0.382834 0 0.923817
    outer loop
      vertex -1.36808 -46.9403 16.5588
      vertex -1.69047 -56 16.4252
      vertex -1.36808 -56 16.5588
    endloop
  endfacet
  facet normal -0.976295 0 -0.216442
    outer loop
      vertex -3.93923 -56 5.80541
      vertex -3.8637 -46.5979 5.46472
      vertex -3.8637 -56 5.46472
    endloop
  endfacet
  facet normal -0.976295 0 -0.216442
    outer loop
      vertex -3.8637 -46.5979 5.46472
      vertex -3.93923 -56 5.80541
      vertex -3.93923 -46.5811 5.80541
    endloop
  endfacet
  facet normal 0.991446 0 0.130521
    outer loop
      vertex 3.98478 -56 13.1486
      vertex 3.93923 -46.5811 13.4946
      vertex 3.93923 -56 13.4946
    endloop
  endfacet
  facet normal 0.991446 0 0.130521
    outer loop
      vertex 3.93923 -46.5811 13.4946
      vertex 3.98478 -56 13.1486
      vertex 3.98478 -46.571 13.1486
    endloop
  endfacet
  facet normal 0.737283 0 -0.675584
    outer loop
      vertex 3.06418 -56 3.92885
      vertex 2.82843 -46.7772 3.67157
      vertex 3.06418 -46.7461 3.92885
    endloop
  endfacet
  facet normal 0.737283 0 -0.675584
    outer loop
      vertex 2.82843 -46.7772 3.67157
      vertex 3.06418 -56 3.92885
      vertex 2.82843 -56 3.67157
    endloop
  endfacet
  facet normal -0.675662 0 0.737211
    outer loop
      vertex -2.82843 -56 15.6284
      vertex -2.57115 -46.811 15.8642
      vertex -2.82843 -46.7772 15.6284
    endloop
  endfacet
  facet normal -0.675662 0 0.737211
    outer loop
      vertex -2.57115 -46.811 15.8642
      vertex -2.82843 -56 15.6284
      vertex -2.57115 -56 15.8642
    endloop
  endfacet
  facet normal -0.608699 0 0.793401
    outer loop
      vertex -2.57115 -56 15.8642
      vertex -2.2943 -46.8475 16.0766
      vertex -2.57115 -46.811 15.8642
    endloop
  endfacet
  facet normal -0.608699 0 0.793401
    outer loop
      vertex -2.2943 -46.8475 16.0766
      vertex -2.57115 -56 15.8642
      vertex -2.2943 -56 16.0766
    endloop
  endfacet
  facet normal 0.887012 0 -0.461746
    outer loop
      vertex 3.62523 -56 4.80953
      vertex 3.4641 -46.6865 4.5
      vertex 3.62523 -46.6507 4.80953
    endloop
  endfacet
  facet normal 0.887012 0 -0.461746
    outer loop
      vertex 3.4641 -46.6865 4.5
      vertex 3.62523 -56 4.80953
      vertex 3.4641 -56 4.5
    endloop
  endfacet
  facet normal -0.976297 0 0.216436
    outer loop
      vertex -3.93923 -56 13.4946
      vertex -3.8637 -46.5979 13.8353
      vertex -3.93923 -46.5811 13.4946
    endloop
  endfacet
  facet normal -0.976297 0 0.216436
    outer loop
      vertex -3.8637 -46.5979 13.8353
      vertex -3.93923 -56 13.4946
      vertex -3.8637 -56 13.8353
    endloop
  endfacet
  facet normal -0.0436161 0 -0.999048
    outer loop
      vertex -0.348622 -56 2.51522
      vertex 0 -47 2.5
      vertex 0 -56 2.5
    endloop
  endfacet
  facet normal -0.0436161 0 -0.999048
    outer loop
      vertex 0 -47 2.5
      vertex -0.348622 -56 2.51522
      vertex -0.348622 -46.9848 2.51522
    endloop
  endfacet
  facet normal 0.216443 0 -0.976295
    outer loop
      vertex 0.694592 -46.9697 2.56077
      vertex 1.03528 -56 2.6363
      vertex 0.694592 -56 2.56077
    endloop
  endfacet
  facet normal 0.216443 0 -0.976295
    outer loop
      vertex 1.03528 -56 2.6363
      vertex 0.694592 -46.9697 2.56077
      vertex 1.03528 -46.9548 2.6363
    endloop
  endfacet
  facet normal -0.461746 0 -0.887012
    outer loop
      vertex -2 -56 3.0359
      vertex -1.69047 -46.9262 2.87477
      vertex -1.69047 -56 2.87477
    endloop
  endfacet
  facet normal -0.46163 -5.03143e-06 -0.887073
    outer loop
      vertex -1.69047 -46.9262 2.87477
      vertex -2 -56 3.0359
      vertex -1.69954 -46.9258 2.87949
    endloop
  endfacet
  facet normal -0.46175 0 -0.88701
    outer loop
      vertex -1.69954 -46.9258 2.87949
      vertex -2 -56 3.0359
      vertex -2 -46.8862 3.0359
    endloop
  endfacet
  facet normal 0 -1 0
    outer loop
      vertex 0 -56 14.05
      vertex 0 -56 16.8
      vertex -0.348622 -56 16.7848
    endloop
  endfacet
  facet normal 0 -1 0
    outer loop
      vertex -0.108944 -56 14.0452
      vertex -0.348622 -56 16.7848
      vertex -0.694592 -56 16.7392
    endloop
  endfacet
  facet normal 0 -1 0
    outer loop
      vertex 0 -56 16.8
      vertex 0 -56 14.05
      vertex 0.348622 -56 16.7848
    endloop
  endfacet
  facet normal 0 -1 0
    outer loop
      vertex -0.21706 -56 14.031
      vertex -0.694592 -56 16.7392
      vertex -1.03528 -56 16.6637
    endloop
  endfacet
  facet normal 0 -1 0
    outer loop
      vertex 0.108944 -56 14.0452
      vertex 0.348622 -56 16.7848
      vertex 0 -56 14.05
    endloop
  endfacet
  facet normal 0 -1 0
    outer loop
      vertex -0.323524 -56 14.0074
      vertex -1.03528 -56 16.6637
      vertex -1.36808 -56 16.5588
    endloop
  endfacet
  facet normal 0 -1 -0
    outer loop
      vertex 0.348622 -56 16.7848
      vertex 0.108944 -56 14.0452
      vertex 0.694592 -56 16.7392
    endloop
  endfacet
  facet normal 0 -1 0
    outer loop
      vertex -0.427525 -56 13.9746
      vertex -1.36808 -56 16.5588
      vertex -1.69047 -56 16.4252
    endloop
  endfacet
  facet normal 0 -1 0
    outer loop
      vertex 0.21706 -56 14.031
      vertex 0.694592 -56 16.7392
      vertex 0.108944 -56 14.0452
    endloop
  endfacet
  facet normal 0 -1 0
    outer loop
      vertex -0.528273 -56 13.9329
      vertex -1.69047 -56 16.4252
      vertex -2 -56 16.2641
    endloop
  endfacet
  facet normal 0 -1 -0
    outer loop
      vertex 0.694592 -56 16.7392
      vertex 0.21706 -56 14.031
      vertex 1.03528 -56 16.6637
    endloop
  endfacet
  facet normal 0 -1 0
    outer loop
      vertex -0.625 -56 13.8825
      vertex -2 -56 16.2641
      vertex -2.2943 -56 16.0766
    endloop
  endfacet
  facet normal 0 -1 0
    outer loop
      vertex 0.323524 -56 14.0074
      vertex 1.03528 -56 16.6637
      vertex 0.21706 -56 14.031
    endloop
  endfacet
  facet normal 0 -1 0
    outer loop
      vertex -0.71697 -56 13.8239
      vertex -2.2943 -56 16.0766
      vertex -2.57115 -56 15.8642
    endloop
  endfacet
  facet normal 0 -1 -0
    outer loop
      vertex 1.03528 -56 16.6637
      vertex 0.323524 -56 14.0074
      vertex 1.36808 -56 16.5588
    endloop
  endfacet
  facet normal 0 -1 0
    outer loop
      vertex -0.803484 -56 13.7576
      vertex -2.57115 -56 15.8642
      vertex -2.82843 -56 15.6284
    endloop
  endfacet
  facet normal 0 -1 0
    outer loop
      vertex 0.427525 -56 13.9746
      vertex 1.36808 -56 16.5588
      vertex 0.323524 -56 14.0074
    endloop
  endfacet
  facet normal 0 -1 0
    outer loop
      vertex -0.883883 -56 13.6839
      vertex -2.82843 -56 15.6284
      vertex -3.06418 -56 15.3712
    endloop
  endfacet
  facet normal 0 -1 -0
    outer loop
      vertex 1.36808 -56 16.5588
      vertex 0.427525 -56 13.9746
      vertex 1.69047 -56 16.4252
    endloop
  endfacet
  facet normal 0 -1 0
    outer loop
      vertex -0.957555 -56 13.6035
      vertex -3.06418 -56 15.3712
      vertex -3.27661 -56 15.0943
    endloop
  endfacet
  facet normal 0 -1 0
    outer loop
      vertex 0.528273 -56 13.9329
      vertex 1.69047 -56 16.4252
      vertex 0.427525 -56 13.9746
    endloop
  endfacet
  facet normal 0 -1 0
    outer loop
      vertex -1.02394 -56 13.517
      vertex -3.27661 -56 15.0943
      vertex -3.4641 -56 14.8
    endloop
  endfacet
  facet normal 0 -1 -0
    outer loop
      vertex 1.69047 -56 16.4252
      vertex 0.528273 -56 13.9329
      vertex 2 -56 16.2641
    endloop
  endfacet
  facet normal 0 -1 0
    outer loop
      vertex -1.08253 -56 13.425
      vertex -3.4641 -56 14.8
      vertex -3.62523 -56 14.4905
    endloop
  endfacet
  facet normal 0 -1 0
    outer loop
      vertex 0.625 -56 13.8825
      vertex 2 -56 16.2641
      vertex 0.528273 -56 13.9329
    endloop
  endfacet
  facet normal 0 -1 0
    outer loop
      vertex -1.13288 -56 13.3283
      vertex -3.62523 -56 14.4905
      vertex -3.75877 -56 14.1681
    endloop
  endfacet
  facet normal 0 -1 -0
    outer loop
      vertex 2 -56 16.2641
      vertex 0.625 -56 13.8825
      vertex 2.2943 -56 16.0766
    endloop
  endfacet
  facet normal 0 -1 0
    outer loop
      vertex 0.71697 -56 13.8239
      vertex 2.2943 -56 16.0766
      vertex 0.625 -56 13.8825
    endloop
  endfacet
  facet normal 0 -1 0
    outer loop
      vertex -0.348622 -56 16.7848
      vertex -0.108944 -56 14.0452
      vertex 0 -56 14.05
    endloop
  endfacet
  facet normal 0 -1 0
    outer loop
      vertex -0.694592 -56 16.7392
      vertex -0.21706 -56 14.031
      vertex -0.108944 -56 14.0452
    endloop
  endfacet
  facet normal 0 -1 0
    outer loop
      vertex -1.03528 -56 16.6637
      vertex -0.323524 -56 14.0074
      vertex -0.21706 -56 14.031
    endloop
  endfacet
  facet normal 0 -1 0
    outer loop
      vertex -1.36808 -56 16.5588
      vertex -0.427525 -56 13.9746
      vertex -0.323524 -56 14.0074
    endloop
  endfacet
  facet normal 0 -1 0
    outer loop
      vertex -1.69047 -56 16.4252
      vertex -0.528273 -56 13.9329
      vertex -0.427525 -56 13.9746
    endloop
  endfacet
  facet normal 0 -1 0
    outer loop
      vertex -2 -56 16.2641
      vertex -0.625 -56 13.8825
      vertex -0.528273 -56 13.9329
    endloop
  endfacet
  facet normal 0 -1 0
    outer loop
      vertex -1.17461 -56 13.2275
      vertex -3.75877 -56 14.1681
      vertex -3.8637 -56 13.8353
    endloop
  endfacet
  facet normal 0 -1 0
    outer loop
      vertex -2.2943 -56 16.0766
      vertex -0.71697 -56 13.8239
      vertex -0.625 -56 13.8825
    endloop
  endfacet
  facet normal 0 -1 0
    outer loop
      vertex -2.57115 -56 15.8642
      vertex -0.803484 -56 13.7576
      vertex -0.71697 -56 13.8239
    endloop
  endfacet
  facet normal 0 -1 0
    outer loop
      vertex -2.82843 -56 15.6284
      vertex -0.883883 -56 13.6839
      vertex -0.803484 -56 13.7576
    endloop
  endfacet
  facet normal 0 -1 0
    outer loop
      vertex -3.06418 -56 15.3712
      vertex -0.957555 -56 13.6035
      vertex -0.883883 -56 13.6839
    endloop
  endfacet
  facet normal 0 -1 0
    outer loop
      vertex -3.27661 -56 15.0943
      vertex -1.02394 -56 13.517
      vertex -0.957555 -56 13.6035
    endloop
  endfacet
  facet normal 0 -1 0
    outer loop
      vertex -1.20741 -56 13.1235
      vertex -3.8637 -56 13.8353
      vertex -3.93923 -56 13.4946
    endloop
  endfacet
  facet normal 0 -1 0
    outer loop
      vertex -3.4641 -56 14.8
      vertex -1.08253 -56 13.425
      vertex -1.02394 -56 13.517
    endloop
  endfacet
  facet normal 0 -1 0
    outer loop
      vertex -3.62523 -56 14.4905
      vertex -1.13288 -56 13.3283
      vertex -1.08253 -56 13.425
    endloop
  endfacet
  facet normal 0 -1 0
    outer loop
      vertex -3.75877 -56 14.1681
      vertex -1.17461 -56 13.2275
      vertex -1.13288 -56 13.3283
    endloop
  endfacet
  facet normal 0 -1 0
    outer loop
      vertex -1.23101 -56 13.0171
      vertex -3.93923 -56 13.4946
      vertex -3.98478 -56 13.1486
    endloop
  endfacet
  facet normal 0 -1 0
    outer loop
      vertex -3.8637 -56 13.8353
      vertex -1.20741 -56 13.1235
      vertex -1.17461 -56 13.2275
    endloop
  endfacet
  facet normal 0 -1 0
    outer loop
      vertex -3.93923 -56 13.4946
      vertex -1.23101 -56 13.0171
      vertex -1.20741 -56 13.1235
    endloop
  endfacet
  facet normal 0 -1 0
    outer loop
      vertex -3.98478 -56 13.1486
      vertex -1.24524 -56 12.9089
      vertex -1.23101 -56 13.0171
    endloop
  endfacet
  facet normal 0 -1 0
    outer loop
      vertex -4 -56 12.8
      vertex -1.24524 -56 12.9089
      vertex -3.98478 -56 13.1486
    endloop
  endfacet
  facet normal 0 -1 0
    outer loop
      vertex -4 -56 12.8
      vertex -1.25 -56 12.8
      vertex -1.24524 -56 12.9089
    endloop
  endfacet
  facet normal 0 -1 0
    outer loop
      vertex -4 -56 12.8
      vertex -1.24524 -56 12.6911
      vertex -1.25 -56 12.8
    endloop
  endfacet
  facet normal 0 -1 0
    outer loop
      vertex -4 -56 12.8
      vertex -1.23101 -56 12.5829
      vertex -1.24524 -56 12.6911
    endloop
  endfacet
  facet normal 0 -1 0
    outer loop
      vertex -4 -56 12.8
      vertex -1.20741 -56 12.4765
      vertex -1.23101 -56 12.5829
    endloop
  endfacet
  facet normal 0 -1 0
    outer loop
      vertex -4 -56 12.8
      vertex -1.17461 -56 12.3725
      vertex -1.20741 -56 12.4765
    endloop
  endfacet
  facet normal 0 -1 0
    outer loop
      vertex -4 -56 12.8
      vertex -1.13288 -56 12.2717
      vertex -1.17461 -56 12.3725
    endloop
  endfacet
  facet normal 0 -1 0
    outer loop
      vertex -4 -56 12.8
      vertex -1.08253 -56 12.175
      vertex -1.13288 -56 12.2717
    endloop
  endfacet
  facet normal 0 -1 0
    outer loop
      vertex -4 -56 12.8
      vertex -1.02394 -56 12.083
      vertex -1.08253 -56 12.175
    endloop
  endfacet
  facet normal 0 -1 0
    outer loop
      vertex -4 -56 12.8
      vertex -0.957555 -56 11.9965
      vertex -1.02394 -56 12.083
    endloop
  endfacet
  facet normal 0 -1 0
    outer loop
      vertex -4 -56 12.8
      vertex -0.883883 -56 11.9161
      vertex -0.957555 -56 11.9965
    endloop
  endfacet
  facet normal 0 -1 0
    outer loop
      vertex -4 -56 6.5
      vertex -0.883883 -56 11.9161
      vertex -4 -56 12.8
    endloop
  endfacet
  facet normal 0 -1 -0
    outer loop
      vertex -0.883883 -56 11.9161
      vertex -4 -56 6.5
      vertex -0.803484 -56 11.8424
    endloop
  endfacet
  facet normal 0 -1 -0
    outer loop
      vertex -0.803484 -56 11.8424
      vertex -4 -56 6.5
      vertex -0.71697 -56 11.7761
    endloop
  endfacet
  facet normal 0 -1 -0
    outer loop
      vertex -0.71697 -56 11.7761
      vertex -4 -56 6.5
      vertex -0.625 -56 11.7175
    endloop
  endfacet
  facet normal 0 -1 -0
    outer loop
      vertex -0.625 -56 11.7175
      vertex -4 -56 6.5
      vertex -0.528273 -56 11.6671
    endloop
  endfacet
  facet normal 0 -1 -0
    outer loop
      vertex -0.108944 -56 11.5548
      vertex -4 -56 6.5
      vertex 0 -56 11.55
    endloop
  endfacet
  facet normal 0 -1 -0
    outer loop
      vertex -0.21706 -56 11.569
      vertex -4 -56 6.5
      vertex -0.108944 -56 11.5548
    endloop
  endfacet
  facet normal 0 -1 -0
    outer loop
      vertex -0.323524 -56 11.5926
      vertex -4 -56 6.5
      vertex -0.21706 -56 11.569
    endloop
  endfacet
  facet normal 0 -1 -0
    outer loop
      vertex -0.427525 -56 11.6254
      vertex -4 -56 6.5
      vertex -0.323524 -56 11.5926
    endloop
  endfacet
  facet normal 0 -1 -0
    outer loop
      vertex -0.528273 -56 11.6671
      vertex -4 -56 6.5
      vertex -0.427525 -56 11.6254
    endloop
  endfacet
  facet normal 0 -1 -0
    outer loop
      vertex 2.2943 -56 16.0766
      vertex 0.71697 -56 13.8239
      vertex 2.57115 -56 15.8642
    endloop
  endfacet
  facet normal 0 -1 0
    outer loop
      vertex 0.803484 -56 13.7576
      vertex 2.57115 -56 15.8642
      vertex 0.71697 -56 13.8239
    endloop
  endfacet
  facet normal 0 -1 -0
    outer loop
      vertex 2.57115 -56 15.8642
      vertex 0.803484 -56 13.7576
      vertex 2.82843 -56 15.6284
    endloop
  endfacet
  facet normal 0 -1 0
    outer loop
      vertex 0.883883 -56 13.6839
      vertex 2.82843 -56 15.6284
      vertex 0.803484 -56 13.7576
    endloop
  endfacet
  facet normal 0 -1 -0
    outer loop
      vertex 2.82843 -56 15.6284
      vertex 0.883883 -56 13.6839
      vertex 3.06418 -56 15.3712
    endloop
  endfacet
  facet normal 0 -1 0
    outer loop
      vertex 0.957555 -56 13.6035
      vertex 3.06418 -56 15.3712
      vertex 0.883883 -56 13.6839
    endloop
  endfacet
  facet normal 0 -1 -0
    outer loop
      vertex 3.06418 -56 15.3712
      vertex 0.957555 -56 13.6035
      vertex 3.27661 -56 15.0943
    endloop
  endfacet
  facet normal 0 -1 0
    outer loop
      vertex 1.02394 -56 13.517
      vertex 3.27661 -56 15.0943
      vertex 0.957555 -56 13.6035
    endloop
  endfacet
  facet normal 0 -1 -0
    outer loop
      vertex 3.27661 -56 15.0943
      vertex 1.02394 -56 13.517
      vertex 3.4641 -56 14.8
    endloop
  endfacet
  facet normal 0 -1 0
    outer loop
      vertex 1.08253 -56 13.425
      vertex 3.4641 -56 14.8
      vertex 1.02394 -56 13.517
    endloop
  endfacet
  facet normal 0 -1 -0
    outer loop
      vertex 3.4641 -56 14.8
      vertex 1.08253 -56 13.425
      vertex 3.62523 -56 14.4905
    endloop
  endfacet
  facet normal 0 -1 0
    outer loop
      vertex 1.13288 -56 13.3283
      vertex 3.62523 -56 14.4905
      vertex 1.08253 -56 13.425
    endloop
  endfacet
  facet normal 0 -1 -0
    outer loop
      vertex 3.62523 -56 14.4905
      vertex 1.13288 -56 13.3283
      vertex 3.75877 -56 14.1681
    endloop
  endfacet
  facet normal 0 -1 0
    outer loop
      vertex 1.17461 -56 13.2275
      vertex 3.75877 -56 14.1681
      vertex 1.13288 -56 13.3283
    endloop
  endfacet
  facet normal 0 -1 -0
    outer loop
      vertex 3.75877 -56 14.1681
      vertex 1.17461 -56 13.2275
      vertex 3.8637 -56 13.8353
    endloop
  endfacet
  facet normal 0 -1 0
    outer loop
      vertex 1.20741 -56 13.1235
      vertex 3.8637 -56 13.8353
      vertex 1.17461 -56 13.2275
    endloop
  endfacet
  facet normal 0 -1 -0
    outer loop
      vertex 3.8637 -56 13.8353
      vertex 1.20741 -56 13.1235
      vertex 3.93923 -56 13.4946
    endloop
  endfacet
  facet normal 0 -1 0
    outer loop
      vertex 1.23101 -56 13.0171
      vertex 3.93923 -56 13.4946
      vertex 1.20741 -56 13.1235
    endloop
  endfacet
  facet normal 0 -1 -0
    outer loop
      vertex 3.93923 -56 13.4946
      vertex 1.23101 -56 13.0171
      vertex 3.98478 -56 13.1486
    endloop
  endfacet
  facet normal 0 -1 0
    outer loop
      vertex 1.24524 -56 12.9089
      vertex 3.98478 -56 13.1486
      vertex 1.23101 -56 13.0171
    endloop
  endfacet
  facet normal 0 -1 0
    outer loop
      vertex 1.25 -56 12.8
      vertex 3.98478 -56 13.1486
      vertex 1.24524 -56 12.9089
    endloop
  endfacet
  facet normal 0 -1 0
    outer loop
      vertex 1.25 -56 12.8
      vertex 4 -56 12.8
      vertex 3.98478 -56 13.1486
    endloop
  endfacet
  facet normal 0 -1 0
    outer loop
      vertex 1.24524 -56 12.6911
      vertex 4 -56 12.8
      vertex 1.25 -56 12.8
    endloop
  endfacet
  facet normal 0 -1 0
    outer loop
      vertex 1.23101 -56 12.5829
      vertex 4 -56 12.8
      vertex 1.24524 -56 12.6911
    endloop
  endfacet
  facet normal 0 -1 0
    outer loop
      vertex 1.20741 -56 12.4765
      vertex 4 -56 12.8
      vertex 1.23101 -56 12.5829
    endloop
  endfacet
  facet normal 0 -1 0
    outer loop
      vertex 1.17461 -56 12.3725
      vertex 4 -56 12.8
      vertex 1.20741 -56 12.4765
    endloop
  endfacet
  facet normal 0 -1 0
    outer loop
      vertex 1.13288 -56 12.2717
      vertex 4 -56 12.8
      vertex 1.17461 -56 12.3725
    endloop
  endfacet
  facet normal 0 -1 0
    outer loop
      vertex 1.08253 -56 12.175
      vertex 4 -56 12.8
      vertex 1.13288 -56 12.2717
    endloop
  endfacet
  facet normal 0 -1 0
    outer loop
      vertex 1.02394 -56 12.083
      vertex 4 -56 12.8
      vertex 1.08253 -56 12.175
    endloop
  endfacet
  facet normal 0 -1 0
    outer loop
      vertex 0.957555 -56 11.9965
      vertex 4 -56 12.8
      vertex 1.02394 -56 12.083
    endloop
  endfacet
  facet normal 0 -1 0
    outer loop
      vertex 0.883883 -56 11.9161
      vertex 4 -56 12.8
      vertex 0.957555 -56 11.9965
    endloop
  endfacet
  facet normal 0 -1 0
    outer loop
      vertex 4 -56 6.5
      vertex 0.883883 -56 11.9161
      vertex 0.803484 -56 11.8424
    endloop
  endfacet
  facet normal 0 -1 0
    outer loop
      vertex 4 -56 6.5
      vertex 0.803484 -56 11.8424
      vertex 0.71697 -56 11.7761
    endloop
  endfacet
  facet normal 0 -1 0
    outer loop
      vertex 4 -56 6.5
      vertex 0.71697 -56 11.7761
      vertex 0.625 -56 11.7175
    endloop
  endfacet
  facet normal 0 -1 0
    outer loop
      vertex 4 -56 6.5
      vertex 0.625 -56 11.7175
      vertex 0.528273 -56 11.6671
    endloop
  endfacet
  facet normal 0 -1 0
    outer loop
      vertex 4 -56 6.5
      vertex 0.528273 -56 11.6671
      vertex 0.427525 -56 11.6254
    endloop
  endfacet
  facet normal 0 -1 0
    outer loop
      vertex 4 -56 6.5
      vertex 0 -56 11.55
      vertex -4 -56 6.5
    endloop
  endfacet
  facet normal 0 -1 0
    outer loop
      vertex 0 -56 11.55
      vertex 4 -56 6.5
      vertex 0.108944 -56 11.5548
    endloop
  endfacet
  facet normal 0 -1 0
    outer loop
      vertex 0.108944 -56 11.5548
      vertex 4 -56 6.5
      vertex 0.21706 -56 11.569
    endloop
  endfacet
  facet normal 0 -1 0
    outer loop
      vertex 0.21706 -56 11.569
      vertex 4 -56 6.5
      vertex 0.323524 -56 11.5926
    endloop
  endfacet
  facet normal 0 -1 0
    outer loop
      vertex 0.323524 -56 11.5926
      vertex 4 -56 6.5
      vertex 0.427525 -56 11.6254
    endloop
  endfacet
  facet normal 0 -1 0
    outer loop
      vertex 0.883883 -56 11.9161
      vertex 4 -56 6.5
      vertex 4 -56 12.8
    endloop
  endfacet
  facet normal 0 -1 0
    outer loop
      vertex -3.98478 -56 6.15138
      vertex 4 -56 6.5
      vertex -4 -56 6.5
    endloop
  endfacet
  facet normal 0 -1 0
    outer loop
      vertex -3.98478 -56 6.15138
      vertex 3.98478 -56 6.15138
      vertex 4 -56 6.5
    endloop
  endfacet
  facet normal 0 -1 0
    outer loop
      vertex -3.93923 -56 5.80541
      vertex 3.98478 -56 6.15138
      vertex -3.98478 -56 6.15138
    endloop
  endfacet
  facet normal 0 -1 0
    outer loop
      vertex -3.93923 -56 5.80541
      vertex 3.93923 -56 5.80541
      vertex 3.98478 -56 6.15138
    endloop
  endfacet
  facet normal 0 -1 0
    outer loop
      vertex -3.8637 -56 5.46472
      vertex 3.93923 -56 5.80541
      vertex -3.93923 -56 5.80541
    endloop
  endfacet
  facet normal 0 -1 0
    outer loop
      vertex -3.8637 -56 5.46472
      vertex 3.8637 -56 5.46472
      vertex 3.93923 -56 5.80541
    endloop
  endfacet
  facet normal 0 -1 0
    outer loop
      vertex -3.75877 -56 5.13192
      vertex 3.8637 -56 5.46472
      vertex -3.8637 -56 5.46472
    endloop
  endfacet
  facet normal 0 -1 0
    outer loop
      vertex -3.75877 -56 5.13192
      vertex 3.75877 -56 5.13192
      vertex 3.8637 -56 5.46472
    endloop
  endfacet
  facet normal 0 -1 0
    outer loop
      vertex -3.62523 -56 4.80953
      vertex 3.75877 -56 5.13192
      vertex -3.75877 -56 5.13192
    endloop
  endfacet
  facet normal 0 -1 0
    outer loop
      vertex -3.62523 -56 4.80953
      vertex 3.62523 -56 4.80953
      vertex 3.75877 -56 5.13192
    endloop
  endfacet
  facet normal 0 -1 0
    outer loop
      vertex -3.4641 -56 4.5
      vertex 3.62523 -56 4.80953
      vertex -3.62523 -56 4.80953
    endloop
  endfacet
  facet normal 0 -1 0
    outer loop
      vertex -3.4641 -56 4.5
      vertex 3.4641 -56 4.5
      vertex 3.62523 -56 4.80953
    endloop
  endfacet
  facet normal 0 -1 0
    outer loop
      vertex -3.27661 -56 4.20569
      vertex 3.4641 -56 4.5
      vertex -3.4641 -56 4.5
    endloop
  endfacet
  facet normal 0 -1 0
    outer loop
      vertex -3.27661 -56 4.20569
      vertex 3.27661 -56 4.20569
      vertex 3.4641 -56 4.5
    endloop
  endfacet
  facet normal 0 -1 0
    outer loop
      vertex -3.06418 -56 3.92885
      vertex 3.27661 -56 4.20569
      vertex -3.27661 -56 4.20569
    endloop
  endfacet
  facet normal 0 -1 0
    outer loop
      vertex -3.06418 -56 3.92885
      vertex 3.06418 -56 3.92885
      vertex 3.27661 -56 4.20569
    endloop
  endfacet
  facet normal 0 -1 0
    outer loop
      vertex -2.82843 -56 3.67157
      vertex 3.06418 -56 3.92885
      vertex -3.06418 -56 3.92885
    endloop
  endfacet
  facet normal 0 -1 0
    outer loop
      vertex -2.82843 -56 3.67157
      vertex 2.82843 -56 3.67157
      vertex 3.06418 -56 3.92885
    endloop
  endfacet
  facet normal 0 -1 0
    outer loop
      vertex -2.57115 -56 3.43582
      vertex 2.82843 -56 3.67157
      vertex -2.82843 -56 3.67157
    endloop
  endfacet
  facet normal 0 -1 0
    outer loop
      vertex -2.57115 -56 3.43582
      vertex 2.57115 -56 3.43582
      vertex 2.82843 -56 3.67157
    endloop
  endfacet
  facet normal 0 -1 0
    outer loop
      vertex -2.2943 -56 3.22339
      vertex 2.57115 -56 3.43582
      vertex -2.57115 -56 3.43582
    endloop
  endfacet
  facet normal 0 -1 0
    outer loop
      vertex -2.2943 -56 3.22339
      vertex 2.2943 -56 3.22339
      vertex 2.57115 -56 3.43582
    endloop
  endfacet
  facet normal 0 -1 0
    outer loop
      vertex -2 -56 3.0359
      vertex 2.2943 -56 3.22339
      vertex -2.2943 -56 3.22339
    endloop
  endfacet
  facet normal 0 -1 0
    outer loop
      vertex -2 -56 3.0359
      vertex 2 -56 3.0359
      vertex 2.2943 -56 3.22339
    endloop
  endfacet
  facet normal 0 -1 0
    outer loop
      vertex -1.69047 -56 2.87477
      vertex 2 -56 3.0359
      vertex -2 -56 3.0359
    endloop
  endfacet
  facet normal 0 -1 0
    outer loop
      vertex -1.69047 -56 2.87477
      vertex 1.69047 -56 2.87477
      vertex 2 -56 3.0359
    endloop
  endfacet
  facet normal 0 -1 0
    outer loop
      vertex -1.36808 -56 2.74123
      vertex 1.69047 -56 2.87477
      vertex -1.69047 -56 2.87477
    endloop
  endfacet
  facet normal 0 -1 0
    outer loop
      vertex -1.36808 -56 2.74123
      vertex 1.36808 -56 2.74123
      vertex 1.69047 -56 2.87477
    endloop
  endfacet
  facet normal 0 -1 0
    outer loop
      vertex -1.03528 -56 2.6363
      vertex 1.36808 -56 2.74123
      vertex -1.36808 -56 2.74123
    endloop
  endfacet
  facet normal 0 -1 0
    outer loop
      vertex -1.03528 -56 2.6363
      vertex 1.03528 -56 2.6363
      vertex 1.36808 -56 2.74123
    endloop
  endfacet
  facet normal 0 -1 0
    outer loop
      vertex -0.694592 -56 2.56077
      vertex 1.03528 -56 2.6363
      vertex -1.03528 -56 2.6363
    endloop
  endfacet
  facet normal 0 -1 0
    outer loop
      vertex -0.694592 -56 2.56077
      vertex 0.694592 -56 2.56077
      vertex 1.03528 -56 2.6363
    endloop
  endfacet
  facet normal 0 -1 0
    outer loop
      vertex -0.348622 -56 2.51522
      vertex 0.694592 -56 2.56077
      vertex -0.694592 -56 2.56077
    endloop
  endfacet
  facet normal 0 -1 0
    outer loop
      vertex -0.348622 -56 2.51522
      vertex 0.348622 -56 2.51522
      vertex 0.694592 -56 2.56077
    endloop
  endfacet
  facet normal -0 -1 0
    outer loop
      vertex 0.348622 -56 2.51522
      vertex -0.348622 -56 2.51522
      vertex 0 -56 2.5
    endloop
  endfacet
  facet normal -0.887012 0 -0.461746
    outer loop
      vertex -3.62523 -56 4.80953
      vertex -3.4641 -46.6865 4.5
      vertex -3.4641 -56 4.5
    endloop
  endfacet
  facet normal -0.887012 0 -0.461746
    outer loop
      vertex -3.4641 -46.6865 4.5
      vertex -3.62523 -56 4.80953
      vertex -3.62523 -46.6507 4.80953
    endloop
  endfacet
  facet normal 0.5373 0 -0.843391
    outer loop
      vertex 2 -46.8862 3.0359
      vertex 2.2943 -56 3.22339
      vertex 2 -56 3.0359
    endloop
  endfacet
  facet normal 0.5373 0 -0.843391
    outer loop
      vertex 2.2943 -56 3.22339
      vertex 2 -46.8862 3.0359
      vertex 2.2943 -46.8475 3.22339
    endloop
  endfacet
  facet normal 0.843406 0 -0.537277
    outer loop
      vertex 3.4641 -56 4.5
      vertex 3.38614 -46.7038 4.37762
      vertex 3.4641 -46.6865 4.5
    endloop
  endfacet
  facet normal 0.843395 -3.26066e-07 -0.537294
    outer loop
      vertex 3.4641 -56 4.5
      vertex 3.27661 -46.7182 4.20569
      vertex 3.38614 -46.7038 4.37762
    endloop
  endfacet
  facet normal 0.843399 0 -0.537287
    outer loop
      vertex 3.27661 -46.7182 4.20569
      vertex 3.4641 -56 4.5
      vertex 3.27661 -56 4.20569
    endloop
  endfacet
  facet normal 0.0436161 0 -0.999048
    outer loop
      vertex 0 -47 2.5
      vertex 0.348622 -56 2.51522
      vertex 0 -56 2.5
    endloop
  endfacet
  facet normal 0.0436161 0 -0.999048
    outer loop
      vertex 0.348622 -56 2.51522
      vertex 0 -47 2.5
      vertex 0.348622 -46.9848 2.51522
    endloop
  endfacet
  facet normal 0.608753 0 -0.79336
    outer loop
      vertex 2.2943 -46.8475 3.22339
      vertex 2.57115 -56 3.43582
      vertex 2.2943 -56 3.22339
    endloop
  endfacet
  facet normal 0.608753 0 -0.79336
    outer loop
      vertex 2.57115 -56 3.43582
      vertex 2.2943 -46.8475 3.22339
      vertex 2.57115 -46.811 3.43582
    endloop
  endfacet
  facet normal 0.886862 0.462035 0
    outer loop
      vertex -9.27942 -27.95 6
      vertex -9.31568 -27.8804 1.90735e-07
      vertex -9.31568 -27.8804 6
    endloop
  endfacet
  facet normal 0.886862 0.462035 0
    outer loop
      vertex -9.31568 -27.8804 1.90735e-07
      vertex -9.27942 -27.95 6
      vertex -9.27942 -27.95 1.90735e-07
    endloop
  endfacet
  facet normal -0.991454 0.130455 0
    outer loop
      vertex -7.61367 -27.6563 1.90735e-07
      vertex -7.60342 -27.5784 6
      vertex -7.60342 -27.5784 1.90735e-07
    endloop
  endfacet
  facet normal -0.991454 0.130455 0
    outer loop
      vertex -7.60342 -27.5784 6
      vertex -7.61367 -27.6563 1.90735e-07
      vertex -7.61367 -27.6563 6
    endloop
  endfacet
  facet normal -0.99905 0.043581 0
    outer loop
      vertex -7.60342 -27.5784 1.90735e-07
      vertex -7.6 -27.5 6
      vertex -7.6 -27.5 1.90735e-07
    endloop
  endfacet
  facet normal -0.99905 0.043581 0
    outer loop
      vertex -7.6 -27.5 6
      vertex -7.60342 -27.5784 1.90735e-07
      vertex -7.60342 -27.5784 6
    endloop
  endfacet
  facet normal 0.131179 -0.991359 0
    outer loop
      vertex -8.65628 -26.6137 1.90735e-07
      vertex -8.57844 -26.6034 6
      vertex -8.65628 -26.6137 6
    endloop
  endfacet
  facet normal 0.131179 -0.991359 0
    outer loop
      vertex -8.57844 -26.6034 6
      vertex -8.65628 -26.6137 1.90735e-07
      vertex -8.57844 -26.6034 1.90735e-07
    endloop
  endfacet
  facet normal 0.608787 -0.793334 0
    outer loop
      vertex -9.07851 -26.8106 1.90735e-07
      vertex -9.01622 -26.7628 6
      vertex -9.07851 -26.8106 6
    endloop
  endfacet
  facet normal 0.608787 -0.793334 0
    outer loop
      vertex -9.01622 -26.7628 6
      vertex -9.07851 -26.8106 1.90735e-07
      vertex -9.01622 -26.7628 1.90735e-07
    endloop
  endfacet
  facet normal 0.886862 -0.462035 0
    outer loop
      vertex -9.31568 -27.1196 6
      vertex -9.27942 -27.05 1.90735e-07
      vertex -9.27942 -27.05 6
    endloop
  endfacet
  facet normal 0.886862 -0.462035 0
    outer loop
      vertex -9.27942 -27.05 1.90735e-07
      vertex -9.31568 -27.1196 6
      vertex -9.31568 -27.1196 1.90735e-07
    endloop
  endfacet
  facet normal -0.537419 0.843315 0
    outer loop
      vertex -7.98378 -28.2372 1.90735e-07
      vertex -8.05 -28.2794 6
      vertex -7.98378 -28.2372 6
    endloop
  endfacet
  facet normal -0.537419 0.843315 0
    outer loop
      vertex -8.05 -28.2794 6
      vertex -7.98378 -28.2372 1.90735e-07
      vertex -8.05 -28.2794 1.90735e-07
    endloop
  endfacet
  facet normal 0.300595 -0.953752 0
    outer loop
      vertex -8.80782 -26.6543 1.90735e-07
      vertex -8.73294 -26.6307 6
      vertex -8.80782 -26.6543 6
    endloop
  endfacet
  facet normal 0.300595 -0.953752 0
    outer loop
      vertex -8.73294 -26.6307 6
      vertex -8.80782 -26.6543 1.90735e-07
      vertex -8.73294 -26.6307 1.90735e-07
    endloop
  endfacet
  facet normal 0.216499 0.976283 -0
    outer loop
      vertex -8.65628 -28.3863 1.90735e-07
      vertex -8.73294 -28.3693 6
      vertex -8.65628 -28.3863 6
    endloop
  endfacet
  facet normal 0.216499 0.976283 0
    outer loop
      vertex -8.73294 -28.3693 6
      vertex -8.65628 -28.3863 1.90735e-07
      vertex -8.73294 -28.3693 1.90735e-07
    endloop
  endfacet
  facet normal -0.953738 0.300638 0
    outer loop
      vertex -7.65428 -27.8078 1.90735e-07
      vertex -7.63067 -27.7329 6
      vertex -7.63067 -27.7329 1.90735e-07
    endloop
  endfacet
  facet normal -0.953738 0.300638 0
    outer loop
      vertex -7.63067 -27.7329 6
      vertex -7.65428 -27.8078 1.90735e-07
      vertex -7.65428 -27.8078 6
    endloop
  endfacet
  facet normal 0.675269 0.737572 -0
    outer loop
      vertex -9.07851 -28.1894 1.90735e-07
      vertex -9.1364 -28.1364 6
      vertex -9.07851 -28.1894 6
    endloop
  endfacet
  facet normal 0.675269 0.737572 0
    outer loop
      vertex -9.1364 -28.1364 6
      vertex -9.07851 -28.1894 1.90735e-07
      vertex -9.1364 -28.1364 1.90735e-07
    endloop
  endfacet
  facet normal 0.608787 0.793334 -0
    outer loop
      vertex -9.01622 -28.2372 1.90735e-07
      vertex -9.07851 -28.1894 6
      vertex -9.01622 -28.2372 6
    endloop
  endfacet
  facet normal 0.608787 0.793334 0
    outer loop
      vertex -9.07851 -28.1894 6
      vertex -9.01622 -28.2372 1.90735e-07
      vertex -9.07851 -28.1894 1.90735e-07
    endloop
  endfacet
  facet normal -0.131179 -0.991359 0
    outer loop
      vertex -8.42156 -26.6034 1.90735e-07
      vertex -8.34372 -26.6137 6
      vertex -8.42156 -26.6034 6
    endloop
  endfacet
  facet normal -0.131179 -0.991359 -0
    outer loop
      vertex -8.34372 -26.6137 6
      vertex -8.42156 -26.6034 1.90735e-07
      vertex -8.34372 -26.6137 1.90735e-07
    endloop
  endfacet
  facet normal -0.300595 0.953752 0
    outer loop
      vertex -8.19218 -28.3457 1.90735e-07
      vertex -8.26706 -28.3693 6
      vertex -8.19218 -28.3457 6
    endloop
  endfacet
  facet normal -0.300595 0.953752 0
    outer loop
      vertex -8.26706 -28.3693 6
      vertex -8.19218 -28.3457 1.90735e-07
      vertex -8.26706 -28.3693 1.90735e-07
    endloop
  endfacet
  facet normal -0.300595 -0.953752 0
    outer loop
      vertex -8.26706 -26.6307 1.90735e-07
      vertex -8.19218 -26.6543 6
      vertex -8.26706 -26.6307 6
    endloop
  endfacet
  facet normal -0.300595 -0.953752 -0
    outer loop
      vertex -8.19218 -26.6543 6
      vertex -8.26706 -26.6307 1.90735e-07
      vertex -8.19218 -26.6543 1.90735e-07
    endloop
  endfacet
  facet normal -0.537419 -0.843315 0
    outer loop
      vertex -8.05 -26.7206 1.90735e-07
      vertex -7.98378 -26.7628 6
      vertex -8.05 -26.7206 6
    endloop
  endfacet
  facet normal -0.537419 -0.843315 -0
    outer loop
      vertex -7.98378 -26.7628 6
      vertex -8.05 -26.7206 1.90735e-07
      vertex -7.98378 -26.7628 1.90735e-07
    endloop
  endfacet
  facet normal 0.991471 0.130329 0
    outer loop
      vertex -9.38633 -27.6563 6
      vertex -9.39657 -27.5784 1.90735e-07
      vertex -9.39657 -27.5784 6
    endloop
  endfacet
  facet normal 0.991471 0.130329 0
    outer loop
      vertex -9.39657 -27.5784 1.90735e-07
      vertex -9.38633 -27.6563 6
      vertex -9.38633 -27.6563 1.90735e-07
    endloop
  endfacet
  facet normal -0.886862 0.462035 0
    outer loop
      vertex -7.72058 -27.95 1.90735e-07
      vertex -7.68432 -27.8804 6
      vertex -7.68432 -27.8804 1.90735e-07
    endloop
  endfacet
  facet normal -0.886862 0.462035 0
    outer loop
      vertex -7.68432 -27.8804 6
      vertex -7.72058 -27.95 1.90735e-07
      vertex -7.72058 -27.95 6
    endloop
  endfacet
  facet normal 0.843357 -0.537354 0
    outer loop
      vertex -9.27942 -27.05 6
      vertex -9.23724 -26.9838 1.90735e-07
      vertex -9.23724 -26.9838 6
    endloop
  endfacet
  facet normal 0.843357 -0.537354 0
    outer loop
      vertex -9.23724 -26.9838 1.90735e-07
      vertex -9.27942 -27.05 6
      vertex -9.27942 -27.05 1.90735e-07
    endloop
  endfacet
  facet normal 0.300595 0.953752 -0
    outer loop
      vertex -8.73294 -28.3693 1.90735e-07
      vertex -8.80782 -28.3457 6
      vertex -8.73294 -28.3693 6
    endloop
  endfacet
  facet normal 0.300595 0.953752 0
    outer loop
      vertex -8.80782 -28.3457 6
      vertex -8.73294 -28.3693 1.90735e-07
      vertex -8.80782 -28.3457 1.90735e-07
    endloop
  endfacet
  facet normal 0.953738 -0.300638 0
    outer loop
      vertex -9.36933 -27.2671 6
      vertex -9.34572 -27.1922 1.90735e-07
      vertex -9.34572 -27.1922 6
    endloop
  endfacet
  facet normal 0.953738 -0.300638 0
    outer loop
      vertex -9.34572 -27.1922 1.90735e-07
      vertex -9.36933 -27.2671 6
      vertex -9.36933 -27.2671 1.90735e-07
    endloop
  endfacet
  facet normal -0.793381 -0.608726 0
    outer loop
      vertex -7.76276 -26.9838 1.90735e-07
      vertex -7.81056 -26.9215 6
      vertex -7.81056 -26.9215 1.90735e-07
    endloop
  endfacet
  facet normal -0.793381 -0.608726 0
    outer loop
      vertex -7.81056 -26.9215 6
      vertex -7.76276 -26.9838 1.90735e-07
      vertex -7.76276 -26.9838 6
    endloop
  endfacet
  facet normal -0.382172 -0.924091 0
    outer loop
      vertex -8.19218 -26.6543 1.90735e-07
      vertex -8.11964 -26.6843 6
      vertex -8.19218 -26.6543 6
    endloop
  endfacet
  facet normal -0.382172 -0.924091 -0
    outer loop
      vertex -8.11964 -26.6843 6
      vertex -8.19218 -26.6543 1.90735e-07
      vertex -8.11964 -26.6843 1.90735e-07
    endloop
  endfacet
  facet normal -0.793381 0.608726 0
    outer loop
      vertex -7.81056 -28.0785 1.90735e-07
      vertex -7.76276 -28.0162 6
      vertex -7.76276 -28.0162 1.90735e-07
    endloop
  endfacet
  facet normal -0.793381 0.608726 0
    outer loop
      vertex -7.76276 -28.0162 6
      vertex -7.81056 -28.0785 1.90735e-07
      vertex -7.81056 -28.0785 6
    endloop
  endfacet
  facet normal -0.843357 -0.537354 0
    outer loop
      vertex -7.72058 -27.05 1.90735e-07
      vertex -7.76276 -26.9838 6
      vertex -7.76276 -26.9838 1.90735e-07
    endloop
  endfacet
  facet normal -0.843357 -0.537354 0
    outer loop
      vertex -7.76276 -26.9838 6
      vertex -7.72058 -27.05 1.90735e-07
      vertex -7.72058 -27.05 6
    endloop
  endfacet
  facet normal 0.924023 -0.382337 0
    outer loop
      vertex -9.34572 -27.1922 6
      vertex -9.31568 -27.1196 1.90735e-07
      vertex -9.31568 -27.1196 6
    endloop
  endfacet
  facet normal 0.924023 -0.382337 0
    outer loop
      vertex -9.31568 -27.1196 1.90735e-07
      vertex -9.34572 -27.1922 6
      vertex -9.34572 -27.1922 1.90735e-07
    endloop
  endfacet
  facet normal 0.991471 -0.130329 0
    outer loop
      vertex -9.39657 -27.4216 6
      vertex -9.38633 -27.3437 1.90735e-07
      vertex -9.38633 -27.3437 6
    endloop
  endfacet
  facet normal 0.991471 -0.130329 0
    outer loop
      vertex -9.38633 -27.3437 1.90735e-07
      vertex -9.39657 -27.4216 6
      vertex -9.39657 -27.4216 1.90735e-07
    endloop
  endfacet
  facet normal 0.737376 0.675482 0
    outer loop
      vertex -9.1364 -28.1364 6
      vertex -9.18944 -28.0785 1.90735e-07
      vertex -9.18944 -28.0785 6
    endloop
  endfacet
  facet normal 0.737376 0.675482 0
    outer loop
      vertex -9.18944 -28.0785 1.90735e-07
      vertex -9.1364 -28.1364 6
      vertex -9.1364 -28.1364 1.90735e-07
    endloop
  endfacet
  facet normal 0.462227 0.886762 -0
    outer loop
      vertex -8.88036 -28.3157 1.90735e-07
      vertex -8.95 -28.2794 6
      vertex -8.88036 -28.3157 6
    endloop
  endfacet
  facet normal 0.462227 0.886762 0
    outer loop
      vertex -8.95 -28.2794 6
      vertex -8.88036 -28.3157 1.90735e-07
      vertex -8.95 -28.2794 1.90735e-07
    endloop
  endfacet
  facet normal -0.924023 -0.382337 0
    outer loop
      vertex -7.65428 -27.1922 1.90735e-07
      vertex -7.68432 -27.1196 6
      vertex -7.68432 -27.1196 1.90735e-07
    endloop
  endfacet
  facet normal -0.924023 -0.382337 0
    outer loop
      vertex -7.68432 -27.1196 6
      vertex -7.65428 -27.1922 1.90735e-07
      vertex -7.65428 -27.1922 6
    endloop
  endfacet
  facet normal -0.976247 -0.216661 0
    outer loop
      vertex -7.61367 -27.3437 1.90735e-07
      vertex -7.63067 -27.2671 6
      vertex -7.63067 -27.2671 1.90735e-07
    endloop
  endfacet
  facet normal -0.976247 -0.216661 0
    outer loop
      vertex -7.63067 -27.2671 6
      vertex -7.61367 -27.3437 1.90735e-07
      vertex -7.61367 -27.3437 6
    endloop
  endfacet
  facet normal -0.843357 0.537354 0
    outer loop
      vertex -7.76276 -28.0162 1.90735e-07
      vertex -7.72058 -27.95 6
      vertex -7.72058 -27.95 1.90735e-07
    endloop
  endfacet
  facet normal -0.843357 0.537354 0
    outer loop
      vertex -7.72058 -27.95 6
      vertex -7.76276 -28.0162 1.90735e-07
      vertex -7.76276 -28.0162 6
    endloop
  endfacet
  facet normal -0.976247 0.216661 0
    outer loop
      vertex -7.63067 -27.7329 1.90735e-07
      vertex -7.61367 -27.6563 6
      vertex -7.61367 -27.6563 1.90735e-07
    endloop
  endfacet
  facet normal -0.976247 0.216661 0
    outer loop
      vertex -7.61367 -27.6563 6
      vertex -7.63067 -27.7329 1.90735e-07
      vertex -7.63067 -27.7329 6
    endloop
  endfacet
  facet normal -0.924023 0.382337 0
    outer loop
      vertex -7.68432 -27.8804 1.90735e-07
      vertex -7.65428 -27.8078 6
      vertex -7.65428 -27.8078 1.90735e-07
    endloop
  endfacet
  facet normal -0.924023 0.382337 0
    outer loop
      vertex -7.65428 -27.8078 6
      vertex -7.68432 -27.8804 1.90735e-07
      vertex -7.68432 -27.8804 6
    endloop
  endfacet
  facet normal 0.999044 -0.0437082 0
    outer loop
      vertex -9.4 -27.5 6
      vertex -9.39657 -27.4216 1.90735e-07
      vertex -9.39657 -27.4216 6
    endloop
  endfacet
  facet normal 0.999044 -0.0437082 0
    outer loop
      vertex -9.39657 -27.4216 1.90735e-07
      vertex -9.4 -27.5 6
      vertex -9.4 -27.5 1.90735e-07
    endloop
  endfacet
  facet normal -0.382172 0.924091 0
    outer loop
      vertex -8.11964 -28.3157 1.90735e-07
      vertex -8.19218 -28.3457 6
      vertex -8.11964 -28.3157 6
    endloop
  endfacet
  facet normal -0.382172 0.924091 0
    outer loop
      vertex -8.19218 -28.3457 6
      vertex -8.11964 -28.3157 1.90735e-07
      vertex -8.19218 -28.3457 1.90735e-07
    endloop
  endfacet
  facet normal 0.0433046 0.999062 -0
    outer loop
      vertex -8.5 -28.4 1.90735e-07
      vertex -8.57844 -28.3966 6
      vertex -8.5 -28.4 6
    endloop
  endfacet
  facet normal 0.0433046 0.999062 0
    outer loop
      vertex -8.57844 -28.3966 6
      vertex -8.5 -28.4 1.90735e-07
      vertex -8.57844 -28.3966 1.90735e-07
    endloop
  endfacet
  facet normal 0.976247 -0.216661 0
    outer loop
      vertex -9.38633 -27.3437 6
      vertex -9.36933 -27.2671 1.90735e-07
      vertex -9.36933 -27.2671 6
    endloop
  endfacet
  facet normal 0.976247 -0.216661 0
    outer loop
      vertex -9.36933 -27.2671 1.90735e-07
      vertex -9.38633 -27.3437 6
      vertex -9.38633 -27.3437 1.90735e-07
    endloop
  endfacet
  facet normal -0.608787 0.793334 0
    outer loop
      vertex -7.92149 -28.1894 1.90735e-07
      vertex -7.98378 -28.2372 6
      vertex -7.92149 -28.1894 6
    endloop
  endfacet
  facet normal -0.608787 0.793334 0
    outer loop
      vertex -7.98378 -28.2372 6
      vertex -7.92149 -28.1894 1.90735e-07
      vertex -7.98378 -28.2372 1.90735e-07
    endloop
  endfacet
  facet normal 0.537419 0.843315 -0
    outer loop
      vertex -8.95 -28.2794 1.90735e-07
      vertex -9.01622 -28.2372 6
      vertex -8.95 -28.2794 6
    endloop
  endfacet
  facet normal 0.537419 0.843315 0
    outer loop
      vertex -9.01622 -28.2372 6
      vertex -8.95 -28.2794 1.90735e-07
      vertex -9.01622 -28.2372 1.90735e-07
    endloop
  endfacet
  facet normal -0.462227 0.886762 0
    outer loop
      vertex -8.05 -28.2794 1.90735e-07
      vertex -8.11964 -28.3157 6
      vertex -8.05 -28.2794 6
    endloop
  endfacet
  facet normal -0.462227 0.886762 0
    outer loop
      vertex -8.11964 -28.3157 6
      vertex -8.05 -28.2794 1.90735e-07
      vertex -8.11964 -28.3157 1.90735e-07
    endloop
  endfacet
  facet normal -0.953738 -0.300638 0
    outer loop
      vertex -7.63067 -27.2671 1.90735e-07
      vertex -7.65428 -27.1922 6
      vertex -7.65428 -27.1922 1.90735e-07
    endloop
  endfacet
  facet normal -0.953738 -0.300638 0
    outer loop
      vertex -7.65428 -27.1922 6
      vertex -7.63067 -27.2671 1.90735e-07
      vertex -7.63067 -27.2671 6
    endloop
  endfacet
  facet normal -0.675269 -0.737572 0
    outer loop
      vertex -7.92149 -26.8106 1.90735e-07
      vertex -7.8636 -26.8636 6
      vertex -7.92149 -26.8106 6
    endloop
  endfacet
  facet normal -0.675269 -0.737572 -0
    outer loop
      vertex -7.8636 -26.8636 6
      vertex -7.92149 -26.8106 1.90735e-07
      vertex -7.8636 -26.8636 1.90735e-07
    endloop
  endfacet
  facet normal -0.991454 -0.130455 0
    outer loop
      vertex -7.60342 -27.4216 1.90735e-07
      vertex -7.61367 -27.3437 6
      vertex -7.61367 -27.3437 1.90735e-07
    endloop
  endfacet
  facet normal -0.991454 -0.130455 0
    outer loop
      vertex -7.61367 -27.3437 6
      vertex -7.60342 -27.4216 1.90735e-07
      vertex -7.60342 -27.4216 6
    endloop
  endfacet
  facet normal -0.737376 -0.675482 0
    outer loop
      vertex -7.81056 -26.9215 1.90735e-07
      vertex -7.8636 -26.8636 6
      vertex -7.8636 -26.8636 1.90735e-07
    endloop
  endfacet
  facet normal -0.737376 -0.675482 0
    outer loop
      vertex -7.8636 -26.8636 6
      vertex -7.81056 -26.9215 1.90735e-07
      vertex -7.81056 -26.9215 6
    endloop
  endfacet
  facet normal -0.675269 0.737572 0
    outer loop
      vertex -7.8636 -28.1364 1.90735e-07
      vertex -7.92149 -28.1894 6
      vertex -7.8636 -28.1364 6
    endloop
  endfacet
  facet normal -0.675269 0.737572 0
    outer loop
      vertex -7.92149 -28.1894 6
      vertex -7.8636 -28.1364 1.90735e-07
      vertex -7.92149 -28.1894 1.90735e-07
    endloop
  endfacet
  facet normal 0.0433046 -0.999062 0
    outer loop
      vertex -8.57844 -26.6034 1.90735e-07
      vertex -8.5 -26.6 6
      vertex -8.57844 -26.6034 6
    endloop
  endfacet
  facet normal 0.0433046 -0.999062 0
    outer loop
      vertex -8.5 -26.6 6
      vertex -8.57844 -26.6034 1.90735e-07
      vertex -8.5 -26.6 1.90735e-07
    endloop
  endfacet
  facet normal -0.0433046 -0.999062 0
    outer loop
      vertex -8.5 -26.6 1.90735e-07
      vertex -8.42156 -26.6034 6
      vertex -8.5 -26.6 6
    endloop
  endfacet
  facet normal -0.0433046 -0.999062 -0
    outer loop
      vertex -8.42156 -26.6034 6
      vertex -8.5 -26.6 1.90735e-07
      vertex -8.42156 -26.6034 1.90735e-07
    endloop
  endfacet
  facet normal 0 0 -1
    outer loop
      vertex -7.60342 -27.5784 6
      vertex -7.60342 -27.4216 6
      vertex -7.6 -27.5 6
    endloop
  endfacet
  facet normal 0 0 -1
    outer loop
      vertex -7.61367 -27.6563 6
      vertex -7.60342 -27.4216 6
      vertex -7.60342 -27.5784 6
    endloop
  endfacet
  facet normal 0 0 -1
    outer loop
      vertex -7.61367 -27.6563 6
      vertex -7.61367 -27.3437 6
      vertex -7.60342 -27.4216 6
    endloop
  endfacet
  facet normal 0 0 -1
    outer loop
      vertex -7.63067 -27.7329 6
      vertex -7.61367 -27.3437 6
      vertex -7.61367 -27.6563 6
    endloop
  endfacet
  facet normal 0 0 -1
    outer loop
      vertex -7.63067 -27.7329 6
      vertex -7.63067 -27.2671 6
      vertex -7.61367 -27.3437 6
    endloop
  endfacet
  facet normal 0 0 -1
    outer loop
      vertex -7.65428 -27.8078 6
      vertex -7.63067 -27.2671 6
      vertex -7.63067 -27.7329 6
    endloop
  endfacet
  facet normal 0 0 -1
    outer loop
      vertex -7.65428 -27.8078 6
      vertex -7.65428 -27.1922 6
      vertex -7.63067 -27.2671 6
    endloop
  endfacet
  facet normal 0 0 -1
    outer loop
      vertex -7.68432 -27.8804 6
      vertex -7.65428 -27.1922 6
      vertex -7.65428 -27.8078 6
    endloop
  endfacet
  facet normal 0 0 -1
    outer loop
      vertex -7.68432 -27.8804 6
      vertex -7.68432 -27.1196 6
      vertex -7.65428 -27.1922 6
    endloop
  endfacet
  facet normal 0 0 -1
    outer loop
      vertex -7.72058 -27.95 6
      vertex -7.68432 -27.1196 6
      vertex -7.68432 -27.8804 6
    endloop
  endfacet
  facet normal 0 0 -1
    outer loop
      vertex -7.72058 -27.95 6
      vertex -7.72058 -27.05 6
      vertex -7.68432 -27.1196 6
    endloop
  endfacet
  facet normal 0 0 -1
    outer loop
      vertex -7.76276 -28.0162 6
      vertex -7.72058 -27.05 6
      vertex -7.72058 -27.95 6
    endloop
  endfacet
  facet normal 0 0 -1
    outer loop
      vertex -7.76276 -28.0162 6
      vertex -7.76276 -26.9838 6
      vertex -7.72058 -27.05 6
    endloop
  endfacet
  facet normal 0 0 -1
    outer loop
      vertex -7.81056 -28.0785 6
      vertex -7.76276 -26.9838 6
      vertex -7.76276 -28.0162 6
    endloop
  endfacet
  facet normal 0 0 -1
    outer loop
      vertex -7.81056 -28.0785 6
      vertex -7.81056 -26.9215 6
      vertex -7.76276 -26.9838 6
    endloop
  endfacet
  facet normal 0 0 -1
    outer loop
      vertex -7.8636 -28.1364 6
      vertex -7.81056 -26.9215 6
      vertex -7.81056 -28.0785 6
    endloop
  endfacet
  facet normal 0 0 -1
    outer loop
      vertex -7.8636 -28.1364 6
      vertex -7.8636 -26.8636 6
      vertex -7.81056 -26.9215 6
    endloop
  endfacet
  facet normal 0 0 -1
    outer loop
      vertex -7.92149 -28.1894 6
      vertex -7.8636 -26.8636 6
      vertex -7.8636 -28.1364 6
    endloop
  endfacet
  facet normal 0 0 -1
    outer loop
      vertex -7.92149 -28.1894 6
      vertex -7.92149 -26.8106 6
      vertex -7.8636 -26.8636 6
    endloop
  endfacet
  facet normal 0 0 -1
    outer loop
      vertex -7.98378 -28.2372 6
      vertex -7.92149 -26.8106 6
      vertex -7.92149 -28.1894 6
    endloop
  endfacet
  facet normal 0 0 -1
    outer loop
      vertex -7.98378 -28.2372 6
      vertex -7.98378 -26.7628 6
      vertex -7.92149 -26.8106 6
    endloop
  endfacet
  facet normal 0 0 -1
    outer loop
      vertex -8.05 -28.2794 6
      vertex -7.98378 -26.7628 6
      vertex -7.98378 -28.2372 6
    endloop
  endfacet
  facet normal 0 0 -1
    outer loop
      vertex -8.05 -28.2794 6
      vertex -8.05 -26.7206 6
      vertex -7.98378 -26.7628 6
    endloop
  endfacet
  facet normal 0 0 -1
    outer loop
      vertex -8.11964 -28.3157 6
      vertex -8.05 -26.7206 6
      vertex -8.05 -28.2794 6
    endloop
  endfacet
  facet normal 0 0 -1
    outer loop
      vertex -8.11964 -28.3157 6
      vertex -8.11964 -26.6843 6
      vertex -8.05 -26.7206 6
    endloop
  endfacet
  facet normal 0 0 -1
    outer loop
      vertex -8.19218 -28.3457 6
      vertex -8.11964 -26.6843 6
      vertex -8.11964 -28.3157 6
    endloop
  endfacet
  facet normal 0 0 -1
    outer loop
      vertex -8.19218 -28.3457 6
      vertex -8.19218 -26.6543 6
      vertex -8.11964 -26.6843 6
    endloop
  endfacet
  facet normal 0 0 -1
    outer loop
      vertex -8.26706 -28.3693 6
      vertex -8.19218 -26.6543 6
      vertex -8.19218 -28.3457 6
    endloop
  endfacet
  facet normal 0 0 -1
    outer loop
      vertex -8.26706 -28.3693 6
      vertex -8.26706 -26.6307 6
      vertex -8.19218 -26.6543 6
    endloop
  endfacet
  facet normal 0 0 -1
    outer loop
      vertex -8.34372 -28.3863 6
      vertex -8.26706 -26.6307 6
      vertex -8.26706 -28.3693 6
    endloop
  endfacet
  facet normal 0 0 -1
    outer loop
      vertex -8.34372 -28.3863 6
      vertex -8.34372 -26.6137 6
      vertex -8.26706 -26.6307 6
    endloop
  endfacet
  facet normal 0 0 -1
    outer loop
      vertex -8.42156 -28.3966 6
      vertex -8.34372 -26.6137 6
      vertex -8.34372 -28.3863 6
    endloop
  endfacet
  facet normal 0 0 -1
    outer loop
      vertex -8.42156 -28.3966 6
      vertex -8.42156 -26.6034 6
      vertex -8.34372 -26.6137 6
    endloop
  endfacet
  facet normal 0 0 -1
    outer loop
      vertex -8.5 -28.4 6
      vertex -8.42156 -26.6034 6
      vertex -8.42156 -28.3966 6
    endloop
  endfacet
  facet normal 0 0 -1
    outer loop
      vertex -8.5 -28.4 6
      vertex -8.5 -26.6 6
      vertex -8.42156 -26.6034 6
    endloop
  endfacet
  facet normal 0 0 -1
    outer loop
      vertex -8.57844 -28.3966 6
      vertex -8.5 -26.6 6
      vertex -8.5 -28.4 6
    endloop
  endfacet
  facet normal 0 0 -1
    outer loop
      vertex -8.57844 -28.3966 6
      vertex -8.57844 -26.6034 6
      vertex -8.5 -26.6 6
    endloop
  endfacet
  facet normal 0 0 -1
    outer loop
      vertex -8.65628 -28.3863 6
      vertex -8.57844 -26.6034 6
      vertex -8.57844 -28.3966 6
    endloop
  endfacet
  facet normal 0 0 -1
    outer loop
      vertex -8.65628 -28.3863 6
      vertex -8.65628 -26.6137 6
      vertex -8.57844 -26.6034 6
    endloop
  endfacet
  facet normal 0 0 -1
    outer loop
      vertex -8.73294 -28.3693 6
      vertex -8.65628 -26.6137 6
      vertex -8.65628 -28.3863 6
    endloop
  endfacet
  facet normal 0 0 -1
    outer loop
      vertex -8.73294 -28.3693 6
      vertex -8.73294 -26.6307 6
      vertex -8.65628 -26.6137 6
    endloop
  endfacet
  facet normal 0 0 -1
    outer loop
      vertex -8.80782 -28.3457 6
      vertex -8.73294 -26.6307 6
      vertex -8.73294 -28.3693 6
    endloop
  endfacet
  facet normal 0 0 -1
    outer loop
      vertex -8.80782 -28.3457 6
      vertex -8.80782 -26.6543 6
      vertex -8.73294 -26.6307 6
    endloop
  endfacet
  facet normal 0 0 -1
    outer loop
      vertex -8.88036 -28.3157 6
      vertex -8.80782 -26.6543 6
      vertex -8.80782 -28.3457 6
    endloop
  endfacet
  facet normal 0 0 -1
    outer loop
      vertex -8.88036 -28.3157 6
      vertex -8.88036 -26.6843 6
      vertex -8.80782 -26.6543 6
    endloop
  endfacet
  facet normal 0 0 -1
    outer loop
      vertex -8.95 -28.2794 6
      vertex -8.88036 -26.6843 6
      vertex -8.88036 -28.3157 6
    endloop
  endfacet
  facet normal 0 0 -1
    outer loop
      vertex -8.95 -28.2794 6
      vertex -8.95 -26.7206 6
      vertex -8.88036 -26.6843 6
    endloop
  endfacet
  facet normal 0 0 -1
    outer loop
      vertex -9.01622 -28.2372 6
      vertex -8.95 -26.7206 6
      vertex -8.95 -28.2794 6
    endloop
  endfacet
  facet normal 0 0 -1
    outer loop
      vertex -9.01622 -28.2372 6
      vertex -9.01622 -26.7628 6
      vertex -8.95 -26.7206 6
    endloop
  endfacet
  facet normal 0 0 -1
    outer loop
      vertex -9.07851 -28.1894 6
      vertex -9.01622 -26.7628 6
      vertex -9.01622 -28.2372 6
    endloop
  endfacet
  facet normal 0 0 -1
    outer loop
      vertex -9.07851 -28.1894 6
      vertex -9.07851 -26.8106 6
      vertex -9.01622 -26.7628 6
    endloop
  endfacet
  facet normal 0 0 -1
    outer loop
      vertex -9.1364 -28.1364 6
      vertex -9.07851 -26.8106 6
      vertex -9.07851 -28.1894 6
    endloop
  endfacet
  facet normal 0 0 -1
    outer loop
      vertex -9.1364 -28.1364 6
      vertex -9.1364 -26.8636 6
      vertex -9.07851 -26.8106 6
    endloop
  endfacet
  facet normal 0 0 -1
    outer loop
      vertex -9.18944 -28.0785 6
      vertex -9.1364 -26.8636 6
      vertex -9.1364 -28.1364 6
    endloop
  endfacet
  facet normal 0 0 -1
    outer loop
      vertex -9.18944 -28.0785 6
      vertex -9.18944 -26.9215 6
      vertex -9.1364 -26.8636 6
    endloop
  endfacet
  facet normal 0 0 -1
    outer loop
      vertex -9.23724 -28.0162 6
      vertex -9.18944 -26.9215 6
      vertex -9.18944 -28.0785 6
    endloop
  endfacet
  facet normal 0 0 -1
    outer loop
      vertex -9.23724 -28.0162 6
      vertex -9.23724 -26.9838 6
      vertex -9.18944 -26.9215 6
    endloop
  endfacet
  facet normal 0 0 -1
    outer loop
      vertex -9.27942 -27.95 6
      vertex -9.23724 -26.9838 6
      vertex -9.23724 -28.0162 6
    endloop
  endfacet
  facet normal 0 0 -1
    outer loop
      vertex -9.27942 -27.95 6
      vertex -9.27942 -27.05 6
      vertex -9.23724 -26.9838 6
    endloop
  endfacet
  facet normal 0 0 -1
    outer loop
      vertex -9.31568 -27.8804 6
      vertex -9.27942 -27.05 6
      vertex -9.27942 -27.95 6
    endloop
  endfacet
  facet normal 0 0 -1
    outer loop
      vertex -9.31568 -27.8804 6
      vertex -9.31568 -27.1196 6
      vertex -9.27942 -27.05 6
    endloop
  endfacet
  facet normal 0 0 -1
    outer loop
      vertex -9.34572 -27.8078 6
      vertex -9.31568 -27.1196 6
      vertex -9.31568 -27.8804 6
    endloop
  endfacet
  facet normal 0 0 -1
    outer loop
      vertex -9.34572 -27.8078 6
      vertex -9.34572 -27.1922 6
      vertex -9.31568 -27.1196 6
    endloop
  endfacet
  facet normal 0 0 -1
    outer loop
      vertex -9.36933 -27.7329 6
      vertex -9.34572 -27.1922 6
      vertex -9.34572 -27.8078 6
    endloop
  endfacet
  facet normal 0 0 -1
    outer loop
      vertex -9.36933 -27.7329 6
      vertex -9.36933 -27.2671 6
      vertex -9.34572 -27.1922 6
    endloop
  endfacet
  facet normal 0 0 -1
    outer loop
      vertex -9.38633 -27.6563 6
      vertex -9.36933 -27.2671 6
      vertex -9.36933 -27.7329 6
    endloop
  endfacet
  facet normal 0 0 -1
    outer loop
      vertex -9.38633 -27.6563 6
      vertex -9.38633 -27.3437 6
      vertex -9.36933 -27.2671 6
    endloop
  endfacet
  facet normal 0 0 -1
    outer loop
      vertex -9.39657 -27.5784 6
      vertex -9.38633 -27.3437 6
      vertex -9.38633 -27.6563 6
    endloop
  endfacet
  facet normal 0 0 -1
    outer loop
      vertex -9.39657 -27.5784 6
      vertex -9.39657 -27.4216 6
      vertex -9.38633 -27.3437 6
    endloop
  endfacet
  facet normal 0 -0 -1
    outer loop
      vertex -9.39657 -27.4216 6
      vertex -9.39657 -27.5784 6
      vertex -9.4 -27.5 6
    endloop
  endfacet
  facet normal 0.793381 -0.608726 0
    outer loop
      vertex -9.23724 -26.9838 6
      vertex -9.18944 -26.9215 1.90735e-07
      vertex -9.18944 -26.9215 6
    endloop
  endfacet
  facet normal 0.793381 -0.608726 0
    outer loop
      vertex -9.18944 -26.9215 1.90735e-07
      vertex -9.23724 -26.9838 6
      vertex -9.23724 -26.9838 1.90735e-07
    endloop
  endfacet
  facet normal 0.131179 0.991359 -0
    outer loop
      vertex -8.57844 -28.3966 1.90735e-07
      vertex -8.65628 -28.3863 6
      vertex -8.57844 -28.3966 6
    endloop
  endfacet
  facet normal 0.131179 0.991359 0
    outer loop
      vertex -8.65628 -28.3863 6
      vertex -8.57844 -28.3966 1.90735e-07
      vertex -8.65628 -28.3863 1.90735e-07
    endloop
  endfacet
  facet normal 0.382172 0.924091 -0
    outer loop
      vertex -8.80782 -28.3457 1.90735e-07
      vertex -8.88036 -28.3157 6
      vertex -8.80782 -28.3457 6
    endloop
  endfacet
  facet normal 0.382172 0.924091 0
    outer loop
      vertex -8.88036 -28.3157 6
      vertex -8.80782 -28.3457 1.90735e-07
      vertex -8.88036 -28.3157 1.90735e-07
    endloop
  endfacet
  facet normal 0.737376 -0.675482 0
    outer loop
      vertex -9.18944 -26.9215 6
      vertex -9.1364 -26.8636 1.90735e-07
      vertex -9.1364 -26.8636 6
    endloop
  endfacet
  facet normal 0.737376 -0.675482 0
    outer loop
      vertex -9.1364 -26.8636 1.90735e-07
      vertex -9.18944 -26.9215 6
      vertex -9.18944 -26.9215 1.90735e-07
    endloop
  endfacet
  facet normal 0.675269 -0.737572 0
    outer loop
      vertex -9.1364 -26.8636 1.90735e-07
      vertex -9.07851 -26.8106 6
      vertex -9.1364 -26.8636 6
    endloop
  endfacet
  facet normal 0.675269 -0.737572 0
    outer loop
      vertex -9.07851 -26.8106 6
      vertex -9.1364 -26.8636 1.90735e-07
      vertex -9.07851 -26.8106 1.90735e-07
    endloop
  endfacet
  facet normal -0.0433046 0.999062 0
    outer loop
      vertex -8.42156 -28.3966 1.90735e-07
      vertex -8.5 -28.4 6
      vertex -8.42156 -28.3966 6
    endloop
  endfacet
  facet normal -0.0433046 0.999062 0
    outer loop
      vertex -8.5 -28.4 6
      vertex -8.42156 -28.3966 1.90735e-07
      vertex -8.5 -28.4 1.90735e-07
    endloop
  endfacet
  facet normal -0.462227 -0.886762 0
    outer loop
      vertex -8.11964 -26.6843 1.90735e-07
      vertex -8.05 -26.7206 6
      vertex -8.11964 -26.6843 6
    endloop
  endfacet
  facet normal -0.462227 -0.886762 -0
    outer loop
      vertex -8.05 -26.7206 6
      vertex -8.11964 -26.6843 1.90735e-07
      vertex -8.05 -26.7206 1.90735e-07
    endloop
  endfacet
  facet normal 0.462227 -0.886762 0
    outer loop
      vertex -8.95 -26.7206 1.90735e-07
      vertex -8.88036 -26.6843 6
      vertex -8.95 -26.7206 6
    endloop
  endfacet
  facet normal 0.462227 -0.886762 0
    outer loop
      vertex -8.88036 -26.6843 6
      vertex -8.95 -26.7206 1.90735e-07
      vertex -8.88036 -26.6843 1.90735e-07
    endloop
  endfacet
  facet normal -0.886862 -0.462035 0
    outer loop
      vertex -7.68432 -27.1196 1.90735e-07
      vertex -7.72058 -27.05 6
      vertex -7.72058 -27.05 1.90735e-07
    endloop
  endfacet
  facet normal -0.886862 -0.462035 0
    outer loop
      vertex -7.72058 -27.05 6
      vertex -7.68432 -27.1196 1.90735e-07
      vertex -7.68432 -27.1196 6
    endloop
  endfacet
  facet normal 0.976247 0.216661 0
    outer loop
      vertex -9.36933 -27.7329 6
      vertex -9.38633 -27.6563 1.90735e-07
      vertex -9.38633 -27.6563 6
    endloop
  endfacet
  facet normal 0.976247 0.216661 0
    outer loop
      vertex -9.38633 -27.6563 1.90735e-07
      vertex -9.36933 -27.7329 6
      vertex -9.36933 -27.7329 1.90735e-07
    endloop
  endfacet
  facet normal 0.793381 0.608726 0
    outer loop
      vertex -9.18944 -28.0785 6
      vertex -9.23724 -28.0162 1.90735e-07
      vertex -9.23724 -28.0162 6
    endloop
  endfacet
  facet normal 0.793381 0.608726 0
    outer loop
      vertex -9.23724 -28.0162 1.90735e-07
      vertex -9.18944 -28.0785 6
      vertex -9.18944 -28.0785 1.90735e-07
    endloop
  endfacet
  facet normal -0.608787 -0.793334 0
    outer loop
      vertex -7.98378 -26.7628 1.90735e-07
      vertex -7.92149 -26.8106 6
      vertex -7.98378 -26.7628 6
    endloop
  endfacet
  facet normal -0.608787 -0.793334 -0
    outer loop
      vertex -7.92149 -26.8106 6
      vertex -7.98378 -26.7628 1.90735e-07
      vertex -7.92149 -26.8106 1.90735e-07
    endloop
  endfacet
  facet normal 0.216499 -0.976283 0
    outer loop
      vertex -8.73294 -26.6307 1.90735e-07
      vertex -8.65628 -26.6137 6
      vertex -8.73294 -26.6307 6
    endloop
  endfacet
  facet normal 0.216499 -0.976283 0
    outer loop
      vertex -8.65628 -26.6137 6
      vertex -8.73294 -26.6307 1.90735e-07
      vertex -8.65628 -26.6137 1.90735e-07
    endloop
  endfacet
  facet normal -0.737376 0.675482 0
    outer loop
      vertex -7.8636 -28.1364 1.90735e-07
      vertex -7.81056 -28.0785 6
      vertex -7.81056 -28.0785 1.90735e-07
    endloop
  endfacet
  facet normal -0.737376 0.675482 0
    outer loop
      vertex -7.81056 -28.0785 6
      vertex -7.8636 -28.1364 1.90735e-07
      vertex -7.8636 -28.1364 6
    endloop
  endfacet
  facet normal -0.99905 -0.043581 0
    outer loop
      vertex -7.6 -27.5 1.90735e-07
      vertex -7.60342 -27.4216 6
      vertex -7.60342 -27.4216 1.90735e-07
    endloop
  endfacet
  facet normal -0.99905 -0.043581 0
    outer loop
      vertex -7.60342 -27.4216 6
      vertex -7.6 -27.5 1.90735e-07
      vertex -7.6 -27.5 6
    endloop
  endfacet
  facet normal 0.537419 -0.843315 0
    outer loop
      vertex -9.01622 -26.7628 1.90735e-07
      vertex -8.95 -26.7206 6
      vertex -9.01622 -26.7628 6
    endloop
  endfacet
  facet normal 0.537419 -0.843315 0
    outer loop
      vertex -8.95 -26.7206 6
      vertex -9.01622 -26.7628 1.90735e-07
      vertex -8.95 -26.7206 1.90735e-07
    endloop
  endfacet
  facet normal 0.999044 0.0437082 0
    outer loop
      vertex -9.39657 -27.5784 6
      vertex -9.4 -27.5 1.90735e-07
      vertex -9.4 -27.5 6
    endloop
  endfacet
  facet normal 0.999044 0.0437082 0
    outer loop
      vertex -9.4 -27.5 1.90735e-07
      vertex -9.39657 -27.5784 6
      vertex -9.39657 -27.5784 1.90735e-07
    endloop
  endfacet
  facet normal -0.216499 -0.976283 0
    outer loop
      vertex -8.34372 -26.6137 1.90735e-07
      vertex -8.26706 -26.6307 6
      vertex -8.34372 -26.6137 6
    endloop
  endfacet
  facet normal -0.216499 -0.976283 -0
    outer loop
      vertex -8.26706 -26.6307 6
      vertex -8.34372 -26.6137 1.90735e-07
      vertex -8.26706 -26.6307 1.90735e-07
    endloop
  endfacet
  facet normal 0.382172 -0.924091 0
    outer loop
      vertex -8.88036 -26.6843 1.90735e-07
      vertex -8.80782 -26.6543 6
      vertex -8.88036 -26.6843 6
    endloop
  endfacet
  facet normal 0.382172 -0.924091 0
    outer loop
      vertex -8.80782 -26.6543 6
      vertex -8.88036 -26.6843 1.90735e-07
      vertex -8.80782 -26.6543 1.90735e-07
    endloop
  endfacet
  facet normal -0.131179 0.991359 0
    outer loop
      vertex -8.34372 -28.3863 1.90735e-07
      vertex -8.42156 -28.3966 6
      vertex -8.34372 -28.3863 6
    endloop
  endfacet
  facet normal -0.131179 0.991359 0
    outer loop
      vertex -8.42156 -28.3966 6
      vertex -8.34372 -28.3863 1.90735e-07
      vertex -8.42156 -28.3966 1.90735e-07
    endloop
  endfacet
  facet normal 0.843357 0.537354 0
    outer loop
      vertex -9.23724 -28.0162 6
      vertex -9.27942 -27.95 1.90735e-07
      vertex -9.27942 -27.95 6
    endloop
  endfacet
  facet normal 0.843357 0.537354 0
    outer loop
      vertex -9.27942 -27.95 1.90735e-07
      vertex -9.23724 -28.0162 6
      vertex -9.23724 -28.0162 1.90735e-07
    endloop
  endfacet
  facet normal 0.953738 0.300638 0
    outer loop
      vertex -9.34572 -27.8078 6
      vertex -9.36933 -27.7329 1.90735e-07
      vertex -9.36933 -27.7329 6
    endloop
  endfacet
  facet normal 0.953738 0.300638 0
    outer loop
      vertex -9.36933 -27.7329 1.90735e-07
      vertex -9.34572 -27.8078 6
      vertex -9.34572 -27.8078 1.90735e-07
    endloop
  endfacet
  facet normal -0.216499 0.976283 0
    outer loop
      vertex -8.26706 -28.3693 1.90735e-07
      vertex -8.34372 -28.3863 6
      vertex -8.26706 -28.3693 6
    endloop
  endfacet
  facet normal -0.216499 0.976283 0
    outer loop
      vertex -8.34372 -28.3863 6
      vertex -8.26706 -28.3693 1.90735e-07
      vertex -8.34372 -28.3863 1.90735e-07
    endloop
  endfacet
  facet normal 0.924023 0.382337 0
    outer loop
      vertex -9.31568 -27.8804 6
      vertex -9.34572 -27.8078 1.90735e-07
      vertex -9.34572 -27.8078 6
    endloop
  endfacet
  facet normal 0.924023 0.382337 0
    outer loop
      vertex -9.34572 -27.8078 1.90735e-07
      vertex -9.31568 -27.8804 6
      vertex -9.31568 -27.8804 1.90735e-07
    endloop
  endfacet
  facet normal 0.793381 0.608726 0
    outer loop
      vertex 18.6106 -28.0785 6
      vertex 18.5628 -28.0162 1.90735e-07
      vertex 18.5628 -28.0162 6
    endloop
  endfacet
  facet normal 0.793381 0.608726 0
    outer loop
      vertex 18.5628 -28.0162 1.90735e-07
      vertex 18.6106 -28.0785 6
      vertex 18.6106 -28.0785 1.90735e-07
    endloop
  endfacet
  facet normal -0.991372 0.13108 0
    outer loop
      vertex 20.1863 -27.6563 1.90735e-07
      vertex 20.1966 -27.5784 6
      vertex 20.1966 -27.5784 1.90735e-07
    endloop
  endfacet
  facet normal -0.991372 0.13108 0
    outer loop
      vertex 20.1966 -27.5784 6
      vertex 20.1863 -27.6563 1.90735e-07
      vertex 20.1863 -27.6563 6
    endloop
  endfacet
  facet normal -0.999061 0.0433266 0
    outer loop
      vertex 20.1966 -27.5784 1.90735e-07
      vertex 20.2 -27.5 6
      vertex 20.2 -27.5 1.90735e-07
    endloop
  endfacet
  facet normal -0.999061 0.0433266 0
    outer loop
      vertex 20.2 -27.5 6
      vertex 20.1966 -27.5784 1.90735e-07
      vertex 20.1966 -27.5784 6
    endloop
  endfacet
  facet normal -0.976247 0.216661 0
    outer loop
      vertex 20.1693 -27.7329 1.90735e-07
      vertex 20.1863 -27.6563 6
      vertex 20.1863 -27.6563 1.90735e-07
    endloop
  endfacet
  facet normal -0.976247 0.216661 0
    outer loop
      vertex 20.1863 -27.6563 6
      vertex 20.1693 -27.7329 1.90735e-07
      vertex 20.1693 -27.7329 6
    endloop
  endfacet
  facet normal -0.13108 0.991372 0
    outer loop
      vertex 19.4563 -28.3863 1.90735e-07
      vertex 19.3784 -28.3966 6
      vertex 19.4563 -28.3863 6
    endloop
  endfacet
  facet normal -0.13108 0.991372 0
    outer loop
      vertex 19.3784 -28.3966 6
      vertex 19.4563 -28.3863 1.90735e-07
      vertex 19.3784 -28.3966 1.90735e-07
    endloop
  endfacet
  facet normal -0.953775 0.300522 0
    outer loop
      vertex 20.1457 -27.8078 1.90735e-07
      vertex 20.1693 -27.7329 6
      vertex 20.1693 -27.7329 1.90735e-07
    endloop
  endfacet
  facet normal -0.953775 0.300522 0
    outer loop
      vertex 20.1693 -27.7329 6
      vertex 20.1457 -27.8078 1.90735e-07
      vertex 20.1457 -27.8078 6
    endloop
  endfacet
  facet normal -0.381902 0.924203 0
    outer loop
      vertex 19.6804 -28.3157 1.90735e-07
      vertex 19.6078 -28.3457 6
      vertex 19.6804 -28.3157 6
    endloop
  endfacet
  facet normal -0.381902 0.924203 0
    outer loop
      vertex 19.6078 -28.3457 6
      vertex 19.6804 -28.3157 1.90735e-07
      vertex 19.6078 -28.3457 1.90735e-07
    endloop
  endfacet
  facet normal 0.976247 0.216661 0
    outer loop
      vertex 18.4307 -27.7329 6
      vertex 18.4137 -27.6563 1.90735e-07
      vertex 18.4137 -27.6563 6
    endloop
  endfacet
  facet normal 0.976247 0.216661 0
    outer loop
      vertex 18.4137 -27.6563 1.90735e-07
      vertex 18.4307 -27.7329 6
      vertex 18.4307 -27.7329 1.90735e-07
    endloop
  endfacet
  facet normal -0.73763 0.675205 0
    outer loop
      vertex 19.9364 -28.1364 1.90735e-07
      vertex 19.9894 -28.0785 6
      vertex 19.9894 -28.0785 1.90735e-07
    endloop
  endfacet
  facet normal -0.73763 0.675205 0
    outer loop
      vertex 19.9894 -28.0785 6
      vertex 19.9364 -28.1364 1.90735e-07
      vertex 19.9364 -28.1364 6
    endloop
  endfacet
  facet normal -0.381902 -0.924203 0
    outer loop
      vertex 19.6078 -26.6543 1.90735e-07
      vertex 19.6804 -26.6843 6
      vertex 19.6078 -26.6543 6
    endloop
  endfacet
  facet normal -0.381902 -0.924203 -0
    outer loop
      vertex 19.6804 -26.6843 6
      vertex 19.6078 -26.6543 1.90735e-07
      vertex 19.6804 -26.6843 1.90735e-07
    endloop
  endfacet
  facet normal -0.216661 -0.976247 0
    outer loop
      vertex 19.4563 -26.6137 1.90735e-07
      vertex 19.5329 -26.6307 6
      vertex 19.4563 -26.6137 6
    endloop
  endfacet
  facet normal -0.216661 -0.976247 -0
    outer loop
      vertex 19.5329 -26.6307 6
      vertex 19.4563 -26.6137 1.90735e-07
      vertex 19.5329 -26.6307 1.90735e-07
    endloop
  endfacet
  facet normal 0.924203 -0.381902 0
    outer loop
      vertex 18.4543 -27.1922 6
      vertex 18.4843 -27.1196 1.90735e-07
      vertex 18.4843 -27.1196 6
    endloop
  endfacet
  facet normal 0.924203 -0.381902 0
    outer loop
      vertex 18.4843 -27.1196 1.90735e-07
      vertex 18.4543 -27.1922 6
      vertex 18.4543 -27.1922 1.90735e-07
    endloop
  endfacet
  facet normal 0.675205 0.73763 -0
    outer loop
      vertex 18.7215 -28.1894 1.90735e-07
      vertex 18.6636 -28.1364 6
      vertex 18.7215 -28.1894 6
    endloop
  endfacet
  facet normal 0.675205 0.73763 0
    outer loop
      vertex 18.6636 -28.1364 6
      vertex 18.7215 -28.1894 1.90735e-07
      vertex 18.6636 -28.1364 1.90735e-07
    endloop
  endfacet
  facet normal 0.462435 -0.886653 0
    outer loop
      vertex 18.85 -26.7206 1.90735e-07
      vertex 18.9196 -26.6843 6
      vertex 18.85 -26.7206 6
    endloop
  endfacet
  facet normal 0.462435 -0.886653 0
    outer loop
      vertex 18.9196 -26.6843 6
      vertex 18.85 -26.7206 1.90735e-07
      vertex 18.9196 -26.6843 1.90735e-07
    endloop
  endfacet
  facet normal 0.216661 0.976247 -0
    outer loop
      vertex 19.1437 -28.3863 1.90735e-07
      vertex 19.0671 -28.3693 6
      vertex 19.1437 -28.3863 6
    endloop
  endfacet
  facet normal 0.216661 0.976247 0
    outer loop
      vertex 19.0671 -28.3693 6
      vertex 19.1437 -28.3863 1.90735e-07
      vertex 19.0671 -28.3693 1.90735e-07
    endloop
  endfacet
  facet normal 0.991372 -0.13108 0
    outer loop
      vertex 18.4034 -27.4216 6
      vertex 18.4137 -27.3437 1.90735e-07
      vertex 18.4137 -27.3437 6
    endloop
  endfacet
  facet normal 0.991372 -0.13108 0
    outer loop
      vertex 18.4137 -27.3437 1.90735e-07
      vertex 18.4034 -27.4216 6
      vertex 18.4034 -27.4216 1.90735e-07
    endloop
  endfacet
  facet normal 0.991372 0.13108 0
    outer loop
      vertex 18.4137 -27.6563 6
      vertex 18.4034 -27.5784 1.90735e-07
      vertex 18.4034 -27.5784 6
    endloop
  endfacet
  facet normal 0.991372 0.13108 0
    outer loop
      vertex 18.4034 -27.5784 1.90735e-07
      vertex 18.4137 -27.6563 6
      vertex 18.4137 -27.6563 1.90735e-07
    endloop
  endfacet
  facet normal 0.953775 -0.300522 0
    outer loop
      vertex 18.4307 -27.2671 6
      vertex 18.4543 -27.1922 1.90735e-07
      vertex 18.4543 -27.1922 6
    endloop
  endfacet
  facet normal 0.953775 -0.300522 0
    outer loop
      vertex 18.4543 -27.1922 1.90735e-07
      vertex 18.4307 -27.2671 6
      vertex 18.4307 -27.2671 1.90735e-07
    endloop
  endfacet
  facet normal -0.793381 -0.608726 0
    outer loop
      vertex 20.0372 -26.9838 1.90735e-07
      vertex 19.9894 -26.9215 6
      vertex 19.9894 -26.9215 1.90735e-07
    endloop
  endfacet
  facet normal -0.793381 -0.608726 0
    outer loop
      vertex 19.9894 -26.9215 6
      vertex 20.0372 -26.9838 1.90735e-07
      vertex 20.0372 -26.9838 6
    endloop
  endfacet
  facet normal -0.0433266 -0.999061 0
    outer loop
      vertex 19.3 -26.6 1.90735e-07
      vertex 19.3784 -26.6034 6
      vertex 19.3 -26.6 6
    endloop
  endfacet
  facet normal -0.0433266 -0.999061 -0
    outer loop
      vertex 19.3784 -26.6034 6
      vertex 19.3 -26.6 1.90735e-07
      vertex 19.3784 -26.6034 1.90735e-07
    endloop
  endfacet
  facet normal -0.843242 -0.537535 0
    outer loop
      vertex 20.0794 -27.05 1.90735e-07
      vertex 20.0372 -26.9838 6
      vertex 20.0372 -26.9838 1.90735e-07
    endloop
  endfacet
  facet normal -0.843242 -0.537535 0
    outer loop
      vertex 20.0372 -26.9838 6
      vertex 20.0794 -27.05 1.90735e-07
      vertex 20.0794 -27.05 6
    endloop
  endfacet
  facet normal 0.537535 0.843242 -0
    outer loop
      vertex 18.85 -28.2794 1.90735e-07
      vertex 18.7838 -28.2372 6
      vertex 18.85 -28.2794 6
    endloop
  endfacet
  facet normal 0.537535 0.843242 0
    outer loop
      vertex 18.7838 -28.2372 6
      vertex 18.85 -28.2794 1.90735e-07
      vertex 18.7838 -28.2372 1.90735e-07
    endloop
  endfacet
  facet normal -0.537535 -0.843242 0
    outer loop
      vertex 19.75 -26.7206 1.90735e-07
      vertex 19.8162 -26.7628 6
      vertex 19.75 -26.7206 6
    endloop
  endfacet
  facet normal -0.537535 -0.843242 -0
    outer loop
      vertex 19.8162 -26.7628 6
      vertex 19.75 -26.7206 1.90735e-07
      vertex 19.8162 -26.7628 1.90735e-07
    endloop
  endfacet
  facet normal 0.0433266 -0.999061 0
    outer loop
      vertex 19.2216 -26.6034 1.90735e-07
      vertex 19.3 -26.6 6
      vertex 19.2216 -26.6034 6
    endloop
  endfacet
  facet normal 0.0433266 -0.999061 0
    outer loop
      vertex 19.3 -26.6 6
      vertex 19.2216 -26.6034 1.90735e-07
      vertex 19.3 -26.6 1.90735e-07
    endloop
  endfacet
  facet normal -0.462435 0.886653 0
    outer loop
      vertex 19.75 -28.2794 1.90735e-07
      vertex 19.6804 -28.3157 6
      vertex 19.75 -28.2794 6
    endloop
  endfacet
  facet normal -0.462435 0.886653 0
    outer loop
      vertex 19.6804 -28.3157 6
      vertex 19.75 -28.2794 1.90735e-07
      vertex 19.6804 -28.3157 1.90735e-07
    endloop
  endfacet
  facet normal -0.991372 -0.13108 0
    outer loop
      vertex 20.1966 -27.4216 1.90735e-07
      vertex 20.1863 -27.3437 6
      vertex 20.1863 -27.3437 1.90735e-07
    endloop
  endfacet
  facet normal -0.991372 -0.13108 0
    outer loop
      vertex 20.1863 -27.3437 6
      vertex 20.1966 -27.4216 1.90735e-07
      vertex 20.1966 -27.4216 6
    endloop
  endfacet
  facet normal 0.843242 -0.537535 0
    outer loop
      vertex 18.5206 -27.05 6
      vertex 18.5628 -26.9838 1.90735e-07
      vertex 18.5628 -26.9838 6
    endloop
  endfacet
  facet normal 0.843242 -0.537535 0
    outer loop
      vertex 18.5628 -26.9838 1.90735e-07
      vertex 18.5206 -27.05 6
      vertex 18.5206 -27.05 1.90735e-07
    endloop
  endfacet
  facet normal 0.0433266 0.999061 -0
    outer loop
      vertex 19.3 -28.4 1.90735e-07
      vertex 19.2216 -28.3966 6
      vertex 19.3 -28.4 6
    endloop
  endfacet
  facet normal 0.0433266 0.999061 0
    outer loop
      vertex 19.2216 -28.3966 6
      vertex 19.3 -28.4 1.90735e-07
      vertex 19.2216 -28.3966 1.90735e-07
    endloop
  endfacet
  facet normal 0.13108 -0.991372 0
    outer loop
      vertex 19.1437 -26.6137 1.90735e-07
      vertex 19.2216 -26.6034 6
      vertex 19.1437 -26.6137 6
    endloop
  endfacet
  facet normal 0.13108 -0.991372 0
    outer loop
      vertex 19.2216 -26.6034 6
      vertex 19.1437 -26.6137 1.90735e-07
      vertex 19.2216 -26.6034 1.90735e-07
    endloop
  endfacet
  facet normal -0.300522 0.953775 0
    outer loop
      vertex 19.6078 -28.3457 1.90735e-07
      vertex 19.5329 -28.3693 6
      vertex 19.6078 -28.3457 6
    endloop
  endfacet
  facet normal -0.300522 0.953775 0
    outer loop
      vertex 19.5329 -28.3693 6
      vertex 19.6078 -28.3457 1.90735e-07
      vertex 19.5329 -28.3693 1.90735e-07
    endloop
  endfacet
  facet normal 0.886653 -0.462435 0
    outer loop
      vertex 18.4843 -27.1196 6
      vertex 18.5206 -27.05 1.90735e-07
      vertex 18.5206 -27.05 6
    endloop
  endfacet
  facet normal 0.886653 -0.462435 0
    outer loop
      vertex 18.5206 -27.05 1.90735e-07
      vertex 18.4843 -27.1196 6
      vertex 18.4843 -27.1196 1.90735e-07
    endloop
  endfacet
  facet normal 0.462435 0.886653 -0
    outer loop
      vertex 18.9196 -28.3157 1.90735e-07
      vertex 18.85 -28.2794 6
      vertex 18.9196 -28.3157 6
    endloop
  endfacet
  facet normal 0.462435 0.886653 0
    outer loop
      vertex 18.85 -28.2794 6
      vertex 18.9196 -28.3157 1.90735e-07
      vertex 18.85 -28.2794 1.90735e-07
    endloop
  endfacet
  facet normal -0.300522 -0.953775 0
    outer loop
      vertex 19.5329 -26.6307 1.90735e-07
      vertex 19.6078 -26.6543 6
      vertex 19.5329 -26.6307 6
    endloop
  endfacet
  facet normal -0.300522 -0.953775 -0
    outer loop
      vertex 19.6078 -26.6543 6
      vertex 19.5329 -26.6307 1.90735e-07
      vertex 19.6078 -26.6543 1.90735e-07
    endloop
  endfacet
  facet normal -0.886653 0.462435 0
    outer loop
      vertex 20.0794 -27.95 1.90735e-07
      vertex 20.1157 -27.8804 6
      vertex 20.1157 -27.8804 1.90735e-07
    endloop
  endfacet
  facet normal -0.886653 0.462435 0
    outer loop
      vertex 20.1157 -27.8804 6
      vertex 20.0794 -27.95 1.90735e-07
      vertex 20.0794 -27.95 6
    endloop
  endfacet
  facet normal 0.608726 0.793381 -0
    outer loop
      vertex 18.7838 -28.2372 1.90735e-07
      vertex 18.7215 -28.1894 6
      vertex 18.7838 -28.2372 6
    endloop
  endfacet
  facet normal 0.608726 0.793381 0
    outer loop
      vertex 18.7215 -28.1894 6
      vertex 18.7838 -28.2372 1.90735e-07
      vertex 18.7215 -28.1894 1.90735e-07
    endloop
  endfacet
  facet normal 0.216661 -0.976247 0
    outer loop
      vertex 19.0671 -26.6307 1.90735e-07
      vertex 19.1437 -26.6137 6
      vertex 19.0671 -26.6307 6
    endloop
  endfacet
  facet normal 0.216661 -0.976247 0
    outer loop
      vertex 19.1437 -26.6137 6
      vertex 19.0671 -26.6307 1.90735e-07
      vertex 19.1437 -26.6137 1.90735e-07
    endloop
  endfacet
  facet normal -0.675205 -0.73763 0
    outer loop
      vertex 19.8785 -26.8106 1.90735e-07
      vertex 19.9364 -26.8636 6
      vertex 19.8785 -26.8106 6
    endloop
  endfacet
  facet normal -0.675205 -0.73763 -0
    outer loop
      vertex 19.9364 -26.8636 6
      vertex 19.8785 -26.8106 1.90735e-07
      vertex 19.9364 -26.8636 1.90735e-07
    endloop
  endfacet
  facet normal -0.537535 0.843242 0
    outer loop
      vertex 19.8162 -28.2372 1.90735e-07
      vertex 19.75 -28.2794 6
      vertex 19.8162 -28.2372 6
    endloop
  endfacet
  facet normal -0.537535 0.843242 0
    outer loop
      vertex 19.75 -28.2794 6
      vertex 19.8162 -28.2372 1.90735e-07
      vertex 19.75 -28.2794 1.90735e-07
    endloop
  endfacet
  facet normal -0.608726 0.793381 0
    outer loop
      vertex 19.8785 -28.1894 1.90735e-07
      vertex 19.8162 -28.2372 6
      vertex 19.8785 -28.1894 6
    endloop
  endfacet
  facet normal -0.608726 0.793381 0
    outer loop
      vertex 19.8162 -28.2372 6
      vertex 19.8785 -28.1894 1.90735e-07
      vertex 19.8162 -28.2372 1.90735e-07
    endloop
  endfacet
  facet normal -0.13108 -0.991372 0
    outer loop
      vertex 19.3784 -26.6034 1.90735e-07
      vertex 19.4563 -26.6137 6
      vertex 19.3784 -26.6034 6
    endloop
  endfacet
  facet normal -0.13108 -0.991372 -0
    outer loop
      vertex 19.4563 -26.6137 6
      vertex 19.3784 -26.6034 1.90735e-07
      vertex 19.4563 -26.6137 1.90735e-07
    endloop
  endfacet
  facet normal -0.953775 -0.300522 0
    outer loop
      vertex 20.1693 -27.2671 1.90735e-07
      vertex 20.1457 -27.1922 6
      vertex 20.1457 -27.1922 1.90735e-07
    endloop
  endfacet
  facet normal -0.953775 -0.300522 0
    outer loop
      vertex 20.1457 -27.1922 6
      vertex 20.1693 -27.2671 1.90735e-07
      vertex 20.1693 -27.2671 6
    endloop
  endfacet
  facet normal -0.924203 -0.381902 0
    outer loop
      vertex 20.1457 -27.1922 1.90735e-07
      vertex 20.1157 -27.1196 6
      vertex 20.1157 -27.1196 1.90735e-07
    endloop
  endfacet
  facet normal -0.924203 -0.381902 0
    outer loop
      vertex 20.1157 -27.1196 6
      vertex 20.1457 -27.1922 1.90735e-07
      vertex 20.1457 -27.1922 6
    endloop
  endfacet
  facet normal 0.953775 0.300522 0
    outer loop
      vertex 18.4543 -27.8078 6
      vertex 18.4307 -27.7329 1.90735e-07
      vertex 18.4307 -27.7329 6
    endloop
  endfacet
  facet normal 0.953775 0.300522 0
    outer loop
      vertex 18.4307 -27.7329 1.90735e-07
      vertex 18.4543 -27.8078 6
      vertex 18.4543 -27.8078 1.90735e-07
    endloop
  endfacet
  facet normal 0.381902 -0.924203 0
    outer loop
      vertex 18.9196 -26.6843 1.90735e-07
      vertex 18.9922 -26.6543 6
      vertex 18.9196 -26.6843 6
    endloop
  endfacet
  facet normal 0.381902 -0.924203 0
    outer loop
      vertex 18.9922 -26.6543 6
      vertex 18.9196 -26.6843 1.90735e-07
      vertex 18.9922 -26.6543 1.90735e-07
    endloop
  endfacet
  facet normal -0.924203 0.381902 0
    outer loop
      vertex 20.1157 -27.8804 1.90735e-07
      vertex 20.1457 -27.8078 6
      vertex 20.1457 -27.8078 1.90735e-07
    endloop
  endfacet
  facet normal -0.924203 0.381902 0
    outer loop
      vertex 20.1457 -27.8078 6
      vertex 20.1157 -27.8804 1.90735e-07
      vertex 20.1157 -27.8804 6
    endloop
  endfacet
  facet normal 0.999061 -0.0433266 0
    outer loop
      vertex 18.4 -27.5 6
      vertex 18.4034 -27.4216 1.90735e-07
      vertex 18.4034 -27.4216 6
    endloop
  endfacet
  facet normal 0.999061 -0.0433266 0
    outer loop
      vertex 18.4034 -27.4216 1.90735e-07
      vertex 18.4 -27.5 6
      vertex 18.4 -27.5 1.90735e-07
    endloop
  endfacet
  facet normal -0.73763 -0.675205 0
    outer loop
      vertex 19.9894 -26.9215 1.90735e-07
      vertex 19.9364 -26.8636 6
      vertex 19.9364 -26.8636 1.90735e-07
    endloop
  endfacet
  facet normal -0.73763 -0.675205 0
    outer loop
      vertex 19.9364 -26.8636 6
      vertex 19.9894 -26.9215 1.90735e-07
      vertex 19.9894 -26.9215 6
    endloop
  endfacet
  facet normal -0.999061 -0.0433266 0
    outer loop
      vertex 20.2 -27.5 1.90735e-07
      vertex 20.1966 -27.4216 6
      vertex 20.1966 -27.4216 1.90735e-07
    endloop
  endfacet
  facet normal -0.999061 -0.0433266 0
    outer loop
      vertex 20.1966 -27.4216 6
      vertex 20.2 -27.5 1.90735e-07
      vertex 20.2 -27.5 6
    endloop
  endfacet
  facet normal -0.0433266 0.999061 0
    outer loop
      vertex 19.3784 -28.3966 1.90735e-07
      vertex 19.3 -28.4 6
      vertex 19.3784 -28.3966 6
    endloop
  endfacet
  facet normal -0.0433266 0.999061 0
    outer loop
      vertex 19.3 -28.4 6
      vertex 19.3784 -28.3966 1.90735e-07
      vertex 19.3 -28.4 1.90735e-07
    endloop
  endfacet
  facet normal 0.73763 0.675205 0
    outer loop
      vertex 18.6636 -28.1364 6
      vertex 18.6106 -28.0785 1.90735e-07
      vertex 18.6106 -28.0785 6
    endloop
  endfacet
  facet normal 0.73763 0.675205 0
    outer loop
      vertex 18.6106 -28.0785 1.90735e-07
      vertex 18.6636 -28.1364 6
      vertex 18.6636 -28.1364 1.90735e-07
    endloop
  endfacet
  facet normal 0.300522 0.953775 -0
    outer loop
      vertex 19.0671 -28.3693 1.90735e-07
      vertex 18.9922 -28.3457 6
      vertex 19.0671 -28.3693 6
    endloop
  endfacet
  facet normal 0.300522 0.953775 0
    outer loop
      vertex 18.9922 -28.3457 6
      vertex 19.0671 -28.3693 1.90735e-07
      vertex 18.9922 -28.3457 1.90735e-07
    endloop
  endfacet
  facet normal 0.793381 -0.608726 0
    outer loop
      vertex 18.5628 -26.9838 6
      vertex 18.6106 -26.9215 1.90735e-07
      vertex 18.6106 -26.9215 6
    endloop
  endfacet
  facet normal 0.793381 -0.608726 0
    outer loop
      vertex 18.6106 -26.9215 1.90735e-07
      vertex 18.5628 -26.9838 6
      vertex 18.5628 -26.9838 1.90735e-07
    endloop
  endfacet
  facet normal 0.13108 0.991372 -0
    outer loop
      vertex 19.2216 -28.3966 1.90735e-07
      vertex 19.1437 -28.3863 6
      vertex 19.2216 -28.3966 6
    endloop
  endfacet
  facet normal 0.13108 0.991372 0
    outer loop
      vertex 19.1437 -28.3863 6
      vertex 19.2216 -28.3966 1.90735e-07
      vertex 19.1437 -28.3863 1.90735e-07
    endloop
  endfacet
  facet normal 0.381902 0.924203 -0
    outer loop
      vertex 18.9922 -28.3457 1.90735e-07
      vertex 18.9196 -28.3157 6
      vertex 18.9922 -28.3457 6
    endloop
  endfacet
  facet normal 0.381902 0.924203 0
    outer loop
      vertex 18.9196 -28.3157 6
      vertex 18.9922 -28.3457 1.90735e-07
      vertex 18.9196 -28.3157 1.90735e-07
    endloop
  endfacet
  facet normal 0.73763 -0.675205 0
    outer loop
      vertex 18.6106 -26.9215 6
      vertex 18.6636 -26.8636 1.90735e-07
      vertex 18.6636 -26.8636 6
    endloop
  endfacet
  facet normal 0.73763 -0.675205 0
    outer loop
      vertex 18.6636 -26.8636 1.90735e-07
      vertex 18.6106 -26.9215 6
      vertex 18.6106 -26.9215 1.90735e-07
    endloop
  endfacet
  facet normal 0.675205 -0.73763 0
    outer loop
      vertex 18.6636 -26.8636 1.90735e-07
      vertex 18.7215 -26.8106 6
      vertex 18.6636 -26.8636 6
    endloop
  endfacet
  facet normal 0.675205 -0.73763 0
    outer loop
      vertex 18.7215 -26.8106 6
      vertex 18.6636 -26.8636 1.90735e-07
      vertex 18.7215 -26.8106 1.90735e-07
    endloop
  endfacet
  facet normal 0.976247 -0.216661 0
    outer loop
      vertex 18.4137 -27.3437 6
      vertex 18.4307 -27.2671 1.90735e-07
      vertex 18.4307 -27.2671 6
    endloop
  endfacet
  facet normal 0.976247 -0.216661 0
    outer loop
      vertex 18.4307 -27.2671 1.90735e-07
      vertex 18.4137 -27.3437 6
      vertex 18.4137 -27.3437 1.90735e-07
    endloop
  endfacet
  facet normal -0.675205 0.73763 0
    outer loop
      vertex 19.9364 -28.1364 1.90735e-07
      vertex 19.8785 -28.1894 6
      vertex 19.9364 -28.1364 6
    endloop
  endfacet
  facet normal -0.675205 0.73763 0
    outer loop
      vertex 19.8785 -28.1894 6
      vertex 19.9364 -28.1364 1.90735e-07
      vertex 19.8785 -28.1894 1.90735e-07
    endloop
  endfacet
  facet normal -0.462435 -0.886653 0
    outer loop
      vertex 19.6804 -26.6843 1.90735e-07
      vertex 19.75 -26.7206 6
      vertex 19.6804 -26.6843 6
    endloop
  endfacet
  facet normal -0.462435 -0.886653 -0
    outer loop
      vertex 19.75 -26.7206 6
      vertex 19.6804 -26.6843 1.90735e-07
      vertex 19.75 -26.7206 1.90735e-07
    endloop
  endfacet
  facet normal -0.976247 -0.216661 0
    outer loop
      vertex 20.1863 -27.3437 1.90735e-07
      vertex 20.1693 -27.2671 6
      vertex 20.1693 -27.2671 1.90735e-07
    endloop
  endfacet
  facet normal -0.976247 -0.216661 0
    outer loop
      vertex 20.1693 -27.2671 6
      vertex 20.1863 -27.3437 1.90735e-07
      vertex 20.1863 -27.3437 6
    endloop
  endfacet
  facet normal -0.886653 -0.462435 0
    outer loop
      vertex 20.1157 -27.1196 1.90735e-07
      vertex 20.0794 -27.05 6
      vertex 20.0794 -27.05 1.90735e-07
    endloop
  endfacet
  facet normal -0.886653 -0.462435 0
    outer loop
      vertex 20.0794 -27.05 6
      vertex 20.1157 -27.1196 1.90735e-07
      vertex 20.1157 -27.1196 6
    endloop
  endfacet
  facet normal -0.793381 0.608726 0
    outer loop
      vertex 19.9894 -28.0785 1.90735e-07
      vertex 20.0372 -28.0162 6
      vertex 20.0372 -28.0162 1.90735e-07
    endloop
  endfacet
  facet normal -0.793381 0.608726 0
    outer loop
      vertex 20.0372 -28.0162 6
      vertex 19.9894 -28.0785 1.90735e-07
      vertex 19.9894 -28.0785 6
    endloop
  endfacet
  facet normal -0.608726 -0.793381 0
    outer loop
      vertex 19.8162 -26.7628 1.90735e-07
      vertex 19.8785 -26.8106 6
      vertex 19.8162 -26.7628 6
    endloop
  endfacet
  facet normal -0.608726 -0.793381 -0
    outer loop
      vertex 19.8785 -26.8106 6
      vertex 19.8162 -26.7628 1.90735e-07
      vertex 19.8785 -26.8106 1.90735e-07
    endloop
  endfacet
  facet normal 0.886653 0.462435 0
    outer loop
      vertex 18.5206 -27.95 6
      vertex 18.4843 -27.8804 1.90735e-07
      vertex 18.4843 -27.8804 6
    endloop
  endfacet
  facet normal 0.886653 0.462435 0
    outer loop
      vertex 18.4843 -27.8804 1.90735e-07
      vertex 18.5206 -27.95 6
      vertex 18.5206 -27.95 1.90735e-07
    endloop
  endfacet
  facet normal -0.843242 0.537535 0
    outer loop
      vertex 20.0372 -28.0162 1.90735e-07
      vertex 20.0794 -27.95 6
      vertex 20.0794 -27.95 1.90735e-07
    endloop
  endfacet
  facet normal -0.843242 0.537535 0
    outer loop
      vertex 20.0794 -27.95 6
      vertex 20.0372 -28.0162 1.90735e-07
      vertex 20.0372 -28.0162 6
    endloop
  endfacet
  facet normal 0.608726 -0.793381 0
    outer loop
      vertex 18.7215 -26.8106 1.90735e-07
      vertex 18.7838 -26.7628 6
      vertex 18.7215 -26.8106 6
    endloop
  endfacet
  facet normal 0.608726 -0.793381 0
    outer loop
      vertex 18.7838 -26.7628 6
      vertex 18.7215 -26.8106 1.90735e-07
      vertex 18.7838 -26.7628 1.90735e-07
    endloop
  endfacet
  facet normal 0.843242 0.537535 0
    outer loop
      vertex 18.5628 -28.0162 6
      vertex 18.5206 -27.95 1.90735e-07
      vertex 18.5206 -27.95 6
    endloop
  endfacet
  facet normal 0.843242 0.537535 0
    outer loop
      vertex 18.5206 -27.95 1.90735e-07
      vertex 18.5628 -28.0162 6
      vertex 18.5628 -28.0162 1.90735e-07
    endloop
  endfacet
  facet normal 0 0 -1
    outer loop
      vertex 20.1966 -27.5784 6
      vertex 20.1966 -27.4216 6
      vertex 20.2 -27.5 6
    endloop
  endfacet
  facet normal 0 0 -1
    outer loop
      vertex 20.1863 -27.6563 6
      vertex 20.1966 -27.4216 6
      vertex 20.1966 -27.5784 6
    endloop
  endfacet
  facet normal 0 0 -1
    outer loop
      vertex 20.1863 -27.6563 6
      vertex 20.1863 -27.3437 6
      vertex 20.1966 -27.4216 6
    endloop
  endfacet
  facet normal 0 0 -1
    outer loop
      vertex 20.1693 -27.7329 6
      vertex 20.1863 -27.3437 6
      vertex 20.1863 -27.6563 6
    endloop
  endfacet
  facet normal 0 0 -1
    outer loop
      vertex 20.1693 -27.7329 6
      vertex 20.1693 -27.2671 6
      vertex 20.1863 -27.3437 6
    endloop
  endfacet
  facet normal 0 0 -1
    outer loop
      vertex 20.1457 -27.8078 6
      vertex 20.1693 -27.2671 6
      vertex 20.1693 -27.7329 6
    endloop
  endfacet
  facet normal 0 0 -1
    outer loop
      vertex 20.1457 -27.8078 6
      vertex 20.1457 -27.1922 6
      vertex 20.1693 -27.2671 6
    endloop
  endfacet
  facet normal 0 0 -1
    outer loop
      vertex 20.1157 -27.8804 6
      vertex 20.1457 -27.1922 6
      vertex 20.1457 -27.8078 6
    endloop
  endfacet
  facet normal 0 0 -1
    outer loop
      vertex 20.1157 -27.8804 6
      vertex 20.1157 -27.1196 6
      vertex 20.1457 -27.1922 6
    endloop
  endfacet
  facet normal 0 0 -1
    outer loop
      vertex 20.0794 -27.95 6
      vertex 20.1157 -27.1196 6
      vertex 20.1157 -27.8804 6
    endloop
  endfacet
  facet normal 0 0 -1
    outer loop
      vertex 20.0794 -27.95 6
      vertex 20.0794 -27.05 6
      vertex 20.1157 -27.1196 6
    endloop
  endfacet
  facet normal 0 0 -1
    outer loop
      vertex 20.0372 -28.0162 6
      vertex 20.0794 -27.05 6
      vertex 20.0794 -27.95 6
    endloop
  endfacet
  facet normal 0 0 -1
    outer loop
      vertex 20.0372 -28.0162 6
      vertex 20.0372 -26.9838 6
      vertex 20.0794 -27.05 6
    endloop
  endfacet
  facet normal 0 0 -1
    outer loop
      vertex 19.9894 -28.0785 6
      vertex 20.0372 -26.9838 6
      vertex 20.0372 -28.0162 6
    endloop
  endfacet
  facet normal 0 0 -1
    outer loop
      vertex 19.9894 -28.0785 6
      vertex 19.9894 -26.9215 6
      vertex 20.0372 -26.9838 6
    endloop
  endfacet
  facet normal 0 0 -1
    outer loop
      vertex 19.9364 -28.1364 6
      vertex 19.9894 -26.9215 6
      vertex 19.9894 -28.0785 6
    endloop
  endfacet
  facet normal 0 0 -1
    outer loop
      vertex 19.9364 -28.1364 6
      vertex 19.9364 -26.8636 6
      vertex 19.9894 -26.9215 6
    endloop
  endfacet
  facet normal 0 0 -1
    outer loop
      vertex 19.8785 -28.1894 6
      vertex 19.9364 -26.8636 6
      vertex 19.9364 -28.1364 6
    endloop
  endfacet
  facet normal 0 0 -1
    outer loop
      vertex 19.8785 -28.1894 6
      vertex 19.8785 -26.8106 6
      vertex 19.9364 -26.8636 6
    endloop
  endfacet
  facet normal 0 0 -1
    outer loop
      vertex 19.8162 -28.2372 6
      vertex 19.8785 -26.8106 6
      vertex 19.8785 -28.1894 6
    endloop
  endfacet
  facet normal 0 0 -1
    outer loop
      vertex 19.8162 -28.2372 6
      vertex 19.8162 -26.7628 6
      vertex 19.8785 -26.8106 6
    endloop
  endfacet
  facet normal 0 0 -1
    outer loop
      vertex 19.75 -28.2794 6
      vertex 19.8162 -26.7628 6
      vertex 19.8162 -28.2372 6
    endloop
  endfacet
  facet normal 0 0 -1
    outer loop
      vertex 19.75 -28.2794 6
      vertex 19.75 -26.7206 6
      vertex 19.8162 -26.7628 6
    endloop
  endfacet
  facet normal 0 0 -1
    outer loop
      vertex 19.6804 -28.3157 6
      vertex 19.75 -26.7206 6
      vertex 19.75 -28.2794 6
    endloop
  endfacet
  facet normal 0 0 -1
    outer loop
      vertex 19.6804 -28.3157 6
      vertex 19.6804 -26.6843 6
      vertex 19.75 -26.7206 6
    endloop
  endfacet
  facet normal 0 0 -1
    outer loop
      vertex 19.6078 -28.3457 6
      vertex 19.6804 -26.6843 6
      vertex 19.6804 -28.3157 6
    endloop
  endfacet
  facet normal 0 0 -1
    outer loop
      vertex 19.6078 -28.3457 6
      vertex 19.6078 -26.6543 6
      vertex 19.6804 -26.6843 6
    endloop
  endfacet
  facet normal 0 0 -1
    outer loop
      vertex 19.5329 -28.3693 6
      vertex 19.6078 -26.6543 6
      vertex 19.6078 -28.3457 6
    endloop
  endfacet
  facet normal 0 0 -1
    outer loop
      vertex 19.5329 -28.3693 6
      vertex 19.5329 -26.6307 6
      vertex 19.6078 -26.6543 6
    endloop
  endfacet
  facet normal 0 0 -1
    outer loop
      vertex 19.4563 -28.3863 6
      vertex 19.5329 -26.6307 6
      vertex 19.5329 -28.3693 6
    endloop
  endfacet
  facet normal 0 0 -1
    outer loop
      vertex 19.4563 -28.3863 6
      vertex 19.4563 -26.6137 6
      vertex 19.5329 -26.6307 6
    endloop
  endfacet
  facet normal 0 0 -1
    outer loop
      vertex 19.3784 -28.3966 6
      vertex 19.4563 -26.6137 6
      vertex 19.4563 -28.3863 6
    endloop
  endfacet
  facet normal 0 0 -1
    outer loop
      vertex 19.3784 -28.3966 6
      vertex 19.3784 -26.6034 6
      vertex 19.4563 -26.6137 6
    endloop
  endfacet
  facet normal 0 0 -1
    outer loop
      vertex 19.3 -28.4 6
      vertex 19.3784 -26.6034 6
      vertex 19.3784 -28.3966 6
    endloop
  endfacet
  facet normal 0 0 -1
    outer loop
      vertex 19.3 -28.4 6
      vertex 19.3 -26.6 6
      vertex 19.3784 -26.6034 6
    endloop
  endfacet
  facet normal 0 0 -1
    outer loop
      vertex 19.2216 -28.3966 6
      vertex 19.3 -26.6 6
      vertex 19.3 -28.4 6
    endloop
  endfacet
  facet normal 0 0 -1
    outer loop
      vertex 19.2216 -28.3966 6
      vertex 19.2216 -26.6034 6
      vertex 19.3 -26.6 6
    endloop
  endfacet
  facet normal 0 0 -1
    outer loop
      vertex 19.1437 -28.3863 6
      vertex 19.2216 -26.6034 6
      vertex 19.2216 -28.3966 6
    endloop
  endfacet
  facet normal 0 0 -1
    outer loop
      vertex 19.1437 -28.3863 6
      vertex 19.1437 -26.6137 6
      vertex 19.2216 -26.6034 6
    endloop
  endfacet
  facet normal 0 0 -1
    outer loop
      vertex 19.0671 -28.3693 6
      vertex 19.1437 -26.6137 6
      vertex 19.1437 -28.3863 6
    endloop
  endfacet
  facet normal 0 0 -1
    outer loop
      vertex 19.0671 -28.3693 6
      vertex 19.0671 -26.6307 6
      vertex 19.1437 -26.6137 6
    endloop
  endfacet
  facet normal 0 0 -1
    outer loop
      vertex 18.9922 -28.3457 6
      vertex 19.0671 -26.6307 6
      vertex 19.0671 -28.3693 6
    endloop
  endfacet
  facet normal 0 0 -1
    outer loop
      vertex 18.9922 -28.3457 6
      vertex 18.9922 -26.6543 6
      vertex 19.0671 -26.6307 6
    endloop
  endfacet
  facet normal 0 0 -1
    outer loop
      vertex 18.9196 -28.3157 6
      vertex 18.9922 -26.6543 6
      vertex 18.9922 -28.3457 6
    endloop
  endfacet
  facet normal 0 0 -1
    outer loop
      vertex 18.9196 -28.3157 6
      vertex 18.9196 -26.6843 6
      vertex 18.9922 -26.6543 6
    endloop
  endfacet
  facet normal 0 0 -1
    outer loop
      vertex 18.85 -28.2794 6
      vertex 18.9196 -26.6843 6
      vertex 18.9196 -28.3157 6
    endloop
  endfacet
  facet normal 0 0 -1
    outer loop
      vertex 18.85 -28.2794 6
      vertex 18.85 -26.7206 6
      vertex 18.9196 -26.6843 6
    endloop
  endfacet
  facet normal 0 0 -1
    outer loop
      vertex 18.7838 -28.2372 6
      vertex 18.85 -26.7206 6
      vertex 18.85 -28.2794 6
    endloop
  endfacet
  facet normal 0 0 -1
    outer loop
      vertex 18.7838 -28.2372 6
      vertex 18.7838 -26.7628 6
      vertex 18.85 -26.7206 6
    endloop
  endfacet
  facet normal 0 0 -1
    outer loop
      vertex 18.7215 -28.1894 6
      vertex 18.7838 -26.7628 6
      vertex 18.7838 -28.2372 6
    endloop
  endfacet
  facet normal 0 0 -1
    outer loop
      vertex 18.7215 -28.1894 6
      vertex 18.7215 -26.8106 6
      vertex 18.7838 -26.7628 6
    endloop
  endfacet
  facet normal 0 0 -1
    outer loop
      vertex 18.6636 -28.1364 6
      vertex 18.7215 -26.8106 6
      vertex 18.7215 -28.1894 6
    endloop
  endfacet
  facet normal 0 0 -1
    outer loop
      vertex 18.6636 -28.1364 6
      vertex 18.6636 -26.8636 6
      vertex 18.7215 -26.8106 6
    endloop
  endfacet
  facet normal 0 0 -1
    outer loop
      vertex 18.6106 -28.0785 6
      vertex 18.6636 -26.8636 6
      vertex 18.6636 -28.1364 6
    endloop
  endfacet
  facet normal 0 0 -1
    outer loop
      vertex 18.6106 -28.0785 6
      vertex 18.6106 -26.9215 6
      vertex 18.6636 -26.8636 6
    endloop
  endfacet
  facet normal 0 0 -1
    outer loop
      vertex 18.5628 -28.0162 6
      vertex 18.6106 -26.9215 6
      vertex 18.6106 -28.0785 6
    endloop
  endfacet
  facet normal 0 0 -1
    outer loop
      vertex 18.5628 -28.0162 6
      vertex 18.5628 -26.9838 6
      vertex 18.6106 -26.9215 6
    endloop
  endfacet
  facet normal 0 0 -1
    outer loop
      vertex 18.5206 -27.95 6
      vertex 18.5628 -26.9838 6
      vertex 18.5628 -28.0162 6
    endloop
  endfacet
  facet normal 0 0 -1
    outer loop
      vertex 18.5206 -27.95 6
      vertex 18.5206 -27.05 6
      vertex 18.5628 -26.9838 6
    endloop
  endfacet
  facet normal 0 0 -1
    outer loop
      vertex 18.4843 -27.8804 6
      vertex 18.5206 -27.05 6
      vertex 18.5206 -27.95 6
    endloop
  endfacet
  facet normal 0 0 -1
    outer loop
      vertex 18.4843 -27.8804 6
      vertex 18.4843 -27.1196 6
      vertex 18.5206 -27.05 6
    endloop
  endfacet
  facet normal 0 0 -1
    outer loop
      vertex 18.4543 -27.8078 6
      vertex 18.4843 -27.1196 6
      vertex 18.4843 -27.8804 6
    endloop
  endfacet
  facet normal 0 0 -1
    outer loop
      vertex 18.4543 -27.8078 6
      vertex 18.4543 -27.1922 6
      vertex 18.4843 -27.1196 6
    endloop
  endfacet
  facet normal 0 0 -1
    outer loop
      vertex 18.4307 -27.7329 6
      vertex 18.4543 -27.1922 6
      vertex 18.4543 -27.8078 6
    endloop
  endfacet
  facet normal 0 0 -1
    outer loop
      vertex 18.4307 -27.7329 6
      vertex 18.4307 -27.2671 6
      vertex 18.4543 -27.1922 6
    endloop
  endfacet
  facet normal 0 0 -1
    outer loop
      vertex 18.4137 -27.6563 6
      vertex 18.4307 -27.2671 6
      vertex 18.4307 -27.7329 6
    endloop
  endfacet
  facet normal 0 0 -1
    outer loop
      vertex 18.4137 -27.6563 6
      vertex 18.4137 -27.3437 6
      vertex 18.4307 -27.2671 6
    endloop
  endfacet
  facet normal 0 0 -1
    outer loop
      vertex 18.4034 -27.5784 6
      vertex 18.4137 -27.3437 6
      vertex 18.4137 -27.6563 6
    endloop
  endfacet
  facet normal 0 0 -1
    outer loop
      vertex 18.4034 -27.5784 6
      vertex 18.4034 -27.4216 6
      vertex 18.4137 -27.3437 6
    endloop
  endfacet
  facet normal 0 -0 -1
    outer loop
      vertex 18.4034 -27.4216 6
      vertex 18.4034 -27.5784 6
      vertex 18.4 -27.5 6
    endloop
  endfacet
  facet normal 0.999061 0.0433266 0
    outer loop
      vertex 18.4034 -27.5784 6
      vertex 18.4 -27.5 1.90735e-07
      vertex 18.4 -27.5 6
    endloop
  endfacet
  facet normal 0.999061 0.0433266 0
    outer loop
      vertex 18.4 -27.5 1.90735e-07
      vertex 18.4034 -27.5784 6
      vertex 18.4034 -27.5784 1.90735e-07
    endloop
  endfacet
  facet normal 0.300522 -0.953775 0
    outer loop
      vertex 18.9922 -26.6543 1.90735e-07
      vertex 19.0671 -26.6307 6
      vertex 18.9922 -26.6543 6
    endloop
  endfacet
  facet normal 0.300522 -0.953775 0
    outer loop
      vertex 19.0671 -26.6307 6
      vertex 18.9922 -26.6543 1.90735e-07
      vertex 19.0671 -26.6307 1.90735e-07
    endloop
  endfacet
  facet normal -0.216661 0.976247 0
    outer loop
      vertex 19.5329 -28.3693 1.90735e-07
      vertex 19.4563 -28.3863 6
      vertex 19.5329 -28.3693 6
    endloop
  endfacet
  facet normal -0.216661 0.976247 0
    outer loop
      vertex 19.4563 -28.3863 6
      vertex 19.5329 -28.3693 1.90735e-07
      vertex 19.4563 -28.3863 1.90735e-07
    endloop
  endfacet
  facet normal 0.537535 -0.843242 0
    outer loop
      vertex 18.7838 -26.7628 1.90735e-07
      vertex 18.85 -26.7206 6
      vertex 18.7838 -26.7628 6
    endloop
  endfacet
  facet normal 0.537535 -0.843242 0
    outer loop
      vertex 18.85 -26.7206 6
      vertex 18.7838 -26.7628 1.90735e-07
      vertex 18.85 -26.7206 1.90735e-07
    endloop
  endfacet
  facet normal 0.924203 0.381902 0
    outer loop
      vertex 18.4843 -27.8804 6
      vertex 18.4543 -27.8078 1.90735e-07
      vertex 18.4543 -27.8078 6
    endloop
  endfacet
  facet normal 0.924203 0.381902 0
    outer loop
      vertex 18.4543 -27.8078 1.90735e-07
      vertex 18.4843 -27.8804 6
      vertex 18.4843 -27.8804 1.90735e-07
    endloop
  endfacet
  facet normal -0.991446 0 -0.130521
    outer loop
      vertex 1.59391 -51 12.9394
      vertex 1.57569 -44.9268 13.0778
      vertex 1.59391 -44.9244 12.9394
    endloop
  endfacet
  facet normal -0.991446 -0 -0.130521
    outer loop
      vertex 1.57569 -44.9268 13.0778
      vertex 1.59391 -51 12.9394
      vertex 1.57569 -51 13.0778
    endloop
  endfacet
  facet normal -0.999047 0 -0.0436456
    outer loop
      vertex 1.6 -51 12.8
      vertex 1.59391 -44.9244 12.9394
      vertex 1.6 -44.9236 12.8
    endloop
  endfacet
  facet normal -0.999047 -0 -0.0436456
    outer loop
      vertex 1.59391 -44.9244 12.9394
      vertex 1.6 -51 12.8
      vertex 1.59391 -51 12.9394
    endloop
  endfacet
  facet normal -0.976307 0 -0.216392
    outer loop
      vertex 1.57569 -51 13.0778
      vertex 1.54548 -44.9307 13.2141
      vertex 1.57569 -44.9268 13.0778
    endloop
  endfacet
  facet normal -0.976307 -0 -0.216392
    outer loop
      vertex 1.54548 -44.9307 13.2141
      vertex 1.57569 -51 13.0778
      vertex 1.54548 -51 13.2141
    endloop
  endfacet
  facet normal -0.608435 -0 -0.793603
    outer loop
      vertex 0.917722 -44.9599 14.1106
      vertex 1.02846 -51 14.0257
      vertex 0.917722 -51 14.1106
    endloop
  endfacet
  facet normal -0.608435 0 -0.793603
    outer loop
      vertex 1.02846 -51 14.0257
      vertex 0.917722 -44.9599 14.1106
      vertex 1.02846 -44.9551 14.0257
    endloop
  endfacet
  facet normal -0.737243 0 0.675627
    outer loop
      vertex 1.22567 -51 11.7715
      vertex 1.13137 -44.9506 11.6686
      vertex 1.13137 -51 11.6686
    endloop
  endfacet
  facet normal -0.737243 0 0.675627
    outer loop
      vertex 1.13137 -44.9506 11.6686
      vertex 1.22567 -51 11.7715
      vertex 1.22567 -44.9465 11.7715
    endloop
  endfacet
  facet normal 0.608435 0 -0.793603
    outer loop
      vertex -1.02846 -51 14.0257
      vertex -0.917722 -44.9599 14.1106
      vertex -0.917722 -51 14.1106
    endloop
  endfacet
  facet normal 0.608435 0 -0.793603
    outer loop
      vertex -0.917722 -44.9599 14.1106
      vertex -1.02846 -51 14.0257
      vertex -1.02846 -44.9551 14.0257
    endloop
  endfacet
  facet normal 0.537311 0 -0.843384
    outer loop
      vertex -0.917722 -51 14.1106
      vertex -0.799999 -44.9651 14.1856
      vertex -0.799999 -51 14.1856
    endloop
  endfacet
  facet normal 0.537311 0 -0.843384
    outer loop
      vertex -0.799999 -44.9651 14.1856
      vertex -0.917722 -51 14.1106
      vertex -0.917722 -44.9599 14.1106
    endloop
  endfacet
  facet normal -0.46202 -0 -0.88687
    outer loop
      vertex 0.676188 -44.9705 14.2501
      vertex 0.799999 -51 14.1856
      vertex 0.676188 -51 14.2501
    endloop
  endfacet
  facet normal -0.46202 0 -0.88687
    outer loop
      vertex 0.799999 -51 14.1856
      vertex 0.676188 -44.9705 14.2501
      vertex 0.799999 -44.9651 14.1856
    endloop
  endfacet
  facet normal 0.46202 0 -0.88687
    outer loop
      vertex -0.799999 -51 14.1856
      vertex -0.676188 -44.9705 14.2501
      vertex -0.676188 -51 14.2501
    endloop
  endfacet
  facet normal 0.46202 0 -0.88687
    outer loop
      vertex -0.676188 -44.9705 14.2501
      vertex -0.799999 -51 14.1856
      vertex -0.799999 -44.9651 14.1856
    endloop
  endfacet
  facet normal 0.38259 0 -0.923918
    outer loop
      vertex -0.676188 -51 14.2501
      vertex -0.547232 -44.9761 14.3035
      vertex -0.547232 -51 14.3035
    endloop
  endfacet
  facet normal 0.38259 0 -0.923918
    outer loop
      vertex -0.547232 -44.9761 14.3035
      vertex -0.676188 -51 14.2501
      vertex -0.676188 -44.9705 14.2501
    endloop
  endfacet
  facet normal 0.793526 0 -0.608537
    outer loop
      vertex -1.31064 -51 13.7177
      vertex -1.22567 -44.9465 13.8285
      vertex -1.22567 -51 13.8285
    endloop
  endfacet
  facet normal 0.793526 0 -0.608537
    outer loop
      vertex -1.22567 -44.9465 13.8285
      vertex -1.31064 -51 13.7177
      vertex -1.31064 -44.9428 13.7177
    endloop
  endfacet
  facet normal -0.923914 0 0.382601
    outer loop
      vertex 1.50351 -51 12.2528
      vertex 1.45009 -44.9367 12.1238
      vertex 1.45009 -51 12.1238
    endloop
  endfacet
  facet normal -0.923914 0 0.382601
    outer loop
      vertex 1.45009 -44.9367 12.1238
      vertex 1.50351 -51 12.2528
      vertex 1.50351 -44.9344 12.2528
    endloop
  endfacet
  facet normal -0.923914 0 -0.382601
    outer loop
      vertex 1.50351 -51 13.3472
      vertex 1.45009 -44.9367 13.4762
      vertex 1.50351 -44.9344 13.3472
    endloop
  endfacet
  facet normal -0.923914 -0 -0.382601
    outer loop
      vertex 1.45009 -44.9367 13.4762
      vertex 1.50351 -51 13.3472
      vertex 1.45009 -51 13.4762
    endloop
  endfacet
  facet normal -0.537311 -0 -0.843384
    outer loop
      vertex 0.799999 -44.9651 14.1856
      vertex 0.917722 -51 14.1106
      vertex 0.799999 -51 14.1856
    endloop
  endfacet
  facet normal -0.537311 0 -0.843384
    outer loop
      vertex 0.917722 -51 14.1106
      vertex 0.799999 -44.9651 14.1856
      vertex 0.917722 -44.9599 14.1106
    endloop
  endfacet
  facet normal 0.999047 -0 0.0436456
    outer loop
      vertex -1.6 -51 12.8
      vertex -1.59391 -44.9244 12.6606
      vertex -1.6 -44.9236 12.8
    endloop
  endfacet
  facet normal 0.999047 0 0.0436456
    outer loop
      vertex -1.59391 -44.9244 12.6606
      vertex -1.6 -51 12.8
      vertex -1.59391 -51 12.6606
    endloop
  endfacet
  facet normal 0.887 -0 0.46177
    outer loop
      vertex -1.45009 -51 12.1238
      vertex -1.38564 -44.9395 12
      vertex -1.45009 -44.9367 12.1238
    endloop
  endfacet
  facet normal 0.887 0 0.46177
    outer loop
      vertex -1.38564 -44.9395 12
      vertex -1.45009 -51 12.1238
      vertex -1.38564 -51 12
    endloop
  endfacet
  facet normal 0.976307 0 -0.216392
    outer loop
      vertex -1.57569 -51 13.0778
      vertex -1.54548 -44.9307 13.2141
      vertex -1.54548 -51 13.2141
    endloop
  endfacet
  facet normal 0.976307 0 -0.216392
    outer loop
      vertex -1.54548 -44.9307 13.2141
      vertex -1.57569 -51 13.0778
      vertex -1.57569 -44.9268 13.0778
    endloop
  endfacet
  facet normal 0.991446 0 -0.130521
    outer loop
      vertex -1.59391 -51 12.9394
      vertex -1.57569 -44.9268 13.0778
      vertex -1.57569 -51 13.0778
    endloop
  endfacet
  facet normal 0.991446 0 -0.130521
    outer loop
      vertex -1.57569 -44.9268 13.0778
      vertex -1.59391 -51 12.9394
      vertex -1.59391 -44.9244 12.9394
    endloop
  endfacet
  facet normal -0.30088 0 0.953662
    outer loop
      vertex 0.41411 -44.9819 11.2545
      vertex 0.547232 -51 11.2965
      vertex 0.547232 -44.9761 11.2965
    endloop
  endfacet
  facet normal -0.30088 0 0.953662
    outer loop
      vertex 0.547232 -51 11.2965
      vertex 0.41411 -44.9819 11.2545
      vertex 0.41411 -51 11.2545
    endloop
  endfacet
  facet normal 0 1 0
    outer loop
      vertex 0 -51 14.05
      vertex 0 -51 14.4
      vertex 0.139449 -51 14.3939
    endloop
  endfacet
  facet normal 0 1 0
    outer loop
      vertex 0.108944 -51 14.0452
      vertex 0.139449 -51 14.3939
      vertex 0.277837 -51 14.3757
    endloop
  endfacet
  facet normal 0 1 0
    outer loop
      vertex 0 -51 14.4
      vertex 0 -51 14.05
      vertex -0.139449 -51 14.3939
    endloop
  endfacet
  facet normal 0 1 0
    outer loop
      vertex 0.21706 -51 14.031
      vertex 0.277837 -51 14.3757
      vertex 0.41411 -51 14.3455
    endloop
  endfacet
  facet normal 0 1 -0
    outer loop
      vertex -0.108944 -51 14.0452
      vertex -0.139449 -51 14.3939
      vertex 0 -51 14.05
    endloop
  endfacet
  facet normal 0 1 0
    outer loop
      vertex 0.323524 -51 14.0074
      vertex 0.41411 -51 14.3455
      vertex 0.547232 -51 14.3035
    endloop
  endfacet
  facet normal 0 1 0
    outer loop
      vertex -0.139449 -51 14.3939
      vertex -0.108944 -51 14.0452
      vertex -0.277837 -51 14.3757
    endloop
  endfacet
  facet normal 0 1 0
    outer loop
      vertex 0.427525 -51 13.9746
      vertex 0.547232 -51 14.3035
      vertex 0.676188 -51 14.2501
    endloop
  endfacet
  facet normal 0 1 -0
    outer loop
      vertex -0.21706 -51 14.031
      vertex -0.277837 -51 14.3757
      vertex -0.108944 -51 14.0452
    endloop
  endfacet
  facet normal 0 1 0
    outer loop
      vertex 0.528273 -51 13.9329
      vertex 0.676188 -51 14.2501
      vertex 0.799999 -51 14.1856
    endloop
  endfacet
  facet normal 0 1 0
    outer loop
      vertex -0.277837 -51 14.3757
      vertex -0.21706 -51 14.031
      vertex -0.41411 -51 14.3455
    endloop
  endfacet
  facet normal 0 1 0
    outer loop
      vertex 0.625 -51 13.8825
      vertex 0.799999 -51 14.1856
      vertex 0.917722 -51 14.1106
    endloop
  endfacet
  facet normal 0 1 -0
    outer loop
      vertex -0.323524 -51 14.0074
      vertex -0.41411 -51 14.3455
      vertex -0.21706 -51 14.031
    endloop
  endfacet
  facet normal 0 1 0
    outer loop
      vertex -0.41411 -51 14.3455
      vertex -0.323524 -51 14.0074
      vertex -0.547232 -51 14.3035
    endloop
  endfacet
  facet normal 0 1 0
    outer loop
      vertex 0.139449 -51 14.3939
      vertex 0.108944 -51 14.0452
      vertex 0 -51 14.05
    endloop
  endfacet
  facet normal 0 1 0
    outer loop
      vertex 0.277837 -51 14.3757
      vertex 0.21706 -51 14.031
      vertex 0.108944 -51 14.0452
    endloop
  endfacet
  facet normal 0 1 0
    outer loop
      vertex 0.71697 -51 13.8239
      vertex 0.917722 -51 14.1106
      vertex 1.02846 -51 14.0257
    endloop
  endfacet
  facet normal 0 1 0
    outer loop
      vertex 0.41411 -51 14.3455
      vertex 0.323524 -51 14.0074
      vertex 0.21706 -51 14.031
    endloop
  endfacet
  facet normal 0 1 0
    outer loop
      vertex 0.547232 -51 14.3035
      vertex 0.427525 -51 13.9746
      vertex 0.323524 -51 14.0074
    endloop
  endfacet
  facet normal 0 1 0
    outer loop
      vertex 0.676188 -51 14.2501
      vertex 0.528273 -51 13.9329
      vertex 0.427525 -51 13.9746
    endloop
  endfacet
  facet normal 0 1 0
    outer loop
      vertex 0.803484 -51 13.7576
      vertex 1.02846 -51 14.0257
      vertex 1.13137 -51 13.9314
    endloop
  endfacet
  facet normal 0 1 0
    outer loop
      vertex 0.799999 -51 14.1856
      vertex 0.625 -51 13.8825
      vertex 0.528273 -51 13.9329
    endloop
  endfacet
  facet normal 0 1 0
    outer loop
      vertex 0.883883 -51 13.6839
      vertex 1.13137 -51 13.9314
      vertex 1.22567 -51 13.8285
    endloop
  endfacet
  facet normal 0 1 0
    outer loop
      vertex 0.917722 -51 14.1106
      vertex 0.71697 -51 13.8239
      vertex 0.625 -51 13.8825
    endloop
  endfacet
  facet normal 0 1 0
    outer loop
      vertex 1.02846 -51 14.0257
      vertex 0.803484 -51 13.7576
      vertex 0.71697 -51 13.8239
    endloop
  endfacet
  facet normal 0 1 0
    outer loop
      vertex 0.957555 -51 13.6035
      vertex 1.22567 -51 13.8285
      vertex 1.31064 -51 13.7177
    endloop
  endfacet
  facet normal 0 1 0
    outer loop
      vertex 1.13137 -51 13.9314
      vertex 0.883883 -51 13.6839
      vertex 0.803484 -51 13.7576
    endloop
  endfacet
  facet normal 0 1 0
    outer loop
      vertex 1.22567 -51 13.8285
      vertex 0.957555 -51 13.6035
      vertex 0.883883 -51 13.6839
    endloop
  endfacet
  facet normal 0 1 0
    outer loop
      vertex 1.02394 -51 13.517
      vertex 1.31064 -51 13.7177
      vertex 1.38564 -51 13.6
    endloop
  endfacet
  facet normal 0 1 0
    outer loop
      vertex 1.31064 -51 13.7177
      vertex 1.02394 -51 13.517
      vertex 0.957555 -51 13.6035
    endloop
  endfacet
  facet normal 0 1 0
    outer loop
      vertex 1.08253 -51 13.425
      vertex 1.38564 -51 13.6
      vertex 1.45009 -51 13.4762
    endloop
  endfacet
  facet normal 0 1 0
    outer loop
      vertex 1.38564 -51 13.6
      vertex 1.08253 -51 13.425
      vertex 1.02394 -51 13.517
    endloop
  endfacet
  facet normal 0 1 0
    outer loop
      vertex 1.13288 -51 13.3283
      vertex 1.45009 -51 13.4762
      vertex 1.50351 -51 13.3472
    endloop
  endfacet
  facet normal 0 1 0
    outer loop
      vertex 1.45009 -51 13.4762
      vertex 1.13288 -51 13.3283
      vertex 1.08253 -51 13.425
    endloop
  endfacet
  facet normal 0 1 0
    outer loop
      vertex 1.50351 -51 13.3472
      vertex 1.17461 -51 13.2275
      vertex 1.13288 -51 13.3283
    endloop
  endfacet
  facet normal 0 1 0
    outer loop
      vertex 1.54548 -51 13.2141
      vertex 1.17461 -51 13.2275
      vertex 1.50351 -51 13.3472
    endloop
  endfacet
  facet normal 0 1 0
    outer loop
      vertex 1.54548 -51 13.2141
      vertex 1.20741 -51 13.1235
      vertex 1.17461 -51 13.2275
    endloop
  endfacet
  facet normal 0 1 0
    outer loop
      vertex 1.57569 -51 13.0778
      vertex 1.20741 -51 13.1235
      vertex 1.54548 -51 13.2141
    endloop
  endfacet
  facet normal 0 1 0
    outer loop
      vertex 1.57569 -51 13.0778
      vertex 1.23101 -51 13.0171
      vertex 1.20741 -51 13.1235
    endloop
  endfacet
  facet normal 0 1 0
    outer loop
      vertex 1.59391 -51 12.9394
      vertex 1.23101 -51 13.0171
      vertex 1.57569 -51 13.0778
    endloop
  endfacet
  facet normal 0 1 0
    outer loop
      vertex 1.59391 -51 12.9394
      vertex 1.24524 -51 12.9089
      vertex 1.23101 -51 13.0171
    endloop
  endfacet
  facet normal 0 1 0
    outer loop
      vertex 1.6 -51 12.8
      vertex 1.24524 -51 12.9089
      vertex 1.59391 -51 12.9394
    endloop
  endfacet
  facet normal 0 1 0
    outer loop
      vertex 1.6 -51 12.8
      vertex 1.25 -51 12.8
      vertex 1.24524 -51 12.9089
    endloop
  endfacet
  facet normal 0 1 0
    outer loop
      vertex 1.6 -51 12.8
      vertex 1.24524 -51 12.6911
      vertex 1.25 -51 12.8
    endloop
  endfacet
  facet normal 0 1 -0
    outer loop
      vertex 1.59391 -51 12.6606
      vertex 1.24524 -51 12.6911
      vertex 1.6 -51 12.8
    endloop
  endfacet
  facet normal 0 1 0
    outer loop
      vertex 1.59391 -51 12.6606
      vertex 1.23101 -51 12.5829
      vertex 1.24524 -51 12.6911
    endloop
  endfacet
  facet normal 0 1 -0
    outer loop
      vertex 1.57569 -51 12.5222
      vertex 1.23101 -51 12.5829
      vertex 1.59391 -51 12.6606
    endloop
  endfacet
  facet normal 0 1 0
    outer loop
      vertex 1.57569 -51 12.5222
      vertex 1.20741 -51 12.4765
      vertex 1.23101 -51 12.5829
    endloop
  endfacet
  facet normal 0 1 -0
    outer loop
      vertex 1.54548 -51 12.3859
      vertex 1.20741 -51 12.4765
      vertex 1.57569 -51 12.5222
    endloop
  endfacet
  facet normal 0 1 0
    outer loop
      vertex 1.54548 -51 12.3859
      vertex 1.17461 -51 12.3725
      vertex 1.20741 -51 12.4765
    endloop
  endfacet
  facet normal 0 1 -0
    outer loop
      vertex 1.50351 -51 12.2528
      vertex 1.17461 -51 12.3725
      vertex 1.54548 -51 12.3859
    endloop
  endfacet
  facet normal 0 1 0
    outer loop
      vertex 1.17461 -51 12.3725
      vertex 1.50351 -51 12.2528
      vertex 1.13288 -51 12.2717
    endloop
  endfacet
  facet normal 0 1 -0
    outer loop
      vertex 1.45009 -51 12.1238
      vertex 1.13288 -51 12.2717
      vertex 1.50351 -51 12.2528
    endloop
  endfacet
  facet normal 0 1 0
    outer loop
      vertex 1.13288 -51 12.2717
      vertex 1.45009 -51 12.1238
      vertex 1.08253 -51 12.175
    endloop
  endfacet
  facet normal 0 1 -0
    outer loop
      vertex 1.38564 -51 12
      vertex 1.08253 -51 12.175
      vertex 1.45009 -51 12.1238
    endloop
  endfacet
  facet normal 0 1 0
    outer loop
      vertex 1.08253 -51 12.175
      vertex 1.38564 -51 12
      vertex 1.02394 -51 12.083
    endloop
  endfacet
  facet normal 0 1 -0
    outer loop
      vertex 1.31064 -51 11.8823
      vertex 1.02394 -51 12.083
      vertex 1.38564 -51 12
    endloop
  endfacet
  facet normal 0 1 0
    outer loop
      vertex 1.02394 -51 12.083
      vertex 1.31064 -51 11.8823
      vertex 0.957555 -51 11.9965
    endloop
  endfacet
  facet normal 0 1 -0
    outer loop
      vertex 1.22567 -51 11.7715
      vertex 0.957555 -51 11.9965
      vertex 1.31064 -51 11.8823
    endloop
  endfacet
  facet normal 0 1 0
    outer loop
      vertex 0.957555 -51 11.9965
      vertex 1.22567 -51 11.7715
      vertex 0.883883 -51 11.9161
    endloop
  endfacet
  facet normal 0 1 -0
    outer loop
      vertex 1.13137 -51 11.6686
      vertex 0.883883 -51 11.9161
      vertex 1.22567 -51 11.7715
    endloop
  endfacet
  facet normal 0 1 0
    outer loop
      vertex 0.883883 -51 11.9161
      vertex 1.13137 -51 11.6686
      vertex 0.803484 -51 11.8424
    endloop
  endfacet
  facet normal 0 1 -0
    outer loop
      vertex 1.02846 -51 11.5743
      vertex 0.803484 -51 11.8424
      vertex 1.13137 -51 11.6686
    endloop
  endfacet
  facet normal 0 1 0
    outer loop
      vertex 0.803484 -51 11.8424
      vertex 1.02846 -51 11.5743
      vertex 0.71697 -51 11.7761
    endloop
  endfacet
  facet normal 0 1 -0
    outer loop
      vertex 0.917722 -51 11.4894
      vertex 0.71697 -51 11.7761
      vertex 1.02846 -51 11.5743
    endloop
  endfacet
  facet normal 0 1 0
    outer loop
      vertex 0.71697 -51 11.7761
      vertex 0.917722 -51 11.4894
      vertex 0.625 -51 11.7175
    endloop
  endfacet
  facet normal 0 1 -0
    outer loop
      vertex 0.799999 -51 11.4144
      vertex 0.625 -51 11.7175
      vertex 0.917722 -51 11.4894
    endloop
  endfacet
  facet normal 0 1 0
    outer loop
      vertex 0.625 -51 11.7175
      vertex 0.799999 -51 11.4144
      vertex 0.528273 -51 11.6671
    endloop
  endfacet
  facet normal 0 1 -0
    outer loop
      vertex 0.676188 -51 11.3499
      vertex 0.528273 -51 11.6671
      vertex 0.799999 -51 11.4144
    endloop
  endfacet
  facet normal 0 1 0
    outer loop
      vertex 0.528273 -51 11.6671
      vertex 0.676188 -51 11.3499
      vertex 0.427525 -51 11.6254
    endloop
  endfacet
  facet normal 0 1 -0
    outer loop
      vertex 0.547232 -51 11.2965
      vertex 0.427525 -51 11.6254
      vertex 0.676188 -51 11.3499
    endloop
  endfacet
  facet normal 0 1 0
    outer loop
      vertex 0.427525 -51 11.6254
      vertex 0.547232 -51 11.2965
      vertex 0.323524 -51 11.5926
    endloop
  endfacet
  facet normal 0 1 -0
    outer loop
      vertex -0.427525 -51 13.9746
      vertex -0.547232 -51 14.3035
      vertex -0.323524 -51 14.0074
    endloop
  endfacet
  facet normal 0 1 0
    outer loop
      vertex -0.547232 -51 14.3035
      vertex -0.427525 -51 13.9746
      vertex -0.676188 -51 14.2501
    endloop
  endfacet
  facet normal 0 1 -0
    outer loop
      vertex -0.528273 -51 13.9329
      vertex -0.676188 -51 14.2501
      vertex -0.427525 -51 13.9746
    endloop
  endfacet
  facet normal 0 1 0
    outer loop
      vertex -0.676188 -51 14.2501
      vertex -0.528273 -51 13.9329
      vertex -0.799999 -51 14.1856
    endloop
  endfacet
  facet normal 0 1 -0
    outer loop
      vertex -0.625 -51 13.8825
      vertex -0.799999 -51 14.1856
      vertex -0.528273 -51 13.9329
    endloop
  endfacet
  facet normal 0 1 0
    outer loop
      vertex -0.799999 -51 14.1856
      vertex -0.625 -51 13.8825
      vertex -0.917722 -51 14.1106
    endloop
  endfacet
  facet normal 0 1 -0
    outer loop
      vertex -0.71697 -51 13.8239
      vertex -0.917722 -51 14.1106
      vertex -0.625 -51 13.8825
    endloop
  endfacet
  facet normal 0 1 0
    outer loop
      vertex -0.917722 -51 14.1106
      vertex -0.71697 -51 13.8239
      vertex -1.02846 -51 14.0257
    endloop
  endfacet
  facet normal 0 1 -0
    outer loop
      vertex -0.803484 -51 13.7576
      vertex -1.02846 -51 14.0257
      vertex -0.71697 -51 13.8239
    endloop
  endfacet
  facet normal 0 1 0
    outer loop
      vertex -1.02846 -51 14.0257
      vertex -0.803484 -51 13.7576
      vertex -1.13137 -51 13.9314
    endloop
  endfacet
  facet normal 0 1 -0
    outer loop
      vertex -0.883883 -51 13.6839
      vertex -1.13137 -51 13.9314
      vertex -0.803484 -51 13.7576
    endloop
  endfacet
  facet normal 0 1 0
    outer loop
      vertex -1.13137 -51 13.9314
      vertex -0.883883 -51 13.6839
      vertex -1.22567 -51 13.8285
    endloop
  endfacet
  facet normal 0 1 -0
    outer loop
      vertex -0.957555 -51 13.6035
      vertex -1.22567 -51 13.8285
      vertex -0.883883 -51 13.6839
    endloop
  endfacet
  facet normal 0 1 0
    outer loop
      vertex -1.22567 -51 13.8285
      vertex -0.957555 -51 13.6035
      vertex -1.31064 -51 13.7177
    endloop
  endfacet
  facet normal 0 1 -0
    outer loop
      vertex -1.02394 -51 13.517
      vertex -1.31064 -51 13.7177
      vertex -0.957555 -51 13.6035
    endloop
  endfacet
  facet normal 0 1 0
    outer loop
      vertex -1.31064 -51 13.7177
      vertex -1.02394 -51 13.517
      vertex -1.38564 -51 13.6
    endloop
  endfacet
  facet normal 0 1 -0
    outer loop
      vertex -1.08253 -51 13.425
      vertex -1.38564 -51 13.6
      vertex -1.02394 -51 13.517
    endloop
  endfacet
  facet normal 0 1 0
    outer loop
      vertex -1.38564 -51 13.6
      vertex -1.08253 -51 13.425
      vertex -1.45009 -51 13.4762
    endloop
  endfacet
  facet normal 0 1 -0
    outer loop
      vertex -1.13288 -51 13.3283
      vertex -1.45009 -51 13.4762
      vertex -1.08253 -51 13.425
    endloop
  endfacet
  facet normal 0 1 0
    outer loop
      vertex -1.45009 -51 13.4762
      vertex -1.13288 -51 13.3283
      vertex -1.50351 -51 13.3472
    endloop
  endfacet
  facet normal 0 1 -0
    outer loop
      vertex -1.17461 -51 13.2275
      vertex -1.50351 -51 13.3472
      vertex -1.13288 -51 13.3283
    endloop
  endfacet
  facet normal 0 1 0
    outer loop
      vertex -1.17461 -51 13.2275
      vertex -1.54548 -51 13.2141
      vertex -1.50351 -51 13.3472
    endloop
  endfacet
  facet normal 0 1 -0
    outer loop
      vertex -1.20741 -51 13.1235
      vertex -1.54548 -51 13.2141
      vertex -1.17461 -51 13.2275
    endloop
  endfacet
  facet normal 0 1 0
    outer loop
      vertex -1.20741 -51 13.1235
      vertex -1.57569 -51 13.0778
      vertex -1.54548 -51 13.2141
    endloop
  endfacet
  facet normal 0 1 -0
    outer loop
      vertex -1.23101 -51 13.0171
      vertex -1.57569 -51 13.0778
      vertex -1.20741 -51 13.1235
    endloop
  endfacet
  facet normal 0 1 0
    outer loop
      vertex -1.23101 -51 13.0171
      vertex -1.59391 -51 12.9394
      vertex -1.57569 -51 13.0778
    endloop
  endfacet
  facet normal 0 1 -0
    outer loop
      vertex -1.24524 -51 12.9089
      vertex -1.59391 -51 12.9394
      vertex -1.23101 -51 13.0171
    endloop
  endfacet
  facet normal 0 1 -0
    outer loop
      vertex -1.25 -51 12.8
      vertex -1.59391 -51 12.9394
      vertex -1.24524 -51 12.9089
    endloop
  endfacet
  facet normal 0 1 0
    outer loop
      vertex -1.25 -51 12.8
      vertex -1.6 -51 12.8
      vertex -1.59391 -51 12.9394
    endloop
  endfacet
  facet normal 0 1 0
    outer loop
      vertex -1.24524 -51 12.6911
      vertex -1.6 -51 12.8
      vertex -1.25 -51 12.8
    endloop
  endfacet
  facet normal 0 1 0
    outer loop
      vertex -1.24524 -51 12.6911
      vertex -1.59391 -51 12.6606
      vertex -1.6 -51 12.8
    endloop
  endfacet
  facet normal 0 1 0
    outer loop
      vertex -1.23101 -51 12.5829
      vertex -1.59391 -51 12.6606
      vertex -1.24524 -51 12.6911
    endloop
  endfacet
  facet normal 0 1 0
    outer loop
      vertex -1.23101 -51 12.5829
      vertex -1.57569 -51 12.5222
      vertex -1.59391 -51 12.6606
    endloop
  endfacet
  facet normal 0 1 0
    outer loop
      vertex -1.20741 -51 12.4765
      vertex -1.57569 -51 12.5222
      vertex -1.23101 -51 12.5829
    endloop
  endfacet
  facet normal 0 1 0
    outer loop
      vertex -1.20741 -51 12.4765
      vertex -1.54548 -51 12.3859
      vertex -1.57569 -51 12.5222
    endloop
  endfacet
  facet normal 0 1 0
    outer loop
      vertex -1.17461 -51 12.3725
      vertex -1.54548 -51 12.3859
      vertex -1.20741 -51 12.4765
    endloop
  endfacet
  facet normal 0 1 0
    outer loop
      vertex -1.50351 -51 12.2528
      vertex -1.17461 -51 12.3725
      vertex -1.13288 -51 12.2717
    endloop
  endfacet
  facet normal 0 1 0
    outer loop
      vertex -1.17461 -51 12.3725
      vertex -1.50351 -51 12.2528
      vertex -1.54548 -51 12.3859
    endloop
  endfacet
  facet normal 0 1 0
    outer loop
      vertex -1.45009 -51 12.1238
      vertex -1.13288 -51 12.2717
      vertex -1.08253 -51 12.175
    endloop
  endfacet
  facet normal 0 1 0
    outer loop
      vertex -1.13288 -51 12.2717
      vertex -1.45009 -51 12.1238
      vertex -1.50351 -51 12.2528
    endloop
  endfacet
  facet normal 0 1 0
    outer loop
      vertex -1.38564 -51 12
      vertex -1.08253 -51 12.175
      vertex -1.02394 -51 12.083
    endloop
  endfacet
  facet normal 0 1 0
    outer loop
      vertex -1.08253 -51 12.175
      vertex -1.38564 -51 12
      vertex -1.45009 -51 12.1238
    endloop
  endfacet
  facet normal 0 1 0
    outer loop
      vertex -1.31064 -51 11.8823
      vertex -1.02394 -51 12.083
      vertex -0.957555 -51 11.9965
    endloop
  endfacet
  facet normal 0 1 0
    outer loop
      vertex -1.22567 -51 11.7715
      vertex -0.957555 -51 11.9965
      vertex -0.883883 -51 11.9161
    endloop
  endfacet
  facet normal 0 1 0
    outer loop
      vertex -1.02394 -51 12.083
      vertex -1.31064 -51 11.8823
      vertex -1.38564 -51 12
    endloop
  endfacet
  facet normal 0 1 0
    outer loop
      vertex -1.13137 -51 11.6686
      vertex -0.883883 -51 11.9161
      vertex -0.803484 -51 11.8424
    endloop
  endfacet
  facet normal 0 1 0
    outer loop
      vertex -1.02846 -51 11.5743
      vertex -0.803484 -51 11.8424
      vertex -0.71697 -51 11.7761
    endloop
  endfacet
  facet normal 0 1 0
    outer loop
      vertex -0.957555 -51 11.9965
      vertex -1.22567 -51 11.7715
      vertex -1.31064 -51 11.8823
    endloop
  endfacet
  facet normal 0 1 0
    outer loop
      vertex -0.917722 -51 11.4894
      vertex -0.71697 -51 11.7761
      vertex -0.625 -51 11.7175
    endloop
  endfacet
  facet normal 0 1 0
    outer loop
      vertex -0.883883 -51 11.9161
      vertex -1.13137 -51 11.6686
      vertex -1.22567 -51 11.7715
    endloop
  endfacet
  facet normal 0 1 0
    outer loop
      vertex -0.799999 -51 11.4144
      vertex -0.625 -51 11.7175
      vertex -0.528273 -51 11.6671
    endloop
  endfacet
  facet normal 0 1 0
    outer loop
      vertex -0.676188 -51 11.3499
      vertex -0.528273 -51 11.6671
      vertex -0.427525 -51 11.6254
    endloop
  endfacet
  facet normal 0 1 0
    outer loop
      vertex -0.547232 -51 11.2965
      vertex -0.427525 -51 11.6254
      vertex -0.323524 -51 11.5926
    endloop
  endfacet
  facet normal 0 1 0
    outer loop
      vertex -0.803484 -51 11.8424
      vertex -1.02846 -51 11.5743
      vertex -1.13137 -51 11.6686
    endloop
  endfacet
  facet normal 0 1 0
    outer loop
      vertex -0.41411 -51 11.2545
      vertex -0.323524 -51 11.5926
      vertex -0.21706 -51 11.569
    endloop
  endfacet
  facet normal 0 1 0
    outer loop
      vertex -0.277837 -51 11.2243
      vertex -0.21706 -51 11.569
      vertex -0.108944 -51 11.5548
    endloop
  endfacet
  facet normal 0 1 0
    outer loop
      vertex -0.139449 -51 11.2061
      vertex -0.108944 -51 11.5548
      vertex 0 -51 11.55
    endloop
  endfacet
  facet normal 0 1 -0
    outer loop
      vertex 0.41411 -51 11.2545
      vertex 0.323524 -51 11.5926
      vertex 0.547232 -51 11.2965
    endloop
  endfacet
  facet normal 0 1 0
    outer loop
      vertex -0.71697 -51 11.7761
      vertex -0.917722 -51 11.4894
      vertex -1.02846 -51 11.5743
    endloop
  endfacet
  facet normal 0 1 0
    outer loop
      vertex 0.323524 -51 11.5926
      vertex 0.41411 -51 11.2545
      vertex 0.21706 -51 11.569
    endloop
  endfacet
  facet normal 0 1 0
    outer loop
      vertex -0.625 -51 11.7175
      vertex -0.799999 -51 11.4144
      vertex -0.917722 -51 11.4894
    endloop
  endfacet
  facet normal 0 1 -0
    outer loop
      vertex 0.277837 -51 11.2243
      vertex 0.21706 -51 11.569
      vertex 0.41411 -51 11.2545
    endloop
  endfacet
  facet normal 0 1 0
    outer loop
      vertex -0.528273 -51 11.6671
      vertex -0.676188 -51 11.3499
      vertex -0.799999 -51 11.4144
    endloop
  endfacet
  facet normal 0 1 0
    outer loop
      vertex 0.21706 -51 11.569
      vertex 0.277837 -51 11.2243
      vertex 0.108944 -51 11.5548
    endloop
  endfacet
  facet normal 0 1 0
    outer loop
      vertex -0.427525 -51 11.6254
      vertex -0.547232 -51 11.2965
      vertex -0.676188 -51 11.3499
    endloop
  endfacet
  facet normal 0 1 -0
    outer loop
      vertex 0.139449 -51 11.2061
      vertex 0.108944 -51 11.5548
      vertex 0.277837 -51 11.2243
    endloop
  endfacet
  facet normal 0 1 0
    outer loop
      vertex -0.323524 -51 11.5926
      vertex -0.41411 -51 11.2545
      vertex -0.547232 -51 11.2965
    endloop
  endfacet
  facet normal 0 1 0
    outer loop
      vertex 0.108944 -51 11.5548
      vertex 0.139449 -51 11.2061
      vertex 0 -51 11.55
    endloop
  endfacet
  facet normal 0 1 0
    outer loop
      vertex -0.21706 -51 11.569
      vertex -0.277837 -51 11.2243
      vertex -0.41411 -51 11.2545
    endloop
  endfacet
  facet normal 0 1 0
    outer loop
      vertex 0 -51 11.2
      vertex 0 -51 11.55
      vertex 0.139449 -51 11.2061
    endloop
  endfacet
  facet normal 0 1 0
    outer loop
      vertex -0.108944 -51 11.5548
      vertex -0.139449 -51 11.2061
      vertex -0.277837 -51 11.2243
    endloop
  endfacet
  facet normal 0 1 0
    outer loop
      vertex 0 -51 11.55
      vertex 0 -51 11.2
      vertex -0.139449 -51 11.2061
    endloop
  endfacet
  facet normal -0.38259 -0 -0.923918
    outer loop
      vertex 0.547232 -44.9761 14.3035
      vertex 0.676188 -51 14.2501
      vertex 0.547232 -51 14.3035
    endloop
  endfacet
  facet normal -0.38259 0 -0.923918
    outer loop
      vertex 0.676188 -51 14.2501
      vertex 0.547232 -44.9761 14.3035
      vertex 0.676188 -44.9705 14.2501
    endloop
  endfacet
  facet normal -0.976307 0 0.216392
    outer loop
      vertex 1.57569 -51 12.5222
      vertex 1.54548 -44.9307 12.3859
      vertex 1.54548 -51 12.3859
    endloop
  endfacet
  facet normal -0.976307 0 0.216392
    outer loop
      vertex 1.54548 -44.9307 12.3859
      vertex 1.57569 -51 12.5222
      vertex 1.57569 -44.9268 12.5222
    endloop
  endfacet
  facet normal 0.46202 -0 0.88687
    outer loop
      vertex -0.799999 -51 11.4144
      vertex -0.676188 -44.9705 11.3499
      vertex -0.799999 -44.9651 11.4144
    endloop
  endfacet
  facet normal 0.46202 0 0.88687
    outer loop
      vertex -0.676188 -44.9705 11.3499
      vertex -0.799999 -51 11.4144
      vertex -0.676188 -51 11.3499
    endloop
  endfacet
  facet normal -0.843337 0 -0.537385
    outer loop
      vertex 1.38564 -51 13.6
      vertex 1.31064 -44.9428 13.7177
      vertex 1.38564 -44.9395 13.6
    endloop
  endfacet
  facet normal -0.843337 -0 -0.537385
    outer loop
      vertex 1.31064 -44.9428 13.7177
      vertex 1.38564 -51 13.6
      vertex 1.31064 -51 13.7177
    endloop
  endfacet
  facet normal -0.0437018 0 0.999045
    outer loop
      vertex 0 -45 11.2
      vertex 0.139449 -51 11.2061
      vertex 0.139449 -44.9939 11.2061
    endloop
  endfacet
  facet normal -0.0437018 0 0.999045
    outer loop
      vertex 0.139449 -51 11.2061
      vertex 0 -45 11.2
      vertex 0 -51 11.2
    endloop
  endfacet
  facet normal -0.537311 0 0.843384
    outer loop
      vertex 0.799999 -44.9651 11.4144
      vertex 0.917722 -51 11.4894
      vertex 0.917722 -44.9599 11.4894
    endloop
  endfacet
  facet normal -0.537311 0 0.843384
    outer loop
      vertex 0.917722 -51 11.4894
      vertex 0.799999 -44.9651 11.4144
      vertex 0.799999 -51 11.4144
    endloop
  endfacet
  facet normal 0.675592 -0 0.737276
    outer loop
      vertex -1.13137 -51 11.6686
      vertex -1.02846 -44.9551 11.5743
      vertex -1.13137 -44.9506 11.6686
    endloop
  endfacet
  facet normal 0.675592 0 0.737276
    outer loop
      vertex -1.02846 -44.9551 11.5743
      vertex -1.13137 -51 11.6686
      vertex -1.02846 -51 11.5743
    endloop
  endfacet
  facet normal 0.976307 -0 0.216392
    outer loop
      vertex -1.57569 -51 12.5222
      vertex -1.54548 -44.9307 12.3859
      vertex -1.57569 -44.9268 12.5222
    endloop
  endfacet
  facet normal 0.976307 0 0.216392
    outer loop
      vertex -1.54548 -44.9307 12.3859
      vertex -1.57569 -51 12.5222
      vertex -1.54548 -51 12.3859
    endloop
  endfacet
  facet normal -0.130392 0 0.991463
    outer loop
      vertex 0.139449 -44.9939 11.2061
      vertex 0.277837 -51 11.2243
      vertex 0.277837 -44.9879 11.2243
    endloop
  endfacet
  facet normal -0.130392 0 0.991463
    outer loop
      vertex 0.277837 -51 11.2243
      vertex 0.139449 -44.9939 11.2061
      vertex 0.139449 -51 11.2061
    endloop
  endfacet
  facet normal 0.675592 0 -0.737276
    outer loop
      vertex -1.13137 -51 13.9314
      vertex -1.02846 -44.9551 14.0257
      vertex -1.02846 -51 14.0257
    endloop
  endfacet
  facet normal 0.675592 0 -0.737276
    outer loop
      vertex -1.02846 -44.9551 14.0257
      vertex -1.13137 -51 13.9314
      vertex -1.13137 -44.9506 13.9314
    endloop
  endfacet
  facet normal 0.923914 -0 0.382601
    outer loop
      vertex -1.50351 -51 12.2528
      vertex -1.45009 -44.9367 12.1238
      vertex -1.50351 -44.9344 12.2528
    endloop
  endfacet
  facet normal 0.923914 0 0.382601
    outer loop
      vertex -1.45009 -44.9367 12.1238
      vertex -1.50351 -51 12.2528
      vertex -1.45009 -51 12.1238
    endloop
  endfacet
  facet normal -0.991446 0 0.130521
    outer loop
      vertex 1.59391 -51 12.6606
      vertex 1.57569 -44.9268 12.5222
      vertex 1.57569 -51 12.5222
    endloop
  endfacet
  facet normal -0.991446 0 0.130521
    outer loop
      vertex 1.57569 -44.9268 12.5222
      vertex 1.59391 -51 12.6606
      vertex 1.59391 -44.9244 12.6606
    endloop
  endfacet
  facet normal -0.999047 0 0.0436456
    outer loop
      vertex 1.59391 -51 12.6606
      vertex 1.6 -44.9236 12.8
      vertex 1.59391 -44.9244 12.6606
    endloop
  endfacet
  facet normal -0.999047 0 0.0436456
    outer loop
      vertex 1.6 -44.9236 12.8
      vertex 1.59391 -51 12.6606
      vertex 1.6 -51 12.8
    endloop
  endfacet
  facet normal -0.953775 0 -0.300521
    outer loop
      vertex 1.54548 -51 13.2141
      vertex 1.52522 -44.9334 13.2784
      vertex 1.54548 -44.9307 13.2141
    endloop
  endfacet
  facet normal -0.953648 4.71745e-06 -0.300926
    outer loop
      vertex 1.54548 -51 13.2141
      vertex 1.50351 -44.9344 13.3472
      vertex 1.52522 -44.9334 13.2784
    endloop
  endfacet
  facet normal -0.953709 -0 -0.30073
    outer loop
      vertex 1.50351 -44.9344 13.3472
      vertex 1.54548 -51 13.2141
      vertex 1.50351 -51 13.3472
    endloop
  endfacet
  facet normal -0.793526 0 0.608537
    outer loop
      vertex 1.31064 -51 11.8823
      vertex 1.22567 -44.9465 11.7715
      vertex 1.22567 -51 11.7715
    endloop
  endfacet
  facet normal -0.793526 0 0.608537
    outer loop
      vertex 1.22567 -44.9465 11.7715
      vertex 1.31064 -51 11.8823
      vertex 1.31064 -44.9428 11.8823
    endloop
  endfacet
  facet normal -0.216365 -0 -0.976313
    outer loop
      vertex 0.277837 -44.9879 14.3757
      vertex 0.41411 -51 14.3455
      vertex 0.277837 -51 14.3757
    endloop
  endfacet
  facet normal -0.216365 0 -0.976313
    outer loop
      vertex 0.41411 -51 14.3455
      vertex 0.277837 -44.9879 14.3757
      vertex 0.41411 -44.9819 14.3455
    endloop
  endfacet
  facet normal 0.991446 -0 0.130521
    outer loop
      vertex -1.59391 -51 12.6606
      vertex -1.57569 -44.9268 12.5222
      vertex -1.59391 -44.9244 12.6606
    endloop
  endfacet
  facet normal 0.991446 0 0.130521
    outer loop
      vertex -1.57569 -44.9268 12.5222
      vertex -1.59391 -51 12.6606
      vertex -1.57569 -51 12.5222
    endloop
  endfacet
  facet normal -0.30088 -0 -0.953662
    outer loop
      vertex 0.41411 -44.9819 14.3455
      vertex 0.547232 -51 14.3035
      vertex 0.41411 -51 14.3455
    endloop
  endfacet
  facet normal -0.30088 0 -0.953662
    outer loop
      vertex 0.547232 -51 14.3035
      vertex 0.41411 -44.9819 14.3455
      vertex 0.547232 -44.9761 14.3035
    endloop
  endfacet
  facet normal -0.216365 0 0.976313
    outer loop
      vertex 0.277837 -44.9879 11.2243
      vertex 0.41411 -51 11.2545
      vertex 0.41411 -44.9819 11.2545
    endloop
  endfacet
  facet normal -0.216365 0 0.976313
    outer loop
      vertex 0.41411 -51 11.2545
      vertex 0.277837 -44.9879 11.2243
      vertex 0.277837 -51 11.2243
    endloop
  endfacet
  facet normal -0.0437018 -0 -0.999045
    outer loop
      vertex 0 -45 14.4
      vertex 0.139449 -51 14.3939
      vertex 0 -51 14.4
    endloop
  endfacet
  facet normal -0.0437018 0 -0.999045
    outer loop
      vertex 0.139449 -51 14.3939
      vertex 0 -45 14.4
      vertex 0.139449 -44.9939 14.3939
    endloop
  endfacet
  facet normal -0.887 0 -0.46177
    outer loop
      vertex 1.45009 -51 13.4762
      vertex 1.38564 -44.9395 13.6
      vertex 1.45009 -44.9367 13.4762
    endloop
  endfacet
  facet normal -0.887 -0 -0.46177
    outer loop
      vertex 1.38564 -44.9395 13.6
      vertex 1.45009 -51 13.4762
      vertex 1.38564 -51 13.6
    endloop
  endfacet
  facet normal 0.843337 0 -0.537385
    outer loop
      vertex -1.38564 -51 13.6
      vertex -1.31064 -44.9428 13.7177
      vertex -1.31064 -51 13.7177
    endloop
  endfacet
  facet normal 0.843337 0 -0.537385
    outer loop
      vertex -1.31064 -44.9428 13.7177
      vertex -1.38564 -51 13.6
      vertex -1.38564 -44.9395 13.6
    endloop
  endfacet
  facet normal 0.887 0 -0.46177
    outer loop
      vertex -1.45009 -51 13.4762
      vertex -1.38564 -44.9395 13.6
      vertex -1.38564 -51 13.6
    endloop
  endfacet
  facet normal 0.887 0 -0.46177
    outer loop
      vertex -1.38564 -44.9395 13.6
      vertex -1.45009 -51 13.4762
      vertex -1.45009 -44.9367 13.4762
    endloop
  endfacet
  facet normal -0.46202 0 0.88687
    outer loop
      vertex 0.676188 -44.9705 11.3499
      vertex 0.799999 -51 11.4144
      vertex 0.799999 -44.9651 11.4144
    endloop
  endfacet
  facet normal -0.46202 0 0.88687
    outer loop
      vertex 0.799999 -51 11.4144
      vertex 0.676188 -44.9705 11.3499
      vertex 0.676188 -51 11.3499
    endloop
  endfacet
  facet normal 0.216365 0 -0.976313
    outer loop
      vertex -0.41411 -51 14.3455
      vertex -0.277837 -44.9879 14.3757
      vertex -0.277837 -51 14.3757
    endloop
  endfacet
  facet normal 0.216365 0 -0.976313
    outer loop
      vertex -0.277837 -44.9879 14.3757
      vertex -0.41411 -51 14.3455
      vertex -0.41411 -44.9819 14.3455
    endloop
  endfacet
  facet normal 0.130392 0 -0.991463
    outer loop
      vertex -0.277837 -51 14.3757
      vertex -0.139449 -44.9939 14.3939
      vertex -0.139449 -51 14.3939
    endloop
  endfacet
  facet normal 0.130392 0 -0.991463
    outer loop
      vertex -0.139449 -44.9939 14.3939
      vertex -0.277837 -51 14.3757
      vertex -0.277837 -44.9879 14.3757
    endloop
  endfacet
  facet normal -0.675592 -0 -0.737276
    outer loop
      vertex 1.02846 -44.9551 14.0257
      vertex 1.13137 -51 13.9314
      vertex 1.02846 -51 14.0257
    endloop
  endfacet
  facet normal -0.675592 0 -0.737276
    outer loop
      vertex 1.13137 -51 13.9314
      vertex 1.02846 -44.9551 14.0257
      vertex 1.13137 -44.9506 13.9314
    endloop
  endfacet
  facet normal 0.30088 0 -0.953662
    outer loop
      vertex -0.547232 -51 14.3035
      vertex -0.41411 -44.9819 14.3455
      vertex -0.41411 -51 14.3455
    endloop
  endfacet
  facet normal 0.30088 0 -0.953662
    outer loop
      vertex -0.41411 -44.9819 14.3455
      vertex -0.547232 -51 14.3035
      vertex -0.547232 -44.9761 14.3035
    endloop
  endfacet
  facet normal 0.843337 -0 0.537385
    outer loop
      vertex -1.38564 -51 12
      vertex -1.31064 -44.9428 11.8823
      vertex -1.38564 -44.9395 12
    endloop
  endfacet
  facet normal 0.843337 0 0.537385
    outer loop
      vertex -1.31064 -44.9428 11.8823
      vertex -1.38564 -51 12
      vertex -1.31064 -51 11.8823
    endloop
  endfacet
  facet normal -0.675592 0 0.737276
    outer loop
      vertex 1.02846 -44.9551 11.5743
      vertex 1.13137 -51 11.6686
      vertex 1.13137 -44.9506 11.6686
    endloop
  endfacet
  facet normal -0.675592 0 0.737276
    outer loop
      vertex 1.13137 -51 11.6686
      vertex 1.02846 -44.9551 11.5743
      vertex 1.02846 -51 11.5743
    endloop
  endfacet
  facet normal 0.737243 -0 0.675627
    outer loop
      vertex -1.22567 -51 11.7715
      vertex -1.13137 -44.9506 11.6686
      vertex -1.22567 -44.9465 11.7715
    endloop
  endfacet
  facet normal 0.737243 0 0.675627
    outer loop
      vertex -1.13137 -44.9506 11.6686
      vertex -1.22567 -51 11.7715
      vertex -1.13137 -51 11.6686
    endloop
  endfacet
  facet normal 0.793526 -0 0.608537
    outer loop
      vertex -1.31064 -51 11.8823
      vertex -1.22567 -44.9465 11.7715
      vertex -1.31064 -44.9428 11.8823
    endloop
  endfacet
  facet normal 0.793526 0 0.608537
    outer loop
      vertex -1.22567 -44.9465 11.7715
      vertex -1.31064 -51 11.8823
      vertex -1.22567 -51 11.7715
    endloop
  endfacet
  facet normal 0.30088 -0 0.953662
    outer loop
      vertex -0.547232 -51 11.2965
      vertex -0.41411 -44.9819 11.2545
      vertex -0.547232 -44.9761 11.2965
    endloop
  endfacet
  facet normal 0.30088 0 0.953662
    outer loop
      vertex -0.41411 -44.9819 11.2545
      vertex -0.547232 -51 11.2965
      vertex -0.41411 -51 11.2545
    endloop
  endfacet
  facet normal -0.38259 0 0.923918
    outer loop
      vertex 0.547232 -44.9761 11.2965
      vertex 0.676188 -51 11.3499
      vertex 0.676188 -44.9705 11.3499
    endloop
  endfacet
  facet normal -0.38259 0 0.923918
    outer loop
      vertex 0.676188 -51 11.3499
      vertex 0.547232 -44.9761 11.2965
      vertex 0.547232 -51 11.2965
    endloop
  endfacet
  facet normal -0.843337 0 0.537385
    outer loop
      vertex 1.38564 -51 12
      vertex 1.31064 -44.9428 11.8823
      vertex 1.31064 -51 11.8823
    endloop
  endfacet
  facet normal -0.843337 0 0.537385
    outer loop
      vertex 1.31064 -44.9428 11.8823
      vertex 1.38564 -51 12
      vertex 1.38564 -44.9395 12
    endloop
  endfacet
  facet normal -0.887 0 0.46177
    outer loop
      vertex 1.45009 -51 12.1238
      vertex 1.38564 -44.9395 12
      vertex 1.38564 -51 12
    endloop
  endfacet
  facet normal -0.887 0 0.46177
    outer loop
      vertex 1.38564 -44.9395 12
      vertex 1.45009 -51 12.1238
      vertex 1.45009 -44.9367 12.1238
    endloop
  endfacet
  facet normal -0.953648 0 0.300926
    outer loop
      vertex 1.50351 -51 12.2528
      vertex 1.52522 -44.9334 12.3216
      vertex 1.50351 -44.9344 12.2528
    endloop
  endfacet
  facet normal -0.953709 2.439e-06 0.30073
    outer loop
      vertex 1.54548 -51 12.3859
      vertex 1.52522 -44.9334 12.3216
      vertex 1.50351 -51 12.2528
    endloop
  endfacet
  facet normal -0.953775 0 0.300521
    outer loop
      vertex 1.52522 -44.9334 12.3216
      vertex 1.54548 -51 12.3859
      vertex 1.54548 -44.9307 12.3859
    endloop
  endfacet
  facet normal 0.0437018 0 -0.999045
    outer loop
      vertex -0.139449 -51 14.3939
      vertex 0 -45 14.4
      vertex 0 -51 14.4
    endloop
  endfacet
  facet normal 0.0437018 0 -0.999045
    outer loop
      vertex 0 -45 14.4
      vertex -0.139449 -51 14.3939
      vertex -0.139449 -44.9939 14.3939
    endloop
  endfacet
  facet normal 0.0437018 -0 0.999045
    outer loop
      vertex -0.139449 -51 11.2061
      vertex 0 -45 11.2
      vertex -0.139449 -44.9939 11.2061
    endloop
  endfacet
  facet normal 0.0437018 0 0.999045
    outer loop
      vertex 0 -45 11.2
      vertex -0.139449 -51 11.2061
      vertex 0 -51 11.2
    endloop
  endfacet
  facet normal 0.923914 0 -0.382601
    outer loop
      vertex -1.50351 -51 13.3472
      vertex -1.45009 -44.9367 13.4762
      vertex -1.45009 -51 13.4762
    endloop
  endfacet
  facet normal 0.923914 0 -0.382601
    outer loop
      vertex -1.45009 -44.9367 13.4762
      vertex -1.50351 -51 13.3472
      vertex -1.50351 -44.9344 13.3472
    endloop
  endfacet
  facet normal 0.953648 0 -0.300926
    outer loop
      vertex -1.50351 -51 13.3472
      vertex -1.52522 -44.9334 13.2784
      vertex -1.50351 -44.9344 13.3472
    endloop
  endfacet
  facet normal 0.953709 2.439e-06 -0.30073
    outer loop
      vertex -1.54548 -51 13.2141
      vertex -1.52522 -44.9334 13.2784
      vertex -1.50351 -51 13.3472
    endloop
  endfacet
  facet normal 0.953775 0 -0.300521
    outer loop
      vertex -1.52522 -44.9334 13.2784
      vertex -1.54548 -51 13.2141
      vertex -1.54548 -44.9307 13.2141
    endloop
  endfacet
  facet normal -0.608435 0 0.793603
    outer loop
      vertex 0.917722 -44.9599 11.4894
      vertex 1.02846 -51 11.5743
      vertex 1.02846 -44.9551 11.5743
    endloop
  endfacet
  facet normal -0.608435 0 0.793603
    outer loop
      vertex 1.02846 -51 11.5743
      vertex 0.917722 -44.9599 11.4894
      vertex 0.917722 -51 11.4894
    endloop
  endfacet
  facet normal -0.737243 0 -0.675627
    outer loop
      vertex 1.22567 -51 13.8285
      vertex 1.13137 -44.9506 13.9314
      vertex 1.22567 -44.9465 13.8285
    endloop
  endfacet
  facet normal -0.737243 -0 -0.675627
    outer loop
      vertex 1.13137 -44.9506 13.9314
      vertex 1.22567 -51 13.8285
      vertex 1.13137 -51 13.9314
    endloop
  endfacet
  facet normal 0.999047 0 -0.0436456
    outer loop
      vertex -1.59391 -51 12.9394
      vertex -1.6 -44.9236 12.8
      vertex -1.59391 -44.9244 12.9394
    endloop
  endfacet
  facet normal 0.999047 0 -0.0436456
    outer loop
      vertex -1.6 -44.9236 12.8
      vertex -1.59391 -51 12.9394
      vertex -1.6 -51 12.8
    endloop
  endfacet
  facet normal 0.608435 -0 0.793603
    outer loop
      vertex -1.02846 -51 11.5743
      vertex -0.917722 -44.9599 11.4894
      vertex -1.02846 -44.9551 11.5743
    endloop
  endfacet
  facet normal 0.608435 0 0.793603
    outer loop
      vertex -0.917722 -44.9599 11.4894
      vertex -1.02846 -51 11.5743
      vertex -0.917722 -51 11.4894
    endloop
  endfacet
  facet normal 0.737243 0 -0.675627
    outer loop
      vertex -1.22567 -51 13.8285
      vertex -1.13137 -44.9506 13.9314
      vertex -1.13137 -51 13.9314
    endloop
  endfacet
  facet normal 0.737243 0 -0.675627
    outer loop
      vertex -1.13137 -44.9506 13.9314
      vertex -1.22567 -51 13.8285
      vertex -1.22567 -44.9465 13.8285
    endloop
  endfacet
  facet normal 0.953775 -0 0.300521
    outer loop
      vertex -1.54548 -51 12.3859
      vertex -1.52522 -44.9334 12.3216
      vertex -1.54548 -44.9307 12.3859
    endloop
  endfacet
  facet normal 0.953648 4.71745e-06 0.300926
    outer loop
      vertex -1.54548 -51 12.3859
      vertex -1.50351 -44.9344 12.2528
      vertex -1.52522 -44.9334 12.3216
    endloop
  endfacet
  facet normal 0.953709 0 0.30073
    outer loop
      vertex -1.50351 -44.9344 12.2528
      vertex -1.54548 -51 12.3859
      vertex -1.50351 -51 12.2528
    endloop
  endfacet
  facet normal -0.130392 -0 -0.991463
    outer loop
      vertex 0.139449 -44.9939 14.3939
      vertex 0.277837 -51 14.3757
      vertex 0.139449 -51 14.3939
    endloop
  endfacet
  facet normal -0.130392 0 -0.991463
    outer loop
      vertex 0.277837 -51 14.3757
      vertex 0.139449 -44.9939 14.3939
      vertex 0.277837 -44.9879 14.3757
    endloop
  endfacet
  facet normal 0.537311 -0 0.843384
    outer loop
      vertex -0.917722 -51 11.4894
      vertex -0.799999 -44.9651 11.4144
      vertex -0.917722 -44.9599 11.4894
    endloop
  endfacet
  facet normal 0.537311 0 0.843384
    outer loop
      vertex -0.799999 -44.9651 11.4144
      vertex -0.917722 -51 11.4894
      vertex -0.799999 -51 11.4144
    endloop
  endfacet
  facet normal 0.38259 -0 0.923918
    outer loop
      vertex -0.676188 -51 11.3499
      vertex -0.547232 -44.9761 11.2965
      vertex -0.676188 -44.9705 11.3499
    endloop
  endfacet
  facet normal 0.38259 0 0.923918
    outer loop
      vertex -0.547232 -44.9761 11.2965
      vertex -0.676188 -51 11.3499
      vertex -0.547232 -51 11.2965
    endloop
  endfacet
  facet normal 0.130392 -0 0.991463
    outer loop
      vertex -0.277837 -51 11.2243
      vertex -0.139449 -44.9939 11.2061
      vertex -0.277837 -44.9879 11.2243
    endloop
  endfacet
  facet normal 0.130392 0 0.991463
    outer loop
      vertex -0.139449 -44.9939 11.2061
      vertex -0.277837 -51 11.2243
      vertex -0.139449 -51 11.2061
    endloop
  endfacet
  facet normal 0.216365 -0 0.976313
    outer loop
      vertex -0.41411 -51 11.2545
      vertex -0.277837 -44.9879 11.2243
      vertex -0.41411 -44.9819 11.2545
    endloop
  endfacet
  facet normal 0.216365 0 0.976313
    outer loop
      vertex -0.277837 -44.9879 11.2243
      vertex -0.41411 -51 11.2545
      vertex -0.277837 -51 11.2243
    endloop
  endfacet
  facet normal -0.793526 0 -0.608537
    outer loop
      vertex 1.31064 -51 13.7177
      vertex 1.22567 -44.9465 13.8285
      vertex 1.31064 -44.9428 13.7177
    endloop
  endfacet
  facet normal -0.793526 -0 -0.608537
    outer loop
      vertex 1.22567 -44.9465 13.8285
      vertex 1.31064 -51 13.7177
      vertex 1.22567 -51 13.8285
    endloop
  endfacet
  facet normal -0.999046 0 0.0436681
    outer loop
      vertex 1.24524 -56 12.6911
      vertex 1.25 -51 12.8
      vertex 1.24524 -51 12.6911
    endloop
  endfacet
  facet normal -0.999046 0 0.0436681
    outer loop
      vertex 1.25 -51 12.8
      vertex 1.24524 -56 12.6911
      vertex 1.25 -56 12.8
    endloop
  endfacet
  facet normal -0.991462 0 -0.130393
    outer loop
      vertex 1.24524 -56 12.9089
      vertex 1.23101 -51 13.0171
      vertex 1.24524 -51 12.9089
    endloop
  endfacet
  facet normal -0.991462 -0 -0.130393
    outer loop
      vertex 1.23101 -51 13.0171
      vertex 1.24524 -56 12.9089
      vertex 1.23101 -56 13.0171
    endloop
  endfacet
  facet normal -0.999046 0 -0.0436681
    outer loop
      vertex 1.25 -56 12.8
      vertex 1.24524 -51 12.9089
      vertex 1.25 -51 12.8
    endloop
  endfacet
  facet normal -0.999046 -0 -0.0436681
    outer loop
      vertex 1.24524 -51 12.9089
      vertex 1.25 -56 12.8
      vertex 1.24524 -56 12.9089
    endloop
  endfacet
  facet normal -0.976273 0 -0.216542
    outer loop
      vertex 1.23101 -56 13.0171
      vertex 1.20741 -51 13.1235
      vertex 1.23101 -51 13.0171
    endloop
  endfacet
  facet normal -0.976273 -0 -0.216542
    outer loop
      vertex 1.20741 -51 13.1235
      vertex 1.23101 -56 13.0171
      vertex 1.20741 -56 13.1235
    endloop
  endfacet
  facet normal 0.953693 -0 0.30078
    outer loop
      vertex -1.20741 -56 12.4765
      vertex -1.17461 -51 12.3725
      vertex -1.20741 -51 12.4765
    endloop
  endfacet
  facet normal 0.953693 0 0.30078
    outer loop
      vertex -1.17461 -51 12.3725
      vertex -1.20741 -56 12.4765
      vertex -1.17461 -56 12.3725
    endloop
  endfacet
  facet normal 0.793304 0 -0.608826
    outer loop
      vertex -0.957555 -56 13.6035
      vertex -1.02394 -51 13.517
      vertex -0.957555 -51 13.6035
    endloop
  endfacet
  facet normal 0.793304 0 -0.608826
    outer loop
      vertex -1.02394 -51 13.517
      vertex -0.957555 -56 13.6035
      vertex -1.02394 -56 13.517
    endloop
  endfacet
  facet normal -0.0440166 0 -0.999031
    outer loop
      vertex 0 -56 14.05
      vertex 0.108944 -51 14.0452
      vertex 0.108944 -56 14.0452
    endloop
  endfacet
  facet normal -0.0440166 0 -0.999031
    outer loop
      vertex 0.108944 -51 14.0452
      vertex 0 -56 14.05
      vertex 0 -51 14.05
    endloop
  endfacet
  facet normal 0.216418 0 0.976301
    outer loop
      vertex -0.323524 -51 11.5926
      vertex -0.21706 -56 11.569
      vertex -0.21706 -51 11.569
    endloop
  endfacet
  facet normal 0.216418 0 0.976301
    outer loop
      vertex -0.21706 -56 11.569
      vertex -0.323524 -51 11.5926
      vertex -0.323524 -56 11.5926
    endloop
  endfacet
  facet normal 0.737282 -0 0.675585
    outer loop
      vertex -0.957555 -56 11.9965
      vertex -0.883883 -51 11.9161
      vertex -0.957555 -51 11.9965
    endloop
  endfacet
  facet normal 0.737282 0 0.675585
    outer loop
      vertex -0.883883 -51 11.9161
      vertex -0.957555 -56 11.9965
      vertex -0.883883 -56 11.9161
    endloop
  endfacet
  facet normal -0.537356 0 0.843356
    outer loop
      vertex 0.625 -51 11.7175
      vertex 0.71697 -56 11.7761
      vertex 0.71697 -51 11.7761
    endloop
  endfacet
  facet normal -0.537356 0 0.843356
    outer loop
      vertex 0.71697 -56 11.7761
      vertex 0.625 -51 11.7175
      vertex 0.625 -56 11.7175
    endloop
  endfacet
  facet normal 0.675729 0 -0.73715
    outer loop
      vertex -0.883883 -56 13.6839
      vertex -0.803484 -51 13.7576
      vertex -0.803484 -56 13.7576
    endloop
  endfacet
  facet normal 0.675729 0 -0.73715
    outer loop
      vertex -0.803484 -51 13.7576
      vertex -0.883883 -56 13.6839
      vertex -0.883883 -51 13.6839
    endloop
  endfacet
  facet normal 0.976273 -0 0.216542
    outer loop
      vertex -1.23101 -56 12.5829
      vertex -1.20741 -51 12.4765
      vertex -1.23101 -51 12.5829
    endloop
  endfacet
  facet normal 0.976273 0 0.216542
    outer loop
      vertex -1.20741 -51 12.4765
      vertex -1.23101 -56 12.5829
      vertex -1.20741 -56 12.4765
    endloop
  endfacet
  facet normal -0.130222 0 0.991485
    outer loop
      vertex 0.108944 -51 11.5548
      vertex 0.21706 -56 11.569
      vertex 0.21706 -51 11.569
    endloop
  endfacet
  facet normal -0.130222 0 0.991485
    outer loop
      vertex 0.21706 -56 11.569
      vertex 0.108944 -51 11.5548
      vertex 0.108944 -56 11.5548
    endloop
  endfacet
  facet normal -0.216418 0 0.976301
    outer loop
      vertex 0.21706 -51 11.569
      vertex 0.323524 -56 11.5926
      vertex 0.323524 -51 11.5926
    endloop
  endfacet
  facet normal -0.216418 0 0.976301
    outer loop
      vertex 0.323524 -56 11.5926
      vertex 0.21706 -51 11.569
      vertex 0.21706 -56 11.569
    endloop
  endfacet
  facet normal -0.300778 0 -0.953694
    outer loop
      vertex 0.323524 -56 14.0074
      vertex 0.427525 -51 13.9746
      vertex 0.427525 -56 13.9746
    endloop
  endfacet
  facet normal -0.300778 0 -0.953694
    outer loop
      vertex 0.427525 -51 13.9746
      vertex 0.323524 -56 14.0074
      vertex 0.323524 -51 14.0074
    endloop
  endfacet
  facet normal 0.843476 0 -0.537166
    outer loop
      vertex -1.02394 -56 13.517
      vertex -1.08253 -51 13.425
      vertex -1.02394 -51 13.517
    endloop
  endfacet
  facet normal 0.843476 0 -0.537166
    outer loop
      vertex -1.08253 -51 13.425
      vertex -1.02394 -56 13.517
      vertex -1.08253 -56 13.425
    endloop
  endfacet
  facet normal -0.737282 0 0.675585
    outer loop
      vertex 0.883883 -56 11.9161
      vertex 0.957555 -51 11.9965
      vertex 0.883883 -51 11.9161
    endloop
  endfacet
  facet normal -0.737282 0 0.675585
    outer loop
      vertex 0.957555 -51 11.9965
      vertex 0.883883 -56 11.9161
      vertex 0.957555 -56 11.9965
    endloop
  endfacet
  facet normal 0.608273 0 -0.793728
    outer loop
      vertex -0.803484 -56 13.7576
      vertex -0.71697 -51 13.8239
      vertex -0.71697 -56 13.8239
    endloop
  endfacet
  facet normal 0.608273 0 -0.793728
    outer loop
      vertex -0.71697 -51 13.8239
      vertex -0.803484 -56 13.7576
      vertex -0.803484 -51 13.7576
    endloop
  endfacet
  facet normal -0.793304 0 0.608826
    outer loop
      vertex 0.957555 -56 11.9965
      vertex 1.02394 -51 12.083
      vertex 0.957555 -51 11.9965
    endloop
  endfacet
  facet normal -0.793304 0 0.608826
    outer loop
      vertex 1.02394 -51 12.083
      vertex 0.957555 -56 11.9965
      vertex 1.02394 -56 12.083
    endloop
  endfacet
  facet normal 0.300778 0 -0.953694
    outer loop
      vertex -0.427525 -56 13.9746
      vertex -0.323524 -51 14.0074
      vertex -0.323524 -56 14.0074
    endloop
  endfacet
  facet normal 0.300778 0 -0.953694
    outer loop
      vertex -0.323524 -51 14.0074
      vertex -0.427525 -56 13.9746
      vertex -0.427525 -51 13.9746
    endloop
  endfacet
  facet normal -0.608273 0 -0.793728
    outer loop
      vertex 0.71697 -56 13.8239
      vertex 0.803484 -51 13.7576
      vertex 0.803484 -56 13.7576
    endloop
  endfacet
  facet normal -0.608273 0 -0.793728
    outer loop
      vertex 0.803484 -51 13.7576
      vertex 0.71697 -56 13.8239
      vertex 0.71697 -51 13.8239
    endloop
  endfacet
  facet normal 0.923953 -0 0.382506
    outer loop
      vertex -1.17461 -56 12.3725
      vertex -1.13288 -51 12.2717
      vertex -1.17461 -51 12.3725
    endloop
  endfacet
  facet normal 0.923953 0 0.382506
    outer loop
      vertex -1.13288 -51 12.2717
      vertex -1.17461 -56 12.3725
      vertex -1.13288 -56 12.2717
    endloop
  endfacet
  facet normal 0.0440166 0 -0.999031
    outer loop
      vertex -0.108944 -56 14.0452
      vertex 0 -51 14.05
      vertex 0 -56 14.05
    endloop
  endfacet
  facet normal 0.0440166 0 -0.999031
    outer loop
      vertex 0 -51 14.05
      vertex -0.108944 -56 14.0452
      vertex -0.108944 -51 14.0452
    endloop
  endfacet
  facet normal 0.382439 0 -0.923981
    outer loop
      vertex -0.528273 -56 13.9329
      vertex -0.427525 -51 13.9746
      vertex -0.427525 -56 13.9746
    endloop
  endfacet
  facet normal 0.382439 0 -0.923981
    outer loop
      vertex -0.427525 -51 13.9746
      vertex -0.528273 -56 13.9329
      vertex -0.528273 -51 13.9329
    endloop
  endfacet
  facet normal 0.976273 0 -0.216542
    outer loop
      vertex -1.20741 -56 13.1235
      vertex -1.23101 -51 13.0171
      vertex -1.20741 -51 13.1235
    endloop
  endfacet
  facet normal 0.976273 0 -0.216542
    outer loop
      vertex -1.23101 -51 13.0171
      vertex -1.20741 -56 13.1235
      vertex -1.23101 -56 13.0171
    endloop
  endfacet
  facet normal -0.923953 0 -0.382506
    outer loop
      vertex 1.17461 -56 13.2275
      vertex 1.13288 -51 13.3283
      vertex 1.17461 -51 13.2275
    endloop
  endfacet
  facet normal -0.923953 -0 -0.382506
    outer loop
      vertex 1.13288 -51 13.3283
      vertex 1.17461 -56 13.2275
      vertex 1.13288 -56 13.3283
    endloop
  endfacet
  facet normal -0.462088 0 0.886834
    outer loop
      vertex 0.528273 -51 11.6671
      vertex 0.625 -56 11.7175
      vertex 0.625 -51 11.7175
    endloop
  endfacet
  facet normal -0.462088 0 0.886834
    outer loop
      vertex 0.625 -56 11.7175
      vertex 0.528273 -51 11.6671
      vertex 0.528273 -56 11.6671
    endloop
  endfacet
  facet normal 0.0440166 0 0.999031
    outer loop
      vertex -0.108944 -51 11.5548
      vertex 0 -56 11.55
      vertex 0 -51 11.55
    endloop
  endfacet
  facet normal 0.0440166 0 0.999031
    outer loop
      vertex 0 -56 11.55
      vertex -0.108944 -51 11.5548
      vertex -0.108944 -56 11.5548
    endloop
  endfacet
  facet normal 0.537356 0 0.843356
    outer loop
      vertex -0.71697 -51 11.7761
      vertex -0.625 -56 11.7175
      vertex -0.625 -51 11.7175
    endloop
  endfacet
  facet normal 0.537356 0 0.843356
    outer loop
      vertex -0.625 -56 11.7175
      vertex -0.71697 -51 11.7761
      vertex -0.71697 -56 11.7761
    endloop
  endfacet
  facet normal -0.953693 0 0.30078
    outer loop
      vertex 1.17461 -56 12.3725
      vertex 1.20741 -51 12.4765
      vertex 1.17461 -51 12.3725
    endloop
  endfacet
  facet normal -0.953693 0 0.30078
    outer loop
      vertex 1.20741 -51 12.4765
      vertex 1.17461 -56 12.3725
      vertex 1.20741 -56 12.4765
    endloop
  endfacet
  facet normal -0.976273 0 0.216542
    outer loop
      vertex 1.20741 -56 12.4765
      vertex 1.23101 -51 12.5829
      vertex 1.20741 -51 12.4765
    endloop
  endfacet
  facet normal -0.976273 0 0.216542
    outer loop
      vertex 1.23101 -51 12.5829
      vertex 1.20741 -56 12.4765
      vertex 1.23101 -56 12.5829
    endloop
  endfacet
  facet normal 0.953693 0 -0.30078
    outer loop
      vertex -1.17461 -56 13.2275
      vertex -1.20741 -51 13.1235
      vertex -1.17461 -51 13.2275
    endloop
  endfacet
  facet normal 0.953693 0 -0.30078
    outer loop
      vertex -1.20741 -51 13.1235
      vertex -1.17461 -56 13.2275
      vertex -1.20741 -56 13.1235
    endloop
  endfacet
  facet normal -0.886969 0 0.461829
    outer loop
      vertex 1.08253 -56 12.175
      vertex 1.13288 -51 12.2717
      vertex 1.08253 -51 12.175
    endloop
  endfacet
  facet normal -0.886969 0 0.461829
    outer loop
      vertex 1.13288 -51 12.2717
      vertex 1.08253 -56 12.175
      vertex 1.13288 -56 12.2717
    endloop
  endfacet
  facet normal -0.991462 0 0.130393
    outer loop
      vertex 1.23101 -56 12.5829
      vertex 1.24524 -51 12.6911
      vertex 1.23101 -51 12.5829
    endloop
  endfacet
  facet normal -0.991462 0 0.130393
    outer loop
      vertex 1.24524 -51 12.6911
      vertex 1.23101 -56 12.5829
      vertex 1.24524 -56 12.6911
    endloop
  endfacet
  facet normal -0.462088 0 -0.886834
    outer loop
      vertex 0.528273 -56 13.9329
      vertex 0.625 -51 13.8825
      vertex 0.625 -56 13.8825
    endloop
  endfacet
  facet normal -0.462088 0 -0.886834
    outer loop
      vertex 0.625 -51 13.8825
      vertex 0.528273 -56 13.9329
      vertex 0.528273 -51 13.9329
    endloop
  endfacet
  facet normal 0.923953 0 -0.382506
    outer loop
      vertex -1.13288 -56 13.3283
      vertex -1.17461 -51 13.2275
      vertex -1.13288 -51 13.3283
    endloop
  endfacet
  facet normal 0.923953 0 -0.382506
    outer loop
      vertex -1.17461 -51 13.2275
      vertex -1.13288 -56 13.3283
      vertex -1.17461 -56 13.2275
    endloop
  endfacet
  facet normal -0.675729 0 -0.73715
    outer loop
      vertex 0.803484 -56 13.7576
      vertex 0.883883 -51 13.6839
      vertex 0.883883 -56 13.6839
    endloop
  endfacet
  facet normal -0.675729 0 -0.73715
    outer loop
      vertex 0.883883 -51 13.6839
      vertex 0.803484 -56 13.7576
      vertex 0.803484 -51 13.7576
    endloop
  endfacet
  facet normal -0.843476 0 0.537166
    outer loop
      vertex 1.02394 -56 12.083
      vertex 1.08253 -51 12.175
      vertex 1.02394 -51 12.083
    endloop
  endfacet
  facet normal -0.843476 0 0.537166
    outer loop
      vertex 1.08253 -51 12.175
      vertex 1.02394 -56 12.083
      vertex 1.08253 -56 12.175
    endloop
  endfacet
  facet normal 0.130222 0 0.991485
    outer loop
      vertex -0.21706 -51 11.569
      vertex -0.108944 -56 11.5548
      vertex -0.108944 -51 11.5548
    endloop
  endfacet
  facet normal 0.130222 0 0.991485
    outer loop
      vertex -0.108944 -56 11.5548
      vertex -0.21706 -51 11.569
      vertex -0.21706 -56 11.569
    endloop
  endfacet
  facet normal 0.991462 -0 0.130393
    outer loop
      vertex -1.24524 -56 12.6911
      vertex -1.23101 -51 12.5829
      vertex -1.24524 -51 12.6911
    endloop
  endfacet
  facet normal 0.991462 0 0.130393
    outer loop
      vertex -1.23101 -51 12.5829
      vertex -1.24524 -56 12.6911
      vertex -1.23101 -56 12.5829
    endloop
  endfacet
  facet normal -0.923953 0 0.382506
    outer loop
      vertex 1.13288 -56 12.2717
      vertex 1.17461 -51 12.3725
      vertex 1.13288 -51 12.2717
    endloop
  endfacet
  facet normal -0.923953 0 0.382506
    outer loop
      vertex 1.17461 -51 12.3725
      vertex 1.13288 -56 12.2717
      vertex 1.17461 -56 12.3725
    endloop
  endfacet
  facet normal -0.537356 0 -0.843356
    outer loop
      vertex 0.625 -56 13.8825
      vertex 0.71697 -51 13.8239
      vertex 0.71697 -56 13.8239
    endloop
  endfacet
  facet normal -0.537356 0 -0.843356
    outer loop
      vertex 0.71697 -51 13.8239
      vertex 0.625 -56 13.8825
      vertex 0.625 -51 13.8825
    endloop
  endfacet
  facet normal -0.843476 0 -0.537166
    outer loop
      vertex 1.08253 -56 13.425
      vertex 1.02394 -51 13.517
      vertex 1.08253 -51 13.425
    endloop
  endfacet
  facet normal -0.843476 -0 -0.537166
    outer loop
      vertex 1.02394 -51 13.517
      vertex 1.08253 -56 13.425
      vertex 1.02394 -56 13.517
    endloop
  endfacet
  facet normal -0.953693 0 -0.30078
    outer loop
      vertex 1.20741 -56 13.1235
      vertex 1.17461 -51 13.2275
      vertex 1.20741 -51 13.1235
    endloop
  endfacet
  facet normal -0.953693 -0 -0.30078
    outer loop
      vertex 1.17461 -51 13.2275
      vertex 1.20741 -56 13.1235
      vertex 1.17461 -56 13.2275
    endloop
  endfacet
  facet normal 0.886969 -0 0.461829
    outer loop
      vertex -1.13288 -56 12.2717
      vertex -1.08253 -51 12.175
      vertex -1.13288 -51 12.2717
    endloop
  endfacet
  facet normal 0.886969 0 0.461829
    outer loop
      vertex -1.08253 -51 12.175
      vertex -1.13288 -56 12.2717
      vertex -1.08253 -56 12.175
    endloop
  endfacet
  facet normal -0.886969 0 -0.461829
    outer loop
      vertex 1.13288 -56 13.3283
      vertex 1.08253 -51 13.425
      vertex 1.13288 -51 13.3283
    endloop
  endfacet
  facet normal -0.886969 -0 -0.461829
    outer loop
      vertex 1.08253 -51 13.425
      vertex 1.13288 -56 13.3283
      vertex 1.08253 -56 13.425
    endloop
  endfacet
  facet normal -0.737282 0 -0.675585
    outer loop
      vertex 0.957555 -56 13.6035
      vertex 0.883883 -51 13.6839
      vertex 0.957555 -51 13.6035
    endloop
  endfacet
  facet normal -0.737282 -0 -0.675585
    outer loop
      vertex 0.883883 -51 13.6839
      vertex 0.957555 -56 13.6035
      vertex 0.883883 -56 13.6839
    endloop
  endfacet
  facet normal -0.793304 0 -0.608826
    outer loop
      vertex 1.02394 -56 13.517
      vertex 0.957555 -51 13.6035
      vertex 1.02394 -51 13.517
    endloop
  endfacet
  facet normal -0.793304 -0 -0.608826
    outer loop
      vertex 0.957555 -51 13.6035
      vertex 1.02394 -56 13.517
      vertex 0.957555 -56 13.6035
    endloop
  endfacet
  facet normal -0.216418 0 -0.976301
    outer loop
      vertex 0.21706 -56 14.031
      vertex 0.323524 -51 14.0074
      vertex 0.323524 -56 14.0074
    endloop
  endfacet
  facet normal -0.216418 0 -0.976301
    outer loop
      vertex 0.323524 -51 14.0074
      vertex 0.21706 -56 14.031
      vertex 0.21706 -51 14.031
    endloop
  endfacet
  facet normal -0.300778 0 0.953694
    outer loop
      vertex 0.323524 -51 11.5926
      vertex 0.427525 -56 11.6254
      vertex 0.427525 -51 11.6254
    endloop
  endfacet
  facet normal -0.300778 0 0.953694
    outer loop
      vertex 0.427525 -56 11.6254
      vertex 0.323524 -51 11.5926
      vertex 0.323524 -56 11.5926
    endloop
  endfacet
  facet normal 0.793304 -0 0.608826
    outer loop
      vertex -1.02394 -56 12.083
      vertex -0.957555 -51 11.9965
      vertex -1.02394 -51 12.083
    endloop
  endfacet
  facet normal 0.793304 0 0.608826
    outer loop
      vertex -0.957555 -51 11.9965
      vertex -1.02394 -56 12.083
      vertex -0.957555 -56 11.9965
    endloop
  endfacet
  facet normal 0.537356 0 -0.843356
    outer loop
      vertex -0.71697 -56 13.8239
      vertex -0.625 -51 13.8825
      vertex -0.625 -56 13.8825
    endloop
  endfacet
  facet normal 0.537356 0 -0.843356
    outer loop
      vertex -0.625 -51 13.8825
      vertex -0.71697 -56 13.8239
      vertex -0.71697 -51 13.8239
    endloop
  endfacet
  facet normal 0.216418 0 -0.976301
    outer loop
      vertex -0.323524 -56 14.0074
      vertex -0.21706 -51 14.031
      vertex -0.21706 -56 14.031
    endloop
  endfacet
  facet normal 0.216418 0 -0.976301
    outer loop
      vertex -0.21706 -51 14.031
      vertex -0.323524 -56 14.0074
      vertex -0.323524 -51 14.0074
    endloop
  endfacet
  facet normal 0.737282 0 -0.675585
    outer loop
      vertex -0.883883 -56 13.6839
      vertex -0.957555 -51 13.6035
      vertex -0.883883 -51 13.6839
    endloop
  endfacet
  facet normal 0.737282 0 -0.675585
    outer loop
      vertex -0.957555 -51 13.6035
      vertex -0.883883 -56 13.6839
      vertex -0.957555 -56 13.6035
    endloop
  endfacet
  facet normal 0.608273 0 0.793728
    outer loop
      vertex -0.803484 -51 11.8424
      vertex -0.71697 -56 11.7761
      vertex -0.71697 -51 11.7761
    endloop
  endfacet
  facet normal 0.608273 0 0.793728
    outer loop
      vertex -0.71697 -56 11.7761
      vertex -0.803484 -51 11.8424
      vertex -0.803484 -56 11.8424
    endloop
  endfacet
  facet normal 0.462088 0 0.886834
    outer loop
      vertex -0.625 -51 11.7175
      vertex -0.528273 -56 11.6671
      vertex -0.528273 -51 11.6671
    endloop
  endfacet
  facet normal 0.462088 0 0.886834
    outer loop
      vertex -0.528273 -56 11.6671
      vertex -0.625 -51 11.7175
      vertex -0.625 -56 11.7175
    endloop
  endfacet
  facet normal -0.382439 0 0.923981
    outer loop
      vertex 0.427525 -51 11.6254
      vertex 0.528273 -56 11.6671
      vertex 0.528273 -51 11.6671
    endloop
  endfacet
  facet normal -0.382439 0 0.923981
    outer loop
      vertex 0.528273 -56 11.6671
      vertex 0.427525 -51 11.6254
      vertex 0.427525 -56 11.6254
    endloop
  endfacet
  facet normal -0.0440166 0 0.999031
    outer loop
      vertex 0 -51 11.55
      vertex 0.108944 -56 11.5548
      vertex 0.108944 -51 11.5548
    endloop
  endfacet
  facet normal -0.0440166 0 0.999031
    outer loop
      vertex 0.108944 -56 11.5548
      vertex 0 -51 11.55
      vertex 0 -56 11.55
    endloop
  endfacet
  facet normal 0.462088 0 -0.886834
    outer loop
      vertex -0.625 -56 13.8825
      vertex -0.528273 -51 13.9329
      vertex -0.528273 -56 13.9329
    endloop
  endfacet
  facet normal 0.462088 0 -0.886834
    outer loop
      vertex -0.528273 -51 13.9329
      vertex -0.625 -56 13.8825
      vertex -0.625 -51 13.8825
    endloop
  endfacet
  facet normal 0.991462 0 -0.130393
    outer loop
      vertex -1.23101 -56 13.0171
      vertex -1.24524 -51 12.9089
      vertex -1.23101 -51 13.0171
    endloop
  endfacet
  facet normal 0.991462 0 -0.130393
    outer loop
      vertex -1.24524 -51 12.9089
      vertex -1.23101 -56 13.0171
      vertex -1.24524 -56 12.9089
    endloop
  endfacet
  facet normal 0.675729 0 0.73715
    outer loop
      vertex -0.883883 -51 11.9161
      vertex -0.803484 -56 11.8424
      vertex -0.803484 -51 11.8424
    endloop
  endfacet
  facet normal 0.675729 0 0.73715
    outer loop
      vertex -0.803484 -56 11.8424
      vertex -0.883883 -51 11.9161
      vertex -0.883883 -56 11.9161
    endloop
  endfacet
  facet normal 0.130222 0 -0.991485
    outer loop
      vertex -0.21706 -56 14.031
      vertex -0.108944 -51 14.0452
      vertex -0.108944 -56 14.0452
    endloop
  endfacet
  facet normal 0.130222 0 -0.991485
    outer loop
      vertex -0.108944 -51 14.0452
      vertex -0.21706 -56 14.031
      vertex -0.21706 -51 14.031
    endloop
  endfacet
  facet normal 0.843476 -0 0.537166
    outer loop
      vertex -1.08253 -56 12.175
      vertex -1.02394 -51 12.083
      vertex -1.08253 -51 12.175
    endloop
  endfacet
  facet normal 0.843476 0 0.537166
    outer loop
      vertex -1.02394 -51 12.083
      vertex -1.08253 -56 12.175
      vertex -1.02394 -56 12.083
    endloop
  endfacet
  facet normal 0.999046 -0 0.0436681
    outer loop
      vertex -1.25 -56 12.8
      vertex -1.24524 -51 12.6911
      vertex -1.25 -51 12.8
    endloop
  endfacet
  facet normal 0.999046 0 0.0436681
    outer loop
      vertex -1.24524 -51 12.6911
      vertex -1.25 -56 12.8
      vertex -1.24524 -56 12.6911
    endloop
  endfacet
  facet normal 0.999046 0 -0.0436681
    outer loop
      vertex -1.24524 -56 12.9089
      vertex -1.25 -51 12.8
      vertex -1.24524 -51 12.9089
    endloop
  endfacet
  facet normal 0.999046 0 -0.0436681
    outer loop
      vertex -1.25 -51 12.8
      vertex -1.24524 -56 12.9089
      vertex -1.25 -56 12.8
    endloop
  endfacet
  facet normal 0.382439 0 0.923981
    outer loop
      vertex -0.528273 -51 11.6671
      vertex -0.427525 -56 11.6254
      vertex -0.427525 -51 11.6254
    endloop
  endfacet
  facet normal 0.382439 0 0.923981
    outer loop
      vertex -0.427525 -56 11.6254
      vertex -0.528273 -51 11.6671
      vertex -0.528273 -56 11.6671
    endloop
  endfacet
  facet normal 0.300778 0 0.953694
    outer loop
      vertex -0.427525 -51 11.6254
      vertex -0.323524 -56 11.5926
      vertex -0.323524 -51 11.5926
    endloop
  endfacet
  facet normal 0.300778 0 0.953694
    outer loop
      vertex -0.323524 -56 11.5926
      vertex -0.427525 -51 11.6254
      vertex -0.427525 -56 11.6254
    endloop
  endfacet
  facet normal -0.382439 0 -0.923981
    outer loop
      vertex 0.427525 -56 13.9746
      vertex 0.528273 -51 13.9329
      vertex 0.528273 -56 13.9329
    endloop
  endfacet
  facet normal -0.382439 0 -0.923981
    outer loop
      vertex 0.528273 -51 13.9329
      vertex 0.427525 -56 13.9746
      vertex 0.427525 -51 13.9746
    endloop
  endfacet
  facet normal -0.675729 0 0.73715
    outer loop
      vertex 0.803484 -51 11.8424
      vertex 0.883883 -56 11.9161
      vertex 0.883883 -51 11.9161
    endloop
  endfacet
  facet normal -0.675729 0 0.73715
    outer loop
      vertex 0.883883 -56 11.9161
      vertex 0.803484 -51 11.8424
      vertex 0.803484 -56 11.8424
    endloop
  endfacet
  facet normal -0.608273 0 0.793728
    outer loop
      vertex 0.71697 -51 11.7761
      vertex 0.803484 -56 11.8424
      vertex 0.803484 -51 11.8424
    endloop
  endfacet
  facet normal -0.608273 0 0.793728
    outer loop
      vertex 0.803484 -56 11.8424
      vertex 0.71697 -51 11.7761
      vertex 0.71697 -56 11.7761
    endloop
  endfacet
  facet normal -0.130222 0 -0.991485
    outer loop
      vertex 0.108944 -56 14.0452
      vertex 0.21706 -51 14.031
      vertex 0.21706 -56 14.031
    endloop
  endfacet
  facet normal -0.130222 0 -0.991485
    outer loop
      vertex 0.21706 -51 14.031
      vertex 0.108944 -56 14.0452
      vertex 0.108944 -51 14.0452
    endloop
  endfacet
  facet normal 0.886969 0 -0.461829
    outer loop
      vertex -1.08253 -56 13.425
      vertex -1.13288 -51 13.3283
      vertex -1.08253 -51 13.425
    endloop
  endfacet
  facet normal 0.886969 0 -0.461829
    outer loop
      vertex -1.13288 -51 13.3283
      vertex -1.08253 -56 13.425
      vertex -1.13288 -56 13.3283
    endloop
  endfacet
  facet normal 0.793349 0.608767 0
    outer loop
      vertex -13.4058 -38.7488 17.5
      vertex -14.3352 -37.5376 7.5
      vertex -14.3352 -37.5376 17.5
    endloop
  endfacet
  facet normal 0.793349 0.608767 0
    outer loop
      vertex -14.3352 -37.5376 7.5
      vertex -13.4058 -38.7488 17.5
      vertex -13.4058 -38.7488 7.5
    endloop
  endfacet
  facet normal 0.976303 0.216409 0
    outer loop
      vertex -17.0143 -31.5304 10.8473
      vertex -17.2341 -30.5388 7.5
      vertex -17.2341 -30.5388 17.5
    endloop
  endfacet
  facet normal 0.976384 0.216044 -0.000102808
    outer loop
      vertex -17.2341 -30.5388 7.5
      vertex -17.0194 -31.5076 10.6743
      vertex -17.0211 -31.5 10.5
    endloop
  endfacet
  facet normal 0.976636 0.2149 -0.000468892
    outer loop
      vertex -17.2341 -30.5388 7.5
      vertex -17.0143 -31.5304 10.8473
      vertex -17.0194 -31.5076 10.6743
    endloop
  endfacet
  facet normal 0.976161 0.217048 -9.99708e-05
    outer loop
      vertex -17.2341 -30.5388 17.5
      vertex -17.0059 -31.5681 11.0176
      vertex -17.0143 -31.5304 10.8473
    endloop
  endfacet
  facet normal 0.976397 0.215983 7.75237e-05
    outer loop
      vertex -17.2341 -30.5388 17.5
      vertex -16.9943 -31.6206 11.184
      vertex -17.0059 -31.5681 11.0176
    endloop
  endfacet
  facet normal 0.976318 0.216342 1.30985e-05
    outer loop
      vertex -17.2341 -30.5388 17.5
      vertex -16.9795 -31.6874 11.3452
      vertex -16.9943 -31.6206 11.184
    endloop
  endfacet
  facet normal 0.976197 0.216887 -9.37244e-05
    outer loop
      vertex -17.2341 -30.5388 17.5
      vertex -16.9616 -31.7679 11.5
      vertex -16.9795 -31.6874 11.3452
    endloop
  endfacet
  facet normal 0.976453 0.215729 0.000155096
    outer loop
      vertex -17.2341 -30.5388 17.5
      vertex -16.9409 -31.8617 11.6472
      vertex -16.9616 -31.7679 11.5
    endloop
  endfacet
  facet normal 0.976215 0.216806 -0.000100211
    outer loop
      vertex -17.2341 -30.5388 17.5
      vertex -16.9173 -31.9679 11.7856
      vertex -16.9409 -31.8617 11.6472
    endloop
  endfacet
  facet normal 0.976301 0.216417 -0
    outer loop
      vertex -16.9037 -32.0293 11.8526
      vertex -17.2341 -30.5388 17.5
      vertex -16.9037 -32.0293 17.5
    endloop
  endfacet
  facet normal 0.976329 0.216293 3.44524e-05
    outer loop
      vertex -17.2341 -30.5388 17.5
      vertex -16.9037 -32.0293 11.8526
      vertex -16.9173 -31.9679 11.7856
    endloop
  endfacet
  facet normal 0.976264 0.216582 7.8168e-05
    outer loop
      vertex -17.0194 -31.5076 10.3257
      vertex -17.2341 -30.5388 7.5
      vertex -17.0211 -31.5 10.5
    endloop
  endfacet
  facet normal 0.976194 0.2169 0.000192354
    outer loop
      vertex -17.0143 -31.5304 10.1527
      vertex -17.2341 -30.5388 7.5
      vertex -17.0194 -31.5076 10.3257
    endloop
  endfacet
  facet normal 0.976214 0.216807 0.000156025
    outer loop
      vertex -17.0059 -31.5681 9.98236
      vertex -17.2341 -30.5388 7.5
      vertex -17.0143 -31.5304 10.1527
    endloop
  endfacet
  facet normal 0.976361 0.216146 -0.000131498
    outer loop
      vertex -16.9943 -31.6206 9.81596
      vertex -17.2341 -30.5388 7.5
      vertex -17.0059 -31.5681 9.98236
    endloop
  endfacet
  facet normal 0.976312 0.216366 -2.37335e-05
    outer loop
      vertex -16.9795 -31.6874 9.65476
      vertex -17.2341 -30.5388 7.5
      vertex -16.9943 -31.6206 9.81596
    endloop
  endfacet
  facet normal 0.976232 0.21673 0.000179672
    outer loop
      vertex -16.9616 -31.7679 9.5
      vertex -17.2341 -30.5388 7.5
      vertex -16.9795 -31.6874 9.65476
    endloop
  endfacet
  facet normal 0.976401 0.215965 -0.000313037
    outer loop
      vertex -16.9409 -31.8617 9.35285
      vertex -17.2341 -30.5388 7.5
      vertex -16.9616 -31.7679 9.5
    endloop
  endfacet
  facet normal 0.976246 0.216667 0.000212267
    outer loop
      vertex -16.9173 -31.9679 9.21443
      vertex -17.2341 -30.5388 7.5
      vertex -16.9409 -31.8617 9.35285
    endloop
  endfacet
  facet normal 0.976319 0.216337 -7.65234e-05
    outer loop
      vertex -16.9037 -32.0293 9.14739
      vertex -17.2341 -30.5388 7.5
      vertex -16.9173 -31.9679 9.21443
    endloop
  endfacet
  facet normal 0.976301 0.216417 0
    outer loop
      vertex -17.2341 -30.5388 7.5
      vertex -16.9037 -32.0293 9.14739
      vertex -16.9037 -32.0293 7.5
    endloop
  endfacet
  facet normal -0.991442 0.130546 0
    outer loop
      vertex 17.2341 -30.5388 7.5
      vertex 17.4334 -29.0252 17.5
      vertex 17.4334 -29.0252 7.5
    endloop
  endfacet
  facet normal -0.991442 0.130546 0
    outer loop
      vertex 17.4334 -29.0252 17.5
      vertex 17.2341 -30.5388 7.5
      vertex 17.2341 -30.5388 17.5
    endloop
  endfacet
  facet normal -0.999048 0.0436248 0
    outer loop
      vertex 17.4334 -29.0252 7.5
      vertex 17.5 -27.5 17.5
      vertex 17.5 -27.5 7.5
    endloop
  endfacet
  facet normal -0.999048 0.0436248 0
    outer loop
      vertex 17.5 -27.5 17.5
      vertex 17.4334 -29.0252 7.5
      vertex 17.4334 -29.0252 17.5
    endloop
  endfacet
  facet normal -0.216419 0.976301 0
    outer loop
      vertex 4.52933 -44.4037 7.5
      vertex 3.03884 -44.7341 17.5
      vertex 4.52933 -44.4037 17.5
    endloop
  endfacet
  facet normal -0.216419 0.976301 0
    outer loop
      vertex 3.03884 -44.7341 17.5
      vertex 4.52933 -44.4037 7.5
      vertex 3.03884 -44.7341 7.5
    endloop
  endfacet
  facet normal -0.976301 0.216417 0
    outer loop
      vertex 16.9037 -32.0293 7.5
      vertex 17.2341 -30.5388 17.5
      vertex 17.2341 -30.5388 7.5
    endloop
  endfacet
  facet normal -0.976301 0.216417 0
    outer loop
      vertex 17.2341 -30.5388 17.5
      vertex 16.9037 -32.0293 7.5
      vertex 16.9037 -32.0293 17.5
    endloop
  endfacet
  facet normal -0.0460129 0.998941 0
    outer loop
      vertex 1.52522 -44.9334 7.5
      vertex 1.50351 -44.9344 12.2528
      vertex 1.52522 -44.9334 12.3216
    endloop
  endfacet
  facet normal -0.0430479 0.999073 1.35716e-05
    outer loop
      vertex 1.52522 -44.9334 7.5
      vertex 1.45009 -44.9367 12.1238
      vertex 1.50351 -44.9344 12.2528
    endloop
  endfacet
  facet normal -0.0434181 0.999057 7.54563e-06
    outer loop
      vertex 1.52522 -44.9334 7.5
      vertex 1.38564 -44.9395 12
      vertex 1.45009 -44.9367 12.1238
    endloop
  endfacet
  facet normal -0.0439437 0.999034 -8.78989e-06
    outer loop
      vertex 1.52522 -44.9334 7.5
      vertex 1.31064 -44.9428 11.8823
      vertex 1.38564 -44.9395 12
    endloop
  endfacet
  facet normal -0.0435192 0.999053 1.20348e-05
    outer loop
      vertex 1.52522 -44.9334 7.5
      vertex 1.22567 -44.9465 11.7715
      vertex 1.31064 -44.9428 11.8823
    endloop
  endfacet
  facet normal -0.0434552 0.999055 1.65309e-05
    outer loop
      vertex 1.52522 -44.9334 7.5
      vertex 1.13137 -44.9506 11.6686
      vertex 1.22567 -44.9465 11.7715
    endloop
  endfacet
  facet normal -0.0436813 0.999046 -4.87166e-06
    outer loop
      vertex 1.52522 -44.9334 7.5
      vertex 1.02846 -44.9551 11.5743
      vertex 1.13137 -44.9506 11.6686
    endloop
  endfacet
  facet normal -0.0433337 0.999061 3.7598e-05
    outer loop
      vertex 1.52522 -44.9334 7.5
      vertex 0.917722 -44.9599 11.4894
      vertex 1.02846 -44.9551 11.5743
    endloop
  endfacet
  facet normal -0.04408 0.999028 -7.62643e-05
    outer loop
      vertex 1.52522 -44.9334 7.5
      vertex 0.799999 -44.9651 11.4144
      vertex 0.917722 -44.9599 11.4894
    endloop
  endfacet
  facet normal -0.0435819 0.99905 1.61964e-05
    outer loop
      vertex 1.52522 -44.9334 7.5
      vertex 0.676188 -44.9705 11.3499
      vertex 0.799999 -44.9651 11.4144
    endloop
  endfacet
  facet normal -0.0434074 0.999057 5.47436e-05
    outer loop
      vertex 1.52522 -44.9334 7.5
      vertex 0.547232 -44.9761 11.2965
      vertex 0.676188 -44.9705 11.3499
    endloop
  endfacet
  facet normal -0.0435347 0.999052 2.18998e-05
    outer loop
      vertex 1.52522 -44.9334 7.5
      vertex 0.41411 -44.9819 11.2545
      vertex 0.547232 -44.9761 11.2965
    endloop
  endfacet
  facet normal -0.0439634 0.999033 -0.000105218
    outer loop
      vertex 1.52522 -44.9334 7.5
      vertex 0.277837 -44.9879 11.2243
      vertex 0.41411 -44.9819 11.2545
    endloop
  endfacet
  facet normal -0.0436243 0.999048 8.57967e-06
    outer loop
      vertex 0 -45 7.5
      vertex 0.277837 -44.9879 11.2243
      vertex 1.52522 -44.9334 7.5
    endloop
  endfacet
  facet normal -0.0433137 0.999062 -1.4629e-05
    outer loop
      vertex 0.277837 -44.9879 11.2243
      vertex 0 -45 7.5
      vertex 0.139449 -44.9939 11.2061
    endloop
  endfacet
  facet normal -0.0437018 0.999045 0
    outer loop
      vertex 0.139449 -44.9939 11.2061
      vertex 0 -45 7.5
      vertex 0 -45 11.2
    endloop
  endfacet
  facet normal -0.0436243 0.999048 5.55577e-06
    outer loop
      vertex 0.41411 -44.9819 14.3455
      vertex 0 -45 17.5
      vertex 1.52522 -44.9334 17.5
    endloop
  endfacet
  facet normal -0.0437018 0.999045 0
    outer loop
      vertex 0 -45 17.5
      vertex 0.139449 -44.9939 14.3939
      vertex 0 -45 14.4
    endloop
  endfacet
  facet normal -0.0433134 0.999062 1.74716e-05
    outer loop
      vertex 0 -45 17.5
      vertex 0.277837 -44.9879 14.3757
      vertex 0.139449 -44.9939 14.3939
    endloop
  endfacet
  facet normal -0.0439962 0.999032 -4.33699e-05
    outer loop
      vertex 0 -45 17.5
      vertex 0.41411 -44.9819 14.3455
      vertex 0.277837 -44.9879 14.3757
    endloop
  endfacet
  facet normal -0.0435358 0.999052 -2.56486e-05
    outer loop
      vertex 1.52522 -44.9334 17.5
      vertex 0.547232 -44.9761 14.3035
      vertex 0.41411 -44.9819 14.3455
    endloop
  endfacet
  facet normal -0.0434112 0.999057 -6.38638e-05
    outer loop
      vertex 1.52522 -44.9334 17.5
      vertex 0.676188 -44.9705 14.2501
      vertex 0.547232 -44.9761 14.3035
    endloop
  endfacet
  facet normal -0.0435832 0.99905 -1.88283e-05
    outer loop
      vertex 1.52522 -44.9334 17.5
      vertex 0.799999 -44.9651 14.1856
      vertex 0.676188 -44.9705 14.2501
    endloop
  endfacet
  facet normal -0.0440723 0.999028 8.83812e-05
    outer loop
      vertex 1.52522 -44.9334 17.5
      vertex 0.917722 -44.9599 14.1106
      vertex 0.799999 -44.9651 14.1856
    endloop
  endfacet
  facet normal -0.0433381 0.99906 -4.34496e-05
    outer loop
      vertex 1.52522 -44.9334 17.5
      vertex 1.02846 -44.9551 14.0257
      vertex 0.917722 -44.9599 14.1106
    endloop
  endfacet
  facet normal -0.0436806 0.999046 5.61552e-06
    outer loop
      vertex 1.52522 -44.9334 17.5
      vertex 1.13137 -44.9506 13.9314
      vertex 1.02846 -44.9551 14.0257
    endloop
  endfacet
  facet normal -0.0434579 0.999055 -1.90115e-05
    outer loop
      vertex 1.52522 -44.9334 17.5
      vertex 1.22567 -44.9465 13.8285
      vertex 1.13137 -44.9506 13.9314
    endloop
  endfacet
  facet normal -0.0435215 0.999052 -1.38125e-05
    outer loop
      vertex 1.52522 -44.9334 17.5
      vertex 1.31064 -44.9428 13.7177
      vertex 1.22567 -44.9465 13.8285
    endloop
  endfacet
  facet normal -0.0439417 0.999034 1.00703e-05
    outer loop
      vertex 1.52522 -44.9334 17.5
      vertex 1.38564 -44.9395 13.6
      vertex 1.31064 -44.9428 13.7177
    endloop
  endfacet
  facet normal -0.0434201 0.999057 -8.63183e-06
    outer loop
      vertex 1.52522 -44.9334 17.5
      vertex 1.45009 -44.9367 13.4762
      vertex 1.38564 -44.9395 13.6
    endloop
  endfacet
  facet normal -0.0430526 0.999073 -1.5508e-05
    outer loop
      vertex 1.52522 -44.9334 17.5
      vertex 1.50351 -44.9344 13.3472
      vertex 1.45009 -44.9367 13.4762
    endloop
  endfacet
  facet normal -0.0460129 0.998941 0
    outer loop
      vertex 1.50351 -44.9344 13.3472
      vertex 1.52522 -44.9334 17.5
      vertex 1.52522 -44.9334 13.2784
    endloop
  endfacet
  facet normal 0.0437018 0.999045 -0
    outer loop
      vertex 0 -45 7.5
      vertex -0.139449 -44.9939 11.2061
      vertex 0 -45 11.2
    endloop
  endfacet
  facet normal 0.0433137 0.999062 -1.4629e-05
    outer loop
      vertex 0 -45 7.5
      vertex -0.277837 -44.9879 11.2243
      vertex -0.139449 -44.9939 11.2061
    endloop
  endfacet
  facet normal 0.0439947 0.999032 3.62654e-05
    outer loop
      vertex 0 -45 7.5
      vertex -0.41411 -44.9819 11.2545
      vertex -0.277837 -44.9879 11.2243
    endloop
  endfacet
  facet normal 0.0436243 0.999048 -4.66792e-06
    outer loop
      vertex -1.52522 -44.9334 7.5
      vertex -0.41411 -44.9819 11.2545
      vertex 0 -45 7.5
    endloop
  endfacet
  facet normal 0.0435347 0.999052 2.18998e-05
    outer loop
      vertex -0.41411 -44.9819 11.2545
      vertex -1.52522 -44.9334 7.5
      vertex -0.547232 -44.9761 11.2965
    endloop
  endfacet
  facet normal 0.0434074 0.999057 5.47436e-05
    outer loop
      vertex -0.547232 -44.9761 11.2965
      vertex -1.52522 -44.9334 7.5
      vertex -0.676188 -44.9705 11.3499
    endloop
  endfacet
  facet normal 0.0435819 0.99905 1.61964e-05
    outer loop
      vertex -0.676188 -44.9705 11.3499
      vertex -1.52522 -44.9334 7.5
      vertex -0.799999 -44.9651 11.4144
    endloop
  endfacet
  facet normal 0.04408 0.999028 -7.62643e-05
    outer loop
      vertex -0.799999 -44.9651 11.4144
      vertex -1.52522 -44.9334 7.5
      vertex -0.917722 -44.9599 11.4894
    endloop
  endfacet
  facet normal 0.0433337 0.999061 3.7598e-05
    outer loop
      vertex -0.917722 -44.9599 11.4894
      vertex -1.52522 -44.9334 7.5
      vertex -1.02846 -44.9551 11.5743
    endloop
  endfacet
  facet normal 0.0436813 0.999046 -4.87166e-06
    outer loop
      vertex -1.02846 -44.9551 11.5743
      vertex -1.52522 -44.9334 7.5
      vertex -1.13137 -44.9506 11.6686
    endloop
  endfacet
  facet normal 0.0434552 0.999055 1.65309e-05
    outer loop
      vertex -1.13137 -44.9506 11.6686
      vertex -1.52522 -44.9334 7.5
      vertex -1.22567 -44.9465 11.7715
    endloop
  endfacet
  facet normal 0.0435192 0.999053 1.20348e-05
    outer loop
      vertex -1.22567 -44.9465 11.7715
      vertex -1.52522 -44.9334 7.5
      vertex -1.31064 -44.9428 11.8823
    endloop
  endfacet
  facet normal 0.0439437 0.999034 -8.78989e-06
    outer loop
      vertex -1.31064 -44.9428 11.8823
      vertex -1.52522 -44.9334 7.5
      vertex -1.38564 -44.9395 12
    endloop
  endfacet
  facet normal 0.0434181 0.999057 7.54563e-06
    outer loop
      vertex -1.38564 -44.9395 12
      vertex -1.52522 -44.9334 7.5
      vertex -1.45009 -44.9367 12.1238
    endloop
  endfacet
  facet normal 0.0460129 0.998941 0
    outer loop
      vertex -1.50351 -44.9344 12.2528
      vertex -1.52522 -44.9334 7.5
      vertex -1.52522 -44.9334 12.3216
    endloop
  endfacet
  facet normal 0.0430479 0.999073 1.35716e-05
    outer loop
      vertex -1.45009 -44.9367 12.1238
      vertex -1.52522 -44.9334 7.5
      vertex -1.50351 -44.9344 12.2528
    endloop
  endfacet
  facet normal 0.0437018 0.999045 0
    outer loop
      vertex -0.139449 -44.9939 14.3939
      vertex 0 -45 17.5
      vertex 0 -45 14.4
    endloop
  endfacet
  facet normal 0.0433134 0.999062 1.74716e-05
    outer loop
      vertex -0.277837 -44.9879 14.3757
      vertex 0 -45 17.5
      vertex -0.139449 -44.9939 14.3939
    endloop
  endfacet
  facet normal 0.0439962 0.999032 -4.33699e-05
    outer loop
      vertex -0.41411 -44.9819 14.3455
      vertex 0 -45 17.5
      vertex -0.277837 -44.9879 14.3757
    endloop
  endfacet
  facet normal 0.0436243 0.999048 5.55577e-06
    outer loop
      vertex 0 -45 17.5
      vertex -0.41411 -44.9819 14.3455
      vertex -1.52522 -44.9334 17.5
    endloop
  endfacet
  facet normal 0.0435358 0.999052 -2.56486e-05
    outer loop
      vertex -0.547232 -44.9761 14.3035
      vertex -1.52522 -44.9334 17.5
      vertex -0.41411 -44.9819 14.3455
    endloop
  endfacet
  facet normal 0.0434112 0.999057 -6.38638e-05
    outer loop
      vertex -0.676188 -44.9705 14.2501
      vertex -1.52522 -44.9334 17.5
      vertex -0.547232 -44.9761 14.3035
    endloop
  endfacet
  facet normal 0.0435832 0.99905 -1.88283e-05
    outer loop
      vertex -0.799999 -44.9651 14.1856
      vertex -1.52522 -44.9334 17.5
      vertex -0.676188 -44.9705 14.2501
    endloop
  endfacet
  facet normal 0.0440723 0.999028 8.83812e-05
    outer loop
      vertex -0.917722 -44.9599 14.1106
      vertex -1.52522 -44.9334 17.5
      vertex -0.799999 -44.9651 14.1856
    endloop
  endfacet
  facet normal 0.0433381 0.99906 -4.34496e-05
    outer loop
      vertex -1.02846 -44.9551 14.0257
      vertex -1.52522 -44.9334 17.5
      vertex -0.917722 -44.9599 14.1106
    endloop
  endfacet
  facet normal 0.0436806 0.999046 5.61552e-06
    outer loop
      vertex -1.13137 -44.9506 13.9314
      vertex -1.52522 -44.9334 17.5
      vertex -1.02846 -44.9551 14.0257
    endloop
  endfacet
  facet normal 0.0434579 0.999055 -1.90115e-05
    outer loop
      vertex -1.22567 -44.9465 13.8285
      vertex -1.52522 -44.9334 17.5
      vertex -1.13137 -44.9506 13.9314
    endloop
  endfacet
  facet normal 0.0435215 0.999052 -1.38125e-05
    outer loop
      vertex -1.31064 -44.9428 13.7177
      vertex -1.52522 -44.9334 17.5
      vertex -1.22567 -44.9465 13.8285
    endloop
  endfacet
  facet normal 0.0439417 0.999034 1.00703e-05
    outer loop
      vertex -1.38564 -44.9395 13.6
      vertex -1.52522 -44.9334 17.5
      vertex -1.31064 -44.9428 13.7177
    endloop
  endfacet
  facet normal 0.0434201 0.999057 -8.63183e-06
    outer loop
      vertex -1.45009 -44.9367 13.4762
      vertex -1.52522 -44.9334 17.5
      vertex -1.38564 -44.9395 13.6
    endloop
  endfacet
  facet normal 0.0430526 0.999073 -1.5508e-05
    outer loop
      vertex -1.50351 -44.9344 13.3472
      vertex -1.52522 -44.9334 17.5
      vertex -1.45009 -44.9367 13.4762
    endloop
  endfacet
  facet normal 0.0460129 0.998941 0
    outer loop
      vertex -1.52522 -44.9334 17.5
      vertex -1.50351 -44.9344 13.3472
      vertex -1.52522 -44.9334 13.2784
    endloop
  endfacet
  facet normal 0.537257 -0.843419 0
    outer loop
      vertex -10.0376 -13.1648 7.5
      vertex -8.75 -12.3446 17.5
      vertex -10.0376 -13.1648 17.5
    endloop
  endfacet
  facet normal 0.537257 -0.843419 0
    outer loop
      vertex -8.75 -12.3446 17.5
      vertex -10.0376 -13.1648 7.5
      vertex -8.75 -12.3446 7.5
    endloop
  endfacet
  facet normal 0.130544 -0.991442 0
    outer loop
      vertex -3.03884 -10.2659 7.5
      vertex -1.52522 -10.0666 17.5
      vertex -3.03884 -10.2659 17.5
    endloop
  endfacet
  facet normal 0.130544 -0.991442 0
    outer loop
      vertex -1.52522 -10.0666 17.5
      vertex -3.03884 -10.2659 7.5
      vertex -1.52522 -10.0666 7.5
    endloop
  endfacet
  facet normal 0.923881 -0.38268 0
    outer loop
      vertex -16.4446 -21.5146 17.5
      vertex -15.8604 -20.1042 7.5
      vertex -15.8604 -20.1042 17.5
    endloop
  endfacet
  facet normal 0.923881 -0.38268 0
    outer loop
      vertex -15.8604 -20.1042 7.5
      vertex -16.4446 -21.5146 17.5
      vertex -16.4446 -21.5146 7.5
    endloop
  endfacet
  facet normal 0.216419 0.976301 -0
    outer loop
      vertex -3.03884 -44.7341 7.5
      vertex -4.52933 -44.4037 17.5
      vertex -3.03884 -44.7341 17.5
    endloop
  endfacet
  facet normal 0.216419 0.976301 0
    outer loop
      vertex -4.52933 -44.4037 17.5
      vertex -3.03884 -44.7341 7.5
      vertex -4.52933 -44.4037 7.5
    endloop
  endfacet
  facet normal 0.92494 0.380112 0
    outer loop
      vertex -16.4386 -33.5 8.5
      vertex -16.4446 -33.4854 7.5
      vertex -16.4446 -33.4854 8.50064
    endloop
  endfacet
  facet normal 0.923874 0.382697 4.41281e-05
    outer loop
      vertex -16.3664 -33.6743 8.50761
      vertex -16.4446 -33.4854 7.5
      vertex -16.4386 -33.5 8.5
    endloop
  endfacet
  facet normal 0.923798 0.38288 8.4385e-05
    outer loop
      vertex -16.2947 -33.8473 8.53039
      vertex -16.4446 -33.4854 7.5
      vertex -16.3664 -33.6743 8.50761
    endloop
  endfacet
  facet normal 0.923756 0.382983 0.000126566
    outer loop
      vertex -16.2241 -34.0176 8.56815
      vertex -16.4446 -33.4854 7.5
      vertex -16.2947 -33.8473 8.53039
    endloop
  endfacet
  facet normal 0.923923 0.382577 4.82975e-05
    outer loop
      vertex -15.8604 -34.8958 7.5
      vertex -16.2241 -34.0176 8.56815
      vertex -16.1552 -34.184 8.62062
    endloop
  endfacet
  facet normal 0.923837 0.382786 -0.000107218
    outer loop
      vertex -15.8604 -34.8958 7.5
      vertex -16.1552 -34.184 8.62062
      vertex -16.0884 -34.3452 8.68738
    endloop
  endfacet
  facet normal 0.923922 0.382582 3.80634e-06
    outer loop
      vertex -15.8604 -34.8958 7.5
      vertex -16.0884 -34.3452 8.68738
      vertex -16.0243 -34.5 8.76795
    endloop
  endfacet
  facet normal 0.924019 0.382345 9.02758e-05
    outer loop
      vertex -15.8604 -34.8958 7.5
      vertex -16.0243 -34.5 8.76795
      vertex -15.9634 -34.6472 8.8617
    endloop
  endfacet
  facet normal 0.923931 0.382558 4.4807e-05
    outer loop
      vertex -15.8604 -34.8958 7.5
      vertex -15.9634 -34.6472 8.8617
      vertex -15.9061 -34.7856 8.96791
    endloop
  endfacet
  facet normal 0.92372 0.383067 -0
    outer loop
      vertex -15.8604 -34.8958 7.5
      vertex -15.9061 -34.7856 8.96791
      vertex -15.8604 -34.8958 9.06893
    endloop
  endfacet
  facet normal 0.923881 0.38268 -5.02624e-05
    outer loop
      vertex -16.2241 -34.0176 8.56815
      vertex -15.8604 -34.8958 7.5
      vertex -16.4446 -33.4854 7.5
    endloop
  endfacet
  facet normal 0.92494 0.380112 0
    outer loop
      vertex -16.4446 -33.4854 17.5
      vertex -16.4386 -33.5 12.5
      vertex -16.4446 -33.4854 12.4994
    endloop
  endfacet
  facet normal 0.923875 0.382695 -8.82113e-06
    outer loop
      vertex -16.4446 -33.4854 17.5
      vertex -16.3664 -33.6743 12.4924
      vertex -16.4386 -33.5 12.5
    endloop
  endfacet
  facet normal 0.923801 0.382872 -1.66433e-05
    outer loop
      vertex -16.4446 -33.4854 17.5
      vertex -16.2947 -33.8473 12.4696
      vertex -16.3664 -33.6743 12.4924
    endloop
  endfacet
  facet normal 0.923881 0.38268 -3.93259e-07
    outer loop
      vertex -15.8604 -34.8958 17.5
      vertex -16.2947 -33.8473 12.4696
      vertex -16.4446 -33.4854 17.5
    endloop
  endfacet
  facet normal 0.923771 0.382946 6.47419e-05
    outer loop
      vertex -16.2947 -33.8473 12.4696
      vertex -15.8604 -34.8958 17.5
      vertex -16.2241 -34.0176 12.4319
    endloop
  endfacet
  facet normal 0.923928 0.382568 -1.21537e-05
    outer loop
      vertex -16.2241 -34.0176 12.4319
      vertex -15.8604 -34.8958 17.5
      vertex -16.1552 -34.184 12.3794
    endloop
  endfacet
  facet normal 0.923825 0.382814 2.8022e-05
    outer loop
      vertex -16.1552 -34.184 12.3794
      vertex -15.8604 -34.8958 17.5
      vertex -16.0884 -34.3452 12.3126
    endloop
  endfacet
  facet normal 0.923922 0.382581 -1.02497e-06
    outer loop
      vertex -16.0884 -34.3452 12.3126
      vertex -15.8604 -34.8958 17.5
      vertex -16.0243 -34.5 12.2321
    endloop
  endfacet
  facet normal 0.924034 0.38231 -2.48589e-05
    outer loop
      vertex -16.0243 -34.5 12.2321
      vertex -15.8604 -34.8958 17.5
      vertex -15.9634 -34.6472 12.1383
    endloop
  endfacet
  facet normal 0.92394 0.382537 -1.25282e-05
    outer loop
      vertex -15.9634 -34.6472 12.1383
      vertex -15.8604 -34.8958 17.5
      vertex -15.9061 -34.7856 12.0321
    endloop
  endfacet
  facet normal 0.92372 0.383067 0
    outer loop
      vertex -15.9061 -34.7856 12.0321
      vertex -15.8604 -34.8958 17.5
      vertex -15.8604 -34.8958 11.9311
    endloop
  endfacet
  facet normal -0.382663 0.923888 0
    outer loop
      vertex 7.39582 -43.3604 7.5
      vertex 5.98535 -43.9446 17.5
      vertex 7.39582 -43.3604 17.5
    endloop
  endfacet
  facet normal -0.382663 0.923888 0
    outer loop
      vertex 5.98535 -43.9446 17.5
      vertex 7.39582 -43.3604 7.5
      vertex 5.98535 -43.9446 7.5
    endloop
  endfacet
  facet normal 0.300717 -0.953713 0
    outer loop
      vertex -5.98535 -11.0554 7.5
      vertex -4.52933 -10.5963 17.5
      vertex -5.98535 -11.0554 17.5
    endloop
  endfacet
  facet normal 0.300717 -0.953713 0
    outer loop
      vertex -4.52933 -10.5963 17.5
      vertex -5.98535 -11.0554 7.5
      vertex -4.52933 -10.5963 7.5
    endloop
  endfacet
  facet normal 0.675582 0.737285 -0
    outer loop
      vertex -11.2488 -40.9058 7.5
      vertex -12.3744 -39.8744 17.5
      vertex -11.2488 -40.9058 17.5
    endloop
  endfacet
  facet normal 0.675582 0.737285 0
    outer loop
      vertex -12.3744 -39.8744 17.5
      vertex -11.2488 -40.9058 7.5
      vertex -12.3744 -39.8744 7.5
    endloop
  endfacet
  facet normal -0.953718 0.300702 0
    outer loop
      vertex 16.4446 -33.4854 7.5
      vertex 16.9037 -32.0293 17.5
      vertex 16.9037 -32.0293 7.5
    endloop
  endfacet
  facet normal -0.953718 0.300702 0
    outer loop
      vertex 16.9037 -32.0293 17.5
      vertex 16.4446 -33.4854 7.5
      vertex 16.4446 -33.4854 17.5
    endloop
  endfacet
  facet normal 0.991442 -0.130546 0
    outer loop
      vertex -17.4334 -25.9748 17.5
      vertex -17.2341 -24.4612 7.5
      vertex -17.2341 -24.4612 17.5
    endloop
  endfacet
  facet normal 0.991442 -0.130546 0
    outer loop
      vertex -17.2341 -24.4612 7.5
      vertex -17.4334 -25.9748 17.5
      vertex -17.4334 -25.9748 7.5
    endloop
  endfacet
  facet normal 0.953718 -0.300702 0
    outer loop
      vertex -16.9037 -22.9707 17.5
      vertex -16.4446 -21.5146 7.5
      vertex -16.4446 -21.5146 17.5
    endloop
  endfacet
  facet normal 0.953718 -0.300702 0
    outer loop
      vertex -16.4446 -21.5146 7.5
      vertex -16.9037 -22.9707 17.5
      vertex -16.9037 -22.9707 7.5
    endloop
  endfacet
  facet normal -0.793349 -0.608767 0
    outer loop
      vertex 14.3352 -17.4624 7.5
      vertex 13.4058 -16.2512 17.5
      vertex 13.4058 -16.2512 7.5
    endloop
  endfacet
  facet normal -0.793349 -0.608767 0
    outer loop
      vertex 13.4058 -16.2512 17.5
      vertex 14.3352 -17.4624 7.5
      vertex 14.3352 -17.4624 17.5
    endloop
  endfacet
  facet normal 0.886998 -0.461773 0
    outer loop
      vertex -15.8604 -20.1042 17.5
      vertex -15.1554 -18.75 7.5
      vertex -15.1554 -18.75 17.5
    endloop
  endfacet
  facet normal 0.886998 -0.461773 0
    outer loop
      vertex -15.1554 -18.75 7.5
      vertex -15.8604 -20.1042 17.5
      vertex -15.8604 -20.1042 7.5
    endloop
  endfacet
  facet normal -0.923881 0.38268 0
    outer loop
      vertex 15.8604 -34.8958 7.5
      vertex 16.4446 -33.4854 17.5
      vertex 16.4446 -33.4854 7.5
    endloop
  endfacet
  facet normal -0.923881 0.38268 0
    outer loop
      vertex 16.4446 -33.4854 17.5
      vertex 15.8604 -34.8958 7.5
      vertex 15.8604 -34.8958 17.5
    endloop
  endfacet
  facet normal -0.216419 -0.976301 0
    outer loop
      vertex 3.03884 -10.2659 7.5
      vertex 4.52933 -10.5963 17.5
      vertex 3.03884 -10.2659 17.5
    endloop
  endfacet
  facet normal -0.216419 -0.976301 -0
    outer loop
      vertex 4.52933 -10.5963 17.5
      vertex 3.03884 -10.2659 7.5
      vertex 4.52933 -10.5963 7.5
    endloop
  endfacet
  facet normal -0.991442 -0.130546 0
    outer loop
      vertex 17.4334 -25.9748 7.5
      vertex 17.2341 -24.4612 17.5
      vertex 17.2341 -24.4612 7.5
    endloop
  endfacet
  facet normal -0.991442 -0.130546 0
    outer loop
      vertex 17.2341 -24.4612 17.5
      vertex 17.4334 -25.9748 7.5
      vertex 17.4334 -25.9748 17.5
    endloop
  endfacet
  facet normal -0.843419 -0.537257 0
    outer loop
      vertex 15.1554 -18.75 7.5
      vertex 14.3352 -17.4624 17.5
      vertex 14.3352 -17.4624 7.5
    endloop
  endfacet
  facet normal -0.843419 -0.537257 0
    outer loop
      vertex 14.3352 -17.4624 17.5
      vertex 15.1554 -18.75 7.5
      vertex 15.1554 -18.75 17.5
    endloop
  endfacet
  facet normal -0.537257 -0.843419 0
    outer loop
      vertex 8.75 -12.3446 7.5
      vertex 10.0376 -13.1648 17.5
      vertex 8.75 -12.3446 17.5
    endloop
  endfacet
  facet normal -0.537257 -0.843419 -0
    outer loop
      vertex 10.0376 -13.1648 17.5
      vertex 8.75 -12.3446 7.5
      vertex 10.0376 -13.1648 7.5
    endloop
  endfacet
  facet normal -0.923881 -0.38268 0
    outer loop
      vertex 16.4446 -21.5146 7.5
      vertex 15.8604 -20.1042 17.5
      vertex 15.8604 -20.1042 7.5
    endloop
  endfacet
  facet normal -0.923881 -0.38268 0
    outer loop
      vertex 15.8604 -20.1042 17.5
      vertex 16.4446 -21.5146 7.5
      vertex 16.4446 -21.5146 17.5
    endloop
  endfacet
  facet normal -0.461779 0.886995 0
    outer loop
      vertex 8.75 -42.6554 7.5
      vertex 7.39582 -43.3604 17.5
      vertex 8.75 -42.6554 17.5
    endloop
  endfacet
  facet normal -0.461779 0.886995 0
    outer loop
      vertex 7.39582 -43.3604 17.5
      vertex 8.75 -42.6554 7.5
      vertex 7.39582 -43.3604 7.5
    endloop
  endfacet
  facet normal -0.675582 -0.737285 0
    outer loop
      vertex 11.2488 -14.0942 7.5
      vertex 12.3744 -15.1256 17.5
      vertex 11.2488 -14.0942 17.5
    endloop
  endfacet
  facet normal -0.675582 -0.737285 -0
    outer loop
      vertex 12.3744 -15.1256 17.5
      vertex 11.2488 -14.0942 7.5
      vertex 12.3744 -15.1256 7.5
    endloop
  endfacet
  facet normal -0.300717 -0.953713 0
    outer loop
      vertex 4.52933 -10.5963 7.5
      vertex 5.98535 -11.0554 17.5
      vertex 4.52933 -10.5963 17.5
    endloop
  endfacet
  facet normal -0.300717 -0.953713 -0
    outer loop
      vertex 5.98535 -11.0554 17.5
      vertex 4.52933 -10.5963 7.5
      vertex 5.98535 -11.0554 7.5
    endloop
  endfacet
  facet normal -0.675582 0.737285 0
    outer loop
      vertex 12.3744 -39.8744 7.5
      vertex 11.2488 -40.9058 17.5
      vertex 12.3744 -39.8744 17.5
    endloop
  endfacet
  facet normal -0.675582 0.737285 0
    outer loop
      vertex 11.2488 -40.9058 17.5
      vertex 12.3744 -39.8744 7.5
      vertex 11.2488 -40.9058 7.5
    endloop
  endfacet
  facet normal -0.382663 -0.923888 0
    outer loop
      vertex 5.98535 -11.0554 7.5
      vertex 7.39582 -11.6396 17.5
      vertex 5.98535 -11.0554 17.5
    endloop
  endfacet
  facet normal -0.382663 -0.923888 -0
    outer loop
      vertex 7.39582 -11.6396 17.5
      vertex 5.98535 -11.0554 7.5
      vertex 7.39582 -11.6396 7.5
    endloop
  endfacet
  facet normal -0.793349 0.608767 0
    outer loop
      vertex 13.4058 -38.7488 7.5
      vertex 14.3352 -37.5376 17.5
      vertex 14.3352 -37.5376 7.5
    endloop
  endfacet
  facet normal -0.793349 0.608767 0
    outer loop
      vertex 14.3352 -37.5376 17.5
      vertex 13.4058 -38.7488 7.5
      vertex 13.4058 -38.7488 17.5
    endloop
  endfacet
  facet normal 0.886998 0.461773 0
    outer loop
      vertex -15.1554 -36.25 17.5
      vertex -15.8604 -34.8958 11.9311
      vertex -15.8604 -34.8958 17.5
    endloop
  endfacet
  facet normal 0.88666 0.462421 0.000200315
    outer loop
      vertex -15.8604 -34.8958 11.9311
      vertex -15.1554 -36.25 17.5
      vertex -15.8508 -34.9142 11.9142
    endloop
  endfacet
  facet normal 0.886948 0.46187 3.25362e-05
    outer loop
      vertex -15.8508 -34.9142 11.9142
      vertex -15.1554 -36.25 17.5
      vertex -15.7894 -35.0321 11.7856
    endloop
  endfacet
  facet normal 0.887236 0.461315 -0.000117531
    outer loop
      vertex -15.7894 -35.0321 11.7856
      vertex -15.1554 -36.25 17.5
      vertex -15.7342 -35.1383 11.6472
    endloop
  endfacet
  facet normal 0.886936 0.461892 2.16736e-05
    outer loop
      vertex -15.7342 -35.1383 11.6472
      vertex -15.1554 -36.25 17.5
      vertex -15.6854 -35.232 11.5
    endloop
  endfacet
  facet normal 0.886862 0.462035 5.256e-05
    outer loop
      vertex -15.6854 -35.232 11.5
      vertex -15.1554 -36.25 17.5
      vertex -15.6434 -35.3126 11.3452
    endloop
  endfacet
  facet normal 0.887302 0.461188 -0.000111447
    outer loop
      vertex -15.6434 -35.3126 11.3452
      vertex -15.1554 -36.25 17.5
      vertex -15.6087 -35.3794 11.184
    endloop
  endfacet
  facet normal 0.886661 0.462421 0.000104566
    outer loop
      vertex -15.6087 -35.3794 11.184
      vertex -15.1554 -36.25 17.5
      vertex -15.5813 -35.4319 11.0176
    endloop
  endfacet
  facet normal 0.887163 0.461457 -5.01026e-05
    outer loop
      vertex -15.5813 -35.4319 11.0176
      vertex -15.1554 -36.25 17.5
      vertex -15.5617 -35.4696 10.8473
    endloop
  endfacet
  facet normal 0.887002 0.461766 -0
    outer loop
      vertex -15.1554 -36.25 7.5
      vertex -15.5498 -35.4924 10.6743
      vertex -15.1554 -36.25 17.5
    endloop
  endfacet
  facet normal 0.886738 0.462272 7.15104e-05
    outer loop
      vertex -15.5617 -35.4696 10.8473
      vertex -15.1554 -36.25 17.5
      vertex -15.5498 -35.4924 10.6743
    endloop
  endfacet
  facet normal 0.886767 0.462216 -0.000485748
    outer loop
      vertex -15.1554 -36.25 7.5
      vertex -15.8604 -34.8958 9.06893
      vertex -15.8508 -34.9142 9.08579
    endloop
  endfacet
  facet normal 0.886967 0.461833 -7.52978e-05
    outer loop
      vertex -15.1554 -36.25 7.5
      vertex -15.8508 -34.9142 9.08579
      vertex -15.7894 -35.0321 9.21443
    endloop
  endfacet
  facet normal 0.88716 0.461462 0.000259883
    outer loop
      vertex -15.1554 -36.25 7.5
      vertex -15.7894 -35.0321 9.21443
      vertex -15.7342 -35.1383 9.35285
    endloop
  endfacet
  facet normal 0.886952 0.461862 -4.57681e-05
    outer loop
      vertex -15.1554 -36.25 7.5
      vertex -15.7342 -35.1383 9.35285
      vertex -15.6854 -35.232 9.5
    endloop
  endfacet
  facet normal 0.886903 0.461955 -0.000105734
    outer loop
      vertex -15.1554 -36.25 7.5
      vertex -15.6854 -35.232 9.5
      vertex -15.6434 -35.3126 9.65476
    endloop
  endfacet
  facet normal 0.887203 0.46138 0.000212354
    outer loop
      vertex -15.1554 -36.25 7.5
      vertex -15.6434 -35.3126 9.65476
      vertex -15.6087 -35.3794 9.81596
    endloop
  endfacet
  facet normal 0.886768 0.462216 -0.000187001
    outer loop
      vertex -15.1554 -36.25 7.5
      vertex -15.6087 -35.3794 9.81596
      vertex -15.5813 -35.4319 9.98236
    endloop
  endfacet
  facet normal 0.887103 0.461572 8.25256e-05
    outer loop
      vertex -15.1554 -36.25 7.5
      vertex -15.5813 -35.4319 9.98236
      vertex -15.5617 -35.4696 10.1527
    endloop
  endfacet
  facet normal 0.886398 0.462924 -0.00035152
    outer loop
      vertex -15.5498 -35.4924 10.6743
      vertex -15.1554 -36.25 7.5
      vertex -15.5459 -35.5 10.5
    endloop
  endfacet
  facet normal 0.886998 0.461773 0
    outer loop
      vertex -15.8604 -34.8958 9.06893
      vertex -15.1554 -36.25 7.5
      vertex -15.8604 -34.8958 7.5
    endloop
  endfacet
  facet normal 0.886842 0.462073 -0.000104884
    outer loop
      vertex -15.5498 -35.4924 10.3257
      vertex -15.1554 -36.25 7.5
      vertex -15.5617 -35.4696 10.1527
    endloop
  endfacet
  facet normal 0.88738 0.461039 0.000247385
    outer loop
      vertex -15.5459 -35.5 10.5
      vertex -15.1554 -36.25 7.5
      vertex -15.5498 -35.4924 10.3257
    endloop
  endfacet
  facet normal -0.843419 0.537257 0
    outer loop
      vertex 14.3352 -37.5376 7.5
      vertex 15.1554 -36.25 17.5
      vertex 15.1554 -36.25 7.5
    endloop
  endfacet
  facet normal -0.843419 0.537257 0
    outer loop
      vertex 15.1554 -36.25 17.5
      vertex 14.3352 -37.5376 7.5
      vertex 14.3352 -37.5376 17.5
    endloop
  endfacet
  facet normal -0.953718 -0.300702 0
    outer loop
      vertex 16.9037 -22.9707 7.5
      vertex 16.4446 -21.5146 17.5
      vertex 16.4446 -21.5146 7.5
    endloop
  endfacet
  facet normal -0.953718 -0.300702 0
    outer loop
      vertex 16.4446 -21.5146 17.5
      vertex 16.9037 -22.9707 7.5
      vertex 16.9037 -22.9707 17.5
    endloop
  endfacet
  facet normal -0.0436243 -0.999048 0
    outer loop
      vertex 0 -10 7.5
      vertex 1.52522 -10.0666 17.5
      vertex 0 -10 17.5
    endloop
  endfacet
  facet normal -0.0436243 -0.999048 -0
    outer loop
      vertex 1.52522 -10.0666 17.5
      vertex 0 -10 7.5
      vertex 1.52522 -10.0666 7.5
    endloop
  endfacet
  facet normal -0.300717 0.953713 0
    outer loop
      vertex 5.98535 -43.9446 7.5
      vertex 4.52933 -44.4037 17.5
      vertex 5.98535 -43.9446 17.5
    endloop
  endfacet
  facet normal -0.300717 0.953713 0
    outer loop
      vertex 4.52933 -44.4037 17.5
      vertex 5.98535 -43.9446 7.5
      vertex 4.52933 -44.4037 7.5
    endloop
  endfacet
  facet normal 0.793349 -0.608767 0
    outer loop
      vertex -14.3352 -17.4624 17.5
      vertex -13.4058 -16.2512 7.5
      vertex -13.4058 -16.2512 17.5
    endloop
  endfacet
  facet normal 0.793349 -0.608767 0
    outer loop
      vertex -13.4058 -16.2512 7.5
      vertex -14.3352 -17.4624 17.5
      vertex -14.3352 -17.4624 7.5
    endloop
  endfacet
  facet normal -0.130544 0.991442 0
    outer loop
      vertex 3.03884 -44.7341 17.5
      vertex 1.52522 -44.9334 13.2784
      vertex 1.52522 -44.9334 17.5
    endloop
  endfacet
  facet normal -0.131272 0.991346 0.000265414
    outer loop
      vertex 3.03884 -44.7341 17.5
      vertex 1.54548 -44.9307 13.2141
      vertex 1.52522 -44.9334 13.2784
    endloop
  endfacet
  facet normal -0.129556 0.991572 -0.000342954
    outer loop
      vertex 3.03884 -44.7341 17.5
      vertex 1.57569 -44.9268 13.0778
      vertex 1.54548 -44.9307 13.2141
    endloop
  endfacet
  facet normal -0.13058 0.991438 1.98237e-06
    outer loop
      vertex 3.03884 -44.7341 17.5
      vertex 1.59391 -44.9244 12.9394
      vertex 1.57569 -44.9268 13.0778
    endloop
  endfacet
  facet normal -0.130534 0.991444 -1.29036e-05
    outer loop
      vertex 3.03884 -44.7341 17.5
      vertex 1.6 -44.9236 12.8
      vertex 1.59391 -44.9244 12.9394
    endloop
  endfacet
  facet normal -0.130576 0.991438 0
    outer loop
      vertex 3.03884 -44.7341 7.5
      vertex 1.6 -44.9236 12.8
      vertex 3.03884 -44.7341 17.5
    endloop
  endfacet
  facet normal -0.13053 0.991444 1.27011e-05
    outer loop
      vertex 1.6 -44.9236 12.8
      vertex 3.03884 -44.7341 7.5
      vertex 1.59391 -44.9244 12.6606
    endloop
  endfacet
  facet normal -0.130581 0.991438 -1.90866e-06
    outer loop
      vertex 1.59391 -44.9244 12.6606
      vertex 3.03884 -44.7341 7.5
      vertex 1.57569 -44.9268 12.5222
    endloop
  endfacet
  facet normal -0.129477 0.991582 0.000325254
    outer loop
      vertex 1.57569 -44.9268 12.5222
      vertex 3.03884 -44.7341 7.5
      vertex 1.54548 -44.9307 12.3859
    endloop
  endfacet
  facet normal -0.131324 0.99134 -0.000248868
    outer loop
      vertex 3.03884 -44.7341 7.5
      vertex 1.52522 -44.9334 12.3216
      vertex 1.54548 -44.9307 12.3859
    endloop
  endfacet
  facet normal -0.130544 0.991442 0
    outer loop
      vertex 1.52522 -44.9334 12.3216
      vertex 3.03884 -44.7341 7.5
      vertex 1.52522 -44.9334 7.5
    endloop
  endfacet
  facet normal -0.537257 0.843419 0
    outer loop
      vertex 10.0376 -41.8352 7.5
      vertex 8.75 -42.6554 17.5
      vertex 10.0376 -41.8352 17.5
    endloop
  endfacet
  facet normal -0.537257 0.843419 0
    outer loop
      vertex 8.75 -42.6554 17.5
      vertex 10.0376 -41.8352 7.5
      vertex 8.75 -42.6554 7.5
    endloop
  endfacet
  facet normal -0.608767 0.793349 0
    outer loop
      vertex 11.2488 -40.9058 7.5
      vertex 10.0376 -41.8352 17.5
      vertex 11.2488 -40.9058 17.5
    endloop
  endfacet
  facet normal -0.608767 0.793349 0
    outer loop
      vertex 10.0376 -41.8352 17.5
      vertex 11.2488 -40.9058 7.5
      vertex 10.0376 -41.8352 7.5
    endloop
  endfacet
  facet normal -0.130544 -0.991442 0
    outer loop
      vertex 1.52522 -10.0666 7.5
      vertex 3.03884 -10.2659 17.5
      vertex 1.52522 -10.0666 17.5
    endloop
  endfacet
  facet normal -0.130544 -0.991442 -0
    outer loop
      vertex 3.03884 -10.2659 17.5
      vertex 1.52522 -10.0666 7.5
      vertex 3.03884 -10.2659 7.5
    endloop
  endfacet
  facet normal -0.976301 -0.216417 0
    outer loop
      vertex 17.2341 -24.4612 7.5
      vertex 16.9037 -22.9707 17.5
      vertex 16.9037 -22.9707 7.5
    endloop
  endfacet
  facet normal -0.976301 -0.216417 0
    outer loop
      vertex 16.9037 -22.9707 17.5
      vertex 17.2341 -24.4612 7.5
      vertex 17.2341 -24.4612 17.5
    endloop
  endfacet
  facet normal 0.843419 0.537257 0
    outer loop
      vertex -14.3352 -37.5376 17.5
      vertex -15.1554 -36.25 7.5
      vertex -15.1554 -36.25 17.5
    endloop
  endfacet
  facet normal 0.843419 0.537257 0
    outer loop
      vertex -15.1554 -36.25 7.5
      vertex -14.3352 -37.5376 17.5
      vertex -14.3352 -37.5376 7.5
    endloop
  endfacet
  facet normal -0.737285 0.675582 0
    outer loop
      vertex 12.3744 -39.8744 7.5
      vertex 13.4058 -38.7488 17.5
      vertex 13.4058 -38.7488 7.5
    endloop
  endfacet
  facet normal -0.737285 0.675582 0
    outer loop
      vertex 13.4058 -38.7488 17.5
      vertex 12.3744 -39.8744 7.5
      vertex 12.3744 -39.8744 17.5
    endloop
  endfacet
  facet normal 0.0436243 -0.999048 0
    outer loop
      vertex -1.52522 -10.0666 7.5
      vertex 0 -10 17.5
      vertex -1.52522 -10.0666 17.5
    endloop
  endfacet
  facet normal 0.0436243 -0.999048 0
    outer loop
      vertex 0 -10 17.5
      vertex -1.52522 -10.0666 7.5
      vertex 0 -10 7.5
    endloop
  endfacet
  facet normal 0.843419 -0.537257 0
    outer loop
      vertex -15.1554 -18.75 17.5
      vertex -14.3352 -17.4624 7.5
      vertex -14.3352 -17.4624 17.5
    endloop
  endfacet
  facet normal 0.843419 -0.537257 0
    outer loop
      vertex -14.3352 -17.4624 7.5
      vertex -15.1554 -18.75 17.5
      vertex -15.1554 -18.75 7.5
    endloop
  endfacet
  facet normal -0.886998 0.461773 0
    outer loop
      vertex 15.1554 -36.25 7.5
      vertex 15.8604 -34.8958 17.5
      vertex 15.8604 -34.8958 7.5
    endloop
  endfacet
  facet normal -0.886998 0.461773 0
    outer loop
      vertex 15.8604 -34.8958 17.5
      vertex 15.1554 -36.25 7.5
      vertex 15.1554 -36.25 17.5
    endloop
  endfacet
  facet normal 0.999048 0.0436248 0
    outer loop
      vertex -17.4334 -29.0252 17.5
      vertex -17.5 -27.5 7.5
      vertex -17.5 -27.5 17.5
    endloop
  endfacet
  facet normal 0.999048 0.0436248 0
    outer loop
      vertex -17.5 -27.5 7.5
      vertex -17.4334 -29.0252 17.5
      vertex -17.4334 -29.0252 7.5
    endloop
  endfacet
  facet normal -0.999048 -0.0436248 0
    outer loop
      vertex 17.5 -27.5 7.5
      vertex 17.4334 -25.9748 17.5
      vertex 17.4334 -25.9748 7.5
    endloop
  endfacet
  facet normal -0.999048 -0.0436248 0
    outer loop
      vertex 17.4334 -25.9748 17.5
      vertex 17.5 -27.5 7.5
      vertex 17.5 -27.5 17.5
    endloop
  endfacet
  facet normal -0 0 1
    outer loop
      vertex 11.276 -26.9509 7.5
      vertex 17.5 -27.5 7.5
      vertex 17.4334 -25.9748 7.5
    endloop
  endfacet
  facet normal 0 0 1
    outer loop
      vertex 11.2043 -26.406 7.5
      vertex 17.4334 -25.9748 7.5
      vertex 17.2341 -24.4612 7.5
    endloop
  endfacet
  facet normal 0 0 1
    outer loop
      vertex 17.5 -27.5 7.5
      vertex 11.276 -26.9509 7.5
      vertex 11.3 -27.5 7.5
    endloop
  endfacet
  facet normal 0 0 1
    outer loop
      vertex 10.9201 -25.3453 7.5
      vertex 17.2341 -24.4612 7.5
      vertex 16.9037 -22.9707 7.5
    endloop
  endfacet
  facet normal 0 0 1
    outer loop
      vertex 11.276 -28.0491 7.5
      vertex 17.5 -27.5 7.5
      vertex 11.3 -27.5 7.5
    endloop
  endfacet
  facet normal 0 0 1
    outer loop
      vertex 10.7097 -24.8375 7.5
      vertex 16.9037 -22.9707 7.5
      vertex 16.4446 -21.5146 7.5
    endloop
  endfacet
  facet normal 0 0 1
    outer loop
      vertex 17.5 -27.5 7.5
      vertex 11.276 -28.0491 7.5
      vertex 17.4334 -29.0252 7.5
    endloop
  endfacet
  facet normal 0 0 1
    outer loop
      vertex 10.1606 -23.8865 7.5
      vertex 16.4446 -21.5146 7.5
      vertex 15.8604 -20.1042 7.5
    endloop
  endfacet
  facet normal -0 0 1
    outer loop
      vertex 11.2043 -28.594 7.5
      vertex 17.4334 -29.0252 7.5
      vertex 11.276 -28.0491 7.5
    endloop
  endfacet
  facet normal 0 0 1
    outer loop
      vertex 9.82607 -23.4504 7.5
      vertex 15.8604 -20.1042 7.5
      vertex 15.1554 -18.75 7.5
    endloop
  endfacet
  facet normal 0 0 1
    outer loop
      vertex 17.4334 -29.0252 7.5
      vertex 11.2043 -28.594 7.5
      vertex 17.2341 -30.5388 7.5
    endloop
  endfacet
  facet normal 0 0 1
    outer loop
      vertex 9.04956 -22.6739 7.5
      vertex 15.1554 -18.75 7.5
      vertex 14.3352 -17.4624 7.5
    endloop
  endfacet
  facet normal -0 0 1
    outer loop
      vertex 11.0853 -29.1306 7.5
      vertex 17.2341 -30.5388 7.5
      vertex 11.2043 -28.594 7.5
    endloop
  endfacet
  facet normal 0 0 1
    outer loop
      vertex 8.61353 -22.3393 7.5
      vertex 14.3352 -17.4624 7.5
      vertex 13.4058 -16.2512 7.5
    endloop
  endfacet
  facet normal 0 0 1
    outer loop
      vertex 17.2341 -30.5388 7.5
      vertex 10.9201 -29.6547 7.5
      vertex 16.9037 -32.0293 7.5
    endloop
  endfacet
  facet normal 0 0 1
    outer loop
      vertex 8.14999 -22.044 7.5
      vertex 13.4058 -16.2512 7.5
      vertex 12.3744 -15.1256 7.5
    endloop
  endfacet
  facet normal -0 0 1
    outer loop
      vertex 10.7097 -30.1625 7.5
      vertex 16.9037 -32.0293 7.5
      vertex 10.9201 -29.6547 7.5
    endloop
  endfacet
  facet normal 0 0 1
    outer loop
      vertex 16.9037 -32.0293 7.5
      vertex 10.7097 -30.1625 7.5
      vertex 16.4446 -33.4854 7.5
    endloop
  endfacet
  facet normal -0 0 1
    outer loop
      vertex 10.9201 -29.6547 7.5
      vertex 17.2341 -30.5388 7.5
      vertex 11.0853 -29.1306 7.5
    endloop
  endfacet
  facet normal 0 0 1
    outer loop
      vertex 7.15472 -21.5799 7.5
      vertex 12.3744 -15.1256 7.5
      vertex 11.2488 -14.0942 7.5
    endloop
  endfacet
  facet normal 0 0 1
    outer loop
      vertex 17.4334 -25.9748 7.5
      vertex 11.2043 -26.406 7.5
      vertex 11.276 -26.9509 7.5
    endloop
  endfacet
  facet normal 0 0 1
    outer loop
      vertex 17.2341 -24.4612 7.5
      vertex 11.0853 -25.8694 7.5
      vertex 11.2043 -26.406 7.5
    endloop
  endfacet
  facet normal 0 0 1
    outer loop
      vertex 17.2341 -24.4612 7.5
      vertex 10.9201 -25.3453 7.5
      vertex 11.0853 -25.8694 7.5
    endloop
  endfacet
  facet normal 0 0 1
    outer loop
      vertex 16.9037 -22.9707 7.5
      vertex 10.7097 -24.8375 7.5
      vertex 10.9201 -25.3453 7.5
    endloop
  endfacet
  facet normal 0 0 1
    outer loop
      vertex 16.4446 -21.5146 7.5
      vertex 10.4559 -24.35 7.5
      vertex 10.7097 -24.8375 7.5
    endloop
  endfacet
  facet normal 0 0 1
    outer loop
      vertex 16.4446 -21.5146 7.5
      vertex 10.1606 -23.8865 7.5
      vertex 10.4559 -24.35 7.5
    endloop
  endfacet
  facet normal 0 0 1
    outer loop
      vertex 6.63055 -21.4147 7.5
      vertex 11.2488 -14.0942 7.5
      vertex 10.0376 -13.1648 7.5
    endloop
  endfacet
  facet normal 0 0 1
    outer loop
      vertex 15.8604 -20.1042 7.5
      vertex 9.82607 -23.4504 7.5
      vertex 10.1606 -23.8865 7.5
    endloop
  endfacet
  facet normal 0 0 1
    outer loop
      vertex 15.1554 -18.75 7.5
      vertex 9.45476 -23.0452 7.5
      vertex 9.82607 -23.4504 7.5
    endloop
  endfacet
  facet normal 0 0 1
    outer loop
      vertex 15.1554 -18.75 7.5
      vertex 9.04956 -22.6739 7.5
      vertex 9.45476 -23.0452 7.5
    endloop
  endfacet
  facet normal 0 0 1
    outer loop
      vertex 6.09398 -21.2957 7.5
      vertex 10.0376 -13.1648 7.5
      vertex 8.75 -12.3446 7.5
    endloop
  endfacet
  facet normal 0 0 1
    outer loop
      vertex 14.3352 -17.4624 7.5
      vertex 8.61353 -22.3393 7.5
      vertex 9.04956 -22.6739 7.5
    endloop
  endfacet
  facet normal 0 0 1
    outer loop
      vertex 13.4058 -16.2512 7.5
      vertex 8.14999 -22.044 7.5
      vertex 8.61353 -22.3393 7.5
    endloop
  endfacet
  facet normal 0 0 1
    outer loop
      vertex 12.3744 -15.1256 7.5
      vertex 7.66249 -21.7903 7.5
      vertex 8.14999 -22.044 7.5
    endloop
  endfacet
  facet normal 0 0 1
    outer loop
      vertex 5.54907 -21.224 7.5
      vertex 8.75 -12.3446 7.5
      vertex 7.39582 -11.6396 7.5
    endloop
  endfacet
  facet normal 0 0 1
    outer loop
      vertex 12.3744 -15.1256 7.5
      vertex 7.15472 -21.5799 7.5
      vertex 7.66249 -21.7903 7.5
    endloop
  endfacet
  facet normal 0 0 1
    outer loop
      vertex 11.2488 -14.0942 7.5
      vertex 6.63055 -21.4147 7.5
      vertex 7.15472 -21.5799 7.5
    endloop
  endfacet
  facet normal 0 0 1
    outer loop
      vertex 10.0376 -13.1648 7.5
      vertex 6.09398 -21.2957 7.5
      vertex 6.63055 -21.4147 7.5
    endloop
  endfacet
  facet normal 0 0 1
    outer loop
      vertex 5 -21.2 7.5
      vertex 7.39582 -11.6396 7.5
      vertex 5.98535 -11.0554 7.5
    endloop
  endfacet
  facet normal 0 0 1
    outer loop
      vertex 8.75 -12.3446 7.5
      vertex 5.54907 -21.224 7.5
      vertex 6.09398 -21.2957 7.5
    endloop
  endfacet
  facet normal 0 0 1
    outer loop
      vertex 7.39582 -11.6396 7.5
      vertex 5 -21.2 7.5
      vertex 5.54907 -21.224 7.5
    endloop
  endfacet
  facet normal 0 0 1
    outer loop
      vertex 4.52933 -10.5963 7.5
      vertex 5 -21.2 7.5
      vertex 5.98535 -11.0554 7.5
    endloop
  endfacet
  facet normal 0 0 1
    outer loop
      vertex 3.03884 -10.2659 7.5
      vertex 5 -21.2 7.5
      vertex 4.52933 -10.5963 7.5
    endloop
  endfacet
  facet normal 0 0 1
    outer loop
      vertex 0 -21.2 7.5
      vertex 3.03884 -10.2659 7.5
      vertex 1.52522 -10.0666 7.5
    endloop
  endfacet
  facet normal 0 0 1
    outer loop
      vertex 0 -21.2 7.5
      vertex 1.52522 -10.0666 7.5
      vertex 0 -10 7.5
    endloop
  endfacet
  facet normal 0 0 1
    outer loop
      vertex 3.03884 -10.2659 7.5
      vertex 0 -21.2 7.5
      vertex 5 -21.2 7.5
    endloop
  endfacet
  facet normal 0 0 1
    outer loop
      vertex 0 -10 7.5
      vertex -0.549072 -21.224 7.5
      vertex 0 -21.2 7.5
    endloop
  endfacet
  facet normal -0 0 1
    outer loop
      vertex -1.52522 -10.0666 7.5
      vertex -0.549072 -21.224 7.5
      vertex 0 -10 7.5
    endloop
  endfacet
  facet normal 0 0 1
    outer loop
      vertex -0.549072 -21.224 7.5
      vertex -1.52522 -10.0666 7.5
      vertex -1.09398 -21.2957 7.5
    endloop
  endfacet
  facet normal -0 0 1
    outer loop
      vertex -3.03884 -10.2659 7.5
      vertex -1.09398 -21.2957 7.5
      vertex -1.52522 -10.0666 7.5
    endloop
  endfacet
  facet normal 0 0 1
    outer loop
      vertex -1.09398 -21.2957 7.5
      vertex -3.03884 -10.2659 7.5
      vertex -1.63055 -21.4147 7.5
    endloop
  endfacet
  facet normal -0 0 1
    outer loop
      vertex -4.52933 -10.5963 7.5
      vertex -1.63055 -21.4147 7.5
      vertex -3.03884 -10.2659 7.5
    endloop
  endfacet
  facet normal 0 0 1
    outer loop
      vertex -1.63055 -21.4147 7.5
      vertex -4.52933 -10.5963 7.5
      vertex -2.15472 -21.5799 7.5
    endloop
  endfacet
  facet normal -0 0 1
    outer loop
      vertex -5.98535 -11.0554 7.5
      vertex -2.15472 -21.5799 7.5
      vertex -4.52933 -10.5963 7.5
    endloop
  endfacet
  facet normal 0 0 1
    outer loop
      vertex -2.15472 -21.5799 7.5
      vertex -5.98535 -11.0554 7.5
      vertex -2.66249 -21.7903 7.5
    endloop
  endfacet
  facet normal -0 0 1
    outer loop
      vertex -7.39582 -11.6396 7.5
      vertex -2.66249 -21.7903 7.5
      vertex -5.98535 -11.0554 7.5
    endloop
  endfacet
  facet normal 0 0 1
    outer loop
      vertex -2.66249 -21.7903 7.5
      vertex -7.39582 -11.6396 7.5
      vertex -3.14999 -22.044 7.5
    endloop
  endfacet
  facet normal -0 0 1
    outer loop
      vertex -8.75 -12.3446 7.5
      vertex -3.14999 -22.044 7.5
      vertex -7.39582 -11.6396 7.5
    endloop
  endfacet
  facet normal 0 0 1
    outer loop
      vertex -3.14999 -22.044 7.5
      vertex -8.75 -12.3446 7.5
      vertex -3.61353 -22.3393 7.5
    endloop
  endfacet
  facet normal -0 0 1
    outer loop
      vertex -10.0376 -13.1648 7.5
      vertex -3.61353 -22.3393 7.5
      vertex -8.75 -12.3446 7.5
    endloop
  endfacet
  facet normal 0 0 1
    outer loop
      vertex -3.61353 -22.3393 7.5
      vertex -10.0376 -13.1648 7.5
      vertex -4.04956 -22.6739 7.5
    endloop
  endfacet
  facet normal -0 0 1
    outer loop
      vertex -11.2488 -14.0942 7.5
      vertex -4.04956 -22.6739 7.5
      vertex -10.0376 -13.1648 7.5
    endloop
  endfacet
  facet normal 0 0 1
    outer loop
      vertex -4.04956 -22.6739 7.5
      vertex -11.2488 -14.0942 7.5
      vertex -4.45476 -23.0452 7.5
    endloop
  endfacet
  facet normal -0 0 1
    outer loop
      vertex -12.3744 -15.1256 7.5
      vertex -4.45476 -23.0452 7.5
      vertex -11.2488 -14.0942 7.5
    endloop
  endfacet
  facet normal 0 0 1
    outer loop
      vertex -4.45476 -23.0452 7.5
      vertex -12.3744 -15.1256 7.5
      vertex -4.82607 -23.4504 7.5
    endloop
  endfacet
  facet normal -0 0 1
    outer loop
      vertex -13.4058 -16.2512 7.5
      vertex -4.82607 -23.4504 7.5
      vertex -12.3744 -15.1256 7.5
    endloop
  endfacet
  facet normal 0 0 1
    outer loop
      vertex -4.82607 -23.4504 7.5
      vertex -13.4058 -16.2512 7.5
      vertex -5.16064 -23.8865 7.5
    endloop
  endfacet
  facet normal -0 0 1
    outer loop
      vertex -14.3352 -17.4624 7.5
      vertex -5.16064 -23.8865 7.5
      vertex -13.4058 -16.2512 7.5
    endloop
  endfacet
  facet normal 0 0 1
    outer loop
      vertex -5.16064 -23.8865 7.5
      vertex -14.3352 -17.4624 7.5
      vertex -5.45595 -24.35 7.5
    endloop
  endfacet
  facet normal -0 0 1
    outer loop
      vertex 10.4559 -30.65 7.5
      vertex 16.4446 -33.4854 7.5
      vertex 10.7097 -30.1625 7.5
    endloop
  endfacet
  facet normal -0 0 1
    outer loop
      vertex 10.1606 -31.1135 7.5
      vertex 16.4446 -33.4854 7.5
      vertex 10.4559 -30.65 7.5
    endloop
  endfacet
  facet normal 0 0 1
    outer loop
      vertex 16.4446 -33.4854 7.5
      vertex 10.1606 -31.1135 7.5
      vertex 15.8604 -34.8958 7.5
    endloop
  endfacet
  facet normal -0 0 1
    outer loop
      vertex 9.82607 -31.5496 7.5
      vertex 15.8604 -34.8958 7.5
      vertex 10.1606 -31.1135 7.5
    endloop
  endfacet
  facet normal 0 0 1
    outer loop
      vertex 15.8604 -34.8958 7.5
      vertex 9.82607 -31.5496 7.5
      vertex 15.1554 -36.25 7.5
    endloop
  endfacet
  facet normal -0 0 1
    outer loop
      vertex 9.45476 -31.9548 7.5
      vertex 15.1554 -36.25 7.5
      vertex 9.82607 -31.5496 7.5
    endloop
  endfacet
  facet normal -0 0 1
    outer loop
      vertex 9.04956 -32.3261 7.5
      vertex 15.1554 -36.25 7.5
      vertex 9.45476 -31.9548 7.5
    endloop
  endfacet
  facet normal 0 0 1
    outer loop
      vertex 15.1554 -36.25 7.5
      vertex 9.04956 -32.3261 7.5
      vertex 14.3352 -37.5376 7.5
    endloop
  endfacet
  facet normal -0 0 1
    outer loop
      vertex 8.61353 -32.6606 7.5
      vertex 14.3352 -37.5376 7.5
      vertex 9.04956 -32.3261 7.5
    endloop
  endfacet
  facet normal 0 0 1
    outer loop
      vertex 14.3352 -37.5376 7.5
      vertex 8.61353 -32.6606 7.5
      vertex 13.4058 -38.7488 7.5
    endloop
  endfacet
  facet normal -0 0 1
    outer loop
      vertex 8.14999 -32.9559 7.5
      vertex 13.4058 -38.7488 7.5
      vertex 8.61353 -32.6606 7.5
    endloop
  endfacet
  facet normal 0 0 1
    outer loop
      vertex 13.4058 -38.7488 7.5
      vertex 8.14999 -32.9559 7.5
      vertex 12.3744 -39.8744 7.5
    endloop
  endfacet
  facet normal -0 0 1
    outer loop
      vertex 7.66249 -33.2097 7.5
      vertex 12.3744 -39.8744 7.5
      vertex 8.14999 -32.9559 7.5
    endloop
  endfacet
  facet normal -0 0 1
    outer loop
      vertex 7.15472 -33.4201 7.5
      vertex 12.3744 -39.8744 7.5
      vertex 7.66249 -33.2097 7.5
    endloop
  endfacet
  facet normal 0 0 1
    outer loop
      vertex 12.3744 -39.8744 7.5
      vertex 7.15472 -33.4201 7.5
      vertex 11.2488 -40.9058 7.5
    endloop
  endfacet
  facet normal -0 0 1
    outer loop
      vertex 6.63055 -33.5853 7.5
      vertex 11.2488 -40.9058 7.5
      vertex 7.15472 -33.4201 7.5
    endloop
  endfacet
  facet normal 0 0 1
    outer loop
      vertex 11.2488 -40.9058 7.5
      vertex 6.63055 -33.5853 7.5
      vertex 10.0376 -41.8352 7.5
    endloop
  endfacet
  facet normal -0 0 1
    outer loop
      vertex 6.09398 -33.7043 7.5
      vertex 10.0376 -41.8352 7.5
      vertex 6.63055 -33.5853 7.5
    endloop
  endfacet
  facet normal 0 0 1
    outer loop
      vertex 10.0376 -41.8352 7.5
      vertex 6.09398 -33.7043 7.5
      vertex 8.75 -42.6554 7.5
    endloop
  endfacet
  facet normal -0 0 1
    outer loop
      vertex 5.54907 -33.776 7.5
      vertex 8.75 -42.6554 7.5
      vertex 6.09398 -33.7043 7.5
    endloop
  endfacet
  facet normal 0 0 1
    outer loop
      vertex 8.75 -42.6554 7.5
      vertex 5.54907 -33.776 7.5
      vertex 7.39582 -43.3604 7.5
    endloop
  endfacet
  facet normal -0 0 1
    outer loop
      vertex 5 -33.8 7.5
      vertex 7.39582 -43.3604 7.5
      vertex 5.54907 -33.776 7.5
    endloop
  endfacet
  facet normal 0 0 1
    outer loop
      vertex 7.39582 -43.3604 7.5
      vertex 5 -33.8 7.5
      vertex 5.98535 -43.9446 7.5
    endloop
  endfacet
  facet normal 0 0 1
    outer loop
      vertex 5 -33.8 7.5
      vertex 4.52933 -44.4037 7.5
      vertex 5.98535 -43.9446 7.5
    endloop
  endfacet
  facet normal 0 0 1
    outer loop
      vertex 5 -33.8 7.5
      vertex 3.03884 -44.7341 7.5
      vertex 4.52933 -44.4037 7.5
    endloop
  endfacet
  facet normal -0 0 1
    outer loop
      vertex 0 -33.8 7.5
      vertex 3.03884 -44.7341 7.5
      vertex 5 -33.8 7.5
    endloop
  endfacet
  facet normal 0 0 1
    outer loop
      vertex 3.03884 -44.7341 7.5
      vertex 0 -33.8 7.5
      vertex 1.52522 -44.9334 7.5
    endloop
  endfacet
  facet normal 0 0 1
    outer loop
      vertex 0 -33.8 7.5
      vertex 0 -45 7.5
      vertex 1.52522 -44.9334 7.5
    endloop
  endfacet
  facet normal 0 0 1
    outer loop
      vertex -0.549072 -33.776 7.5
      vertex 0 -45 7.5
      vertex 0 -33.8 7.5
    endloop
  endfacet
  facet normal 0 0 1
    outer loop
      vertex -1.52522 -44.9334 7.5
      vertex -0.549072 -33.776 7.5
      vertex -1.09398 -33.7043 7.5
    endloop
  endfacet
  facet normal 0 0 1
    outer loop
      vertex -0.549072 -33.776 7.5
      vertex -1.52522 -44.9334 7.5
      vertex 0 -45 7.5
    endloop
  endfacet
  facet normal 0 0 1
    outer loop
      vertex -3.03884 -44.7341 7.5
      vertex -1.09398 -33.7043 7.5
      vertex -1.63055 -33.5853 7.5
    endloop
  endfacet
  facet normal 0 0 1
    outer loop
      vertex -4.52933 -44.4037 7.5
      vertex -1.63055 -33.5853 7.5
      vertex -2.15472 -33.4201 7.5
    endloop
  endfacet
  facet normal 0 0 1
    outer loop
      vertex -5.98535 -43.9446 7.5
      vertex -2.15472 -33.4201 7.5
      vertex -2.66249 -33.2097 7.5
    endloop
  endfacet
  facet normal 0 0 1
    outer loop
      vertex -1.09398 -33.7043 7.5
      vertex -3.03884 -44.7341 7.5
      vertex -1.52522 -44.9334 7.5
    endloop
  endfacet
  facet normal 0 0 1
    outer loop
      vertex -7.39582 -43.3604 7.5
      vertex -2.66249 -33.2097 7.5
      vertex -3.14999 -32.9559 7.5
    endloop
  endfacet
  facet normal 0 0 1
    outer loop
      vertex -8.75 -42.6554 7.5
      vertex -3.14999 -32.9559 7.5
      vertex -3.61353 -32.6606 7.5
    endloop
  endfacet
  facet normal 0 0 1
    outer loop
      vertex -10.0376 -41.8352 7.5
      vertex -3.61353 -32.6606 7.5
      vertex -4.04956 -32.3261 7.5
    endloop
  endfacet
  facet normal 0 0 1
    outer loop
      vertex -11.2488 -40.9058 7.5
      vertex -4.04956 -32.3261 7.5
      vertex -4.45476 -31.9548 7.5
    endloop
  endfacet
  facet normal 0 0 1
    outer loop
      vertex -1.63055 -33.5853 7.5
      vertex -4.52933 -44.4037 7.5
      vertex -3.03884 -44.7341 7.5
    endloop
  endfacet
  facet normal 0 0 1
    outer loop
      vertex -12.3744 -39.8744 7.5
      vertex -4.45476 -31.9548 7.5
      vertex -4.82607 -31.5496 7.5
    endloop
  endfacet
  facet normal 0 0 1
    outer loop
      vertex -13.4058 -38.7488 7.5
      vertex -4.82607 -31.5496 7.5
      vertex -5.16064 -31.1135 7.5
    endloop
  endfacet
  facet normal 0 0 1
    outer loop
      vertex -14.3352 -37.5376 7.5
      vertex -5.16064 -31.1135 7.5
      vertex -5.45595 -30.65 7.5
    endloop
  endfacet
  facet normal 0 0 1
    outer loop
      vertex -15.1554 -36.25 7.5
      vertex -5.45595 -30.65 7.5
      vertex -5.70973 -30.1625 7.5
    endloop
  endfacet
  facet normal 0 0 1
    outer loop
      vertex -15.8604 -34.8958 7.5
      vertex -5.70973 -30.1625 7.5
      vertex -5.92006 -29.6547 7.5
    endloop
  endfacet
  facet normal 0 0 1
    outer loop
      vertex -2.15472 -33.4201 7.5
      vertex -5.98535 -43.9446 7.5
      vertex -4.52933 -44.4037 7.5
    endloop
  endfacet
  facet normal 0 0 1
    outer loop
      vertex -16.4446 -33.4854 7.5
      vertex -5.92006 -29.6547 7.5
      vertex -6.08533 -29.1306 7.5
    endloop
  endfacet
  facet normal 0 0 1
    outer loop
      vertex -16.9037 -32.0293 7.5
      vertex -6.08533 -29.1306 7.5
      vertex -6.20428 -28.594 7.5
    endloop
  endfacet
  facet normal 0 0 1
    outer loop
      vertex -17.2341 -30.5388 7.5
      vertex -6.20428 -28.594 7.5
      vertex -6.27602 -28.0491 7.5
    endloop
  endfacet
  facet normal 0 0 1
    outer loop
      vertex -17.4334 -29.0252 7.5
      vertex -6.27602 -28.0491 7.5
      vertex -6.29999 -27.5 7.5
    endloop
  endfacet
  facet normal -0 0 1
    outer loop
      vertex -15.1554 -18.75 7.5
      vertex -5.45595 -24.35 7.5
      vertex -14.3352 -17.4624 7.5
    endloop
  endfacet
  facet normal 0 0 1
    outer loop
      vertex -2.66249 -33.2097 7.5
      vertex -7.39582 -43.3604 7.5
      vertex -5.98535 -43.9446 7.5
    endloop
  endfacet
  facet normal 0 0 1
    outer loop
      vertex -5.45595 -24.35 7.5
      vertex -15.1554 -18.75 7.5
      vertex -5.70973 -24.8375 7.5
    endloop
  endfacet
  facet normal 0 0 1
    outer loop
      vertex -3.14999 -32.9559 7.5
      vertex -8.75 -42.6554 7.5
      vertex -7.39582 -43.3604 7.5
    endloop
  endfacet
  facet normal -0 0 1
    outer loop
      vertex -15.8604 -20.1042 7.5
      vertex -5.70973 -24.8375 7.5
      vertex -15.1554 -18.75 7.5
    endloop
  endfacet
  facet normal 0 0 1
    outer loop
      vertex -3.61353 -32.6606 7.5
      vertex -10.0376 -41.8352 7.5
      vertex -8.75 -42.6554 7.5
    endloop
  endfacet
  facet normal 0 0 1
    outer loop
      vertex -5.70973 -24.8375 7.5
      vertex -15.8604 -20.1042 7.5
      vertex -5.92006 -25.3453 7.5
    endloop
  endfacet
  facet normal 0 0 1
    outer loop
      vertex -4.04956 -32.3261 7.5
      vertex -11.2488 -40.9058 7.5
      vertex -10.0376 -41.8352 7.5
    endloop
  endfacet
  facet normal -0 0 1
    outer loop
      vertex -16.4446 -21.5146 7.5
      vertex -5.92006 -25.3453 7.5
      vertex -15.8604 -20.1042 7.5
    endloop
  endfacet
  facet normal 0 0 1
    outer loop
      vertex -4.45476 -31.9548 7.5
      vertex -12.3744 -39.8744 7.5
      vertex -11.2488 -40.9058 7.5
    endloop
  endfacet
  facet normal 0 0 1
    outer loop
      vertex -5.92006 -25.3453 7.5
      vertex -16.4446 -21.5146 7.5
      vertex -6.08533 -25.8694 7.5
    endloop
  endfacet
  facet normal 0 0 1
    outer loop
      vertex -4.82607 -31.5496 7.5
      vertex -13.4058 -38.7488 7.5
      vertex -12.3744 -39.8744 7.5
    endloop
  endfacet
  facet normal -0 0 1
    outer loop
      vertex -16.9037 -22.9707 7.5
      vertex -6.08533 -25.8694 7.5
      vertex -16.4446 -21.5146 7.5
    endloop
  endfacet
  facet normal 0 0 1
    outer loop
      vertex -5.16064 -31.1135 7.5
      vertex -14.3352 -37.5376 7.5
      vertex -13.4058 -38.7488 7.5
    endloop
  endfacet
  facet normal 0 0 1
    outer loop
      vertex -6.08533 -25.8694 7.5
      vertex -16.9037 -22.9707 7.5
      vertex -6.20428 -26.406 7.5
    endloop
  endfacet
  facet normal 0 0 1
    outer loop
      vertex -5.45595 -30.65 7.5
      vertex -15.1554 -36.25 7.5
      vertex -14.3352 -37.5376 7.5
    endloop
  endfacet
  facet normal -0 0 1
    outer loop
      vertex -17.2341 -24.4612 7.5
      vertex -6.20428 -26.406 7.5
      vertex -16.9037 -22.9707 7.5
    endloop
  endfacet
  facet normal 0 0 1
    outer loop
      vertex -5.70973 -30.1625 7.5
      vertex -15.8604 -34.8958 7.5
      vertex -15.1554 -36.25 7.5
    endloop
  endfacet
  facet normal 0 0 1
    outer loop
      vertex -6.20428 -26.406 7.5
      vertex -17.2341 -24.4612 7.5
      vertex -6.27602 -26.9509 7.5
    endloop
  endfacet
  facet normal 0 0 1
    outer loop
      vertex -5.92006 -29.6547 7.5
      vertex -16.4446 -33.4854 7.5
      vertex -15.8604 -34.8958 7.5
    endloop
  endfacet
  facet normal -0 0 1
    outer loop
      vertex -17.4334 -25.9748 7.5
      vertex -6.27602 -26.9509 7.5
      vertex -17.2341 -24.4612 7.5
    endloop
  endfacet
  facet normal 0 0 1
    outer loop
      vertex -6.08533 -29.1306 7.5
      vertex -16.9037 -32.0293 7.5
      vertex -16.4446 -33.4854 7.5
    endloop
  endfacet
  facet normal 0 0 1
    outer loop
      vertex -6.27602 -26.9509 7.5
      vertex -17.4334 -25.9748 7.5
      vertex -6.29999 -27.5 7.5
    endloop
  endfacet
  facet normal 0 0 1
    outer loop
      vertex -6.20428 -28.594 7.5
      vertex -17.2341 -30.5388 7.5
      vertex -16.9037 -32.0293 7.5
    endloop
  endfacet
  facet normal 0 0 1
    outer loop
      vertex -17.5 -27.5 7.5
      vertex -6.29999 -27.5 7.5
      vertex -17.4334 -25.9748 7.5
    endloop
  endfacet
  facet normal 0 0 1
    outer loop
      vertex -6.27602 -28.0491 7.5
      vertex -17.4334 -29.0252 7.5
      vertex -17.2341 -30.5388 7.5
    endloop
  endfacet
  facet normal 0 0 1
    outer loop
      vertex -6.29999 -27.5 7.5
      vertex -17.5 -27.5 7.5
      vertex -17.4334 -29.0252 7.5
    endloop
  endfacet
  facet normal 0.737285 0.675582 0
    outer loop
      vertex -12.3744 -39.8744 17.5
      vertex -13.4058 -38.7488 7.5
      vertex -13.4058 -38.7488 17.5
    endloop
  endfacet
  facet normal 0.737285 0.675582 0
    outer loop
      vertex -13.4058 -38.7488 7.5
      vertex -12.3744 -39.8744 17.5
      vertex -12.3744 -39.8744 7.5
    endloop
  endfacet
  facet normal -0.737285 -0.675582 0
    outer loop
      vertex 13.4058 -16.2512 7.5
      vertex 12.3744 -15.1256 17.5
      vertex 12.3744 -15.1256 7.5
    endloop
  endfacet
  facet normal -0.737285 -0.675582 0
    outer loop
      vertex 12.3744 -15.1256 17.5
      vertex 13.4058 -16.2512 7.5
      vertex 13.4058 -16.2512 17.5
    endloop
  endfacet
  facet normal 0.382663 0.923888 -0
    outer loop
      vertex -5.98535 -43.9446 7.5
      vertex -7.39582 -43.3604 17.5
      vertex -5.98535 -43.9446 17.5
    endloop
  endfacet
  facet normal 0.382663 0.923888 0
    outer loop
      vertex -7.39582 -43.3604 17.5
      vertex -5.98535 -43.9446 7.5
      vertex -7.39582 -43.3604 7.5
    endloop
  endfacet
  facet normal 0.130544 0.991442 -0
    outer loop
      vertex -1.52522 -44.9334 13.2784
      vertex -3.03884 -44.7341 17.5
      vertex -1.52522 -44.9334 17.5
    endloop
  endfacet
  facet normal 0.131272 0.991346 0.000265414
    outer loop
      vertex -1.54548 -44.9307 13.2141
      vertex -3.03884 -44.7341 17.5
      vertex -1.52522 -44.9334 13.2784
    endloop
  endfacet
  facet normal 0.129556 0.991572 -0.000342954
    outer loop
      vertex -1.57569 -44.9268 13.0778
      vertex -3.03884 -44.7341 17.5
      vertex -1.54548 -44.9307 13.2141
    endloop
  endfacet
  facet normal 0.13058 0.991438 1.98237e-06
    outer loop
      vertex -1.59391 -44.9244 12.9394
      vertex -3.03884 -44.7341 17.5
      vertex -1.57569 -44.9268 13.0778
    endloop
  endfacet
  facet normal 0.130534 0.991444 -1.29036e-05
    outer loop
      vertex -1.6 -44.9236 12.8
      vertex -3.03884 -44.7341 17.5
      vertex -1.59391 -44.9244 12.9394
    endloop
  endfacet
  facet normal 0.13053 0.991444 1.27011e-05
    outer loop
      vertex -3.03884 -44.7341 7.5
      vertex -1.6 -44.9236 12.8
      vertex -1.59391 -44.9244 12.6606
    endloop
  endfacet
  facet normal 0.130581 0.991438 -1.90866e-06
    outer loop
      vertex -3.03884 -44.7341 7.5
      vertex -1.59391 -44.9244 12.6606
      vertex -1.57569 -44.9268 12.5222
    endloop
  endfacet
  facet normal 0.129477 0.991582 0.000325254
    outer loop
      vertex -3.03884 -44.7341 7.5
      vertex -1.57569 -44.9268 12.5222
      vertex -1.54548 -44.9307 12.3859
    endloop
  endfacet
  facet normal 0.130544 0.991442 0
    outer loop
      vertex -3.03884 -44.7341 7.5
      vertex -1.52522 -44.9334 12.3216
      vertex -1.52522 -44.9334 7.5
    endloop
  endfacet
  facet normal 0.131324 0.99134 -0.000248868
    outer loop
      vertex -1.52522 -44.9334 12.3216
      vertex -3.03884 -44.7341 7.5
      vertex -1.54548 -44.9307 12.3859
    endloop
  endfacet
  facet normal 0.130576 0.991438 0
    outer loop
      vertex -1.6 -44.9236 12.8
      vertex -3.03884 -44.7341 7.5
      vertex -3.03884 -44.7341 17.5
    endloop
  endfacet
  facet normal 0.461779 0.886995 -0
    outer loop
      vertex -7.39582 -43.3604 7.5
      vertex -8.75 -42.6554 17.5
      vertex -7.39582 -43.3604 17.5
    endloop
  endfacet
  facet normal 0.461779 0.886995 0
    outer loop
      vertex -8.75 -42.6554 17.5
      vertex -7.39582 -43.3604 7.5
      vertex -8.75 -42.6554 7.5
    endloop
  endfacet
  facet normal 0.737285 -0.675582 0
    outer loop
      vertex -13.4058 -16.2512 17.5
      vertex -12.3744 -15.1256 7.5
      vertex -12.3744 -15.1256 17.5
    endloop
  endfacet
  facet normal 0.737285 -0.675582 0
    outer loop
      vertex -12.3744 -15.1256 7.5
      vertex -13.4058 -16.2512 17.5
      vertex -13.4058 -16.2512 7.5
    endloop
  endfacet
  facet normal 0.216419 -0.976301 0
    outer loop
      vertex -4.52933 -10.5963 7.5
      vertex -3.03884 -10.2659 17.5
      vertex -4.52933 -10.5963 17.5
    endloop
  endfacet
  facet normal 0.216419 -0.976301 0
    outer loop
      vertex -3.03884 -10.2659 17.5
      vertex -4.52933 -10.5963 7.5
      vertex -3.03884 -10.2659 7.5
    endloop
  endfacet
  facet normal 0.675582 -0.737285 0
    outer loop
      vertex -12.3744 -15.1256 7.5
      vertex -11.2488 -14.0942 17.5
      vertex -12.3744 -15.1256 17.5
    endloop
  endfacet
  facet normal 0.675582 -0.737285 0
    outer loop
      vertex -11.2488 -14.0942 17.5
      vertex -12.3744 -15.1256 7.5
      vertex -11.2488 -14.0942 7.5
    endloop
  endfacet
  facet normal 0.976301 -0.216417 0
    outer loop
      vertex -17.2341 -24.4612 17.5
      vertex -16.9037 -22.9707 7.5
      vertex -16.9037 -22.9707 17.5
    endloop
  endfacet
  facet normal 0.976301 -0.216417 0
    outer loop
      vertex -16.9037 -22.9707 7.5
      vertex -17.2341 -24.4612 17.5
      vertex -17.2341 -24.4612 7.5
    endloop
  endfacet
  facet normal 0.300717 0.953713 -0
    outer loop
      vertex -4.52933 -44.4037 7.5
      vertex -5.98535 -43.9446 17.5
      vertex -4.52933 -44.4037 17.5
    endloop
  endfacet
  facet normal 0.300717 0.953713 0
    outer loop
      vertex -5.98535 -43.9446 17.5
      vertex -4.52933 -44.4037 7.5
      vertex -5.98535 -43.9446 7.5
    endloop
  endfacet
  facet normal -0.461779 -0.886995 0
    outer loop
      vertex 7.39582 -11.6396 7.5
      vertex 8.75 -12.3446 17.5
      vertex 7.39582 -11.6396 17.5
    endloop
  endfacet
  facet normal -0.461779 -0.886995 -0
    outer loop
      vertex 8.75 -12.3446 17.5
      vertex 7.39582 -11.6396 7.5
      vertex 8.75 -12.3446 7.5
    endloop
  endfacet
  facet normal 0.537257 0.843419 -0
    outer loop
      vertex -8.75 -42.6554 7.5
      vertex -10.0376 -41.8352 17.5
      vertex -8.75 -42.6554 17.5
    endloop
  endfacet
  facet normal 0.537257 0.843419 0
    outer loop
      vertex -10.0376 -41.8352 17.5
      vertex -8.75 -42.6554 7.5
      vertex -10.0376 -41.8352 7.5
    endloop
  endfacet
  facet normal 0.608767 0.793349 -0
    outer loop
      vertex -10.0376 -41.8352 7.5
      vertex -11.2488 -40.9058 17.5
      vertex -10.0376 -41.8352 17.5
    endloop
  endfacet
  facet normal 0.608767 0.793349 0
    outer loop
      vertex -11.2488 -40.9058 17.5
      vertex -10.0376 -41.8352 7.5
      vertex -11.2488 -40.9058 7.5
    endloop
  endfacet
  facet normal -0.886998 -0.461773 0
    outer loop
      vertex 15.8604 -20.1042 7.5
      vertex 15.1554 -18.75 17.5
      vertex 15.1554 -18.75 7.5
    endloop
  endfacet
  facet normal -0.886998 -0.461773 0
    outer loop
      vertex 15.1554 -18.75 17.5
      vertex 15.8604 -20.1042 7.5
      vertex 15.8604 -20.1042 17.5
    endloop
  endfacet
  facet normal 0.999048 -0.0436248 0
    outer loop
      vertex -17.5 -27.5 17.5
      vertex -17.4334 -25.9748 7.5
      vertex -17.4334 -25.9748 17.5
    endloop
  endfacet
  facet normal 0.999048 -0.0436248 0
    outer loop
      vertex -17.4334 -25.9748 7.5
      vertex -17.5 -27.5 17.5
      vertex -17.5 -27.5 7.5
    endloop
  endfacet
  facet normal -0.608767 -0.793349 0
    outer loop
      vertex 10.0376 -13.1648 7.5
      vertex 11.2488 -14.0942 17.5
      vertex 10.0376 -13.1648 17.5
    endloop
  endfacet
  facet normal -0.608767 -0.793349 -0
    outer loop
      vertex 11.2488 -14.0942 17.5
      vertex 10.0376 -13.1648 7.5
      vertex 11.2488 -14.0942 7.5
    endloop
  endfacet
  facet normal 0.953787 0.300485 0
    outer loop
      vertex -16.8859 -32.0858 9.08579
      vertex -16.9037 -32.0293 7.5
      vertex -16.9037 -32.0293 9.14739
    endloop
  endfacet
  facet normal 0.953611 0.301042 2.1826e-05
    outer loop
      vertex -16.8453 -32.2144 8.96791
      vertex -16.9037 -32.0293 7.5
      vertex -16.8859 -32.0858 9.08579
    endloop
  endfacet
  facet normal 0.953779 0.300508 -5.22224e-05
    outer loop
      vertex -16.8017 -32.3528 8.8617
      vertex -16.9037 -32.0293 7.5
      vertex -16.8453 -32.2144 8.96791
    endloop
  endfacet
  facet normal 0.953736 0.300645 -1.65313e-05
    outer loop
      vertex -16.7553 -32.5 8.76795
      vertex -16.9037 -32.0293 7.5
      vertex -16.8017 -32.3528 8.8617
    endloop
  endfacet
  facet normal 0.95373 0.300664 -8.79603e-06
    outer loop
      vertex -16.7065 -32.6548 8.68738
      vertex -16.9037 -32.0293 7.5
      vertex -16.7553 -32.5 8.76795
    endloop
  endfacet
  facet normal 0.953755 0.300585 -5.41581e-05
    outer loop
      vertex -16.6557 -32.816 8.62062
      vertex -16.9037 -32.0293 7.5
      vertex -16.7065 -32.6548 8.68738
    endloop
  endfacet
  facet normal 0.953674 0.300843 0.000144674
    outer loop
      vertex -16.6032 -32.9824 8.56815
      vertex -16.9037 -32.0293 7.5
      vertex -16.6557 -32.816 8.62062
    endloop
  endfacet
  facet normal 0.953709 0.300731 -8.89825e-06
    outer loop
      vertex -16.4446 -33.4854 7.5
      vertex -16.6032 -32.9824 8.56815
      vertex -16.5495 -33.1527 8.53039
    endloop
  endfacet
  facet normal 0.953794 0.300461 8.68972e-05
    outer loop
      vertex -16.4446 -33.4854 7.5
      vertex -16.5495 -33.1527 8.53039
      vertex -16.495 -33.3257 8.50761
    endloop
  endfacet
  facet normal 0.953637 0.30096 -0
    outer loop
      vertex -16.4446 -33.4854 7.5
      vertex -16.495 -33.3257 8.50761
      vertex -16.4446 -33.4854 8.50064
    endloop
  endfacet
  facet normal 0.953718 0.300702 6.23003e-06
    outer loop
      vertex -16.6032 -32.9824 8.56815
      vertex -16.4446 -33.4854 7.5
      vertex -16.9037 -32.0293 7.5
    endloop
  endfacet
  facet normal 0.953787 0.300485 0
    outer loop
      vertex -16.9037 -32.0293 17.5
      vertex -16.8859 -32.0858 11.9142
      vertex -16.9037 -32.0293 11.8526
    endloop
  endfacet
  facet normal 0.953607 0.301055 -6.33988e-06
    outer loop
      vertex -16.9037 -32.0293 17.5
      vertex -16.8453 -32.2144 12.0321
      vertex -16.8859 -32.0858 11.9142
    endloop
  endfacet
  facet normal 0.953787 0.300482 1.49871e-05
    outer loop
      vertex -16.9037 -32.0293 17.5
      vertex -16.8017 -32.3528 12.1383
      vertex -16.8453 -32.2144 12.0321
    endloop
  endfacet
  facet normal 0.953738 0.300638 4.65473e-06
    outer loop
      vertex -16.9037 -32.0293 17.5
      vertex -16.7553 -32.5 12.2321
      vertex -16.8017 -32.3528 12.1383
    endloop
  endfacet
  facet normal 0.953731 0.300661 2.41405e-06
    outer loop
      vertex -16.9037 -32.0293 17.5
      vertex -16.7065 -32.6548 12.3126
      vertex -16.7553 -32.5 12.2321
    endloop
  endfacet
  facet normal 0.95376 0.30057 1.43826e-05
    outer loop
      vertex -16.9037 -32.0293 17.5
      vertex -16.6557 -32.816 12.3794
      vertex -16.7065 -32.6548 12.3126
    endloop
  endfacet
  facet normal 0.953664 0.300874 -3.68818e-05
    outer loop
      vertex -16.9037 -32.0293 17.5
      vertex -16.6032 -32.9824 12.4319
      vertex -16.6557 -32.816 12.3794
    endloop
  endfacet
  facet normal 0.95371 0.300728 -6.70439e-06
    outer loop
      vertex -16.9037 -32.0293 17.5
      vertex -16.5495 -33.1527 12.4696
      vertex -16.6032 -32.9824 12.4319
    endloop
  endfacet
  facet normal 0.953718 0.300702 -3.02075e-07
    outer loop
      vertex -16.4446 -33.4854 17.5
      vertex -16.5495 -33.1527 12.4696
      vertex -16.9037 -32.0293 17.5
    endloop
  endfacet
  facet normal 0.953791 0.30047 -1.71924e-05
    outer loop
      vertex -16.5495 -33.1527 12.4696
      vertex -16.4446 -33.4854 17.5
      vertex -16.495 -33.3257 12.4924
    endloop
  endfacet
  facet normal 0.953637 0.30096 0
    outer loop
      vertex -16.495 -33.3257 12.4924
      vertex -16.4446 -33.4854 17.5
      vertex -16.4446 -33.4854 12.4994
    endloop
  endfacet
  facet normal 0.991442 0.130546 0
    outer loop
      vertex -17.2341 -30.5388 17.5
      vertex -17.4334 -29.0252 7.5
      vertex -17.4334 -29.0252 17.5
    endloop
  endfacet
  facet normal 0.991442 0.130546 0
    outer loop
      vertex -17.4334 -29.0252 7.5
      vertex -17.2341 -30.5388 17.5
      vertex -17.2341 -30.5388 7.5
    endloop
  endfacet
  facet normal 0.608767 -0.793349 0
    outer loop
      vertex -11.2488 -14.0942 7.5
      vertex -10.0376 -13.1648 17.5
      vertex -11.2488 -14.0942 17.5
    endloop
  endfacet
  facet normal 0.608767 -0.793349 0
    outer loop
      vertex -10.0376 -13.1648 17.5
      vertex -11.2488 -14.0942 7.5
      vertex -10.0376 -13.1648 7.5
    endloop
  endfacet
  facet normal 0.461779 -0.886995 0
    outer loop
      vertex -8.75 -12.3446 7.5
      vertex -7.39582 -11.6396 17.5
      vertex -8.75 -12.3446 17.5
    endloop
  endfacet
  facet normal 0.461779 -0.886995 0
    outer loop
      vertex -7.39582 -11.6396 17.5
      vertex -8.75 -12.3446 7.5
      vertex -7.39582 -11.6396 7.5
    endloop
  endfacet
  facet normal 0.382663 -0.923888 0
    outer loop
      vertex -7.39582 -11.6396 7.5
      vertex -5.98535 -11.0554 17.5
      vertex -7.39582 -11.6396 17.5
    endloop
  endfacet
  facet normal 0.382663 -0.923888 0
    outer loop
      vertex -5.98535 -11.0554 17.5
      vertex -7.39582 -11.6396 7.5
      vertex -5.98535 -11.0554 7.5
    endloop
  endfacet
  facet normal -1 0 0
    outer loop
      vertex 17.1 -33.9 1.90735e-07
      vertex 17.1 -21.1 4.5
      vertex 17.1 -21.1 1.90735e-07
    endloop
  endfacet
  facet normal -1 -0 0
    outer loop
      vertex 17.1 -21.1 4.5
      vertex 17.1 -33.9 1.90735e-07
      vertex 17.1 -33.9 4.5
    endloop
  endfacet
  facet normal 0 1 -0
    outer loop
      vertex 17.1 -33.9 1.90735e-07
      vertex -6.3 -33.9 4.5
      vertex 17.1 -33.9 4.5
    endloop
  endfacet
  facet normal 0 1 0
    outer loop
      vertex -6.3 -33.9 4.5
      vertex 17.1 -33.9 1.90735e-07
      vertex -6.3 -33.9 1.90735e-07
    endloop
  endfacet
  facet normal 0 -1 0
    outer loop
      vertex -6.3 -21.1 1.90735e-07
      vertex 17.1 -21.1 4.5
      vertex -6.3 -21.1 4.5
    endloop
  endfacet
  facet normal 0 -1 -0
    outer loop
      vertex 17.1 -21.1 4.5
      vertex -6.3 -21.1 1.90735e-07
      vertex 17.1 -21.1 1.90735e-07
    endloop
  endfacet
  facet normal 1 -0 0
    outer loop
      vertex -6.3 -33.9 4.5
      vertex -6.3 -21.1 1.90735e-07
      vertex -6.3 -21.1 4.5
    endloop
  endfacet
  facet normal 1 0 0
    outer loop
      vertex -6.3 -21.1 1.90735e-07
      vertex -6.3 -33.9 4.5
      vertex -6.3 -33.9 1.90735e-07
    endloop
  endfacet
  facet normal 0 0 -1
    outer loop
      vertex 17.1 -33.9 4.5
      vertex 11.3 -27.5 4.5
      vertex 17.1 -21.1 4.5
    endloop
  endfacet
  facet normal 0 0 -1
    outer loop
      vertex 17.1 -33.9 4.5
      vertex 11.276 -28.0491 4.5
      vertex 11.3 -27.5 4.5
    endloop
  endfacet
  facet normal 0 0 -1
    outer loop
      vertex 17.1 -33.9 4.5
      vertex 11.2043 -28.594 4.5
      vertex 11.276 -28.0491 4.5
    endloop
  endfacet
  facet normal 0 0 -1
    outer loop
      vertex 17.1 -33.9 4.5
      vertex 11.0853 -29.1306 4.5
      vertex 11.2043 -28.594 4.5
    endloop
  endfacet
  facet normal 0 0 -1
    outer loop
      vertex 17.1 -33.9 4.5
      vertex 10.9201 -29.6547 4.5
      vertex 11.0853 -29.1306 4.5
    endloop
  endfacet
  facet normal 0 0 -1
    outer loop
      vertex 17.1 -33.9 4.5
      vertex 10.7097 -30.1625 4.5
      vertex 10.9201 -29.6547 4.5
    endloop
  endfacet
  facet normal 0 0 -1
    outer loop
      vertex 17.1 -33.9 4.5
      vertex 10.4559 -30.65 4.5
      vertex 10.7097 -30.1625 4.5
    endloop
  endfacet
  facet normal 0 0 -1
    outer loop
      vertex 17.1 -33.9 4.5
      vertex 10.1606 -31.1135 4.5
      vertex 10.4559 -30.65 4.5
    endloop
  endfacet
  facet normal 0 0 -1
    outer loop
      vertex 17.1 -33.9 4.5
      vertex 9.82607 -31.5496 4.5
      vertex 10.1606 -31.1135 4.5
    endloop
  endfacet
  facet normal 0 0 -1
    outer loop
      vertex 17.1 -33.9 4.5
      vertex 9.45476 -31.9548 4.5
      vertex 9.82607 -31.5496 4.5
    endloop
  endfacet
  facet normal 0 0 -1
    outer loop
      vertex 17.1 -33.9 4.5
      vertex 9.04956 -32.3261 4.5
      vertex 9.45476 -31.9548 4.5
    endloop
  endfacet
  facet normal 0 0 -1
    outer loop
      vertex 17.1 -33.9 4.5
      vertex 8.61353 -32.6606 4.5
      vertex 9.04956 -32.3261 4.5
    endloop
  endfacet
  facet normal 0 0 -1
    outer loop
      vertex 17.1 -33.9 4.5
      vertex 8.14999 -32.9559 4.5
      vertex 8.61353 -32.6606 4.5
    endloop
  endfacet
  facet normal 0 0 -1
    outer loop
      vertex 17.1 -33.9 4.5
      vertex 7.66249 -33.2097 4.5
      vertex 8.14999 -32.9559 4.5
    endloop
  endfacet
  facet normal 0 0 -1
    outer loop
      vertex 17.1 -33.9 4.5
      vertex 7.15472 -33.4201 4.5
      vertex 7.66249 -33.2097 4.5
    endloop
  endfacet
  facet normal 0 0 -1
    outer loop
      vertex 17.1 -33.9 4.5
      vertex 6.63055 -33.5853 4.5
      vertex 7.15472 -33.4201 4.5
    endloop
  endfacet
  facet normal 0 0 -1
    outer loop
      vertex 17.1 -33.9 4.5
      vertex 6.09398 -33.7043 4.5
      vertex 6.63055 -33.5853 4.5
    endloop
  endfacet
  facet normal 0 0 -1
    outer loop
      vertex 17.1 -33.9 4.5
      vertex 5.54907 -33.776 4.5
      vertex 6.09398 -33.7043 4.5
    endloop
  endfacet
  facet normal 0 0 -1
    outer loop
      vertex 17.1 -33.9 4.5
      vertex 5 -33.8 4.5
      vertex 5.54907 -33.776 4.5
    endloop
  endfacet
  facet normal 0 0 -1
    outer loop
      vertex 17.1 -33.9 4.5
      vertex 0 -33.8 4.5
      vertex 5 -33.8 4.5
    endloop
  endfacet
  facet normal -0 0 -1
    outer loop
      vertex -6.27602 -28.0491 4.5
      vertex -6.3 -33.9 4.5
      vertex -6.29999 -27.5 4.5
    endloop
  endfacet
  facet normal -0 0 -1
    outer loop
      vertex -6.20428 -28.594 4.5
      vertex -6.3 -33.9 4.5
      vertex -6.27602 -28.0491 4.5
    endloop
  endfacet
  facet normal -0 0 -1
    outer loop
      vertex -6.08533 -29.1306 4.5
      vertex -6.3 -33.9 4.5
      vertex -6.20428 -28.594 4.5
    endloop
  endfacet
  facet normal -0 0 -1
    outer loop
      vertex -5.92006 -29.6547 4.5
      vertex -6.3 -33.9 4.5
      vertex -6.08533 -29.1306 4.5
    endloop
  endfacet
  facet normal -0 0 -1
    outer loop
      vertex -5.70973 -30.1625 4.5
      vertex -6.3 -33.9 4.5
      vertex -5.92006 -29.6547 4.5
    endloop
  endfacet
  facet normal -0 0 -1
    outer loop
      vertex -5.45595 -30.65 4.5
      vertex -6.3 -33.9 4.5
      vertex -5.70973 -30.1625 4.5
    endloop
  endfacet
  facet normal -0 0 -1
    outer loop
      vertex -5.16064 -31.1135 4.5
      vertex -6.3 -33.9 4.5
      vertex -5.45595 -30.65 4.5
    endloop
  endfacet
  facet normal -0 0 -1
    outer loop
      vertex -4.82607 -31.5496 4.5
      vertex -6.3 -33.9 4.5
      vertex -5.16064 -31.1135 4.5
    endloop
  endfacet
  facet normal -0 0 -1
    outer loop
      vertex -4.45476 -31.9548 4.5
      vertex -6.3 -33.9 4.5
      vertex -4.82607 -31.5496 4.5
    endloop
  endfacet
  facet normal -0 0 -1
    outer loop
      vertex -4.04956 -32.3261 4.5
      vertex -6.3 -33.9 4.5
      vertex -4.45476 -31.9548 4.5
    endloop
  endfacet
  facet normal -0 0 -1
    outer loop
      vertex -3.61353 -32.6606 4.5
      vertex -6.3 -33.9 4.5
      vertex -4.04956 -32.3261 4.5
    endloop
  endfacet
  facet normal -0 0 -1
    outer loop
      vertex -3.14999 -32.9559 4.5
      vertex -6.3 -33.9 4.5
      vertex -3.61353 -32.6606 4.5
    endloop
  endfacet
  facet normal -0 0 -1
    outer loop
      vertex -2.66249 -33.2097 4.5
      vertex -6.3 -33.9 4.5
      vertex -3.14999 -32.9559 4.5
    endloop
  endfacet
  facet normal -0 0 -1
    outer loop
      vertex -2.15472 -33.4201 4.5
      vertex -6.3 -33.9 4.5
      vertex -2.66249 -33.2097 4.5
    endloop
  endfacet
  facet normal -0 0 -1
    outer loop
      vertex -1.63055 -33.5853 4.5
      vertex -6.3 -33.9 4.5
      vertex -2.15472 -33.4201 4.5
    endloop
  endfacet
  facet normal -0 0 -1
    outer loop
      vertex -1.09398 -33.7043 4.5
      vertex -6.3 -33.9 4.5
      vertex -1.63055 -33.5853 4.5
    endloop
  endfacet
  facet normal -0 0 -1
    outer loop
      vertex -0.549072 -33.776 4.5
      vertex -6.3 -33.9 4.5
      vertex -1.09398 -33.7043 4.5
    endloop
  endfacet
  facet normal -0 0 -1
    outer loop
      vertex 0 -33.8 4.5
      vertex -6.3 -33.9 4.5
      vertex -0.549072 -33.776 4.5
    endloop
  endfacet
  facet normal 0 0 -1
    outer loop
      vertex -6.3 -33.9 4.5
      vertex 0 -33.8 4.5
      vertex 17.1 -33.9 4.5
    endloop
  endfacet
  facet normal 0 0 -1
    outer loop
      vertex 11.276 -26.9509 4.5
      vertex 17.1 -21.1 4.5
      vertex 11.3 -27.5 4.5
    endloop
  endfacet
  facet normal 0 0 -1
    outer loop
      vertex 11.2043 -26.406 4.5
      vertex 17.1 -21.1 4.5
      vertex 11.276 -26.9509 4.5
    endloop
  endfacet
  facet normal 0 0 -1
    outer loop
      vertex 11.0853 -25.8694 4.5
      vertex 17.1 -21.1 4.5
      vertex 11.2043 -26.406 4.5
    endloop
  endfacet
  facet normal 0 0 -1
    outer loop
      vertex 10.9201 -25.3453 4.5
      vertex 17.1 -21.1 4.5
      vertex 11.0853 -25.8694 4.5
    endloop
  endfacet
  facet normal 0 0 -1
    outer loop
      vertex 10.7097 -24.8375 4.5
      vertex 17.1 -21.1 4.5
      vertex 10.9201 -25.3453 4.5
    endloop
  endfacet
  facet normal 0 0 -1
    outer loop
      vertex 10.4559 -24.35 4.5
      vertex 17.1 -21.1 4.5
      vertex 10.7097 -24.8375 4.5
    endloop
  endfacet
  facet normal 0 0 -1
    outer loop
      vertex 10.1606 -23.8865 4.5
      vertex 17.1 -21.1 4.5
      vertex 10.4559 -24.35 4.5
    endloop
  endfacet
  facet normal 0 0 -1
    outer loop
      vertex 9.82607 -23.4504 4.5
      vertex 17.1 -21.1 4.5
      vertex 10.1606 -23.8865 4.5
    endloop
  endfacet
  facet normal 0 0 -1
    outer loop
      vertex 9.45476 -23.0452 4.5
      vertex 17.1 -21.1 4.5
      vertex 9.82607 -23.4504 4.5
    endloop
  endfacet
  facet normal 0 0 -1
    outer loop
      vertex 9.04956 -22.6739 4.5
      vertex 17.1 -21.1 4.5
      vertex 9.45476 -23.0452 4.5
    endloop
  endfacet
  facet normal 0 0 -1
    outer loop
      vertex 8.61353 -22.3393 4.5
      vertex 17.1 -21.1 4.5
      vertex 9.04956 -22.6739 4.5
    endloop
  endfacet
  facet normal 0 0 -1
    outer loop
      vertex 8.14999 -22.044 4.5
      vertex 17.1 -21.1 4.5
      vertex 8.61353 -22.3393 4.5
    endloop
  endfacet
  facet normal 0 0 -1
    outer loop
      vertex 7.66249 -21.7903 4.5
      vertex 17.1 -21.1 4.5
      vertex 8.14999 -22.044 4.5
    endloop
  endfacet
  facet normal 0 0 -1
    outer loop
      vertex 7.15472 -21.5799 4.5
      vertex 17.1 -21.1 4.5
      vertex 7.66249 -21.7903 4.5
    endloop
  endfacet
  facet normal 0 0 -1
    outer loop
      vertex 6.63055 -21.4147 4.5
      vertex 17.1 -21.1 4.5
      vertex 7.15472 -21.5799 4.5
    endloop
  endfacet
  facet normal 0 0 -1
    outer loop
      vertex 6.09398 -21.2957 4.5
      vertex 17.1 -21.1 4.5
      vertex 6.63055 -21.4147 4.5
    endloop
  endfacet
  facet normal 0 0 -1
    outer loop
      vertex 5.54907 -21.224 4.5
      vertex 17.1 -21.1 4.5
      vertex 6.09398 -21.2957 4.5
    endloop
  endfacet
  facet normal 0 0 -1
    outer loop
      vertex 5 -21.2 4.5
      vertex 17.1 -21.1 4.5
      vertex 5.54907 -21.224 4.5
    endloop
  endfacet
  facet normal 0 0 -1
    outer loop
      vertex 0 -21.2 4.5
      vertex 17.1 -21.1 4.5
      vertex 5 -21.2 4.5
    endloop
  endfacet
  facet normal 0 0 -1
    outer loop
      vertex 0 -21.2 4.5
      vertex -6.3 -21.1 4.5
      vertex 17.1 -21.1 4.5
    endloop
  endfacet
  facet normal 0 0 -1
    outer loop
      vertex -0.549072 -21.224 4.5
      vertex -6.3 -21.1 4.5
      vertex 0 -21.2 4.5
    endloop
  endfacet
  facet normal 0 0 -1
    outer loop
      vertex -1.09398 -21.2957 4.5
      vertex -6.3 -21.1 4.5
      vertex -0.549072 -21.224 4.5
    endloop
  endfacet
  facet normal 0 0 -1
    outer loop
      vertex -1.63055 -21.4147 4.5
      vertex -6.3 -21.1 4.5
      vertex -1.09398 -21.2957 4.5
    endloop
  endfacet
  facet normal 0 0 -1
    outer loop
      vertex -2.15472 -21.5799 4.5
      vertex -6.3 -21.1 4.5
      vertex -1.63055 -21.4147 4.5
    endloop
  endfacet
  facet normal 0 0 -1
    outer loop
      vertex -2.66249 -21.7903 4.5
      vertex -6.3 -21.1 4.5
      vertex -2.15472 -21.5799 4.5
    endloop
  endfacet
  facet normal 0 0 -1
    outer loop
      vertex -3.14999 -22.044 4.5
      vertex -6.3 -21.1 4.5
      vertex -2.66249 -21.7903 4.5
    endloop
  endfacet
  facet normal 0 0 -1
    outer loop
      vertex -3.61353 -22.3393 4.5
      vertex -6.3 -21.1 4.5
      vertex -3.14999 -22.044 4.5
    endloop
  endfacet
  facet normal 0 0 -1
    outer loop
      vertex -4.04956 -22.6739 4.5
      vertex -6.3 -21.1 4.5
      vertex -3.61353 -22.3393 4.5
    endloop
  endfacet
  facet normal 0 0 -1
    outer loop
      vertex -4.45476 -23.0452 4.5
      vertex -6.3 -21.1 4.5
      vertex -4.04956 -22.6739 4.5
    endloop
  endfacet
  facet normal 0 0 -1
    outer loop
      vertex -4.82607 -23.4504 4.5
      vertex -6.3 -21.1 4.5
      vertex -4.45476 -23.0452 4.5
    endloop
  endfacet
  facet normal 0 0 -1
    outer loop
      vertex -5.16064 -23.8865 4.5
      vertex -6.3 -21.1 4.5
      vertex -4.82607 -23.4504 4.5
    endloop
  endfacet
  facet normal 0 0 -1
    outer loop
      vertex -5.45595 -24.35 4.5
      vertex -6.3 -21.1 4.5
      vertex -5.16064 -23.8865 4.5
    endloop
  endfacet
  facet normal 0 0 -1
    outer loop
      vertex -5.70973 -24.8375 4.5
      vertex -6.3 -21.1 4.5
      vertex -5.45595 -24.35 4.5
    endloop
  endfacet
  facet normal 0 0 -1
    outer loop
      vertex -5.92006 -25.3453 4.5
      vertex -6.3 -21.1 4.5
      vertex -5.70973 -24.8375 4.5
    endloop
  endfacet
  facet normal 0 0 -1
    outer loop
      vertex -6.08533 -25.8694 4.5
      vertex -6.3 -21.1 4.5
      vertex -5.92006 -25.3453 4.5
    endloop
  endfacet
  facet normal 0 0 -1
    outer loop
      vertex -6.20428 -26.406 4.5
      vertex -6.3 -21.1 4.5
      vertex -6.08533 -25.8694 4.5
    endloop
  endfacet
  facet normal 0 0 -1
    outer loop
      vertex -6.27602 -26.9509 4.5
      vertex -6.3 -21.1 4.5
      vertex -6.20428 -26.406 4.5
    endloop
  endfacet
  facet normal 0 0 -1
    outer loop
      vertex -6.29999 -27.5 4.5
      vertex -6.3 -21.1 4.5
      vertex -6.27602 -26.9509 4.5
    endloop
  endfacet
  facet normal 0 0 -1
    outer loop
      vertex -6.3 -21.1 4.5
      vertex -6.29999 -27.5 4.5
      vertex -6.3 -33.9 4.5
    endloop
  endfacet
  facet normal 0.953706 -0.300742 0
    outer loop
      vertex -6.08533 -25.8694 7.5
      vertex -5.92006 -25.3453 4.5
      vertex -5.92006 -25.3453 7.5
    endloop
  endfacet
  facet normal 0.953706 -0.300742 0
    outer loop
      vertex -5.92006 -25.3453 4.5
      vertex -6.08533 -25.8694 7.5
      vertex -6.08533 -25.8694 4.5
    endloop
  endfacet
  facet normal 0.3828 0.923831 -0
    outer loop
      vertex -2.15472 -33.4201 4.5
      vertex -2.66249 -33.2097 7.5
      vertex -2.15472 -33.4201 7.5
    endloop
  endfacet
  facet normal 0.3828 0.923831 0
    outer loop
      vertex -2.66249 -33.2097 7.5
      vertex -2.15472 -33.4201 4.5
      vertex -2.66249 -33.2097 4.5
    endloop
  endfacet
  facet normal 0.130457 0.991454 -0
    outer loop
      vertex -0.549072 -33.776 4.5
      vertex -1.09398 -33.7043 7.5
      vertex -0.549072 -33.776 7.5
    endloop
  endfacet
  facet normal 0.130457 0.991454 0
    outer loop
      vertex -1.09398 -33.7043 7.5
      vertex -0.549072 -33.776 4.5
      vertex -1.09398 -33.7043 4.5
    endloop
  endfacet
  facet normal -0.737266 -0.675603 0
    outer loop
      vertex 9.82607 -23.4504 4.5
      vertex 9.45476 -23.0452 7.5
      vertex 9.45476 -23.0452 4.5
    endloop
  endfacet
  facet normal -0.737266 -0.675603 0
    outer loop
      vertex 9.45476 -23.0452 7.5
      vertex 9.82607 -23.4504 4.5
      vertex 9.82607 -23.4504 7.5
    endloop
  endfacet
  facet normal -0.3828 -0.923831 0
    outer loop
      vertex 7.15472 -21.5799 4.5
      vertex 7.66249 -21.7903 7.5
      vertex 7.15472 -21.5799 7.5
    endloop
  endfacet
  facet normal -0.3828 -0.923831 -0
    outer loop
      vertex 7.66249 -21.7903 7.5
      vertex 7.15472 -21.5799 4.5
      vertex 7.66249 -21.7903 4.5
    endloop
  endfacet
  facet normal -0.0436686 0.999046 0
    outer loop
      vertex 5.54907 -33.776 4.5
      vertex 5 -33.8 7.5
      vertex 5.54907 -33.776 7.5
    endloop
  endfacet
  facet normal -0.0436686 0.999046 0
    outer loop
      vertex 5 -33.8 7.5
      vertex 5.54907 -33.776 4.5
      vertex 5 -33.8 4.5
    endloop
  endfacet
  facet normal 0.887008 0.461754 0
    outer loop
      vertex -5.45595 -30.65 7.5
      vertex -5.70973 -30.1625 4.5
      vertex -5.70973 -30.1625 7.5
    endloop
  endfacet
  facet normal 0.887008 0.461754 0
    outer loop
      vertex -5.70973 -30.1625 4.5
      vertex -5.45595 -30.65 7.5
      vertex -5.45595 -30.65 4.5
    endloop
  endfacet
  facet normal -0.991454 0.130459 0
    outer loop
      vertex 11.2043 -28.594 4.5
      vertex 11.276 -28.0491 7.5
      vertex 11.276 -28.0491 4.5
    endloop
  endfacet
  facet normal -0.991454 0.130459 0
    outer loop
      vertex 11.276 -28.0491 7.5
      vertex 11.2043 -28.594 4.5
      vertex 11.2043 -28.594 7.5
    endloop
  endfacet
  facet normal -0.923839 0.38278 0
    outer loop
      vertex 10.7097 -30.1625 4.5
      vertex 10.9201 -29.6547 7.5
      vertex 10.9201 -29.6547 4.5
    endloop
  endfacet
  facet normal -0.923839 0.38278 0
    outer loop
      vertex 10.9201 -29.6547 7.5
      vertex 10.7097 -30.1625 4.5
      vertex 10.7097 -30.1625 7.5
    endloop
  endfacet
  facet normal -0.53729 0.843398 0
    outer loop
      vertex 8.61353 -32.6606 4.5
      vertex 8.14999 -32.9559 7.5
      vertex 8.61353 -32.6606 7.5
    endloop
  endfacet
  facet normal -0.53729 0.843398 0
    outer loop
      vertex 8.14999 -32.9559 7.5
      vertex 8.61353 -32.6606 4.5
      vertex 8.14999 -32.9559 4.5
    endloop
  endfacet
  facet normal -0.976281 -0.216507 0
    outer loop
      vertex 11.2043 -26.406 4.5
      vertex 11.0853 -25.8694 7.5
      vertex 11.0853 -25.8694 4.5
    endloop
  endfacet
  facet normal -0.976281 -0.216507 0
    outer loop
      vertex 11.0853 -25.8694 7.5
      vertex 11.2043 -26.406 4.5
      vertex 11.2043 -26.406 7.5
    endloop
  endfacet
  facet normal 0.793407 -0.608691 0
    outer loop
      vertex -5.16064 -23.8865 7.5
      vertex -4.82607 -23.4504 4.5
      vertex -4.82607 -23.4504 7.5
    endloop
  endfacet
  facet normal 0.793407 -0.608691 0
    outer loop
      vertex -4.82607 -23.4504 4.5
      vertex -5.16064 -23.8865 7.5
      vertex -5.16064 -23.8865 4.5
    endloop
  endfacet
  facet normal 0.737266 -0.675603 0
    outer loop
      vertex -4.82607 -23.4504 7.5
      vertex -4.45476 -23.0452 4.5
      vertex -4.45476 -23.0452 7.5
    endloop
  endfacet
  facet normal 0.737266 -0.675603 0
    outer loop
      vertex -4.45476 -23.0452 4.5
      vertex -4.82607 -23.4504 7.5
      vertex -4.82607 -23.4504 4.5
    endloop
  endfacet
  facet normal -0.843377 0.537323 0
    outer loop
      vertex 10.1606 -31.1135 4.5
      vertex 10.4559 -30.65 7.5
      vertex 10.4559 -30.65 4.5
    endloop
  endfacet
  facet normal -0.843377 0.537323 0
    outer loop
      vertex 10.4559 -30.65 7.5
      vertex 10.1606 -31.1135 4.5
      vertex 10.1606 -31.1135 7.5
    endloop
  endfacet
  facet normal 0.461782 0.886993 -0
    outer loop
      vertex -2.66249 -33.2097 4.5
      vertex -3.14999 -32.9559 7.5
      vertex -2.66249 -33.2097 7.5
    endloop
  endfacet
  facet normal 0.461782 0.886993 0
    outer loop
      vertex -3.14999 -32.9559 7.5
      vertex -2.66249 -33.2097 4.5
      vertex -3.14999 -32.9559 4.5
    endloop
  endfacet
  facet normal 0 -1 0
    outer loop
      vertex 0 -21.2 4.5
      vertex 5 -21.2 7.5
      vertex 0 -21.2 7.5
    endloop
  endfacet
  facet normal 0 -1 -0
    outer loop
      vertex 5 -21.2 7.5
      vertex 0 -21.2 4.5
      vertex 5 -21.2 4.5
    endloop
  endfacet
  facet normal -0.675593 0.737275 0
    outer loop
      vertex 9.45476 -31.9548 4.5
      vertex 9.04956 -32.3261 7.5
      vertex 9.45476 -31.9548 7.5
    endloop
  endfacet
  facet normal -0.675593 0.737275 0
    outer loop
      vertex 9.04956 -32.3261 7.5
      vertex 9.45476 -31.9548 4.5
      vertex 9.04956 -32.3261 4.5
    endloop
  endfacet
  facet normal -0.999046 -0.0436662 0
    outer loop
      vertex 11.3 -27.5 4.5
      vertex 11.276 -26.9509 7.5
      vertex 11.276 -26.9509 4.5
    endloop
  endfacet
  facet normal -0.999046 -0.0436662 0
    outer loop
      vertex 11.276 -26.9509 7.5
      vertex 11.3 -27.5 4.5
      vertex 11.3 -27.5 7.5
    endloop
  endfacet
  facet normal 0.608787 -0.793334 0
    outer loop
      vertex -4.04956 -22.6739 4.5
      vertex -3.61353 -22.3393 7.5
      vertex -4.04956 -22.6739 7.5
    endloop
  endfacet
  facet normal 0.608787 -0.793334 0
    outer loop
      vertex -3.61353 -22.3393 7.5
      vertex -4.04956 -22.6739 4.5
      vertex -3.61353 -22.3393 4.5
    endloop
  endfacet
  facet normal 0.675593 0.737275 -0
    outer loop
      vertex -4.04956 -32.3261 4.5
      vertex -4.45476 -31.9548 7.5
      vertex -4.04956 -32.3261 7.5
    endloop
  endfacet
  facet normal 0.675593 0.737275 0
    outer loop
      vertex -4.45476 -31.9548 7.5
      vertex -4.04956 -32.3261 4.5
      vertex -4.45476 -31.9548 4.5
    endloop
  endfacet
  facet normal -0.30059 -0.953754 0
    outer loop
      vertex 6.63055 -21.4147 4.5
      vertex 7.15472 -21.5799 7.5
      vertex 6.63055 -21.4147 7.5
    endloop
  endfacet
  facet normal -0.30059 -0.953754 -0
    outer loop
      vertex 7.15472 -21.5799 7.5
      vertex 6.63055 -21.4147 4.5
      vertex 7.15472 -21.5799 4.5
    endloop
  endfacet
  facet normal 0.675593 -0.737275 0
    outer loop
      vertex -4.45476 -23.0452 4.5
      vertex -4.04956 -22.6739 7.5
      vertex -4.45476 -23.0452 7.5
    endloop
  endfacet
  facet normal 0.675593 -0.737275 0
    outer loop
      vertex -4.04956 -22.6739 7.5
      vertex -4.45476 -23.0452 4.5
      vertex -4.04956 -22.6739 4.5
    endloop
  endfacet
  facet normal -0.130457 0.991454 0
    outer loop
      vertex 6.09398 -33.7043 4.5
      vertex 5.54907 -33.776 7.5
      vertex 6.09398 -33.7043 7.5
    endloop
  endfacet
  facet normal -0.130457 0.991454 0
    outer loop
      vertex 5.54907 -33.776 7.5
      vertex 6.09398 -33.7043 4.5
      vertex 5.54907 -33.776 4.5
    endloop
  endfacet
  facet normal -0.53729 -0.843398 0
    outer loop
      vertex 8.14999 -22.044 4.5
      vertex 8.61353 -22.3393 7.5
      vertex 8.14999 -22.044 7.5
    endloop
  endfacet
  facet normal -0.53729 -0.843398 -0
    outer loop
      vertex 8.61353 -22.3393 7.5
      vertex 8.14999 -22.044 4.5
      vertex 8.61353 -22.3393 4.5
    endloop
  endfacet
  facet normal 0.9763 -0.21642 0
    outer loop
      vertex -6.20428 -26.406 7.5
      vertex -6.08533 -25.8694 4.5
      vertex -6.08533 -25.8694 7.5
    endloop
  endfacet
  facet normal 0.9763 -0.21642 0
    outer loop
      vertex -6.08533 -25.8694 4.5
      vertex -6.20428 -26.406 7.5
      vertex -6.20428 -26.406 4.5
    endloop
  endfacet
  facet normal -0.793442 0.608645 0
    outer loop
      vertex 9.82607 -31.5496 4.5
      vertex 10.1606 -31.1135 7.5
      vertex 10.1606 -31.1135 4.5
    endloop
  endfacet
  facet normal -0.793442 0.608645 0
    outer loop
      vertex 10.1606 -31.1135 7.5
      vertex 9.82607 -31.5496 4.5
      vertex 9.82607 -31.5496 7.5
    endloop
  endfacet
  facet normal 0.0436684 0.999046 -0
    outer loop
      vertex 0 -33.8 4.5
      vertex -0.549072 -33.776 7.5
      vertex 0 -33.8 7.5
    endloop
  endfacet
  facet normal 0.0436684 0.999046 0
    outer loop
      vertex -0.549072 -33.776 7.5
      vertex 0 -33.8 4.5
      vertex -0.549072 -33.776 4.5
    endloop
  endfacet
  facet normal -0.886993 0.461782 0
    outer loop
      vertex 10.4559 -30.65 4.5
      vertex 10.7097 -30.1625 7.5
      vertex 10.7097 -30.1625 4.5
    endloop
  endfacet
  facet normal -0.886993 0.461782 0
    outer loop
      vertex 10.7097 -30.1625 7.5
      vertex 10.4559 -30.65 4.5
      vertex 10.4559 -30.65 7.5
    endloop
  endfacet
  facet normal 0.923884 -0.382672 0
    outer loop
      vertex -5.92006 -25.3453 7.5
      vertex -5.70973 -24.8375 4.5
      vertex -5.70973 -24.8375 7.5
    endloop
  endfacet
  facet normal 0.923884 -0.382672 0
    outer loop
      vertex -5.70973 -24.8375 4.5
      vertex -5.92006 -25.3453 7.5
      vertex -5.92006 -25.3453 4.5
    endloop
  endfacet
  facet normal 0.923884 0.382672 0
    outer loop
      vertex -5.70973 -30.1625 7.5
      vertex -5.92006 -29.6547 4.5
      vertex -5.92006 -29.6547 7.5
    endloop
  endfacet
  facet normal 0.923884 0.382672 0
    outer loop
      vertex -5.92006 -29.6547 4.5
      vertex -5.70973 -30.1625 7.5
      vertex -5.70973 -30.1625 4.5
    endloop
  endfacet
  facet normal 0.30059 0.953754 -0
    outer loop
      vertex -1.63055 -33.5853 4.5
      vertex -2.15472 -33.4201 7.5
      vertex -1.63055 -33.5853 7.5
    endloop
  endfacet
  facet normal 0.30059 0.953754 0
    outer loop
      vertex -2.15472 -33.4201 7.5
      vertex -1.63055 -33.5853 4.5
      vertex -2.15472 -33.4201 4.5
    endloop
  endfacet
  facet normal -0.461782 0.886993 0
    outer loop
      vertex 8.14999 -32.9559 4.5
      vertex 7.66249 -33.2097 7.5
      vertex 8.14999 -32.9559 7.5
    endloop
  endfacet
  facet normal -0.461782 0.886993 0
    outer loop
      vertex 7.66249 -33.2097 7.5
      vertex 8.14999 -32.9559 4.5
      vertex 7.66249 -33.2097 4.5
    endloop
  endfacet
  facet normal 0.991444 -0.130531 0
    outer loop
      vertex -6.27602 -26.9509 7.5
      vertex -6.20428 -26.406 4.5
      vertex -6.20428 -26.406 7.5
    endloop
  endfacet
  facet normal 0.991444 -0.130531 0
    outer loop
      vertex -6.20428 -26.406 4.5
      vertex -6.27602 -26.9509 7.5
      vertex -6.27602 -26.9509 4.5
    endloop
  endfacet
  facet normal 0.0436684 -0.999046 0
    outer loop
      vertex -0.549072 -21.224 4.5
      vertex 0 -21.2 7.5
      vertex -0.549072 -21.224 7.5
    endloop
  endfacet
  facet normal 0.0436684 -0.999046 0
    outer loop
      vertex 0 -21.2 7.5
      vertex -0.549072 -21.224 4.5
      vertex 0 -21.2 4.5
    endloop
  endfacet
  facet normal 0.793407 0.608691 0
    outer loop
      vertex -4.82607 -31.5496 7.5
      vertex -5.16064 -31.1135 4.5
      vertex -5.16064 -31.1135 7.5
    endloop
  endfacet
  facet normal 0.793407 0.608691 0
    outer loop
      vertex -5.16064 -31.1135 4.5
      vertex -4.82607 -31.5496 7.5
      vertex -4.82607 -31.5496 4.5
    endloop
  endfacet
  facet normal 0.991444 0.130531 0
    outer loop
      vertex -6.20428 -28.594 7.5
      vertex -6.27602 -28.0491 4.5
      vertex -6.27602 -28.0491 7.5
    endloop
  endfacet
  facet normal 0.991444 0.130531 0
    outer loop
      vertex -6.27602 -28.0491 4.5
      vertex -6.20428 -28.594 7.5
      vertex -6.20428 -28.594 4.5
    endloop
  endfacet
  facet normal -0.793442 -0.608645 0
    outer loop
      vertex 10.1606 -23.8865 4.5
      vertex 9.82607 -23.4504 7.5
      vertex 9.82607 -23.4504 4.5
    endloop
  endfacet
  facet normal -0.793442 -0.608645 0
    outer loop
      vertex 9.82607 -23.4504 7.5
      vertex 10.1606 -23.8865 4.5
      vertex 10.1606 -23.8865 7.5
    endloop
  endfacet
  facet normal 0.999049 -0.0436117 0
    outer loop
      vertex -6.29999 -27.5 7.5
      vertex -6.27602 -26.9509 4.5
      vertex -6.27602 -26.9509 7.5
    endloop
  endfacet
  facet normal 0.999049 -0.0436117 0
    outer loop
      vertex -6.27602 -26.9509 4.5
      vertex -6.29999 -27.5 7.5
      vertex -6.29999 -27.5 4.5
    endloop
  endfacet
  facet normal 0.999049 0.0436117 0
    outer loop
      vertex -6.27602 -28.0491 7.5
      vertex -6.29999 -27.5 4.5
      vertex -6.29999 -27.5 7.5
    endloop
  endfacet
  facet normal 0.999049 0.0436117 0
    outer loop
      vertex -6.29999 -27.5 4.5
      vertex -6.27602 -28.0491 7.5
      vertex -6.27602 -28.0491 4.5
    endloop
  endfacet
  facet normal 0.737266 0.675603 0
    outer loop
      vertex -4.45476 -31.9548 7.5
      vertex -4.82607 -31.5496 4.5
      vertex -4.82607 -31.5496 7.5
    endloop
  endfacet
  facet normal 0.737266 0.675603 0
    outer loop
      vertex -4.82607 -31.5496 4.5
      vertex -4.45476 -31.9548 7.5
      vertex -4.45476 -31.9548 4.5
    endloop
  endfacet
  facet normal 0.843368 0.537336 0
    outer loop
      vertex -5.16064 -31.1135 7.5
      vertex -5.45595 -30.65 4.5
      vertex -5.45595 -30.65 7.5
    endloop
  endfacet
  facet normal 0.843368 0.537336 0
    outer loop
      vertex -5.45595 -30.65 4.5
      vertex -5.16064 -31.1135 7.5
      vertex -5.16064 -31.1135 4.5
    endloop
  endfacet
  facet normal 0.843368 -0.537336 0
    outer loop
      vertex -5.45595 -24.35 7.5
      vertex -5.16064 -23.8865 4.5
      vertex -5.16064 -23.8865 7.5
    endloop
  endfacet
  facet normal 0.843368 -0.537336 0
    outer loop
      vertex -5.16064 -23.8865 4.5
      vertex -5.45595 -24.35 7.5
      vertex -5.45595 -24.35 4.5
    endloop
  endfacet
  facet normal -0.216518 -0.976279 0
    outer loop
      vertex 6.09398 -21.2957 4.5
      vertex 6.63055 -21.4147 7.5
      vertex 6.09398 -21.2957 7.5
    endloop
  endfacet
  facet normal -0.216518 -0.976279 -0
    outer loop
      vertex 6.63055 -21.4147 7.5
      vertex 6.09398 -21.2957 4.5
      vertex 6.63055 -21.4147 4.5
    endloop
  endfacet
  facet normal -0.923839 -0.38278 0
    outer loop
      vertex 10.9201 -25.3453 4.5
      vertex 10.7097 -24.8375 7.5
      vertex 10.7097 -24.8375 4.5
    endloop
  endfacet
  facet normal -0.923839 -0.38278 0
    outer loop
      vertex 10.7097 -24.8375 7.5
      vertex 10.9201 -25.3453 4.5
      vertex 10.9201 -25.3453 7.5
    endloop
  endfacet
  facet normal -0.216518 0.976279 0
    outer loop
      vertex 6.63055 -33.5853 4.5
      vertex 6.09398 -33.7043 7.5
      vertex 6.63055 -33.5853 7.5
    endloop
  endfacet
  facet normal -0.216518 0.976279 0
    outer loop
      vertex 6.09398 -33.7043 7.5
      vertex 6.63055 -33.5853 4.5
      vertex 6.09398 -33.7043 4.5
    endloop
  endfacet
  facet normal -0.608673 0.793422 0
    outer loop
      vertex 9.04956 -32.3261 4.5
      vertex 8.61353 -32.6606 7.5
      vertex 9.04956 -32.3261 7.5
    endloop
  endfacet
  facet normal -0.608673 0.793422 0
    outer loop
      vertex 8.61353 -32.6606 7.5
      vertex 9.04956 -32.3261 4.5
      vertex 8.61353 -32.6606 4.5
    endloop
  endfacet
  facet normal -0.953742 0.300626 0
    outer loop
      vertex 10.9201 -29.6547 4.5
      vertex 11.0853 -29.1306 7.5
      vertex 11.0853 -29.1306 4.5
    endloop
  endfacet
  facet normal -0.953742 0.300626 0
    outer loop
      vertex 11.0853 -29.1306 7.5
      vertex 10.9201 -29.6547 4.5
      vertex 10.9201 -29.6547 7.5
    endloop
  endfacet
  facet normal 0 1 -0
    outer loop
      vertex 5 -33.8 4.5
      vertex 0 -33.8 7.5
      vertex 5 -33.8 7.5
    endloop
  endfacet
  facet normal 0 1 0
    outer loop
      vertex 0 -33.8 7.5
      vertex 5 -33.8 4.5
      vertex 0 -33.8 4.5
    endloop
  endfacet
  facet normal -0.843377 -0.537323 0
    outer loop
      vertex 10.4559 -24.35 4.5
      vertex 10.1606 -23.8865 7.5
      vertex 10.1606 -23.8865 4.5
    endloop
  endfacet
  facet normal -0.843377 -0.537323 0
    outer loop
      vertex 10.1606 -23.8865 7.5
      vertex 10.4559 -24.35 4.5
      vertex 10.4559 -24.35 7.5
    endloop
  endfacet
  facet normal 0.608673 0.793422 -0
    outer loop
      vertex -3.61353 -32.6606 4.5
      vertex -4.04956 -32.3261 7.5
      vertex -3.61353 -32.6606 7.5
    endloop
  endfacet
  facet normal 0.608673 0.793422 0
    outer loop
      vertex -4.04956 -32.3261 7.5
      vertex -3.61353 -32.6606 4.5
      vertex -4.04956 -32.3261 4.5
    endloop
  endfacet
  facet normal -0.953742 -0.300626 0
    outer loop
      vertex 11.0853 -25.8694 4.5
      vertex 10.9201 -25.3453 7.5
      vertex 10.9201 -25.3453 4.5
    endloop
  endfacet
  facet normal -0.953742 -0.300626 0
    outer loop
      vertex 10.9201 -25.3453 7.5
      vertex 11.0853 -25.8694 4.5
      vertex 11.0853 -25.8694 7.5
    endloop
  endfacet
  facet normal -0.976281 0.216507 0
    outer loop
      vertex 11.0853 -29.1306 4.5
      vertex 11.2043 -28.594 7.5
      vertex 11.2043 -28.594 4.5
    endloop
  endfacet
  facet normal -0.976281 0.216507 0
    outer loop
      vertex 11.2043 -28.594 7.5
      vertex 11.0853 -29.1306 4.5
      vertex 11.0853 -29.1306 7.5
    endloop
  endfacet
  facet normal -0.608787 -0.793334 0
    outer loop
      vertex 8.61353 -22.3393 4.5
      vertex 9.04956 -22.6739 7.5
      vertex 8.61353 -22.3393 7.5
    endloop
  endfacet
  facet normal -0.608787 -0.793334 -0
    outer loop
      vertex 9.04956 -22.6739 7.5
      vertex 8.61353 -22.3393 4.5
      vertex 9.04956 -22.6739 4.5
    endloop
  endfacet
  facet normal 0.216518 -0.976279 0
    outer loop
      vertex -1.63055 -21.4147 4.5
      vertex -1.09398 -21.2957 7.5
      vertex -1.63055 -21.4147 7.5
    endloop
  endfacet
  facet normal 0.216518 -0.976279 0
    outer loop
      vertex -1.09398 -21.2957 7.5
      vertex -1.63055 -21.4147 4.5
      vertex -1.09398 -21.2957 4.5
    endloop
  endfacet
  facet normal 0.9763 0.21642 0
    outer loop
      vertex -6.08533 -29.1306 7.5
      vertex -6.20428 -28.594 4.5
      vertex -6.20428 -28.594 7.5
    endloop
  endfacet
  facet normal 0.9763 0.21642 0
    outer loop
      vertex -6.20428 -28.594 4.5
      vertex -6.08533 -29.1306 7.5
      vertex -6.08533 -29.1306 4.5
    endloop
  endfacet
  facet normal 0.953706 0.300742 0
    outer loop
      vertex -5.92006 -29.6547 7.5
      vertex -6.08533 -29.1306 4.5
      vertex -6.08533 -29.1306 7.5
    endloop
  endfacet
  facet normal 0.953706 0.300742 0
    outer loop
      vertex -6.08533 -29.1306 4.5
      vertex -5.92006 -29.6547 7.5
      vertex -5.92006 -29.6547 4.5
    endloop
  endfacet
  facet normal 0.30059 -0.953754 0
    outer loop
      vertex -2.15472 -21.5799 4.5
      vertex -1.63055 -21.4147 7.5
      vertex -2.15472 -21.5799 7.5
    endloop
  endfacet
  facet normal 0.30059 -0.953754 0
    outer loop
      vertex -1.63055 -21.4147 7.5
      vertex -2.15472 -21.5799 4.5
      vertex -1.63055 -21.4147 4.5
    endloop
  endfacet
  facet normal 0.216518 0.976279 -0
    outer loop
      vertex -1.09398 -33.7043 4.5
      vertex -1.63055 -33.5853 7.5
      vertex -1.09398 -33.7043 7.5
    endloop
  endfacet
  facet normal 0.216518 0.976279 0
    outer loop
      vertex -1.63055 -33.5853 7.5
      vertex -1.09398 -33.7043 4.5
      vertex -1.63055 -33.5853 4.5
    endloop
  endfacet
  facet normal -0.737266 0.675603 0
    outer loop
      vertex 9.45476 -31.9548 4.5
      vertex 9.82607 -31.5496 7.5
      vertex 9.82607 -31.5496 4.5
    endloop
  endfacet
  facet normal -0.737266 0.675603 0
    outer loop
      vertex 9.82607 -31.5496 7.5
      vertex 9.45476 -31.9548 4.5
      vertex 9.45476 -31.9548 7.5
    endloop
  endfacet
  facet normal -0.3828 0.923831 0
    outer loop
      vertex 7.66249 -33.2097 4.5
      vertex 7.15472 -33.4201 7.5
      vertex 7.66249 -33.2097 7.5
    endloop
  endfacet
  facet normal -0.3828 0.923831 0
    outer loop
      vertex 7.15472 -33.4201 7.5
      vertex 7.66249 -33.2097 4.5
      vertex 7.15472 -33.4201 4.5
    endloop
  endfacet
  facet normal -0.30059 0.953754 0
    outer loop
      vertex 7.15472 -33.4201 4.5
      vertex 6.63055 -33.5853 7.5
      vertex 7.15472 -33.4201 7.5
    endloop
  endfacet
  facet normal -0.30059 0.953754 0
    outer loop
      vertex 6.63055 -33.5853 7.5
      vertex 7.15472 -33.4201 4.5
      vertex 6.63055 -33.5853 4.5
    endloop
  endfacet
  facet normal 0.3828 -0.923831 0
    outer loop
      vertex -2.66249 -21.7903 4.5
      vertex -2.15472 -21.5799 7.5
      vertex -2.66249 -21.7903 7.5
    endloop
  endfacet
  facet normal 0.3828 -0.923831 0
    outer loop
      vertex -2.15472 -21.5799 7.5
      vertex -2.66249 -21.7903 4.5
      vertex -2.15472 -21.5799 4.5
    endloop
  endfacet
  facet normal -0.461639 -0.887068 0
    outer loop
      vertex 7.66249 -21.7903 4.5
      vertex 8.14999 -22.044 7.5
      vertex 7.66249 -21.7903 7.5
    endloop
  endfacet
  facet normal -0.461639 -0.887068 -0
    outer loop
      vertex 8.14999 -22.044 7.5
      vertex 7.66249 -21.7903 4.5
      vertex 8.14999 -22.044 4.5
    endloop
  endfacet
  facet normal 0.53729 0.843398 -0
    outer loop
      vertex -3.14999 -32.9559 4.5
      vertex -3.61353 -32.6606 7.5
      vertex -3.14999 -32.9559 7.5
    endloop
  endfacet
  facet normal 0.53729 0.843398 0
    outer loop
      vertex -3.61353 -32.6606 7.5
      vertex -3.14999 -32.9559 4.5
      vertex -3.61353 -32.6606 4.5
    endloop
  endfacet
  facet normal -0.991454 -0.130459 0
    outer loop
      vertex 11.276 -26.9509 4.5
      vertex 11.2043 -26.406 7.5
      vertex 11.2043 -26.406 4.5
    endloop
  endfacet
  facet normal -0.991454 -0.130459 0
    outer loop
      vertex 11.2043 -26.406 7.5
      vertex 11.276 -26.9509 4.5
      vertex 11.276 -26.9509 7.5
    endloop
  endfacet
  facet normal -0.0436686 -0.999046 0
    outer loop
      vertex 5 -21.2 4.5
      vertex 5.54907 -21.224 7.5
      vertex 5 -21.2 7.5
    endloop
  endfacet
  facet normal -0.0436686 -0.999046 -0
    outer loop
      vertex 5.54907 -21.224 7.5
      vertex 5 -21.2 4.5
      vertex 5.54907 -21.224 4.5
    endloop
  endfacet
  facet normal -0.886993 -0.461782 0
    outer loop
      vertex 10.7097 -24.8375 4.5
      vertex 10.4559 -24.35 7.5
      vertex 10.4559 -24.35 4.5
    endloop
  endfacet
  facet normal -0.886993 -0.461782 0
    outer loop
      vertex 10.4559 -24.35 7.5
      vertex 10.7097 -24.8375 4.5
      vertex 10.7097 -24.8375 7.5
    endloop
  endfacet
  facet normal -0.675593 -0.737275 0
    outer loop
      vertex 9.04956 -22.6739 4.5
      vertex 9.45476 -23.0452 7.5
      vertex 9.04956 -22.6739 7.5
    endloop
  endfacet
  facet normal -0.675593 -0.737275 -0
    outer loop
      vertex 9.45476 -23.0452 7.5
      vertex 9.04956 -22.6739 4.5
      vertex 9.45476 -23.0452 4.5
    endloop
  endfacet
  facet normal -0.999046 0.0436662 0
    outer loop
      vertex 11.276 -28.0491 4.5
      vertex 11.3 -27.5 7.5
      vertex 11.3 -27.5 4.5
    endloop
  endfacet
  facet normal -0.999046 0.0436662 0
    outer loop
      vertex 11.3 -27.5 7.5
      vertex 11.276 -28.0491 4.5
      vertex 11.276 -28.0491 7.5
    endloop
  endfacet
  facet normal -0.130457 -0.991454 0
    outer loop
      vertex 5.54907 -21.224 4.5
      vertex 6.09398 -21.2957 7.5
      vertex 5.54907 -21.224 7.5
    endloop
  endfacet
  facet normal -0.130457 -0.991454 -0
    outer loop
      vertex 6.09398 -21.2957 7.5
      vertex 5.54907 -21.224 4.5
      vertex 6.09398 -21.2957 4.5
    endloop
  endfacet
  facet normal 0.53729 -0.843398 0
    outer loop
      vertex -3.61353 -22.3393 4.5
      vertex -3.14999 -22.044 7.5
      vertex -3.61353 -22.3393 7.5
    endloop
  endfacet
  facet normal 0.53729 -0.843398 0
    outer loop
      vertex -3.14999 -22.044 7.5
      vertex -3.61353 -22.3393 4.5
      vertex -3.14999 -22.044 4.5
    endloop
  endfacet
  facet normal 0.461639 -0.887068 0
    outer loop
      vertex -3.14999 -22.044 4.5
      vertex -2.66249 -21.7903 7.5
      vertex -3.14999 -22.044 7.5
    endloop
  endfacet
  facet normal 0.461639 -0.887068 0
    outer loop
      vertex -2.66249 -21.7903 7.5
      vertex -3.14999 -22.044 4.5
      vertex -2.66249 -21.7903 4.5
    endloop
  endfacet
  facet normal 0.887008 -0.461754 0
    outer loop
      vertex -5.70973 -24.8375 7.5
      vertex -5.45595 -24.35 4.5
      vertex -5.45595 -24.35 7.5
    endloop
  endfacet
  facet normal 0.887008 -0.461754 0
    outer loop
      vertex -5.45595 -24.35 4.5
      vertex -5.70973 -24.8375 7.5
      vertex -5.70973 -24.8375 4.5
    endloop
  endfacet
  facet normal 0.130457 -0.991454 0
    outer loop
      vertex -1.09398 -21.2957 4.5
      vertex -0.549072 -21.224 7.5
      vertex -1.09398 -21.2957 7.5
    endloop
  endfacet
  facet normal 0.130457 -0.991454 0
    outer loop
      vertex -0.549072 -21.224 7.5
      vertex -1.09398 -21.2957 4.5
      vertex -0.549072 -21.224 4.5
    endloop
  endfacet
  facet normal 0 0.976362 -0.216141
    outer loop
      vertex -17.7854 -35.4696 10.8473
      vertex -15.5813 -35.4319 11.0176
      vertex -15.5617 -35.4696 10.8473
    endloop
  endfacet
  facet normal 0 0.976362 -0.216141
    outer loop
      vertex -15.5813 -35.4319 11.0176
      vertex -17.7854 -35.4696 10.8473
      vertex -17.8011 -35.4319 11.0176
    endloop
  endfacet
  facet normal -0 -0.976362 -0.216141
    outer loop
      vertex -17.0143 -31.5304 10.8473
      vertex -19.0526 -31.5681 11.0176
      vertex -19.0609 -31.5304 10.8473
    endloop
  endfacet
  facet normal 0 -0.976362 -0.216141
    outer loop
      vertex -19.0526 -31.5681 11.0176
      vertex -17.0143 -31.5304 10.8473
      vertex -17.0059 -31.5681 11.0176
    endloop
  endfacet
  facet normal 0 0.216141 -0.976362
    outer loop
      vertex -18.3719 -34.0176 12.4319
      vertex -16.2947 -33.8473 12.4696
      vertex -16.2241 -34.0176 12.4319
    endloop
  endfacet
  facet normal 0 0.216141 -0.976362
    outer loop
      vertex -16.2947 -33.8473 12.4696
      vertex -18.3719 -34.0176 12.4319
      vertex -18.4256 -33.8473 12.4696
    endloop
  endfacet
  facet normal 0 -0.130662 -0.991427
    outer loop
      vertex -18.59 -33.3257 12.4924
      vertex -16.5495 -33.1527 12.4696
      vertex -16.495 -33.3257 12.4924
    endloop
  endfacet
  facet normal -0 -0.130662 -0.991427
    outer loop
      vertex -16.5495 -33.1527 12.4696
      vertex -18.59 -33.3257 12.4924
      vertex -18.6446 -33.1527 12.4696
    endloop
  endfacet
  facet normal -0 -0.793348 -0.608768
    outer loop
      vertex -16.9409 -31.8617 11.6472
      vertex -18.9639 -31.9679 11.7856
      vertex -18.9875 -31.8617 11.6472
    endloop
  endfacet
  facet normal 0 -0.793348 -0.608768
    outer loop
      vertex -18.9639 -31.9679 11.7856
      vertex -16.9409 -31.8617 11.6472
      vertex -16.9173 -31.9679 11.7856
    endloop
  endfacet
  facet normal -0 -0.999051 -0.0435616
    outer loop
      vertex -17.0211 -31.5 10.5
      vertex -19.066 -31.5076 10.6743
      vertex -19.0677 -31.5 10.5
    endloop
  endfacet
  facet normal 0 -0.999051 -0.0435616
    outer loop
      vertex -19.066 -31.5076 10.6743
      vertex -17.0211 -31.5 10.5
      vertex -17.0194 -31.5076 10.6743
    endloop
  endfacet
  facet normal 0 -0.382629 0.923902
    outer loop
      vertex -16.7065 -32.6548 8.68738
      vertex -18.7507 -32.816 8.62062
      vertex -16.6557 -32.816 8.62062
    endloop
  endfacet
  facet normal 0 -0.382629 0.923902
    outer loop
      vertex -18.7507 -32.816 8.62062
      vertex -16.7065 -32.6548 8.68738
      vertex -18.8016 -32.6548 8.68738
    endloop
  endfacet
  facet normal 0 -0.216469 0.976289
    outer loop
      vertex -16.6032 -32.9824 8.56815
      vertex -18.6446 -33.1527 8.53039
      vertex -16.5495 -33.1527 8.53039
    endloop
  endfacet
  facet normal 0 -0.216469 0.976289
    outer loop
      vertex -18.6446 -33.1527 8.53039
      vertex -16.6032 -32.9824 8.56815
      vertex -18.6983 -32.9824 8.56815
    endloop
  endfacet
  facet normal 0 0.608768 -0.793348
    outer loop
      vertex -18.0688 -34.7856 12.0321
      vertex -15.9634 -34.6472 12.1383
      vertex -15.9061 -34.7856 12.0321
    endloop
  endfacet
  facet normal 0 0.608768 -0.793348
    outer loop
      vertex -15.9634 -34.6472 12.1383
      vertex -18.0688 -34.7856 12.0321
      vertex -18.1261 -34.6472 12.1383
    endloop
  endfacet
  facet normal 0 0.461686 0.887043
    outer loop
      vertex -16.0884 -34.3452 8.68738
      vertex -18.1871 -34.5 8.76795
      vertex -16.0243 -34.5 8.76795
    endloop
  endfacet
  facet normal 0 0.461686 0.887043
    outer loop
      vertex -18.1871 -34.5 8.76795
      vertex -16.0884 -34.3452 8.68738
      vertex -18.2512 -34.3452 8.68738
    endloop
  endfacet
  facet normal 0 -0.0437936 0.999041
    outer loop
      vertex -16.4446 -33.4854 8.50064
      vertex -18.5351 -33.5 8.5
      vertex -16.4386 -33.5 8.5
    endloop
  endfacet
  facet normal -1.33171e-06 -0.0436032 0.999049
    outer loop
      vertex -16.495 -33.3257 8.50761
      vertex -18.5351 -33.5 8.5
      vertex -16.4446 -33.4854 8.50064
    endloop
  endfacet
  facet normal 0 -0.0436188 0.999048
    outer loop
      vertex -18.5351 -33.5 8.5
      vertex -16.495 -33.3257 8.50761
      vertex -18.59 -33.3257 8.50761
    endloop
  endfacet
  facet normal 0 -0.300885 -0.953661
    outer loop
      vertex -18.6983 -32.9824 12.4319
      vertex -16.6557 -32.816 12.3794
      vertex -16.6032 -32.9824 12.4319
    endloop
  endfacet
  facet normal -0 -0.300885 -0.953661
    outer loop
      vertex -16.6557 -32.816 12.3794
      vertex -18.6983 -32.9824 12.4319
      vertex -18.7507 -32.816 12.3794
    endloop
  endfacet
  facet normal 0 -0.537394 -0.843331
    outer loop
      vertex -18.846 -32.5 12.2321
      vertex -16.8017 -32.3528 12.1383
      vertex -16.7553 -32.5 12.2321
    endloop
  endfacet
  facet normal -0 -0.537394 -0.843331
    outer loop
      vertex -16.8017 -32.3528 12.1383
      vertex -18.846 -32.5 12.2321
      vertex -18.8786 -32.3528 12.1383
    endloop
  endfacet
  facet normal 0 -0.843248 0.537524
    outer loop
      vertex -18.9875 -31.8617 9.35285
      vertex -16.9616 -31.7679 9.5
      vertex -19.0083 -31.7679 9.5
    endloop
  endfacet
  facet normal 0 -0.843248 0.537524
    outer loop
      vertex -16.9616 -31.7679 9.5
      vertex -18.9875 -31.8617 9.35285
      vertex -16.9409 -31.8617 9.35285
    endloop
  endfacet
  facet normal 0 0.999051 -0.0435616
    outer loop
      vertex -17.7729 -35.5 10.5
      vertex -15.5498 -35.4924 10.6743
      vertex -15.5459 -35.5 10.5
    endloop
  endfacet
  facet normal 0 0.999051 -0.0435616
    outer loop
      vertex -15.5498 -35.4924 10.6743
      vertex -17.7729 -35.5 10.5
      vertex -17.776 -35.4924 10.6743
    endloop
  endfacet
  facet normal 0 -0.382824 -0.923821
    outer loop
      vertex -18.7507 -32.816 12.3794
      vertex -16.7065 -32.6548 12.3126
      vertex -16.6557 -32.816 12.3794
    endloop
  endfacet
  facet normal -0 -0.382824 -0.923821
    outer loop
      vertex -16.7065 -32.6548 12.3126
      vertex -18.7507 -32.816 12.3794
      vertex -18.8016 -32.6548 12.3126
    endloop
  endfacet
  facet normal 0 -0.991427 0.130662
    outer loop
      vertex -19.0609 -31.5304 10.1527
      vertex -17.0194 -31.5076 10.3257
      vertex -19.066 -31.5076 10.3257
    endloop
  endfacet
  facet normal 0 -0.991427 0.130662
    outer loop
      vertex -17.0194 -31.5076 10.3257
      vertex -19.0609 -31.5304 10.1527
      vertex -17.0143 -31.5304 10.1527
    endloop
  endfacet
  facet normal 0 -0.608768 -0.793348
    outer loop
      vertex -18.8786 -32.3528 12.1383
      vertex -16.8453 -32.2144 12.0321
      vertex -16.8017 -32.3528 12.1383
    endloop
  endfacet
  facet normal -0 -0.608768 -0.793348
    outer loop
      vertex -16.8453 -32.2144 12.0321
      vertex -18.8786 -32.3528 12.1383
      vertex -18.9093 -32.2144 12.0321
    endloop
  endfacet
  facet normal 0 0.537191 0.843461
    outer loop
      vertex -16.0243 -34.5 8.76795
      vertex -18.1261 -34.6472 8.8617
      vertex -15.9634 -34.6472 8.8617
    endloop
  endfacet
  facet normal 0 0.537191 0.843461
    outer loop
      vertex -18.1261 -34.6472 8.8617
      vertex -16.0243 -34.5 8.76795
      vertex -18.1871 -34.5 8.76795
    endloop
  endfacet
  facet normal 0 -0.737211 0.675662
    outer loop
      vertex -18.9378 -32.0858 9.08579
      vertex -16.9173 -31.9679 9.21443
      vertex -18.9639 -31.9679 9.21443
    endloop
  endfacet
  facet normal 2.96689e-05 -0.737443 0.675409
    outer loop
      vertex -16.9173 -31.9679 9.21443
      vertex -18.9378 -32.0858 9.08579
      vertex -16.9037 -32.0293 9.14739
    endloop
  endfacet
  facet normal 0 -0.736955 0.675941
    outer loop
      vertex -16.9037 -32.0293 9.14739
      vertex -18.9378 -32.0858 9.08579
      vertex -16.8859 -32.0858 9.08579
    endloop
  endfacet
  facet normal 0 0.675579 0.737287
    outer loop
      vertex -15.8604 -34.8958 9.06893
      vertex -18.0155 -34.9142 9.08579
      vertex -15.8508 -34.9142 9.08579
    endloop
  endfacet
  facet normal -2.46196e-06 0.675736 0.737144
    outer loop
      vertex -15.9061 -34.7856 8.96791
      vertex -18.0155 -34.9142 9.08579
      vertex -15.8604 -34.8958 9.06893
    endloop
  endfacet
  facet normal 0 0.675714 0.737164
    outer loop
      vertex -18.0155 -34.9142 9.08579
      vertex -15.9061 -34.7856 8.96791
      vertex -18.0688 -34.7856 8.96791
    endloop
  endfacet
  facet normal 0 0.923821 -0.382824
    outer loop
      vertex -17.8228 -35.3794 11.184
      vertex -15.6434 -35.3126 11.3452
      vertex -15.6087 -35.3794 11.184
    endloop
  endfacet
  facet normal 0 0.923821 -0.382824
    outer loop
      vertex -15.6434 -35.3126 11.3452
      vertex -17.8228 -35.3794 11.184
      vertex -17.8505 -35.3126 11.3452
    endloop
  endfacet
  facet normal 0 0.130662 -0.991427
    outer loop
      vertex -18.4256 -33.8473 12.4696
      vertex -16.3664 -33.6743 12.4924
      vertex -16.2947 -33.8473 12.4696
    endloop
  endfacet
  facet normal 0 0.130662 -0.991427
    outer loop
      vertex -16.3664 -33.6743 12.4924
      vertex -18.4256 -33.8473 12.4696
      vertex -18.4801 -33.6743 12.4924
    endloop
  endfacet
  facet normal -0 -0.843331 -0.537394
    outer loop
      vertex -16.9616 -31.7679 11.5
      vertex -18.9875 -31.8617 11.6472
      vertex -19.0083 -31.7679 11.5
    endloop
  endfacet
  facet normal 0 -0.843331 -0.537394
    outer loop
      vertex -18.9875 -31.8617 11.6472
      vertex -16.9616 -31.7679 11.5
      vertex -16.9409 -31.8617 11.6472
    endloop
  endfacet
  facet normal 0 0.886924 0.461916
    outer loop
      vertex -15.6854 -35.232 9.5
      vertex -17.8505 -35.3126 9.65476
      vertex -15.6434 -35.3126 9.65476
    endloop
  endfacet
  facet normal 0 0.886924 0.461916
    outer loop
      vertex -17.8505 -35.3126 9.65476
      vertex -15.6854 -35.232 9.5
      vertex -17.8838 -35.232 9.5
    endloop
  endfacet
  facet normal 0 0.976373 0.216093
    outer loop
      vertex -15.5813 -35.4319 9.98236
      vertex -17.7854 -35.4696 10.1527
      vertex -15.5617 -35.4696 10.1527
    endloop
  endfacet
  facet normal 0 0.976373 0.216093
    outer loop
      vertex -17.7854 -35.4696 10.1527
      vertex -15.5813 -35.4319 9.98236
      vertex -17.8011 -35.4319 9.98236
    endloop
  endfacet
  facet normal 0 0.793348 -0.608768
    outer loop
      vertex -17.9227 -35.1383 11.6472
      vertex -15.7894 -35.0321 11.7856
      vertex -15.7342 -35.1383 11.6472
    endloop
  endfacet
  facet normal 0 0.793348 -0.608768
    outer loop
      vertex -15.7894 -35.0321 11.7856
      vertex -17.9227 -35.1383 11.6472
      vertex -17.9667 -35.0321 11.7856
    endloop
  endfacet
  facet normal 0 0.382824 -0.923821
    outer loop
      vertex -18.2512 -34.3452 12.3126
      vertex -16.1552 -34.184 12.3794
      vertex -16.0884 -34.3452 12.3126
    endloop
  endfacet
  facet normal 0 0.382824 -0.923821
    outer loop
      vertex -16.1552 -34.184 12.3794
      vertex -18.2512 -34.3452 12.3126
      vertex -18.3179 -34.184 12.3794
    endloop
  endfacet
  facet normal 0 -0.0410612 -0.999157
    outer loop
      vertex -18.5351 -33.5 12.5
      vertex -16.4446 -33.4854 12.4994
      vertex -16.4386 -33.5 12.5
    endloop
  endfacet
  facet normal 1.90499e-05 -0.0437841 -0.999041
    outer loop
      vertex -18.5351 -33.5 12.5
      vertex -16.495 -33.3257 12.4924
      vertex -16.4446 -33.4854 12.4994
    endloop
  endfacet
  facet normal -0 -0.0435616 -0.999051
    outer loop
      vertex -16.495 -33.3257 12.4924
      vertex -18.5351 -33.5 12.5
      vertex -18.59 -33.3257 12.4924
    endloop
  endfacet
  facet normal 0 0.953661 0.300885
    outer loop
      vertex -15.6087 -35.3794 9.81596
      vertex -17.8011 -35.4319 9.98236
      vertex -15.5813 -35.4319 9.98236
    endloop
  endfacet
  facet normal 0 0.953661 0.300885
    outer loop
      vertex -17.8011 -35.4319 9.98236
      vertex -15.6087 -35.3794 9.81596
      vertex -17.8228 -35.3794 9.81596
    endloop
  endfacet
  facet normal -0 -0.991427 -0.130662
    outer loop
      vertex -17.0194 -31.5076 10.6743
      vertex -19.0609 -31.5304 10.8473
      vertex -19.066 -31.5076 10.6743
    endloop
  endfacet
  facet normal 0 -0.991427 -0.130662
    outer loop
      vertex -19.0609 -31.5304 10.8473
      vertex -17.0194 -31.5076 10.6743
      vertex -17.0143 -31.5304 10.8473
    endloop
  endfacet
  facet normal 0 -0.923821 0.382824
    outer loop
      vertex -19.0261 -31.6874 9.65476
      vertex -16.9943 -31.6206 9.81596
      vertex -19.0409 -31.6206 9.81596
    endloop
  endfacet
  facet normal 0 -0.923821 0.382824
    outer loop
      vertex -16.9943 -31.6206 9.81596
      vertex -19.0261 -31.6874 9.65476
      vertex -16.9795 -31.6874 9.65476
    endloop
  endfacet
  facet normal 0 -0.130549 0.991442
    outer loop
      vertex -16.5495 -33.1527 8.53039
      vertex -18.59 -33.3257 8.50761
      vertex -16.495 -33.3257 8.50761
    endloop
  endfacet
  facet normal 0 -0.130549 0.991442
    outer loop
      vertex -18.59 -33.3257 8.50761
      vertex -16.5495 -33.1527 8.53039
      vertex -18.6446 -33.1527 8.53039
    endloop
  endfacet
  facet normal 0 -0.216141 -0.976362
    outer loop
      vertex -18.6446 -33.1527 12.4696
      vertex -16.6032 -32.9824 12.4319
      vertex -16.5495 -33.1527 12.4696
    endloop
  endfacet
  facet normal -0 -0.216141 -0.976362
    outer loop
      vertex -16.6032 -32.9824 12.4319
      vertex -18.6446 -33.1527 12.4696
      vertex -18.6983 -32.9824 12.4319
    endloop
  endfacet
  facet normal 0 0.537394 -0.843331
    outer loop
      vertex -18.1261 -34.6472 12.1383
      vertex -16.0243 -34.5 12.2321
      vertex -15.9634 -34.6472 12.1383
    endloop
  endfacet
  facet normal 0 0.537394 -0.843331
    outer loop
      vertex -16.0243 -34.5 12.2321
      vertex -18.1261 -34.6472 12.1383
      vertex -18.1871 -34.5 12.2321
    endloop
  endfacet
  facet normal -0 -0.953661 -0.300885
    outer loop
      vertex -17.0059 -31.5681 11.0176
      vertex -19.0409 -31.6206 11.184
      vertex -19.0526 -31.5681 11.0176
    endloop
  endfacet
  facet normal 0 -0.953661 -0.300885
    outer loop
      vertex -19.0409 -31.6206 11.184
      vertex -17.0059 -31.5681 11.0176
      vertex -16.9943 -31.6206 11.184
    endloop
  endfacet
  facet normal 0 0.0435616 -0.999051
    outer loop
      vertex -18.4801 -33.6743 12.4924
      vertex -16.4386 -33.5 12.5
      vertex -16.3664 -33.6743 12.4924
    endloop
  endfacet
  facet normal 0 0.0435616 -0.999051
    outer loop
      vertex -16.4386 -33.5 12.5
      vertex -18.4801 -33.6743 12.4924
      vertex -18.5351 -33.5 12.5
    endloop
  endfacet
  facet normal 0 0.737211 0.675662
    outer loop
      vertex -15.8508 -34.9142 9.08579
      vertex -17.9667 -35.0321 9.21443
      vertex -15.7894 -35.0321 9.21443
    endloop
  endfacet
  facet normal 0 0.737211 0.675662
    outer loop
      vertex -17.9667 -35.0321 9.21443
      vertex -15.8508 -34.9142 9.08579
      vertex -18.0155 -34.9142 9.08579
    endloop
  endfacet
  facet normal 0 -0.537191 0.843461
    outer loop
      vertex -16.8017 -32.3528 8.8617
      vertex -18.846 -32.5 8.76795
      vertex -16.7553 -32.5 8.76795
    endloop
  endfacet
  facet normal 0 -0.537191 0.843461
    outer loop
      vertex -18.846 -32.5 8.76795
      vertex -16.8017 -32.3528 8.8617
      vertex -18.8786 -32.3528 8.8617
    endloop
  endfacet
  facet normal 0 -0.953661 0.300885
    outer loop
      vertex -19.0409 -31.6206 9.81596
      vertex -17.0059 -31.5681 9.98236
      vertex -19.0526 -31.5681 9.98236
    endloop
  endfacet
  facet normal 0 -0.953661 0.300885
    outer loop
      vertex -17.0059 -31.5681 9.98236
      vertex -19.0409 -31.6206 9.81596
      vertex -16.9943 -31.6206 9.81596
    endloop
  endfacet
  facet normal -0 -0.923821 -0.382824
    outer loop
      vertex -16.9943 -31.6206 11.184
      vertex -19.0261 -31.6874 11.3452
      vertex -19.0409 -31.6206 11.184
    endloop
  endfacet
  facet normal 0 -0.923821 -0.382824
    outer loop
      vertex -19.0261 -31.6874 11.3452
      vertex -16.9943 -31.6206 11.184
      vertex -16.9795 -31.6874 11.3452
    endloop
  endfacet
  facet normal 0 0.300885 -0.953661
    outer loop
      vertex -18.3179 -34.184 12.3794
      vertex -16.2241 -34.0176 12.4319
      vertex -16.1552 -34.184 12.3794
    endloop
  endfacet
  facet normal 3.20094e-05 0.300518 -0.953776
    outer loop
      vertex -18.324 -34.1694 12.384
      vertex -16.2241 -34.0176 12.4319
      vertex -18.3179 -34.184 12.3794
    endloop
  endfacet
  facet normal 0 0.300921 -0.953649
    outer loop
      vertex -16.2241 -34.0176 12.4319
      vertex -18.324 -34.1694 12.384
      vertex -18.3719 -34.0176 12.4319
    endloop
  endfacet
  facet normal 0 -0.976373 0.216093
    outer loop
      vertex -19.0526 -31.5681 9.98236
      vertex -17.0143 -31.5304 10.1527
      vertex -19.0609 -31.5304 10.1527
    endloop
  endfacet
  facet normal 0 -0.976373 0.216093
    outer loop
      vertex -17.0143 -31.5304 10.1527
      vertex -19.0526 -31.5681 9.98236
      vertex -17.0059 -31.5681 9.98236
    endloop
  endfacet
  facet normal 0 -0.79339 0.608713
    outer loop
      vertex -18.9639 -31.9679 9.21443
      vertex -16.9409 -31.8617 9.35285
      vertex -18.9875 -31.8617 9.35285
    endloop
  endfacet
  facet normal 0 -0.79339 0.608713
    outer loop
      vertex -16.9409 -31.8617 9.35285
      vertex -18.9639 -31.9679 9.21443
      vertex -16.9173 -31.9679 9.21443
    endloop
  endfacet
  facet normal 0 -0.461371 -0.887207
    outer loop
      vertex -18.8016 -32.6548 12.3126
      vertex -16.7553 -32.5 12.2321
      vertex -16.7065 -32.6548 12.3126
    endloop
  endfacet
  facet normal 0.0118874 -0.458652 -0.888536
    outer loop
      vertex -18.846 -32.5 12.2321
      vertex -18.8016 -32.6548 12.3126
      vertex -18.8356 -32.547 12.2565
    endloop
  endfacet
  facet normal 0 -0.461371 -0.887207
    outer loop
      vertex -18.8016 -32.6548 12.3126
      vertex -18.846 -32.5 12.2321
      vertex -16.7553 -32.5 12.2321
    endloop
  endfacet
  facet normal 0 -0.999051 0.0435616
    outer loop
      vertex -19.066 -31.5076 10.3257
      vertex -17.0211 -31.5 10.5
      vertex -19.0677 -31.5 10.5
    endloop
  endfacet
  facet normal 0 -0.999051 0.0435616
    outer loop
      vertex -17.0211 -31.5 10.5
      vertex -19.066 -31.5076 10.3257
      vertex -17.0194 -31.5076 10.3257
    endloop
  endfacet
  facet normal 0 0.130549 0.991442
    outer loop
      vertex -16.3664 -33.6743 8.50761
      vertex -18.4256 -33.8473 8.53039
      vertex -16.2947 -33.8473 8.53039
    endloop
  endfacet
  facet normal 0 0.130549 0.991442
    outer loop
      vertex -18.4256 -33.8473 8.53039
      vertex -16.3664 -33.6743 8.50761
      vertex -18.4801 -33.6743 8.50761
    endloop
  endfacet
  facet normal 0 0.300728 0.95371
    outer loop
      vertex -16.2241 -34.0176 8.56815
      vertex -18.3179 -34.184 8.62062
      vertex -16.1552 -34.184 8.62062
    endloop
  endfacet
  facet normal -8.16837e-05 0.301663 0.953415
    outer loop
      vertex -16.2241 -34.0176 8.56815
      vertex -18.324 -34.1694 8.616
      vertex -18.3179 -34.184 8.62062
    endloop
  endfacet
  facet normal 0 0.300635 0.953739
    outer loop
      vertex -18.324 -34.1694 8.616
      vertex -16.2241 -34.0176 8.56815
      vertex -18.3719 -34.0176 8.56815
    endloop
  endfacet
  facet normal 0 0.676449 -0.736489
    outer loop
      vertex -18.0155 -34.9142 11.9142
      vertex -15.8604 -34.8958 11.9311
      vertex -15.8508 -34.9142 11.9142
    endloop
  endfacet
  facet normal 1.23109e-05 0.675667 -0.737207
    outer loop
      vertex -18.0155 -34.9142 11.9142
      vertex -15.9061 -34.7856 12.0321
      vertex -15.8604 -34.8958 11.9311
    endloop
  endfacet
  facet normal 0 0.675777 -0.737107
    outer loop
      vertex -15.9061 -34.7856 12.0321
      vertex -18.0155 -34.9142 11.9142
      vertex -18.0688 -34.7856 12.0321
    endloop
  endfacet
  facet normal 0 0.953661 -0.300885
    outer loop
      vertex -17.8011 -35.4319 11.0176
      vertex -15.6087 -35.3794 11.184
      vertex -15.5813 -35.4319 11.0176
    endloop
  endfacet
  facet normal 0 0.953661 -0.300885
    outer loop
      vertex -15.6087 -35.3794 11.184
      vertex -17.8011 -35.4319 11.0176
      vertex -17.8228 -35.3794 11.184
    endloop
  endfacet
  facet normal 0 0.991427 0.130662
    outer loop
      vertex -15.5617 -35.4696 10.1527
      vertex -17.776 -35.4924 10.3257
      vertex -15.5498 -35.4924 10.3257
    endloop
  endfacet
  facet normal 0 0.991427 0.130662
    outer loop
      vertex -17.776 -35.4924 10.3257
      vertex -15.5617 -35.4696 10.1527
      vertex -17.7854 -35.4696 10.1527
    endloop
  endfacet
  facet normal 0 0.216469 0.976289
    outer loop
      vertex -16.2947 -33.8473 8.53039
      vertex -18.3719 -34.0176 8.56815
      vertex -16.2241 -34.0176 8.56815
    endloop
  endfacet
  facet normal 0 0.216469 0.976289
    outer loop
      vertex -18.3719 -34.0176 8.56815
      vertex -16.2947 -33.8473 8.53039
      vertex -18.4256 -33.8473 8.53039
    endloop
  endfacet
  facet normal 0 0.79339 0.608713
    outer loop
      vertex -15.7894 -35.0321 9.21443
      vertex -17.9227 -35.1383 9.35285
      vertex -15.7342 -35.1383 9.35285
    endloop
  endfacet
  facet normal 0 0.79339 0.608713
    outer loop
      vertex -17.9227 -35.1383 9.35285
      vertex -15.7894 -35.0321 9.21443
      vertex -17.9667 -35.0321 9.21443
    endloop
  endfacet
  facet normal 0 0.843591 -0.536987
    outer loop
      vertex -17.8838 -35.232 11.5
      vertex -15.7342 -35.1383 11.6472
      vertex -15.6854 -35.232 11.5
    endloop
  endfacet
  facet normal 0 0.843591 -0.536987
    outer loop
      vertex -15.7342 -35.1383 11.6472
      vertex -17.8838 -35.232 11.5
      vertex -17.9227 -35.1383 11.6472
    endloop
  endfacet
  facet normal 0 0.737107 -0.675777
    outer loop
      vertex -17.9667 -35.0321 11.7856
      vertex -15.8508 -34.9142 11.9142
      vertex -15.7894 -35.0321 11.7856
    endloop
  endfacet
  facet normal 0 0.737107 -0.675777
    outer loop
      vertex -15.8508 -34.9142 11.9142
      vertex -17.9667 -35.0321 11.7856
      vertex -18.0155 -34.9142 11.9142
    endloop
  endfacet
  facet normal 0 -0.300728 0.95371
    outer loop
      vertex -16.6557 -32.816 8.62062
      vertex -18.6983 -32.9824 8.56815
      vertex -16.6032 -32.9824 8.56815
    endloop
  endfacet
  facet normal 0 -0.300728 0.95371
    outer loop
      vertex -18.6983 -32.9824 8.56815
      vertex -16.6557 -32.816 8.62062
      vertex -18.7507 -32.816 8.62062
    endloop
  endfacet
  facet normal 0 0.461371 -0.887207
    outer loop
      vertex -18.1871 -34.5 12.2321
      vertex -16.0884 -34.3452 12.3126
      vertex -16.0243 -34.5 12.2321
    endloop
  endfacet
  facet normal 0 0.461371 -0.887207
    outer loop
      vertex -16.0884 -34.3452 12.3126
      vertex -18.1871 -34.5 12.2321
      vertex -18.2512 -34.3452 12.3126
    endloop
  endfacet
  facet normal 0 0.999051 0.0435616
    outer loop
      vertex -15.5498 -35.4924 10.3257
      vertex -17.7729 -35.5 10.5
      vertex -15.5459 -35.5 10.5
    endloop
  endfacet
  facet normal 0 0.999051 0.0435616
    outer loop
      vertex -17.7729 -35.5 10.5
      vertex -15.5498 -35.4924 10.3257
      vertex -17.776 -35.4924 10.3257
    endloop
  endfacet
  facet normal 0 -0.461686 0.887043
    outer loop
      vertex -16.7553 -32.5 8.76795
      vertex -18.8016 -32.6548 8.68738
      vertex -16.7065 -32.6548 8.68738
    endloop
  endfacet
  facet normal 0 -0.461686 0.887043
    outer loop
      vertex -18.846 -32.5 8.76795
      vertex -18.8016 -32.6548 8.68738
      vertex -16.7553 -32.5 8.76795
    endloop
  endfacet
  facet normal 0.00359167 -0.460873 0.887459
    outer loop
      vertex -18.8016 -32.6548 8.68738
      vertex -18.846 -32.5 8.76795
      vertex -18.8356 -32.547 8.7435
    endloop
  endfacet
  facet normal 0 -0.887159 0.461465
    outer loop
      vertex -19.0083 -31.7679 9.5
      vertex -16.9795 -31.6874 9.65476
      vertex -19.0261 -31.6874 9.65476
    endloop
  endfacet
  facet normal 0 -0.887159 0.461465
    outer loop
      vertex -16.9795 -31.6874 9.65476
      vertex -19.0083 -31.7679 9.5
      vertex -16.9616 -31.7679 9.5
    endloop
  endfacet
  facet normal 0 0.0436188 0.999048
    outer loop
      vertex -16.4386 -33.5 8.5
      vertex -18.4801 -33.6743 8.50761
      vertex -16.3664 -33.6743 8.50761
    endloop
  endfacet
  facet normal 0 0.0436188 0.999048
    outer loop
      vertex -18.4801 -33.6743 8.50761
      vertex -16.4386 -33.5 8.5
      vertex -18.5351 -33.5 8.5
    endloop
  endfacet
  facet normal 0 0.843508 0.537117
    outer loop
      vertex -15.7342 -35.1383 9.35285
      vertex -17.8838 -35.232 9.5
      vertex -15.6854 -35.232 9.5
    endloop
  endfacet
  facet normal 0 0.843508 0.537117
    outer loop
      vertex -17.8838 -35.232 9.5
      vertex -15.7342 -35.1383 9.35285
      vertex -17.9227 -35.1383 9.35285
    endloop
  endfacet
  facet normal 0 -0.736955 -0.675941
    outer loop
      vertex -18.9378 -32.0858 11.9142
      vertex -16.9037 -32.0293 11.8526
      vertex -16.8859 -32.0858 11.9142
    endloop
  endfacet
  facet normal -0 -0.737107 -0.675777
    outer loop
      vertex -16.9173 -31.9679 11.7856
      vertex -18.9378 -32.0858 11.9142
      vertex -18.9639 -31.9679 11.7856
    endloop
  endfacet
  facet normal 1.75275e-05 -0.737244 -0.675627
    outer loop
      vertex -18.9378 -32.0858 11.9142
      vertex -16.9173 -31.9679 11.7856
      vertex -16.9037 -32.0293 11.8526
    endloop
  endfacet
  facet normal -0 -0.887207 -0.461371
    outer loop
      vertex -16.9795 -31.6874 11.3452
      vertex -19.0083 -31.7679 11.5
      vertex -19.0261 -31.6874 11.3452
    endloop
  endfacet
  facet normal 0 -0.887207 -0.461371
    outer loop
      vertex -19.0083 -31.7679 11.5
      vertex -16.9795 -31.6874 11.3452
      vertex -16.9616 -31.7679 11.5
    endloop
  endfacet
  facet normal 0 -0.675777 -0.737107
    outer loop
      vertex -18.9093 -32.2144 12.0321
      vertex -16.8859 -32.0858 11.9142
      vertex -16.8453 -32.2144 12.0321
    endloop
  endfacet
  facet normal -0 -0.675777 -0.737107
    outer loop
      vertex -16.8859 -32.0858 11.9142
      vertex -18.9093 -32.2144 12.0321
      vertex -18.9378 -32.0858 11.9142
    endloop
  endfacet
  facet normal 0 0.382629 0.923902
    outer loop
      vertex -16.1552 -34.184 8.62062
      vertex -18.2512 -34.3452 8.68738
      vertex -16.0884 -34.3452 8.68738
    endloop
  endfacet
  facet normal 0 0.382629 0.923902
    outer loop
      vertex -18.2512 -34.3452 8.68738
      vertex -16.1552 -34.184 8.62062
      vertex -18.3179 -34.184 8.62062
    endloop
  endfacet
  facet normal 0 0.923821 0.382824
    outer loop
      vertex -15.6434 -35.3126 9.65476
      vertex -17.8228 -35.3794 9.81596
      vertex -15.6087 -35.3794 9.81596
    endloop
  endfacet
  facet normal 0 0.923821 0.382824
    outer loop
      vertex -17.8228 -35.3794 9.81596
      vertex -15.6434 -35.3126 9.65476
      vertex -17.8505 -35.3126 9.65476
    endloop
  endfacet
  facet normal 0 0.991427 -0.130662
    outer loop
      vertex -17.776 -35.4924 10.6743
      vertex -15.5617 -35.4696 10.8473
      vertex -15.5498 -35.4924 10.6743
    endloop
  endfacet
  facet normal 0 0.991427 -0.130662
    outer loop
      vertex -15.5617 -35.4696 10.8473
      vertex -17.776 -35.4924 10.6743
      vertex -17.7854 -35.4696 10.8473
    endloop
  endfacet
  facet normal 0 -0.675714 0.737164
    outer loop
      vertex -16.8859 -32.0858 9.08579
      vertex -18.9093 -32.2144 8.96791
      vertex -16.8453 -32.2144 8.96791
    endloop
  endfacet
  facet normal 0 -0.675714 0.737164
    outer loop
      vertex -18.9093 -32.2144 8.96791
      vertex -16.8859 -32.0858 9.08579
      vertex -18.9378 -32.0858 9.08579
    endloop
  endfacet
  facet normal 0 0.886973 -0.461822
    outer loop
      vertex -17.8505 -35.3126 11.3452
      vertex -15.6854 -35.232 11.5
      vertex -15.6434 -35.3126 11.3452
    endloop
  endfacet
  facet normal 0 0.886973 -0.461822
    outer loop
      vertex -15.6854 -35.232 11.5
      vertex -17.8505 -35.3126 11.3452
      vertex -17.8838 -35.232 11.5
    endloop
  endfacet
  facet normal 0 -0.608805 0.79332
    outer loop
      vertex -16.8453 -32.2144 8.96791
      vertex -18.8786 -32.3528 8.8617
      vertex -16.8017 -32.3528 8.8617
    endloop
  endfacet
  facet normal 0 -0.608805 0.79332
    outer loop
      vertex -18.8786 -32.3528 8.8617
      vertex -16.8453 -32.2144 8.96791
      vertex -18.9093 -32.2144 8.96791
    endloop
  endfacet
  facet normal 0 0.608805 0.79332
    outer loop
      vertex -15.9634 -34.6472 8.8617
      vertex -18.0688 -34.7856 8.96791
      vertex -15.9061 -34.7856 8.96791
    endloop
  endfacet
  facet normal 0 0.608805 0.79332
    outer loop
      vertex -18.0688 -34.7856 8.96791
      vertex -15.9634 -34.6472 8.8617
      vertex -18.1261 -34.6472 8.8617
    endloop
  endfacet
endsolid OpenSCAD_Model
