solid OpenSCAD_Model
  facet normal 0.953743 -0.300623 0
    outer loop
      vertex -2.51141 16.1729 7.4
      vertex -2.4432 16.3893 -5.72205e-07
      vertex -2.4432 16.3893 7.4
    endloop
  endfacet
  facet normal 0.953743 -0.300623 0
    outer loop
      vertex -2.4432 16.3893 -5.72205e-07
      vertex -2.51141 16.1729 7.4
      vertex -2.51141 16.1729 -5.72205e-07
    endloop
  endfacet
  facet normal -0.991444 -0.130532 0
    outer loop
      vertex 2.59011 15.7266 -5.72205e-07
      vertex 2.5605 15.9515 7.4
      vertex 2.5605 15.9515 -5.72205e-07
    endloop
  endfacet
  facet normal -0.991444 -0.130532 0
    outer loop
      vertex 2.5605 15.9515 7.4
      vertex 2.59011 15.7266 -5.72205e-07
      vertex 2.59011 15.7266 7.4
    endloop
  endfacet
  facet normal -0.999049 -0.0436037 0
    outer loop
      vertex 2.6 15.5 -5.72205e-07
      vertex 2.59011 15.7266 7.4
      vertex 2.59011 15.7266 -5.72205e-07
    endloop
  endfacet
  facet normal -0.999049 -0.0436037 0
    outer loop
      vertex 2.59011 15.7266 7.4
      vertex 2.6 15.5 -5.72205e-07
      vertex 2.6 15.5 7.4
    endloop
  endfacet
  facet normal 0.216469 -0.976289 0
    outer loop
      vertex -0.672929 18.0114 -5.72205e-07
      vertex -0.451485 18.0605 6.6
      vertex -0.672929 18.0114 6.6
    endloop
  endfacet
  facet normal 0.216469 -0.976289 0
    outer loop
      vertex -0.451485 18.0605 6.6
      vertex -0.672929 18.0114 -5.72205e-07
      vertex -0.451485 18.0605 -5.72205e-07
    endloop
  endfacet
  facet normal 0.923845 0.382767 0
    outer loop
      vertex -2.3564 14.4012 7.4
      vertex -2.4432 14.6107 -5.72205e-07
      vertex -2.4432 14.6107 7.4
    endloop
  endfacet
  facet normal 0.923845 0.382767 0
    outer loop
      vertex -2.4432 14.6107 -5.72205e-07
      vertex -2.3564 14.4012 7.4
      vertex -2.3564 14.4012 -5.72205e-07
    endloop
  endfacet
  facet normal -0.1305 -0.991448 0
    outer loop
      vertex 0.226604 18.0901 -5.72205e-07
      vertex 0.451485 18.0605 6.6
      vertex 0.226604 18.0901 6.6
    endloop
  endfacet
  facet normal -0.1305 -0.991448 -0
    outer loop
      vertex 0.451485 18.0605 6.6
      vertex 0.226604 18.0901 -5.72205e-07
      vertex 0.451485 18.0605 -5.72205e-07
    endloop
  endfacet
  facet normal -0.97629 -0.216468 0
    outer loop
      vertex 2.5605 15.9515 -5.72205e-07
      vertex 2.51141 16.1729 7.4
      vertex 2.51141 16.1729 -5.72205e-07
    endloop
  endfacet
  facet normal -0.97629 -0.216468 0
    outer loop
      vertex 2.51141 16.1729 7.4
      vertex 2.5605 15.9515 -5.72205e-07
      vertex 2.5605 15.9515 7.4
    endloop
  endfacet
  facet normal 0.608816 -0.793312 0
    outer loop
      vertex -1.67125 17.4917 -5.72205e-07
      vertex -1.4913 17.6298 6.6
      vertex -1.67125 17.4917 6.6
    endloop
  endfacet
  facet normal 0.608816 -0.793312 0
    outer loop
      vertex -1.4913 17.6298 6.6
      vertex -1.67125 17.4917 -5.72205e-07
      vertex -1.4913 17.6298 -5.72205e-07
    endloop
  endfacet
  facet normal 0.382677 0.923882 -0
    outer loop
      vertex -0.889252 13.0568 -5.72205e-07
      vertex -1.09881 13.1436 7.4
      vertex -0.889252 13.0568 7.4
    endloop
  endfacet
  facet normal 0.382677 0.923882 0
    outer loop
      vertex -1.09881 13.1436 7.4
      vertex -0.889252 13.0568 -5.72205e-07
      vertex -1.09881 13.1436 -5.72205e-07
    endloop
  endfacet
  facet normal 0.0436469 -0.999047 0
    outer loop
      vertex -0.226604 18.0901 -5.72205e-07
      vertex 0 18.1 6.6
      vertex -0.226604 18.0901 6.6
    endloop
  endfacet
  facet normal 0.0436469 -0.999047 0
    outer loop
      vertex 0 18.1 6.6
      vertex -0.226604 18.0901 -5.72205e-07
      vertex 0 18.1 -5.72205e-07
    endloop
  endfacet
  facet normal -0.1305 0.991448 0
    outer loop
      vertex 0.451485 12.9395 -5.72205e-07
      vertex 0.226604 12.9099 7.4
      vertex 0.451485 12.9395 7.4
    endloop
  endfacet
  facet normal -0.1305 0.991448 0
    outer loop
      vertex 0.226604 12.9099 7.4
      vertex 0.451485 12.9395 -5.72205e-07
      vertex 0.226604 12.9099 -5.72205e-07
    endloop
  endfacet
  facet normal 0.953743 0.300623 0
    outer loop
      vertex -2.4432 14.6107 7.4
      vertex -2.51141 14.8271 -5.72205e-07
      vertex -2.51141 14.8271 7.4
    endloop
  endfacet
  facet normal 0.953743 0.300623 0
    outer loop
      vertex -2.51141 14.8271 -5.72205e-07
      vertex -2.4432 14.6107 7.4
      vertex -2.4432 14.6107 -5.72205e-07
    endloop
  endfacet
  facet normal -0.461635 0.88707 0
    outer loop
      vertex 1.3 13.2483 -5.72205e-07
      vertex 1.09881 13.1436 7.4
      vertex 1.3 13.2483 7.4
    endloop
  endfacet
  facet normal -0.461635 0.88707 0
    outer loop
      vertex 1.09881 13.1436 7.4
      vertex 1.3 13.2483 -5.72205e-07
      vertex 1.09881 13.1436 -5.72205e-07
    endloop
  endfacet
  facet normal -0.923845 -0.382767 0
    outer loop
      vertex 2.4432 16.3893 -5.72205e-07
      vertex 2.3564 16.5988 7.4
      vertex 2.3564 16.5988 -5.72205e-07
    endloop
  endfacet
  facet normal -0.923845 -0.382767 0
    outer loop
      vertex 2.3564 16.5988 7.4
      vertex 2.4432 16.3893 -5.72205e-07
      vertex 2.4432 16.3893 7.4
    endloop
  endfacet
  facet normal -0.737414 -0.675441 0
    outer loop
      vertex 1.99172 17.1712 -5.72205e-07
      vertex 1.83848 17.3385 6.6
      vertex 1.83848 17.3385 -5.72205e-07
    endloop
  endfacet
  facet normal -0.737414 -0.675441 0
    outer loop
      vertex 1.83848 17.3385 6.6
      vertex 1.99172 17.1712 -5.72205e-07
      vertex 1.99172 17.1712 6.6
    endloop
  endfacet
  facet normal -0.608816 0.793312 0
    outer loop
      vertex 1.67125 13.5083 -5.72205e-07
      vertex 1.4913 13.3702 7.4
      vertex 1.67125 13.5083 7.4
    endloop
  endfacet
  facet normal -0.608816 0.793312 0
    outer loop
      vertex 1.4913 13.3702 7.4
      vertex 1.67125 13.5083 -5.72205e-07
      vertex 1.4913 13.3702 -5.72205e-07
    endloop
  endfacet
  facet normal 0.537389 -0.843335 0
    outer loop
      vertex -1.4913 17.6298 -5.72205e-07
      vertex -1.3 17.7517 6.6
      vertex -1.4913 17.6298 6.6
    endloop
  endfacet
  facet normal 0.537389 -0.843335 0
    outer loop
      vertex -1.3 17.7517 6.6
      vertex -1.4913 17.6298 -5.72205e-07
      vertex -1.3 17.7517 -5.72205e-07
    endloop
  endfacet
  facet normal -0.793273 0.608867 0
    outer loop
      vertex 1.99172 13.8288 -5.72205e-07
      vertex 2.1298 14.0087 7.4
      vertex 2.1298 14.0087 -5.72205e-07
    endloop
  endfacet
  facet normal -0.793273 0.608867 0
    outer loop
      vertex 2.1298 14.0087 7.4
      vertex 1.99172 13.8288 -5.72205e-07
      vertex 1.99172 13.8288 7.4
    endloop
  endfacet
  facet normal 0.923845 -0.382767 0
    outer loop
      vertex -2.4432 16.3893 7.4
      vertex -2.3564 16.5988 -5.72205e-07
      vertex -2.3564 16.5988 7.4
    endloop
  endfacet
  facet normal 0.923845 -0.382767 0
    outer loop
      vertex -2.3564 16.5988 -5.72205e-07
      vertex -2.4432 16.3893 7.4
      vertex -2.4432 16.3893 -5.72205e-07
    endloop
  endfacet
  facet normal -0.30068 0.953725 0
    outer loop
      vertex 0.889252 13.0568 -5.72205e-07
      vertex 0.672929 12.9886 7.4
      vertex 0.889252 13.0568 7.4
    endloop
  endfacet
  facet normal -0.30068 0.953725 0
    outer loop
      vertex 0.672929 12.9886 7.4
      vertex 0.889252 13.0568 -5.72205e-07
      vertex 0.672929 12.9886 -5.72205e-07
    endloop
  endfacet
  facet normal -0.843395 -0.537295 0
    outer loop
      vertex 2.25167 16.8 -5.72205e-07
      vertex 2.1298 16.9913 7.4
      vertex 2.1298 16.9913 -5.72205e-07
    endloop
  endfacet
  facet normal -0.843395 -0.537295 0
    outer loop
      vertex 2.1298 16.9913 7.4
      vertex 2.25167 16.8 -5.72205e-07
      vertex 2.25167 16.8 7.4
    endloop
  endfacet
  facet normal 0.999049 0.0436037 0
    outer loop
      vertex -2.59011 15.2734 7.4
      vertex -2.6 15.5 -5.72205e-07
      vertex -2.6 15.5 7.4
    endloop
  endfacet
  facet normal 0.999049 0.0436037 0
    outer loop
      vertex -2.6 15.5 -5.72205e-07
      vertex -2.59011 15.2734 7.4
      vertex -2.59011 15.2734 -5.72205e-07
    endloop
  endfacet
  facet normal 0.675499 -0.737361 0
    outer loop
      vertex -1.83848 17.3385 -5.72205e-07
      vertex -1.67125 17.4917 6.6
      vertex -1.83848 17.3385 6.6
    endloop
  endfacet
  facet normal 0.675499 -0.737361 0
    outer loop
      vertex -1.67125 17.4917 6.6
      vertex -1.83848 17.3385 -5.72205e-07
      vertex -1.67125 17.4917 -5.72205e-07
    endloop
  endfacet
  facet normal -0.461635 -0.88707 0
    outer loop
      vertex 1.09881 17.8564 -5.72205e-07
      vertex 1.3 17.7517 6.6
      vertex 1.09881 17.8564 6.6
    endloop
  endfacet
  facet normal -0.461635 -0.88707 -0
    outer loop
      vertex 1.3 17.7517 6.6
      vertex 1.09881 17.8564 -5.72205e-07
      vertex 1.3 17.7517 -5.72205e-07
    endloop
  endfacet
  facet normal 0.382677 -0.923882 0
    outer loop
      vertex -1.09881 17.8564 -5.72205e-07
      vertex -0.889252 17.9432 6.6
      vertex -1.09881 17.8564 6.6
    endloop
  endfacet
  facet normal 0.382677 -0.923882 0
    outer loop
      vertex -0.889252 17.9432 6.6
      vertex -1.09881 17.8564 -5.72205e-07
      vertex -0.889252 17.9432 -5.72205e-07
    endloop
  endfacet
  facet normal 0.537389 0.843335 -0
    outer loop
      vertex -1.3 13.2483 -5.72205e-07
      vertex -1.4913 13.3702 7.4
      vertex -1.3 13.2483 7.4
    endloop
  endfacet
  facet normal 0.537389 0.843335 0
    outer loop
      vertex -1.4913 13.3702 7.4
      vertex -1.3 13.2483 -5.72205e-07
      vertex -1.4913 13.3702 -5.72205e-07
    endloop
  endfacet
  facet normal -0.953743 0.300623 0
    outer loop
      vertex 2.4432 14.6107 -5.72205e-07
      vertex 2.51141 14.8271 7.4
      vertex 2.51141 14.8271 -5.72205e-07
    endloop
  endfacet
  facet normal -0.953743 0.300623 0
    outer loop
      vertex 2.51141 14.8271 7.4
      vertex 2.4432 14.6107 -5.72205e-07
      vertex 2.4432 14.6107 7.4
    endloop
  endfacet
  facet normal 0.675499 0.737361 -0
    outer loop
      vertex -1.67125 13.5083 -5.72205e-07
      vertex -1.83848 13.6615 7.4
      vertex -1.67125 13.5083 7.4
    endloop
  endfacet
  facet normal 0.675499 0.737361 0
    outer loop
      vertex -1.83848 13.6615 7.4
      vertex -1.67125 13.5083 -5.72205e-07
      vertex -1.83848 13.6615 -5.72205e-07
    endloop
  endfacet
  facet normal -0.216469 0.976289 0
    outer loop
      vertex 0.672929 12.9886 -5.72205e-07
      vertex 0.451485 12.9395 7.4
      vertex 0.672929 12.9886 7.4
    endloop
  endfacet
  facet normal -0.216469 0.976289 0
    outer loop
      vertex 0.451485 12.9395 7.4
      vertex 0.672929 12.9886 -5.72205e-07
      vertex 0.451485 12.9395 -5.72205e-07
    endloop
  endfacet
  facet normal -0.887025 -0.461721 0
    outer loop
      vertex 2.3564 16.5988 -5.72205e-07
      vertex 2.25167 16.8 7.4
      vertex 2.25167 16.8 -5.72205e-07
    endloop
  endfacet
  facet normal -0.887025 -0.461721 0
    outer loop
      vertex 2.25167 16.8 7.4
      vertex 2.3564 16.5988 -5.72205e-07
      vertex 2.3564 16.5988 7.4
    endloop
  endfacet
  facet normal -0.953743 -0.300623 0
    outer loop
      vertex 2.51141 16.1729 -5.72205e-07
      vertex 2.4432 16.3893 7.4
      vertex 2.4432 16.3893 -5.72205e-07
    endloop
  endfacet
  facet normal -0.953743 -0.300623 0
    outer loop
      vertex 2.4432 16.3893 7.4
      vertex 2.51141 16.1729 -5.72205e-07
      vertex 2.51141 16.1729 7.4
    endloop
  endfacet
  facet normal -0.537389 -0.843335 0
    outer loop
      vertex 1.3 17.7517 -5.72205e-07
      vertex 1.4913 17.6298 6.6
      vertex 1.3 17.7517 6.6
    endloop
  endfacet
  facet normal -0.537389 -0.843335 -0
    outer loop
      vertex 1.4913 17.6298 6.6
      vertex 1.3 17.7517 -5.72205e-07
      vertex 1.4913 17.6298 -5.72205e-07
    endloop
  endfacet
  facet normal 0.30068 0.953725 -0
    outer loop
      vertex -0.672929 12.9886 -5.72205e-07
      vertex -0.889252 13.0568 7.4
      vertex -0.672929 12.9886 7.4
    endloop
  endfacet
  facet normal 0.30068 0.953725 0
    outer loop
      vertex -0.889252 13.0568 7.4
      vertex -0.672929 12.9886 -5.72205e-07
      vertex -0.889252 13.0568 -5.72205e-07
    endloop
  endfacet
  facet normal -0.97629 0.216468 0
    outer loop
      vertex 2.51141 14.8271 -5.72205e-07
      vertex 2.5605 15.0485 7.4
      vertex 2.5605 15.0485 -5.72205e-07
    endloop
  endfacet
  facet normal -0.97629 0.216468 0
    outer loop
      vertex 2.5605 15.0485 7.4
      vertex 2.51141 14.8271 -5.72205e-07
      vertex 2.51141 14.8271 7.4
    endloop
  endfacet
  facet normal -0.0436469 -0.999047 0
    outer loop
      vertex 0 18.1 -5.72205e-07
      vertex 0.226604 18.0901 6.6
      vertex 0 18.1 6.6
    endloop
  endfacet
  facet normal -0.0436469 -0.999047 -0
    outer loop
      vertex 0.226604 18.0901 6.6
      vertex 0 18.1 -5.72205e-07
      vertex 0.226604 18.0901 -5.72205e-07
    endloop
  endfacet
  facet normal 0.461635 -0.88707 0
    outer loop
      vertex -1.3 17.7517 -5.72205e-07
      vertex -1.09881 17.8564 6.6
      vertex -1.3 17.7517 6.6
    endloop
  endfacet
  facet normal 0.461635 -0.88707 0
    outer loop
      vertex -1.09881 17.8564 6.6
      vertex -1.3 17.7517 -5.72205e-07
      vertex -1.09881 17.8564 -5.72205e-07
    endloop
  endfacet
  facet normal -0.30068 -0.953725 0
    outer loop
      vertex 0.672929 18.0114 -5.72205e-07
      vertex 0.889252 17.9432 6.6
      vertex 0.672929 18.0114 6.6
    endloop
  endfacet
  facet normal -0.30068 -0.953725 -0
    outer loop
      vertex 0.889252 17.9432 6.6
      vertex 0.672929 18.0114 -5.72205e-07
      vertex 0.889252 17.9432 -5.72205e-07
    endloop
  endfacet
  facet normal -0.991444 0.130532 0
    outer loop
      vertex 2.5605 15.0485 -5.72205e-07
      vertex 2.59011 15.2734 7.4
      vertex 2.59011 15.2734 -5.72205e-07
    endloop
  endfacet
  facet normal -0.991444 0.130532 0
    outer loop
      vertex 2.59011 15.2734 7.4
      vertex 2.5605 15.0485 -5.72205e-07
      vertex 2.5605 15.0485 7.4
    endloop
  endfacet
  facet normal -0.608816 -0.793312 0
    outer loop
      vertex 1.4913 17.6298 -5.72205e-07
      vertex 1.67125 17.4917 6.6
      vertex 1.4913 17.6298 6.6
    endloop
  endfacet
  facet normal -0.608816 -0.793312 -0
    outer loop
      vertex 1.67125 17.4917 6.6
      vertex 1.4913 17.6298 -5.72205e-07
      vertex 1.67125 17.4917 -5.72205e-07
    endloop
  endfacet
  facet normal 0.737414 -0.675441 0
    outer loop
      vertex -1.99172 17.1712 6.6
      vertex -1.83848 17.3385 -5.72205e-07
      vertex -1.83848 17.3385 6.6
    endloop
  endfacet
  facet normal 0.737414 -0.675441 0
    outer loop
      vertex -1.83848 17.3385 -5.72205e-07
      vertex -1.99172 17.1712 6.6
      vertex -1.99172 17.1712 -5.72205e-07
    endloop
  endfacet
  facet normal 0.608816 0.793312 -0
    outer loop
      vertex -1.4913 13.3702 -5.72205e-07
      vertex -1.67125 13.5083 7.4
      vertex -1.4913 13.3702 7.4
    endloop
  endfacet
  facet normal 0.608816 0.793312 0
    outer loop
      vertex -1.67125 13.5083 7.4
      vertex -1.4913 13.3702 -5.72205e-07
      vertex -1.67125 13.5083 -5.72205e-07
    endloop
  endfacet
  facet normal -0.843395 0.537295 0
    outer loop
      vertex 2.1298 14.0087 -5.72205e-07
      vertex 2.25167 14.2 7.4
      vertex 2.25167 14.2 -5.72205e-07
    endloop
  endfacet
  facet normal -0.843395 0.537295 0
    outer loop
      vertex 2.25167 14.2 7.4
      vertex 2.1298 14.0087 -5.72205e-07
      vertex 2.1298 14.0087 7.4
    endloop
  endfacet
  facet normal -0.382677 -0.923882 0
    outer loop
      vertex 0.889252 17.9432 -5.72205e-07
      vertex 1.09881 17.8564 6.6
      vertex 0.889252 17.9432 6.6
    endloop
  endfacet
  facet normal -0.382677 -0.923882 -0
    outer loop
      vertex 1.09881 17.8564 6.6
      vertex 0.889252 17.9432 -5.72205e-07
      vertex 1.09881 17.8564 -5.72205e-07
    endloop
  endfacet
  facet normal -0.737414 0.675441 0
    outer loop
      vertex 1.83848 13.6615 -5.72205e-07
      vertex 1.99172 13.8288 7.4
      vertex 1.99172 13.8288 -5.72205e-07
    endloop
  endfacet
  facet normal -0.737414 0.675441 0
    outer loop
      vertex 1.99172 13.8288 7.4
      vertex 1.83848 13.6615 -5.72205e-07
      vertex 1.83848 13.6615 7.4
    endloop
  endfacet
  facet normal 0.0436469 0.999047 -0
    outer loop
      vertex 0 12.9 -5.72205e-07
      vertex -0.226604 12.9099 7.4
      vertex 0 12.9 7.4
    endloop
  endfacet
  facet normal 0.0436469 0.999047 0
    outer loop
      vertex -0.226604 12.9099 7.4
      vertex 0 12.9 -5.72205e-07
      vertex -0.226604 12.9099 -5.72205e-07
    endloop
  endfacet
  facet normal -0.0436469 0.999047 0
    outer loop
      vertex 0.226604 12.9099 -5.72205e-07
      vertex 0 12.9 7.4
      vertex 0.226604 12.9099 7.4
    endloop
  endfacet
  facet normal -0.0436469 0.999047 0
    outer loop
      vertex 0 12.9 7.4
      vertex 0.226604 12.9099 -5.72205e-07
      vertex 0 12.9 -5.72205e-07
    endloop
  endfacet
  facet normal 0.887025 0.461721 0
    outer loop
      vertex -2.25167 14.2 7.4
      vertex -2.3564 14.4012 -5.72205e-07
      vertex -2.3564 14.4012 7.4
    endloop
  endfacet
  facet normal 0.887025 0.461721 0
    outer loop
      vertex -2.3564 14.4012 -5.72205e-07
      vertex -2.25167 14.2 7.4
      vertex -2.25167 14.2 -5.72205e-07
    endloop
  endfacet
  facet normal -0.887025 0.461721 0
    outer loop
      vertex 2.25167 14.2 -5.72205e-07
      vertex 2.3564 14.4012 7.4
      vertex 2.3564 14.4012 -5.72205e-07
    endloop
  endfacet
  facet normal -0.887025 0.461721 0
    outer loop
      vertex 2.3564 14.4012 7.4
      vertex 2.25167 14.2 -5.72205e-07
      vertex 2.25167 14.2 7.4
    endloop
  endfacet
  facet normal 0.991444 -0.130532 0
    outer loop
      vertex -2.59011 15.7266 7.4
      vertex -2.5605 15.9515 -5.72205e-07
      vertex -2.5605 15.9515 7.4
    endloop
  endfacet
  facet normal 0.991444 -0.130532 0
    outer loop
      vertex -2.5605 15.9515 -5.72205e-07
      vertex -2.59011 15.7266 7.4
      vertex -2.59011 15.7266 -5.72205e-07
    endloop
  endfacet
  facet normal 0.97629 -0.216468 0
    outer loop
      vertex -2.5605 15.9515 7.4
      vertex -2.51141 16.1729 -5.72205e-07
      vertex -2.51141 16.1729 7.4
    endloop
  endfacet
  facet normal 0.97629 -0.216468 0
    outer loop
      vertex -2.51141 16.1729 -5.72205e-07
      vertex -2.5605 15.9515 7.4
      vertex -2.5605 15.9515 -5.72205e-07
    endloop
  endfacet
  facet normal 0.1305 -0.991448 0
    outer loop
      vertex -0.451485 18.0605 -5.72205e-07
      vertex -0.226604 18.0901 6.6
      vertex -0.451485 18.0605 6.6
    endloop
  endfacet
  facet normal 0.1305 -0.991448 0
    outer loop
      vertex -0.226604 18.0901 6.6
      vertex -0.451485 18.0605 -5.72205e-07
      vertex -0.226604 18.0901 -5.72205e-07
    endloop
  endfacet
  facet normal 0.30068 -0.953725 0
    outer loop
      vertex -0.889252 17.9432 -5.72205e-07
      vertex -0.672929 18.0114 6.6
      vertex -0.889252 17.9432 6.6
    endloop
  endfacet
  facet normal 0.30068 -0.953725 0
    outer loop
      vertex -0.672929 18.0114 6.6
      vertex -0.889252 17.9432 -5.72205e-07
      vertex -0.672929 18.0114 -5.72205e-07
    endloop
  endfacet
  facet normal 0.793273 0.608867 0
    outer loop
      vertex -1.99172 13.8288 7.4
      vertex -2.1298 14.0087 -5.72205e-07
      vertex -2.1298 14.0087 7.4
    endloop
  endfacet
  facet normal 0.793273 0.608867 0
    outer loop
      vertex -2.1298 14.0087 -5.72205e-07
      vertex -1.99172 13.8288 7.4
      vertex -1.99172 13.8288 -5.72205e-07
    endloop
  endfacet
  facet normal -0.675499 0.737361 0
    outer loop
      vertex 1.83848 13.6615 -5.72205e-07
      vertex 1.67125 13.5083 7.4
      vertex 1.83848 13.6615 7.4
    endloop
  endfacet
  facet normal -0.675499 0.737361 0
    outer loop
      vertex 1.67125 13.5083 7.4
      vertex 1.83848 13.6615 -5.72205e-07
      vertex 1.67125 13.5083 -5.72205e-07
    endloop
  endfacet
  facet normal 0.887025 -0.461721 0
    outer loop
      vertex -2.3564 16.5988 7.4
      vertex -2.25167 16.8 -5.72205e-07
      vertex -2.25167 16.8 7.4
    endloop
  endfacet
  facet normal 0.887025 -0.461721 0
    outer loop
      vertex -2.25167 16.8 -5.72205e-07
      vertex -2.3564 16.5988 7.4
      vertex -2.3564 16.5988 -5.72205e-07
    endloop
  endfacet
  facet normal 0.97629 0.216468 0
    outer loop
      vertex -2.51141 14.8271 7.4
      vertex -2.5605 15.0485 -5.72205e-07
      vertex -2.5605 15.0485 7.4
    endloop
  endfacet
  facet normal 0.97629 0.216468 0
    outer loop
      vertex -2.5605 15.0485 -5.72205e-07
      vertex -2.51141 14.8271 7.4
      vertex -2.51141 14.8271 -5.72205e-07
    endloop
  endfacet
  facet normal -0.216469 -0.976289 0
    outer loop
      vertex 0.451485 18.0605 -5.72205e-07
      vertex 0.672929 18.0114 6.6
      vertex 0.451485 18.0605 6.6
    endloop
  endfacet
  facet normal -0.216469 -0.976289 -0
    outer loop
      vertex 0.672929 18.0114 6.6
      vertex 0.451485 18.0605 -5.72205e-07
      vertex 0.672929 18.0114 -5.72205e-07
    endloop
  endfacet
  facet normal -0.382677 0.923882 0
    outer loop
      vertex 1.09881 13.1436 -5.72205e-07
      vertex 0.889252 13.0568 7.4
      vertex 1.09881 13.1436 7.4
    endloop
  endfacet
  facet normal -0.382677 0.923882 0
    outer loop
      vertex 0.889252 13.0568 7.4
      vertex 1.09881 13.1436 -5.72205e-07
      vertex 0.889252 13.0568 -5.72205e-07
    endloop
  endfacet
  facet normal 0.991444 0.130532 0
    outer loop
      vertex -2.5605 15.0485 7.4
      vertex -2.59011 15.2734 -5.72205e-07
      vertex -2.59011 15.2734 7.4
    endloop
  endfacet
  facet normal 0.991444 0.130532 0
    outer loop
      vertex -2.59011 15.2734 -5.72205e-07
      vertex -2.5605 15.0485 7.4
      vertex -2.5605 15.0485 -5.72205e-07
    endloop
  endfacet
  facet normal -0.923845 0.382767 0
    outer loop
      vertex 2.3564 14.4012 -5.72205e-07
      vertex 2.4432 14.6107 7.4
      vertex 2.4432 14.6107 -5.72205e-07
    endloop
  endfacet
  facet normal -0.923845 0.382767 0
    outer loop
      vertex 2.4432 14.6107 7.4
      vertex 2.3564 14.4012 -5.72205e-07
      vertex 2.3564 14.4012 7.4
    endloop
  endfacet
  facet normal 0.843395 -0.537295 0
    outer loop
      vertex -2.25167 16.8 7.4
      vertex -2.1298 16.9913 -5.72205e-07
      vertex -2.1298 16.9913 7.4
    endloop
  endfacet
  facet normal 0.843395 -0.537295 0
    outer loop
      vertex -2.1298 16.9913 -5.72205e-07
      vertex -2.25167 16.8 7.4
      vertex -2.25167 16.8 -5.72205e-07
    endloop
  endfacet
  facet normal -0.537389 0.843335 0
    outer loop
      vertex 1.4913 13.3702 -5.72205e-07
      vertex 1.3 13.2483 7.4
      vertex 1.4913 13.3702 7.4
    endloop
  endfacet
  facet normal -0.537389 0.843335 0
    outer loop
      vertex 1.3 13.2483 7.4
      vertex 1.4913 13.3702 -5.72205e-07
      vertex 1.3 13.2483 -5.72205e-07
    endloop
  endfacet
  facet normal 0.737414 0.675441 0
    outer loop
      vertex -1.83848 13.6615 7.4
      vertex -1.99172 13.8288 -5.72205e-07
      vertex -1.99172 13.8288 7.4
    endloop
  endfacet
  facet normal 0.737414 0.675441 0
    outer loop
      vertex -1.99172 13.8288 -5.72205e-07
      vertex -1.83848 13.6615 7.4
      vertex -1.83848 13.6615 -5.72205e-07
    endloop
  endfacet
  facet normal 0.792942 -0.609298 0
    outer loop
      vertex -2.10913 17.0182 7.4
      vertex -2.1298 16.9913 7.4
      vertex -2.10913 17.0182 6.6
    endloop
  endfacet
  facet normal 0.793331 -0.608791 0
    outer loop
      vertex -2.10913 17.0182 6.6
      vertex -1.99172 17.1712 -5.72205e-07
      vertex -1.99172 17.1712 6.6
    endloop
  endfacet
  facet normal 0.792942 -0.609298 0
    outer loop
      vertex -2.1298 16.9913 -5.72205e-07
      vertex -2.10913 17.0182 6.6
      vertex -2.1298 16.9913 7.4
    endloop
  endfacet
  facet normal 0.793273 -0.608867 -2.79336e-06
    outer loop
      vertex -2.10913 17.0182 6.6
      vertex -2.1298 16.9913 -5.72205e-07
      vertex -1.99172 17.1712 -5.72205e-07
    endloop
  endfacet
  facet normal 0.216469 0.976289 -0
    outer loop
      vertex -0.451485 12.9395 -5.72205e-07
      vertex -0.672929 12.9886 7.4
      vertex -0.451485 12.9395 7.4
    endloop
  endfacet
  facet normal 0.216469 0.976289 0
    outer loop
      vertex -0.672929 12.9886 7.4
      vertex -0.451485 12.9395 -5.72205e-07
      vertex -0.672929 12.9886 -5.72205e-07
    endloop
  endfacet
  facet normal -0.793331 -0.608791 0
    outer loop
      vertex 1.99172 17.1712 -5.72205e-07
      vertex 2.10913 17.0182 6.6
      vertex 1.99172 17.1712 6.6
    endloop
  endfacet
  facet normal -0.793273 -0.608867 -2.79336e-06
    outer loop
      vertex 2.1298 16.9913 -5.72205e-07
      vertex 2.10913 17.0182 6.6
      vertex 1.99172 17.1712 -5.72205e-07
    endloop
  endfacet
  facet normal -0.792942 -0.609298 -0
    outer loop
      vertex 2.1298 16.9913 7.4
      vertex 2.10913 17.0182 6.6
      vertex 2.1298 16.9913 -5.72205e-07
    endloop
  endfacet
  facet normal -0.792942 -0.609298 0
    outer loop
      vertex 2.10913 17.0182 6.6
      vertex 2.1298 16.9913 7.4
      vertex 2.10913 17.0182 7.4
    endloop
  endfacet
  facet normal -0.999049 0.0436037 0
    outer loop
      vertex 2.59011 15.2734 -5.72205e-07
      vertex 2.6 15.5 7.4
      vertex 2.6 15.5 -5.72205e-07
    endloop
  endfacet
  facet normal -0.999049 0.0436037 0
    outer loop
      vertex 2.6 15.5 7.4
      vertex 2.59011 15.2734 -5.72205e-07
      vertex 2.59011 15.2734 7.4
    endloop
  endfacet
  facet normal 0.1305 0.991448 -0
    outer loop
      vertex -0.226604 12.9099 -5.72205e-07
      vertex -0.451485 12.9395 7.4
      vertex -0.226604 12.9099 7.4
    endloop
  endfacet
  facet normal 0.1305 0.991448 0
    outer loop
      vertex -0.451485 12.9395 7.4
      vertex -0.226604 12.9099 -5.72205e-07
      vertex -0.451485 12.9395 -5.72205e-07
    endloop
  endfacet
  facet normal 0.843395 0.537295 0
    outer loop
      vertex -2.1298 14.0087 7.4
      vertex -2.25167 14.2 -5.72205e-07
      vertex -2.25167 14.2 7.4
    endloop
  endfacet
  facet normal 0.843395 0.537295 0
    outer loop
      vertex -2.25167 14.2 -5.72205e-07
      vertex -2.1298 14.0087 7.4
      vertex -2.1298 14.0087 -5.72205e-07
    endloop
  endfacet
  facet normal 0.999049 -0.0436037 0
    outer loop
      vertex -2.6 15.5 7.4
      vertex -2.59011 15.7266 -5.72205e-07
      vertex -2.59011 15.7266 7.4
    endloop
  endfacet
  facet normal 0.999049 -0.0436037 0
    outer loop
      vertex -2.59011 15.7266 -5.72205e-07
      vertex -2.6 15.5 7.4
      vertex -2.6 15.5 -5.72205e-07
    endloop
  endfacet
  facet normal -0.675499 -0.737361 0
    outer loop
      vertex 1.67125 17.4917 -5.72205e-07
      vertex 1.83848 17.3385 6.6
      vertex 1.67125 17.4917 6.6
    endloop
  endfacet
  facet normal -0.675499 -0.737361 -0
    outer loop
      vertex 1.83848 17.3385 6.6
      vertex 1.67125 17.4917 -5.72205e-07
      vertex 1.83848 17.3385 -5.72205e-07
    endloop
  endfacet
  facet normal 0.461635 0.88707 -0
    outer loop
      vertex -1.09881 13.1436 -5.72205e-07
      vertex -1.3 13.2483 7.4
      vertex -1.09881 13.1436 7.4
    endloop
  endfacet
  facet normal 0.461635 0.88707 0
    outer loop
      vertex -1.3 13.2483 7.4
      vertex -1.09881 13.1436 -5.72205e-07
      vertex -1.3 13.2483 -5.72205e-07
    endloop
  endfacet
  facet normal -0.991443 -0.130541 0
    outer loop
      vertex 3.0882 15.7702 7.4
      vertex 3.0529 16.0383 8.6
      vertex 3.0529 16.0383 7.4
    endloop
  endfacet
  facet normal -0.991443 -0.130541 0
    outer loop
      vertex 3.0529 16.0383 8.6
      vertex 3.0882 15.7702 7.4
      vertex 3.0882 15.7702 8.6
    endloop
  endfacet
  facet normal -0.999048 -0.0436298 0
    outer loop
      vertex 3.1 15.5 7.4
      vertex 3.0882 15.7702 8.6
      vertex 3.0882 15.7702 7.4
    endloop
  endfacet
  facet normal -0.999048 -0.0436298 0
    outer loop
      vertex 3.0882 15.7702 8.6
      vertex 3.1 15.5 7.4
      vertex 3.1 15.5 8.6
    endloop
  endfacet
  facet normal 0.923841 0.382776 0
    outer loop
      vertex -2.80955 14.1899 8.6
      vertex -2.91305 14.4397 7.4
      vertex -2.91305 14.4397 8.6
    endloop
  endfacet
  facet normal 0.923841 0.382776 0
    outer loop
      vertex -2.91305 14.4397 7.4
      vertex -2.80955 14.1899 8.6
      vertex -2.80955 14.1899 7.4
    endloop
  endfacet
  facet normal -0.887032 -0.461708 0
    outer loop
      vertex 2.80955 16.8101 7.4
      vertex 2.68468 17.05 8.6
      vertex 2.68468 17.05 7.4
    endloop
  endfacet
  facet normal -0.887032 -0.461708 0
    outer loop
      vertex 2.68468 17.05 8.6
      vertex 2.80955 16.8101 7.4
      vertex 2.80955 16.8101 8.6
    endloop
  endfacet
  facet normal 0.953746 0.300615 0
    outer loop
      vertex -2.91305 14.4397 8.6
      vertex -2.99437 14.6977 7.4
      vertex -2.99437 14.6977 8.6
    endloop
  endfacet
  facet normal 0.953746 0.300615 0
    outer loop
      vertex -2.99437 14.6977 7.4
      vertex -2.91305 14.4397 8.6
      vertex -2.91305 14.4397 7.4
    endloop
  endfacet
  facet normal 0.843401 0.537285 0
    outer loop
      vertex -2.53937 13.7219 8.6
      vertex -2.68468 13.95 7.4
      vertex -2.68468 13.95 8.6
    endloop
  endfacet
  facet normal 0.843401 0.537285 0
    outer loop
      vertex -2.68468 13.95 7.4
      vertex -2.53937 13.7219 8.6
      vertex -2.53937 13.7219 7.4
    endloop
  endfacet
  facet normal -0.675576 0.737291 0
    outer loop
      vertex 2.19203 13.308 7.4
      vertex 1.99264 13.1253 8.6
      vertex 2.19203 13.308 8.6
    endloop
  endfacet
  facet normal -0.675576 0.737291 0
    outer loop
      vertex 1.99264 13.1253 8.6
      vertex 2.19203 13.308 7.4
      vertex 1.99264 13.1253 7.4
    endloop
  endfacet
  facet normal 0.608924 0.793228 -0
    outer loop
      vertex -1.77809 12.9606 7.4
      vertex -1.99264 13.1253 8.6
      vertex -1.77809 12.9606 8.6
    endloop
  endfacet
  facet normal 0.608924 0.793228 0
    outer loop
      vertex -1.99264 13.1253 8.6
      vertex -1.77809 12.9606 7.4
      vertex -1.99264 13.1253 7.4
    endloop
  endfacet
  facet normal 0.461825 0.886971 -0
    outer loop
      vertex -1.31012 12.6904 7.4
      vertex -1.55 12.8153 8.6
      vertex -1.31012 12.6904 8.6
    endloop
  endfacet
  facet normal 0.461825 0.886971 0
    outer loop
      vertex -1.55 12.8153 8.6
      vertex -1.31012 12.6904 7.4
      vertex -1.55 12.8153 7.4
    endloop
  endfacet
  facet normal -0.923841 0.382776 0
    outer loop
      vertex 2.80955 14.1899 7.4
      vertex 2.91305 14.4397 8.6
      vertex 2.91305 14.4397 7.4
    endloop
  endfacet
  facet normal -0.923841 0.382776 0
    outer loop
      vertex 2.91305 14.4397 8.6
      vertex 2.80955 14.1899 7.4
      vertex 2.80955 14.1899 8.6
    endloop
  endfacet
  facet normal -0.991443 0.130541 0
    outer loop
      vertex 3.0529 14.9617 7.4
      vertex 3.0882 15.2298 8.6
      vertex 3.0882 15.2298 7.4
    endloop
  endfacet
  facet normal -0.991443 0.130541 0
    outer loop
      vertex 3.0882 15.2298 8.6
      vertex 3.0529 14.9617 7.4
      vertex 3.0529 14.9617 8.6
    endloop
  endfacet
  facet normal -0.923841 -0.382776 0
    outer loop
      vertex 2.91305 16.5603 7.4
      vertex 2.80955 16.8101 8.6
      vertex 2.80955 16.8101 7.4
    endloop
  endfacet
  facet normal -0.923841 -0.382776 0
    outer loop
      vertex 2.80955 16.8101 8.6
      vertex 2.91305 16.5603 7.4
      vertex 2.91305 16.5603 8.6
    endloop
  endfacet
  facet normal -0.793285 0.608851 0
    outer loop
      vertex 2.37474 13.5074 7.4
      vertex 2.53937 13.7219 8.6
      vertex 2.53937 13.7219 7.4
    endloop
  endfacet
  facet normal -0.793285 0.608851 0
    outer loop
      vertex 2.53937 13.7219 8.6
      vertex 2.37474 13.5074 7.4
      vertex 2.37474 13.5074 8.6
    endloop
  endfacet
  facet normal -0.976294 -0.216449 0
    outer loop
      vertex 3.0529 16.0383 7.4
      vertex 2.99437 16.3023 8.6
      vertex 2.99437 16.3023 7.4
    endloop
  endfacet
  facet normal -0.976294 -0.216449 0
    outer loop
      vertex 2.99437 16.3023 8.6
      vertex 3.0529 16.0383 7.4
      vertex 3.0529 16.0383 8.6
    endloop
  endfacet
  facet normal -0.21632 0.976323 0
    outer loop
      vertex 0.802339 12.5056 7.4
      vertex 0.538309 12.4471 8.6
      vertex 0.802339 12.5056 8.6
    endloop
  endfacet
  facet normal -0.21632 0.976323 0
    outer loop
      vertex 0.538309 12.4471 8.6
      vertex 0.802339 12.5056 7.4
      vertex 0.538309 12.4471 7.4
    endloop
  endfacet
  facet normal -0.843401 0.537285 0
    outer loop
      vertex 2.53937 13.7219 7.4
      vertex 2.68468 13.95 8.6
      vertex 2.68468 13.95 7.4
    endloop
  endfacet
  facet normal -0.843401 0.537285 0
    outer loop
      vertex 2.68468 13.95 8.6
      vertex 2.53937 13.7219 7.4
      vertex 2.53937 13.7219 8.6
    endloop
  endfacet
  facet normal 0.923841 -0.382776 0
    outer loop
      vertex -2.91305 16.5603 8.6
      vertex -2.80955 16.8101 7.4
      vertex -2.80955 16.8101 8.6
    endloop
  endfacet
  facet normal 0.923841 -0.382776 0
    outer loop
      vertex -2.80955 16.8101 7.4
      vertex -2.91305 16.5603 8.6
      vertex -2.91305 16.5603 7.4
    endloop
  endfacet
  facet normal -0.537275 0.843407 0
    outer loop
      vertex 1.77809 12.9606 7.4
      vertex 1.55 12.8153 8.6
      vertex 1.77809 12.9606 8.6
    endloop
  endfacet
  facet normal -0.537275 0.843407 0
    outer loop
      vertex 1.55 12.8153 8.6
      vertex 1.77809 12.9606 7.4
      vertex 1.55 12.8153 7.4
    endloop
  endfacet
  facet normal -0.300968 0.953634 0
    outer loop
      vertex 1.06026 12.587 7.4
      vertex 0.802339 12.5056 8.6
      vertex 1.06026 12.587 8.6
    endloop
  endfacet
  facet normal -0.300968 0.953634 0
    outer loop
      vertex 0.802339 12.5056 8.6
      vertex 1.06026 12.587 7.4
      vertex 0.802339 12.5056 7.4
    endloop
  endfacet
  facet normal 0.953746 -0.300615 0
    outer loop
      vertex -2.99437 16.3023 8.6
      vertex -2.91305 16.5603 7.4
      vertex -2.91305 16.5603 8.6
    endloop
  endfacet
  facet normal 0.953746 -0.300615 0
    outer loop
      vertex -2.91305 16.5603 7.4
      vertex -2.99437 16.3023 8.6
      vertex -2.99437 16.3023 7.4
    endloop
  endfacet
  facet normal -0.999048 0.0436298 0
    outer loop
      vertex 3.0882 15.2298 7.4
      vertex 3.1 15.5 8.6
      vertex 3.1 15.5 7.4
    endloop
  endfacet
  facet normal -0.999048 0.0436298 0
    outer loop
      vertex 3.1 15.5 8.6
      vertex 3.0882 15.2298 7.4
      vertex 3.0882 15.2298 8.6
    endloop
  endfacet
  facet normal 0.21632 0.976323 -0
    outer loop
      vertex -0.538309 12.4471 7.4
      vertex -0.802339 12.5056 8.6
      vertex -0.538309 12.4471 8.6
    endloop
  endfacet
  facet normal 0.21632 0.976323 0
    outer loop
      vertex -0.802339 12.5056 8.6
      vertex -0.538309 12.4471 7.4
      vertex -0.802339 12.5056 7.4
    endloop
  endfacet
  facet normal -0.953746 -0.300615 0
    outer loop
      vertex 2.99437 16.3023 7.4
      vertex 2.91305 16.5603 8.6
      vertex 2.91305 16.5603 7.4
    endloop
  endfacet
  facet normal -0.953746 -0.300615 0
    outer loop
      vertex 2.91305 16.5603 8.6
      vertex 2.99437 16.3023 7.4
      vertex 2.99437 16.3023 8.6
    endloop
  endfacet
  facet normal -0.953746 0.300615 0
    outer loop
      vertex 2.91305 14.4397 7.4
      vertex 2.99437 14.6977 8.6
      vertex 2.99437 14.6977 7.4
    endloop
  endfacet
  facet normal -0.953746 0.300615 0
    outer loop
      vertex 2.99437 14.6977 8.6
      vertex 2.91305 14.4397 7.4
      vertex 2.91305 14.4397 8.6
    endloop
  endfacet
  facet normal -0.130528 0.991445 0
    outer loop
      vertex 0.538309 12.4471 7.4
      vertex 0.270183 12.4118 8.6
      vertex 0.538309 12.4471 8.6
    endloop
  endfacet
  facet normal -0.130528 0.991445 0
    outer loop
      vertex 0.270183 12.4118 8.6
      vertex 0.538309 12.4471 7.4
      vertex 0.270183 12.4118 7.4
    endloop
  endfacet
  facet normal 0.130528 0.991445 -0
    outer loop
      vertex -0.270183 12.4118 7.4
      vertex -0.538309 12.4471 8.6
      vertex -0.270183 12.4118 8.6
    endloop
  endfacet
  facet normal 0.130528 0.991445 0
    outer loop
      vertex -0.538309 12.4471 8.6
      vertex -0.270183 12.4118 7.4
      vertex -0.538309 12.4471 7.4
    endloop
  endfacet
  facet normal -0.976294 0.216449 0
    outer loop
      vertex 2.99437 14.6977 7.4
      vertex 3.0529 14.9617 8.6
      vertex 3.0529 14.9617 7.4
    endloop
  endfacet
  facet normal -0.976294 0.216449 0
    outer loop
      vertex 3.0529 14.9617 8.6
      vertex 2.99437 14.6977 7.4
      vertex 2.99437 14.6977 8.6
    endloop
  endfacet
  facet normal -0.737289 0.675577 0
    outer loop
      vertex 2.19203 13.308 7.4
      vertex 2.37474 13.5074 8.6
      vertex 2.37474 13.5074 7.4
    endloop
  endfacet
  facet normal -0.737289 0.675577 0
    outer loop
      vertex 2.37474 13.5074 8.6
      vertex 2.19203 13.308 7.4
      vertex 2.19203 13.308 8.6
    endloop
  endfacet
  facet normal 0.0436325 0.999048 -0
    outer loop
      vertex 0 12.4 7.4
      vertex -0.270183 12.4118 8.6
      vertex 0 12.4 8.6
    endloop
  endfacet
  facet normal 0.0436325 0.999048 0
    outer loop
      vertex -0.270183 12.4118 8.6
      vertex 0 12.4 7.4
      vertex -0.270183 12.4118 7.4
    endloop
  endfacet
  facet normal -0.0436325 0.999048 0
    outer loop
      vertex 0.270183 12.4118 7.4
      vertex 0 12.4 8.6
      vertex 0.270183 12.4118 8.6
    endloop
  endfacet
  facet normal -0.0436325 0.999048 0
    outer loop
      vertex 0 12.4 8.6
      vertex 0.270183 12.4118 7.4
      vertex 0 12.4 7.4
    endloop
  endfacet
  facet normal 0.793285 0.608851 0
    outer loop
      vertex -2.37474 13.5074 8.6
      vertex -2.53937 13.7219 7.4
      vertex -2.53937 13.7219 8.6
    endloop
  endfacet
  facet normal 0.793285 0.608851 0
    outer loop
      vertex -2.53937 13.7219 7.4
      vertex -2.37474 13.5074 8.6
      vertex -2.37474 13.5074 7.4
    endloop
  endfacet
  facet normal 0.737289 0.675577 0
    outer loop
      vertex -2.19203 13.308 8.6
      vertex -2.37474 13.5074 7.4
      vertex -2.37474 13.5074 8.6
    endloop
  endfacet
  facet normal 0.737289 0.675577 0
    outer loop
      vertex -2.37474 13.5074 7.4
      vertex -2.19203 13.308 8.6
      vertex -2.19203 13.308 7.4
    endloop
  endfacet
  facet normal 0.675576 0.737291 -0
    outer loop
      vertex -1.99264 13.1253 7.4
      vertex -2.19203 13.308 8.6
      vertex -1.99264 13.1253 8.6
    endloop
  endfacet
  facet normal 0.675576 0.737291 0
    outer loop
      vertex -2.19203 13.308 8.6
      vertex -1.99264 13.1253 7.4
      vertex -2.19203 13.308 7.4
    endloop
  endfacet
  facet normal 0.991443 -0.130541 0
    outer loop
      vertex -3.0882 15.7702 8.6
      vertex -3.0529 16.0383 7.4
      vertex -3.0529 16.0383 8.6
    endloop
  endfacet
  facet normal 0.991443 -0.130541 0
    outer loop
      vertex -3.0529 16.0383 7.4
      vertex -3.0882 15.7702 8.6
      vertex -3.0882 15.7702 7.4
    endloop
  endfacet
  facet normal 0.976294 0.216449 0
    outer loop
      vertex -2.99437 14.6977 8.6
      vertex -3.0529 14.9617 7.4
      vertex -3.0529 14.9617 8.6
    endloop
  endfacet
  facet normal 0.976294 0.216449 0
    outer loop
      vertex -3.0529 14.9617 7.4
      vertex -2.99437 14.6977 8.6
      vertex -2.99437 14.6977 7.4
    endloop
  endfacet
  facet normal 0.976294 -0.216449 0
    outer loop
      vertex -3.0529 16.0383 8.6
      vertex -2.99437 16.3023 7.4
      vertex -2.99437 16.3023 8.6
    endloop
  endfacet
  facet normal 0.976294 -0.216449 0
    outer loop
      vertex -2.99437 16.3023 7.4
      vertex -3.0529 16.0383 8.6
      vertex -3.0529 16.0383 7.4
    endloop
  endfacet
  facet normal -0.382382 0.924004 0
    outer loop
      vertex 1.31012 12.6904 7.4
      vertex 1.06026 12.587 8.6
      vertex 1.31012 12.6904 8.6
    endloop
  endfacet
  facet normal -0.382382 0.924004 0
    outer loop
      vertex 1.06026 12.587 8.6
      vertex 1.31012 12.6904 7.4
      vertex 1.06026 12.587 7.4
    endloop
  endfacet
  facet normal 0.887032 -0.461708 0
    outer loop
      vertex -2.80955 16.8101 8.6
      vertex -2.68468 17.05 7.4
      vertex -2.68468 17.05 8.6
    endloop
  endfacet
  facet normal 0.887032 -0.461708 0
    outer loop
      vertex -2.68468 17.05 7.4
      vertex -2.80955 16.8101 8.6
      vertex -2.80955 16.8101 7.4
    endloop
  endfacet
  facet normal 0.991443 0.130541 0
    outer loop
      vertex -3.0529 14.9617 8.6
      vertex -3.0882 15.2298 7.4
      vertex -3.0882 15.2298 8.6
    endloop
  endfacet
  facet normal 0.991443 0.130541 0
    outer loop
      vertex -3.0882 15.2298 7.4
      vertex -3.0529 14.9617 8.6
      vertex -3.0529 14.9617 7.4
    endloop
  endfacet
  facet normal -0.887032 0.461708 0
    outer loop
      vertex 2.68468 13.95 7.4
      vertex 2.80955 14.1899 8.6
      vertex 2.80955 14.1899 7.4
    endloop
  endfacet
  facet normal -0.887032 0.461708 0
    outer loop
      vertex 2.80955 14.1899 8.6
      vertex 2.68468 13.95 7.4
      vertex 2.68468 13.95 8.6
    endloop
  endfacet
  facet normal -0.608924 0.793228 0
    outer loop
      vertex 1.99264 13.1253 7.4
      vertex 1.77809 12.9606 8.6
      vertex 1.99264 13.1253 8.6
    endloop
  endfacet
  facet normal -0.608924 0.793228 0
    outer loop
      vertex 1.77809 12.9606 8.6
      vertex 1.99264 13.1253 7.4
      vertex 1.77809 12.9606 7.4
    endloop
  endfacet
  facet normal 0.382382 0.924004 -0
    outer loop
      vertex -1.06026 12.587 7.4
      vertex -1.31012 12.6904 8.6
      vertex -1.06026 12.587 8.6
    endloop
  endfacet
  facet normal 0.382382 0.924004 0
    outer loop
      vertex -1.31012 12.6904 8.6
      vertex -1.06026 12.587 7.4
      vertex -1.31012 12.6904 7.4
    endloop
  endfacet
  facet normal -0.461825 0.886971 0
    outer loop
      vertex 1.55 12.8153 7.4
      vertex 1.31012 12.6904 8.6
      vertex 1.55 12.8153 8.6
    endloop
  endfacet
  facet normal -0.461825 0.886971 0
    outer loop
      vertex 1.31012 12.6904 8.6
      vertex 1.55 12.8153 7.4
      vertex 1.31012 12.6904 7.4
    endloop
  endfacet
  facet normal -0.8435 -0.537129 0
    outer loop
      vertex 2.68468 17.05 7.4
      vertex 2.63119 17.134 8.6
      vertex 2.63119 17.134 7.4
    endloop
  endfacet
  facet normal -0.8435 -0.537129 0
    outer loop
      vertex 2.63119 17.134 8.6
      vertex 2.68468 17.05 7.4
      vertex 2.68468 17.05 8.6
    endloop
  endfacet
  facet normal 0.537275 0.843407 -0
    outer loop
      vertex -1.55 12.8153 7.4
      vertex -1.77809 12.9606 8.6
      vertex -1.55 12.8153 8.6
    endloop
  endfacet
  facet normal 0.537275 0.843407 0
    outer loop
      vertex -1.77809 12.9606 8.6
      vertex -1.55 12.8153 7.4
      vertex -1.77809 12.9606 7.4
    endloop
  endfacet
  facet normal 0.887032 0.461708 0
    outer loop
      vertex -2.68468 13.95 8.6
      vertex -2.80955 14.1899 7.4
      vertex -2.80955 14.1899 8.6
    endloop
  endfacet
  facet normal 0.887032 0.461708 0
    outer loop
      vertex -2.80955 14.1899 7.4
      vertex -2.68468 13.95 8.6
      vertex -2.68468 13.95 7.4
    endloop
  endfacet
  facet normal 0.999048 -0.0436298 0
    outer loop
      vertex -3.1 15.5 8.6
      vertex -3.0882 15.7702 7.4
      vertex -3.0882 15.7702 8.6
    endloop
  endfacet
  facet normal 0.999048 -0.0436298 0
    outer loop
      vertex -3.0882 15.7702 7.4
      vertex -3.1 15.5 8.6
      vertex -3.1 15.5 7.4
    endloop
  endfacet
  facet normal 0.8435 -0.537129 0
    outer loop
      vertex -2.68468 17.05 8.6
      vertex -2.63119 17.134 7.4
      vertex -2.63119 17.134 8.6
    endloop
  endfacet
  facet normal 0.8435 -0.537129 0
    outer loop
      vertex -2.63119 17.134 7.4
      vertex -2.68468 17.05 8.6
      vertex -2.68468 17.05 7.4
    endloop
  endfacet
  facet normal 0.999048 0.0436298 0
    outer loop
      vertex -3.0882 15.2298 8.6
      vertex -3.1 15.5 7.4
      vertex -3.1 15.5 8.6
    endloop
  endfacet
  facet normal 0.999048 0.0436298 0
    outer loop
      vertex -3.1 15.5 7.4
      vertex -3.0882 15.2298 8.6
      vertex -3.0882 15.2298 7.4
    endloop
  endfacet
  facet normal 0.300968 0.953634 -0
    outer loop
      vertex -0.802339 12.5056 7.4
      vertex -1.06026 12.587 8.6
      vertex -0.802339 12.5056 8.6
    endloop
  endfacet
  facet normal 0.300968 0.953634 0
    outer loop
      vertex -1.06026 12.587 8.6
      vertex -0.802339 12.5056 7.4
      vertex -1.06026 12.587 7.4
    endloop
  endfacet
  facet normal 0 0 1
    outer loop
      vertex -2.4432 16.3893 7.4
      vertex -2.91305 16.5603 7.4
      vertex -2.51141 16.1729 7.4
    endloop
  endfacet
  facet normal -0 0 1
    outer loop
      vertex -2.91305 16.5603 7.4
      vertex -2.4432 16.3893 7.4
      vertex -2.80955 16.8101 7.4
    endloop
  endfacet
  facet normal 0 0 1
    outer loop
      vertex -2.3564 16.5988 7.4
      vertex -2.80955 16.8101 7.4
      vertex -2.4432 16.3893 7.4
    endloop
  endfacet
  facet normal -0 0 1
    outer loop
      vertex -2.80955 16.8101 7.4
      vertex -2.3564 16.5988 7.4
      vertex -2.68468 17.05 7.4
    endloop
  endfacet
  facet normal 0 0 1
    outer loop
      vertex -2.25167 16.8 7.4
      vertex -2.68468 17.05 7.4
      vertex -2.3564 16.5988 7.4
    endloop
  endfacet
  facet normal -0 0 1
    outer loop
      vertex -2.68468 17.05 7.4
      vertex -2.25167 16.8 7.4
      vertex -2.63119 17.134 7.4
    endloop
  endfacet
  facet normal 0 0 1
    outer loop
      vertex -2.1298 16.9913 7.4
      vertex -2.63119 17.134 7.4
      vertex -2.25167 16.8 7.4
    endloop
  endfacet
  facet normal 0 0 1
    outer loop
      vertex -2.63119 17.134 7.4
      vertex -2.1298 16.9913 7.4
      vertex -2.10913 17.0182 7.4
    endloop
  endfacet
  facet normal 0 0 1
    outer loop
      vertex 3.0882 15.7702 7.4
      vertex 2.59011 15.7266 7.4
      vertex 2.6 15.5 7.4
    endloop
  endfacet
  facet normal 0 0 1
    outer loop
      vertex 2.68468 17.05 7.4
      vertex 2.5605 15.9515 7.4
      vertex 2.59011 15.7266 7.4
    endloop
  endfacet
  facet normal 0 0 1
    outer loop
      vertex 2.68468 17.05 7.4
      vertex 2.51141 16.1729 7.4
      vertex 2.5605 15.9515 7.4
    endloop
  endfacet
  facet normal 0 0 1
    outer loop
      vertex 2.68468 17.05 7.4
      vertex 2.4432 16.3893 7.4
      vertex 2.51141 16.1729 7.4
    endloop
  endfacet
  facet normal 0 0 1
    outer loop
      vertex 2.68468 17.05 7.4
      vertex 2.3564 16.5988 7.4
      vertex 2.4432 16.3893 7.4
    endloop
  endfacet
  facet normal 0 0 1
    outer loop
      vertex 2.68468 17.05 7.4
      vertex 2.25167 16.8 7.4
      vertex 2.3564 16.5988 7.4
    endloop
  endfacet
  facet normal 0 0 1
    outer loop
      vertex 2.63119 17.134 7.4
      vertex 2.1298 16.9913 7.4
      vertex 2.25167 16.8 7.4
    endloop
  endfacet
  facet normal 0 -0 1
    outer loop
      vertex 2.1298 16.9913 7.4
      vertex 2.63119 17.134 7.4
      vertex 2.10913 17.0182 7.4
    endloop
  endfacet
  facet normal 0 0 1
    outer loop
      vertex 2.6 15.5 7.4
      vertex 3.1 15.5 7.4
      vertex 3.0882 15.7702 7.4
    endloop
  endfacet
  facet normal 0 0 1
    outer loop
      vertex 2.59011 15.7266 7.4
      vertex 3.0882 15.7702 7.4
      vertex 3.0529 16.0383 7.4
    endloop
  endfacet
  facet normal 0 0 1
    outer loop
      vertex 3.1 15.5 7.4
      vertex 2.6 15.5 7.4
      vertex 3.0882 15.2298 7.4
    endloop
  endfacet
  facet normal 0 0 1
    outer loop
      vertex 2.59011 15.7266 7.4
      vertex 3.0529 16.0383 7.4
      vertex 2.99437 16.3023 7.4
    endloop
  endfacet
  facet normal -0 0 1
    outer loop
      vertex 2.59011 15.2734 7.4
      vertex 3.0882 15.2298 7.4
      vertex 2.6 15.5 7.4
    endloop
  endfacet
  facet normal 0 0 1
    outer loop
      vertex 2.59011 15.7266 7.4
      vertex 2.99437 16.3023 7.4
      vertex 2.91305 16.5603 7.4
    endloop
  endfacet
  facet normal 0 0 1
    outer loop
      vertex 3.0882 15.2298 7.4
      vertex 2.59011 15.2734 7.4
      vertex 3.0529 14.9617 7.4
    endloop
  endfacet
  facet normal 0 0 1
    outer loop
      vertex 2.59011 15.7266 7.4
      vertex 2.91305 16.5603 7.4
      vertex 2.80955 16.8101 7.4
    endloop
  endfacet
  facet normal -0 0 1
    outer loop
      vertex 2.5605 15.0485 7.4
      vertex 3.0529 14.9617 7.4
      vertex 2.59011 15.2734 7.4
    endloop
  endfacet
  facet normal 0 0 1
    outer loop
      vertex 2.59011 15.7266 7.4
      vertex 2.80955 16.8101 7.4
      vertex 2.68468 17.05 7.4
    endloop
  endfacet
  facet normal 0 0 1
    outer loop
      vertex 3.0529 14.9617 7.4
      vertex 2.5605 15.0485 7.4
      vertex 2.99437 14.6977 7.4
    endloop
  endfacet
  facet normal 0 0 1
    outer loop
      vertex 2.25167 16.8 7.4
      vertex 2.68468 17.05 7.4
      vertex 2.63119 17.134 7.4
    endloop
  endfacet
  facet normal -0 0 1
    outer loop
      vertex 2.51141 14.8271 7.4
      vertex 2.99437 14.6977 7.4
      vertex 2.5605 15.0485 7.4
    endloop
  endfacet
  facet normal 0 0 1
    outer loop
      vertex 2.99437 14.6977 7.4
      vertex 2.51141 14.8271 7.4
      vertex 2.91305 14.4397 7.4
    endloop
  endfacet
  facet normal -0 0 1
    outer loop
      vertex 2.4432 14.6107 7.4
      vertex 2.91305 14.4397 7.4
      vertex 2.51141 14.8271 7.4
    endloop
  endfacet
  facet normal 0 0 1
    outer loop
      vertex 2.91305 14.4397 7.4
      vertex 2.4432 14.6107 7.4
      vertex 2.80955 14.1899 7.4
    endloop
  endfacet
  facet normal -0 0 1
    outer loop
      vertex 2.3564 14.4012 7.4
      vertex 2.80955 14.1899 7.4
      vertex 2.4432 14.6107 7.4
    endloop
  endfacet
  facet normal 0 0 1
    outer loop
      vertex 2.80955 14.1899 7.4
      vertex 2.3564 14.4012 7.4
      vertex 2.68468 13.95 7.4
    endloop
  endfacet
  facet normal -0 0 1
    outer loop
      vertex 2.25167 14.2 7.4
      vertex 2.68468 13.95 7.4
      vertex 2.3564 14.4012 7.4
    endloop
  endfacet
  facet normal 0 0 1
    outer loop
      vertex 2.68468 13.95 7.4
      vertex 2.25167 14.2 7.4
      vertex 2.53937 13.7219 7.4
    endloop
  endfacet
  facet normal -0 0 1
    outer loop
      vertex 2.1298 14.0087 7.4
      vertex 2.53937 13.7219 7.4
      vertex 2.25167 14.2 7.4
    endloop
  endfacet
  facet normal 0 0 1
    outer loop
      vertex 2.53937 13.7219 7.4
      vertex 2.1298 14.0087 7.4
      vertex 2.37474 13.5074 7.4
    endloop
  endfacet
  facet normal -0 0 1
    outer loop
      vertex 1.99172 13.8288 7.4
      vertex 2.37474 13.5074 7.4
      vertex 2.1298 14.0087 7.4
    endloop
  endfacet
  facet normal 0 0 1
    outer loop
      vertex 2.37474 13.5074 7.4
      vertex 1.99172 13.8288 7.4
      vertex 2.19203 13.308 7.4
    endloop
  endfacet
  facet normal -0 0 1
    outer loop
      vertex 1.83848 13.6615 7.4
      vertex 2.19203 13.308 7.4
      vertex 1.99172 13.8288 7.4
    endloop
  endfacet
  facet normal 0 0 1
    outer loop
      vertex 2.19203 13.308 7.4
      vertex 1.83848 13.6615 7.4
      vertex 1.99264 13.1253 7.4
    endloop
  endfacet
  facet normal -0 0 1
    outer loop
      vertex 1.67125 13.5083 7.4
      vertex 1.99264 13.1253 7.4
      vertex 1.83848 13.6615 7.4
    endloop
  endfacet
  facet normal 0 0 1
    outer loop
      vertex 1.99264 13.1253 7.4
      vertex 1.67125 13.5083 7.4
      vertex 1.77809 12.9606 7.4
    endloop
  endfacet
  facet normal -0 0 1
    outer loop
      vertex 1.4913 13.3702 7.4
      vertex 1.77809 12.9606 7.4
      vertex 1.67125 13.5083 7.4
    endloop
  endfacet
  facet normal 0 0 1
    outer loop
      vertex 1.77809 12.9606 7.4
      vertex 1.4913 13.3702 7.4
      vertex 1.55 12.8153 7.4
    endloop
  endfacet
  facet normal -0 0 1
    outer loop
      vertex 1.3 13.2483 7.4
      vertex 1.55 12.8153 7.4
      vertex 1.4913 13.3702 7.4
    endloop
  endfacet
  facet normal 0 0 1
    outer loop
      vertex 1.55 12.8153 7.4
      vertex 1.3 13.2483 7.4
      vertex 1.31012 12.6904 7.4
    endloop
  endfacet
  facet normal -0 0 1
    outer loop
      vertex 1.09881 13.1436 7.4
      vertex 1.31012 12.6904 7.4
      vertex 1.3 13.2483 7.4
    endloop
  endfacet
  facet normal 0 0 1
    outer loop
      vertex 1.09881 13.1436 7.4
      vertex 1.06026 12.587 7.4
      vertex 1.31012 12.6904 7.4
    endloop
  endfacet
  facet normal -0 0 1
    outer loop
      vertex 0.889252 13.0568 7.4
      vertex 1.06026 12.587 7.4
      vertex 1.09881 13.1436 7.4
    endloop
  endfacet
  facet normal 0 0 1
    outer loop
      vertex 0.889252 13.0568 7.4
      vertex 0.802339 12.5056 7.4
      vertex 1.06026 12.587 7.4
    endloop
  endfacet
  facet normal -0 0 1
    outer loop
      vertex 0.672929 12.9886 7.4
      vertex 0.802339 12.5056 7.4
      vertex 0.889252 13.0568 7.4
    endloop
  endfacet
  facet normal 0 0 1
    outer loop
      vertex 0.672929 12.9886 7.4
      vertex 0.538309 12.4471 7.4
      vertex 0.802339 12.5056 7.4
    endloop
  endfacet
  facet normal -0 0 1
    outer loop
      vertex 0.451485 12.9395 7.4
      vertex 0.538309 12.4471 7.4
      vertex 0.672929 12.9886 7.4
    endloop
  endfacet
  facet normal 0 0 1
    outer loop
      vertex 0.451485 12.9395 7.4
      vertex 0.270183 12.4118 7.4
      vertex 0.538309 12.4471 7.4
    endloop
  endfacet
  facet normal -0 0 1
    outer loop
      vertex 0.226604 12.9099 7.4
      vertex 0.270183 12.4118 7.4
      vertex 0.451485 12.9395 7.4
    endloop
  endfacet
  facet normal -0 0 1
    outer loop
      vertex 0 12.9 7.4
      vertex 0.270183 12.4118 7.4
      vertex 0.226604 12.9099 7.4
    endloop
  endfacet
  facet normal 0 0 1
    outer loop
      vertex 0 12.9 7.4
      vertex 0 12.4 7.4
      vertex 0.270183 12.4118 7.4
    endloop
  endfacet
  facet normal 0 0 1
    outer loop
      vertex -0.226604 12.9099 7.4
      vertex 0 12.4 7.4
      vertex 0 12.9 7.4
    endloop
  endfacet
  facet normal 0 0 1
    outer loop
      vertex -0.226604 12.9099 7.4
      vertex -0.270183 12.4118 7.4
      vertex 0 12.4 7.4
    endloop
  endfacet
  facet normal 0 0 1
    outer loop
      vertex -0.451485 12.9395 7.4
      vertex -0.270183 12.4118 7.4
      vertex -0.226604 12.9099 7.4
    endloop
  endfacet
  facet normal 0 0 1
    outer loop
      vertex -0.451485 12.9395 7.4
      vertex -0.538309 12.4471 7.4
      vertex -0.270183 12.4118 7.4
    endloop
  endfacet
  facet normal 0 0 1
    outer loop
      vertex -0.672929 12.9886 7.4
      vertex -0.538309 12.4471 7.4
      vertex -0.451485 12.9395 7.4
    endloop
  endfacet
  facet normal 0 0 1
    outer loop
      vertex -0.672929 12.9886 7.4
      vertex -0.802339 12.5056 7.4
      vertex -0.538309 12.4471 7.4
    endloop
  endfacet
  facet normal 0 0 1
    outer loop
      vertex -0.889252 13.0568 7.4
      vertex -0.802339 12.5056 7.4
      vertex -0.672929 12.9886 7.4
    endloop
  endfacet
  facet normal 0 0 1
    outer loop
      vertex -0.889252 13.0568 7.4
      vertex -1.06026 12.587 7.4
      vertex -0.802339 12.5056 7.4
    endloop
  endfacet
  facet normal 0 0 1
    outer loop
      vertex -1.09881 13.1436 7.4
      vertex -1.06026 12.587 7.4
      vertex -0.889252 13.0568 7.4
    endloop
  endfacet
  facet normal 0 0 1
    outer loop
      vertex -1.31012 12.6904 7.4
      vertex -1.09881 13.1436 7.4
      vertex -1.3 13.2483 7.4
    endloop
  endfacet
  facet normal 0 0 1
    outer loop
      vertex -1.09881 13.1436 7.4
      vertex -1.31012 12.6904 7.4
      vertex -1.06026 12.587 7.4
    endloop
  endfacet
  facet normal 0 0 1
    outer loop
      vertex -1.55 12.8153 7.4
      vertex -1.3 13.2483 7.4
      vertex -1.4913 13.3702 7.4
    endloop
  endfacet
  facet normal 0 0 1
    outer loop
      vertex -1.3 13.2483 7.4
      vertex -1.55 12.8153 7.4
      vertex -1.31012 12.6904 7.4
    endloop
  endfacet
  facet normal 0 0 1
    outer loop
      vertex -1.77809 12.9606 7.4
      vertex -1.4913 13.3702 7.4
      vertex -1.67125 13.5083 7.4
    endloop
  endfacet
  facet normal 0 0 1
    outer loop
      vertex -1.4913 13.3702 7.4
      vertex -1.77809 12.9606 7.4
      vertex -1.55 12.8153 7.4
    endloop
  endfacet
  facet normal 0 0 1
    outer loop
      vertex -1.99264 13.1253 7.4
      vertex -1.67125 13.5083 7.4
      vertex -1.83848 13.6615 7.4
    endloop
  endfacet
  facet normal 0 0 1
    outer loop
      vertex -2.19203 13.308 7.4
      vertex -1.83848 13.6615 7.4
      vertex -1.99172 13.8288 7.4
    endloop
  endfacet
  facet normal 0 0 1
    outer loop
      vertex -1.67125 13.5083 7.4
      vertex -1.99264 13.1253 7.4
      vertex -1.77809 12.9606 7.4
    endloop
  endfacet
  facet normal 0 0 1
    outer loop
      vertex -2.37474 13.5074 7.4
      vertex -1.99172 13.8288 7.4
      vertex -2.1298 14.0087 7.4
    endloop
  endfacet
  facet normal 0 0 1
    outer loop
      vertex -1.83848 13.6615 7.4
      vertex -2.19203 13.308 7.4
      vertex -1.99264 13.1253 7.4
    endloop
  endfacet
  facet normal 0 0 1
    outer loop
      vertex -2.53937 13.7219 7.4
      vertex -2.1298 14.0087 7.4
      vertex -2.25167 14.2 7.4
    endloop
  endfacet
  facet normal 0 0 1
    outer loop
      vertex -2.68468 13.95 7.4
      vertex -2.25167 14.2 7.4
      vertex -2.3564 14.4012 7.4
    endloop
  endfacet
  facet normal 0 0 1
    outer loop
      vertex -1.99172 13.8288 7.4
      vertex -2.37474 13.5074 7.4
      vertex -2.19203 13.308 7.4
    endloop
  endfacet
  facet normal 0 0 1
    outer loop
      vertex -2.80955 14.1899 7.4
      vertex -2.3564 14.4012 7.4
      vertex -2.4432 14.6107 7.4
    endloop
  endfacet
  facet normal 0 0 1
    outer loop
      vertex -2.91305 14.4397 7.4
      vertex -2.4432 14.6107 7.4
      vertex -2.51141 14.8271 7.4
    endloop
  endfacet
  facet normal 0 0 1
    outer loop
      vertex -2.1298 14.0087 7.4
      vertex -2.53937 13.7219 7.4
      vertex -2.37474 13.5074 7.4
    endloop
  endfacet
  facet normal 0 0 1
    outer loop
      vertex -2.99437 14.6977 7.4
      vertex -2.51141 14.8271 7.4
      vertex -2.5605 15.0485 7.4
    endloop
  endfacet
  facet normal 0 0 1
    outer loop
      vertex -3.0529 14.9617 7.4
      vertex -2.5605 15.0485 7.4
      vertex -2.59011 15.2734 7.4
    endloop
  endfacet
  facet normal 0 0 1
    outer loop
      vertex -3.0882 15.2298 7.4
      vertex -2.59011 15.2734 7.4
      vertex -2.6 15.5 7.4
    endloop
  endfacet
  facet normal -0 0 1
    outer loop
      vertex -2.99437 16.3023 7.4
      vertex -2.51141 16.1729 7.4
      vertex -2.91305 16.5603 7.4
    endloop
  endfacet
  facet normal 0 0 1
    outer loop
      vertex -2.51141 16.1729 7.4
      vertex -2.99437 16.3023 7.4
      vertex -2.5605 15.9515 7.4
    endloop
  endfacet
  facet normal 0 0 1
    outer loop
      vertex -2.25167 14.2 7.4
      vertex -2.68468 13.95 7.4
      vertex -2.53937 13.7219 7.4
    endloop
  endfacet
  facet normal -0 0 1
    outer loop
      vertex -3.0529 16.0383 7.4
      vertex -2.5605 15.9515 7.4
      vertex -2.99437 16.3023 7.4
    endloop
  endfacet
  facet normal 0 0 1
    outer loop
      vertex -2.3564 14.4012 7.4
      vertex -2.80955 14.1899 7.4
      vertex -2.68468 13.95 7.4
    endloop
  endfacet
  facet normal 0 0 1
    outer loop
      vertex -2.5605 15.9515 7.4
      vertex -3.0529 16.0383 7.4
      vertex -2.59011 15.7266 7.4
    endloop
  endfacet
  facet normal 0 0 1
    outer loop
      vertex -2.4432 14.6107 7.4
      vertex -2.91305 14.4397 7.4
      vertex -2.80955 14.1899 7.4
    endloop
  endfacet
  facet normal -0 0 1
    outer loop
      vertex -3.0882 15.7702 7.4
      vertex -2.59011 15.7266 7.4
      vertex -3.0529 16.0383 7.4
    endloop
  endfacet
  facet normal 0 0 1
    outer loop
      vertex -2.51141 14.8271 7.4
      vertex -2.99437 14.6977 7.4
      vertex -2.91305 14.4397 7.4
    endloop
  endfacet
  facet normal 0 0 1
    outer loop
      vertex -2.59011 15.7266 7.4
      vertex -3.0882 15.7702 7.4
      vertex -2.6 15.5 7.4
    endloop
  endfacet
  facet normal 0 0 1
    outer loop
      vertex -2.5605 15.0485 7.4
      vertex -3.0529 14.9617 7.4
      vertex -2.99437 14.6977 7.4
    endloop
  endfacet
  facet normal 0 0 1
    outer loop
      vertex -3.1 15.5 7.4
      vertex -2.6 15.5 7.4
      vertex -3.0882 15.7702 7.4
    endloop
  endfacet
  facet normal 0 0 1
    outer loop
      vertex -2.59011 15.2734 7.4
      vertex -3.0882 15.2298 7.4
      vertex -3.0529 14.9617 7.4
    endloop
  endfacet
  facet normal 0 0 1
    outer loop
      vertex -2.6 15.5 7.4
      vertex -3.1 15.5 7.4
      vertex -3.0882 15.2298 7.4
    endloop
  endfacet
  facet normal 0.70712 0.707094 -0
    outer loop
      vertex 0 43 -5.72205e-07
      vertex -0.958165 43.9582 8.6
      vertex 0 43 8.6
    endloop
  endfacet
  facet normal 0.70712 0.707094 0
    outer loop
      vertex -0.958165 43.9582 8.6
      vertex 0 43 -5.72205e-07
      vertex -0.958165 43.9582 -5.72205e-07
    endloop
  endfacet
  facet normal -0.70712 0.707094 0
    outer loop
      vertex 0.958165 43.9582 -5.72205e-07
      vertex 0 43 8.6
      vertex 0.958165 43.9582 8.6
    endloop
  endfacet
  facet normal -0.70712 0.707094 0
    outer loop
      vertex 0 43 8.6
      vertex 0.958165 43.9582 -5.72205e-07
      vertex 0 43 -5.72205e-07
    endloop
  endfacet
  facet normal -0.99145 -0.130489 0
    outer loop
      vertex 12.9824 21.7266 -5.72205e-07
      vertex 12.9528 21.9515 7.4
      vertex 12.9528 21.9515 -5.72205e-07
    endloop
  endfacet
  facet normal -0.99145 -0.130489 0
    outer loop
      vertex 12.9528 21.9515 7.4
      vertex 12.9824 21.7266 -5.72205e-07
      vertex 12.9824 21.7266 7.4
    endloop
  endfacet
  facet normal -0.999047 -0.0436477 0
    outer loop
      vertex 12.9923 21.5 -5.72205e-07
      vertex 12.9824 21.7266 7.4
      vertex 12.9824 21.7266 -5.72205e-07
    endloop
  endfacet
  facet normal -0.999047 -0.0436477 0
    outer loop
      vertex 12.9824 21.7266 7.4
      vertex 12.9923 21.5 -5.72205e-07
      vertex 12.9923 21.5 7.4
    endloop
  endfacet
  facet normal -0.97628 -0.21651 0
    outer loop
      vertex 12.9528 21.9515 -5.72205e-07
      vertex 12.9037 22.1729 7.4
      vertex 12.9037 22.1729 -5.72205e-07
    endloop
  endfacet
  facet normal -0.97628 -0.21651 0
    outer loop
      vertex 12.9037 22.1729 7.4
      vertex 12.9528 21.9515 -5.72205e-07
      vertex 12.9528 21.9515 7.4
    endloop
  endfacet
  facet normal -0.923845 -0.382767 0
    outer loop
      vertex 12.8355 22.3893 -5.72205e-07
      vertex 12.7487 22.5988 7.4
      vertex 12.7487 22.5988 -5.72205e-07
    endloop
  endfacet
  facet normal -0.923845 -0.382767 0
    outer loop
      vertex 12.7487 22.5988 7.4
      vertex 12.8355 22.3893 -5.72205e-07
      vertex 12.8355 22.3893 7.4
    endloop
  endfacet
  facet normal 0.608816 0.793312 -0
    outer loop
      vertex 8.90101 19.3702 -5.72205e-07
      vertex 8.72106 19.5083 7.4
      vertex 8.90101 19.3702 7.4
    endloop
  endfacet
  facet normal 0.608816 0.793312 0
    outer loop
      vertex 8.72106 19.5083 7.4
      vertex 8.90101 19.3702 -5.72205e-07
      vertex 8.72106 19.5083 -5.72205e-07
    endloop
  endfacet
  facet normal -0.461616 0.88708 0
    outer loop
      vertex 11.6923 19.2483 -5.72205e-07
      vertex 11.4911 19.1436 7.4
      vertex 11.6923 19.2483 7.4
    endloop
  endfacet
  facet normal -0.461616 0.88708 0
    outer loop
      vertex 11.4911 19.1436 7.4
      vertex 11.6923 19.2483 -5.72205e-07
      vertex 11.4911 19.1436 -5.72205e-07
    endloop
  endfacet
  facet normal 0.461616 -0.88708 0
    outer loop
      vertex 9.0923 23.7517 -5.72205e-07
      vertex 9.2935 23.8564 6.6
      vertex 9.0923 23.7517 6.6
    endloop
  endfacet
  facet normal 0.461616 -0.88708 0
    outer loop
      vertex 9.2935 23.8564 6.6
      vertex 9.0923 23.7517 -5.72205e-07
      vertex 9.2935 23.8564 -5.72205e-07
    endloop
  endfacet
  facet normal 0.923866 0.382715 0
    outer loop
      vertex 8.02292 20.4325 6.6
      vertex 7.9491 20.6107 -5.72205e-07
      vertex 7.9491 20.6107 6.6
    endloop
  endfacet
  facet normal 0.923722 0.383064 -0
    outer loop
      vertex 8.0359 20.4012 -5.72205e-07
      vertex 8.02292 20.4325 6.6
      vertex 8.0359 20.4012 7.4
    endloop
  endfacet
  facet normal 0.923845 0.382767 1.65032e-06
    outer loop
      vertex 8.02292 20.4325 6.6
      vertex 8.0359 20.4012 -5.72205e-07
      vertex 7.9491 20.6107 -5.72205e-07
    endloop
  endfacet
  facet normal 0.923722 0.383064 0
    outer loop
      vertex 8.02292 20.4325 7.4
      vertex 8.0359 20.4012 7.4
      vertex 8.02292 20.4325 6.6
    endloop
  endfacet
  facet normal -0.79323 0.608922 0
    outer loop
      vertex 12.384 19.8288 -5.72205e-07
      vertex 12.5221 20.0087 7.4
      vertex 12.5221 20.0087 -5.72205e-07
    endloop
  endfacet
  facet normal -0.79323 0.608922 0
    outer loop
      vertex 12.5221 20.0087 7.4
      vertex 12.384 19.8288 -5.72205e-07
      vertex 12.384 19.8288 7.4
    endloop
  endfacet
  facet normal -0.461616 -0.88708 0
    outer loop
      vertex 11.4911 23.8564 -5.72205e-07
      vertex 11.6923 23.7517 7.4
      vertex 11.4911 23.8564 7.4
    endloop
  endfacet
  facet normal -0.461616 -0.88708 -0
    outer loop
      vertex 11.6923 23.7517 7.4
      vertex 11.4911 23.8564 -5.72205e-07
      vertex 11.6923 23.7517 -5.72205e-07
    endloop
  endfacet
  facet normal -0.21651 0.97628 0
    outer loop
      vertex 11.0652 18.9886 -5.72205e-07
      vertex 10.8438 18.9395 7.4
      vertex 11.0652 18.9886 7.4
    endloop
  endfacet
  facet normal -0.21651 0.97628 0
    outer loop
      vertex 10.8438 18.9395 7.4
      vertex 11.0652 18.9886 -5.72205e-07
      vertex 10.8438 18.9395 -5.72205e-07
    endloop
  endfacet
  facet normal -0.97628 0.21651 0
    outer loop
      vertex 12.9037 20.8271 -5.72205e-07
      vertex 12.9528 21.0485 7.4
      vertex 12.9528 21.0485 -5.72205e-07
    endloop
  endfacet
  facet normal -0.97628 0.21651 0
    outer loop
      vertex 12.9528 21.0485 7.4
      vertex 12.9037 20.8271 -5.72205e-07
      vertex 12.9037 20.8271 7.4
    endloop
  endfacet
  facet normal -0.843335 0.537389 0
    outer loop
      vertex 12.5221 20.0087 -5.72205e-07
      vertex 12.644 20.2 7.4
      vertex 12.644 20.2 -5.72205e-07
    endloop
  endfacet
  facet normal -0.843335 0.537389 0
    outer loop
      vertex 12.644 20.2 7.4
      vertex 12.5221 20.0087 -5.72205e-07
      vertex 12.5221 20.0087 7.4
    endloop
  endfacet
  facet normal -0.99145 0.130489 0
    outer loop
      vertex 12.9528 21.0485 -5.72205e-07
      vertex 12.9824 21.2734 7.4
      vertex 12.9824 21.2734 -5.72205e-07
    endloop
  endfacet
  facet normal -0.99145 0.130489 0
    outer loop
      vertex 12.9824 21.2734 7.4
      vertex 12.9528 21.0485 -5.72205e-07
      vertex 12.9528 21.0485 7.4
    endloop
  endfacet
  facet normal -0.953756 -0.300583 0
    outer loop
      vertex 12.9037 22.1729 -5.72205e-07
      vertex 12.8355 22.3893 7.4
      vertex 12.8355 22.3893 -5.72205e-07
    endloop
  endfacet
  facet normal -0.953756 -0.300583 0
    outer loop
      vertex 12.8355 22.3893 7.4
      vertex 12.9037 22.1729 -5.72205e-07
      vertex 12.9037 22.1729 7.4
    endloop
  endfacet
  facet normal 0.0436477 -0.999047 0
    outer loop
      vertex 10.1657 24.0901 -5.72205e-07
      vertex 10.3923 24.1 7.4
      vertex 10.1657 24.0901 7.4
    endloop
  endfacet
  facet normal 0.0436477 -0.999047 0
    outer loop
      vertex 10.3923 24.1 7.4
      vertex 10.1657 24.0901 -5.72205e-07
      vertex 10.3923 24.1 -5.72205e-07
    endloop
  endfacet
  facet normal 0.953756 0.300583 0
    outer loop
      vertex 7.9491 20.6107 6.6
      vertex 7.8809 20.8271 -5.72205e-07
      vertex 7.8809 20.8271 6.6
    endloop
  endfacet
  facet normal 0.953756 0.300583 0
    outer loop
      vertex 7.8809 20.8271 -5.72205e-07
      vertex 7.9491 20.6107 6.6
      vertex 7.9491 20.6107 -5.72205e-07
    endloop
  endfacet
  facet normal 0.793273 0.608867 0
    outer loop
      vertex 8.40059 19.8288 7.4
      vertex 8.26251 20.0087 -5.72205e-07
      vertex 8.26251 20.0087 7.4
    endloop
  endfacet
  facet normal 0.793273 0.608867 0
    outer loop
      vertex 8.26251 20.0087 -5.72205e-07
      vertex 8.40059 19.8288 7.4
      vertex 8.40059 19.8288 -5.72205e-07
    endloop
  endfacet
  facet normal -0.953756 0.300583 0
    outer loop
      vertex 12.8355 20.6107 -5.72205e-07
      vertex 12.9037 20.8271 7.4
      vertex 12.9037 20.8271 -5.72205e-07
    endloop
  endfacet
  facet normal -0.953756 0.300583 0
    outer loop
      vertex 12.9037 20.8271 7.4
      vertex 12.8355 20.6107 -5.72205e-07
      vertex 12.8355 20.6107 7.4
    endloop
  endfacet
  facet normal -0.923845 0.382767 0
    outer loop
      vertex 12.7487 20.4012 -5.72205e-07
      vertex 12.8355 20.6107 7.4
      vertex 12.8355 20.6107 -5.72205e-07
    endloop
  endfacet
  facet normal -0.923845 0.382767 0
    outer loop
      vertex 12.8355 20.6107 7.4
      vertex 12.7487 20.4012 -5.72205e-07
      vertex 12.7487 20.4012 7.4
    endloop
  endfacet
  facet normal -0.79323 -0.608922 0
    outer loop
      vertex 12.5221 22.9913 -5.72205e-07
      vertex 12.384 23.1712 7.4
      vertex 12.384 23.1712 -5.72205e-07
    endloop
  endfacet
  facet normal -0.79323 -0.608922 0
    outer loop
      vertex 12.384 23.1712 7.4
      vertex 12.5221 22.9913 -5.72205e-07
      vertex 12.5221 22.9913 7.4
    endloop
  endfacet
  facet normal 0.793273 -0.608867 0
    outer loop
      vertex 8.26251 22.9913 6.6
      vertex 8.40059 23.1712 -5.72205e-07
      vertex 8.40059 23.1712 6.6
    endloop
  endfacet
  facet normal 0.793273 -0.608867 0
    outer loop
      vertex 8.40059 23.1712 -5.72205e-07
      vertex 8.26251 22.9913 6.6
      vertex 8.26251 22.9913 -5.72205e-07
    endloop
  endfacet
  facet normal -0.300583 -0.953756 0
    outer loop
      vertex 11.0652 24.0114 -5.72205e-07
      vertex 11.2816 23.9432 7.4
      vertex 11.0652 24.0114 7.4
    endloop
  endfacet
  facet normal -0.300583 -0.953756 -0
    outer loop
      vertex 11.2816 23.9432 7.4
      vertex 11.0652 24.0114 -5.72205e-07
      vertex 11.2816 23.9432 -5.72205e-07
    endloop
  endfacet
  facet normal -0.382767 -0.923845 0
    outer loop
      vertex 11.2816 23.9432 -5.72205e-07
      vertex 11.4911 23.8564 7.4
      vertex 11.2816 23.9432 7.4
    endloop
  endfacet
  facet normal -0.382767 -0.923845 -0
    outer loop
      vertex 11.4911 23.8564 7.4
      vertex 11.2816 23.9432 -5.72205e-07
      vertex 11.4911 23.8564 -5.72205e-07
    endloop
  endfacet
  facet normal 0.99145 0.130489 0
    outer loop
      vertex 7.8318 21.0485 6.6
      vertex 7.8022 21.2734 -5.72205e-07
      vertex 7.8022 21.2734 6.6
    endloop
  endfacet
  facet normal 0.99145 0.130489 0
    outer loop
      vertex 7.8022 21.2734 -5.72205e-07
      vertex 7.8318 21.0485 6.6
      vertex 7.8318 21.0485 -5.72205e-07
    endloop
  endfacet
  facet normal 0.99145 -0.130489 0
    outer loop
      vertex 7.8022 21.7266 6.6
      vertex 7.8318 21.9515 -5.72205e-07
      vertex 7.8318 21.9515 6.6
    endloop
  endfacet
  facet normal 0.99145 -0.130489 0
    outer loop
      vertex 7.8318 21.9515 -5.72205e-07
      vertex 7.8022 21.7266 6.6
      vertex 7.8022 21.7266 -5.72205e-07
    endloop
  endfacet
  facet normal -0.608709 0.793393 0
    outer loop
      vertex 12.0636 19.5083 -5.72205e-07
      vertex 11.8836 19.3702 7.4
      vertex 12.0636 19.5083 7.4
    endloop
  endfacet
  facet normal -0.608709 0.793393 0
    outer loop
      vertex 11.8836 19.3702 7.4
      vertex 12.0636 19.5083 -5.72205e-07
      vertex 11.8836 19.3702 -5.72205e-07
    endloop
  endfacet
  facet normal -0.537389 0.843335 0
    outer loop
      vertex 11.8836 19.3702 -5.72205e-07
      vertex 11.6923 19.2483 7.4
      vertex 11.8836 19.3702 7.4
    endloop
  endfacet
  facet normal -0.537389 0.843335 0
    outer loop
      vertex 11.6923 19.2483 7.4
      vertex 11.8836 19.3702 -5.72205e-07
      vertex 11.6923 19.2483 -5.72205e-07
    endloop
  endfacet
  facet normal -0.0436477 0.999047 0
    outer loop
      vertex 10.6189 18.9099 -5.72205e-07
      vertex 10.3923 18.9 7.4
      vertex 10.6189 18.9099 7.4
    endloop
  endfacet
  facet normal -0.0436477 0.999047 0
    outer loop
      vertex 10.3923 18.9 7.4
      vertex 10.6189 18.9099 -5.72205e-07
      vertex 10.3923 18.9 -5.72205e-07
    endloop
  endfacet
  facet normal -0.130489 -0.99145 0
    outer loop
      vertex 10.6189 24.0901 -5.72205e-07
      vertex 10.8438 24.0605 7.4
      vertex 10.6189 24.0901 7.4
    endloop
  endfacet
  facet normal -0.130489 -0.99145 -0
    outer loop
      vertex 10.8438 24.0605 7.4
      vertex 10.6189 24.0901 -5.72205e-07
      vertex 10.8438 24.0605 -5.72205e-07
    endloop
  endfacet
  facet normal -0.88708 -0.461616 0
    outer loop
      vertex 12.7487 22.5988 -5.72205e-07
      vertex 12.644 22.8 7.4
      vertex 12.644 22.8 -5.72205e-07
    endloop
  endfacet
  facet normal -0.88708 -0.461616 0
    outer loop
      vertex 12.644 22.8 7.4
      vertex 12.7487 22.5988 -5.72205e-07
      vertex 12.7487 22.5988 7.4
    endloop
  endfacet
  facet normal 0.537409 -0.843322 0
    outer loop
      vertex 8.90101 23.6298 -5.72205e-07
      vertex 9.0923 23.7517 6.6
      vertex 8.90101 23.6298 6.6
    endloop
  endfacet
  facet normal 0.537409 -0.843322 0
    outer loop
      vertex 9.0923 23.7517 6.6
      vertex 8.90101 23.6298 -5.72205e-07
      vertex 9.0923 23.7517 -5.72205e-07
    endloop
  endfacet
  facet normal 0.300684 -0.953724 0
    outer loop
      vertex 9.50305 23.9432 -5.72205e-07
      vertex 9.71937 24.0114 6.6
      vertex 9.50305 23.9432 6.6
    endloop
  endfacet
  facet normal 0.300684 -0.953724 0
    outer loop
      vertex 9.71937 24.0114 6.6
      vertex 9.50305 23.9432 -5.72205e-07
      vertex 9.71937 24.0114 -5.72205e-07
    endloop
  endfacet
  facet normal -0.537389 -0.843335 0
    outer loop
      vertex 11.6923 23.7517 -5.72205e-07
      vertex 11.8836 23.6298 7.4
      vertex 11.6923 23.7517 7.4
    endloop
  endfacet
  facet normal -0.537389 -0.843335 -0
    outer loop
      vertex 11.8836 23.6298 7.4
      vertex 11.6923 23.7517 -5.72205e-07
      vertex 11.8836 23.6298 -5.72205e-07
    endloop
  endfacet
  facet normal 0.843395 0.537295 0
    outer loop
      vertex 8.26251 20.0087 7.4
      vertex 8.14064 20.2 -5.72205e-07
      vertex 8.14064 20.2 7.4
    endloop
  endfacet
  facet normal 0.843395 0.537295 0
    outer loop
      vertex 8.14064 20.2 -5.72205e-07
      vertex 8.26251 20.0087 7.4
      vertex 8.26251 20.0087 -5.72205e-07
    endloop
  endfacet
  facet normal -0.608709 -0.793393 0
    outer loop
      vertex 11.8836 23.6298 -5.72205e-07
      vertex 12.0636 23.4917 7.4
      vertex 11.8836 23.6298 7.4
    endloop
  endfacet
  facet normal -0.608709 -0.793393 -0
    outer loop
      vertex 12.0636 23.4917 7.4
      vertex 11.8836 23.6298 -5.72205e-07
      vertex 12.0636 23.4917 -5.72205e-07
    endloop
  endfacet
  facet normal -0.130489 0.99145 0
    outer loop
      vertex 10.8438 18.9395 -5.72205e-07
      vertex 10.6189 18.9099 7.4
      vertex 10.8438 18.9395 7.4
    endloop
  endfacet
  facet normal -0.130489 0.99145 0
    outer loop
      vertex 10.6189 18.9099 7.4
      vertex 10.8438 18.9395 -5.72205e-07
      vertex 10.6189 18.9099 -5.72205e-07
    endloop
  endfacet
  facet normal 0.953756 -0.300583 0
    outer loop
      vertex 7.8809 22.1729 6.6
      vertex 7.9491 22.3893 -5.72205e-07
      vertex 7.9491 22.3893 6.6
    endloop
  endfacet
  facet normal 0.953756 -0.300583 0
    outer loop
      vertex 7.9491 22.3893 -5.72205e-07
      vertex 7.8809 22.1729 6.6
      vertex 7.8809 22.1729 -5.72205e-07
    endloop
  endfacet
  facet normal -0.88708 0.461616 0
    outer loop
      vertex 12.644 20.2 -5.72205e-07
      vertex 12.7487 20.4012 7.4
      vertex 12.7487 20.4012 -5.72205e-07
    endloop
  endfacet
  facet normal -0.88708 0.461616 0
    outer loop
      vertex 12.7487 20.4012 7.4
      vertex 12.644 20.2 -5.72205e-07
      vertex 12.644 20.2 7.4
    endloop
  endfacet
  facet normal 0.843395 -0.537295 0
    outer loop
      vertex 8.14064 22.8 6.6
      vertex 8.26251 22.9913 -5.72205e-07
      vertex 8.26251 22.9913 6.6
    endloop
  endfacet
  facet normal 0.843395 -0.537295 0
    outer loop
      vertex 8.26251 22.9913 -5.72205e-07
      vertex 8.14064 22.8 6.6
      vertex 8.14064 22.8 -5.72205e-07
    endloop
  endfacet
  facet normal 0.216464 -0.976291 0
    outer loop
      vertex 9.71937 24.0114 -5.72205e-07
      vertex 9.94082 24.0605 6.6
      vertex 9.71937 24.0114 6.6
    endloop
  endfacet
  facet normal 0.216464 -0.976291 0
    outer loop
      vertex 9.94082 24.0605 6.6
      vertex 9.71937 24.0114 -5.72205e-07
      vertex 9.94082 24.0605 -5.72205e-07
    endloop
  endfacet
  facet normal 0.608816 -0.793312 0
    outer loop
      vertex 8.72106 23.4917 -5.72205e-07
      vertex 8.90101 23.6298 6.6
      vertex 8.72106 23.4917 6.6
    endloop
  endfacet
  facet normal 0.608816 -0.793312 0
    outer loop
      vertex 8.90101 23.6298 6.6
      vertex 8.72106 23.4917 -5.72205e-07
      vertex 8.90101 23.6298 -5.72205e-07
    endloop
  endfacet
  facet normal 0.999047 0.0436477 0
    outer loop
      vertex 7.8022 21.2734 6.6
      vertex 7.7923 21.5 -5.72205e-07
      vertex 7.7923 21.5 6.6
    endloop
  endfacet
  facet normal 0.999047 0.0436477 0
    outer loop
      vertex 7.7923 21.5 -5.72205e-07
      vertex 7.8022 21.2734 6.6
      vertex 7.8022 21.2734 -5.72205e-07
    endloop
  endfacet
  facet normal 0.887007 -0.461755 0
    outer loop
      vertex 8.0359 22.5988 6.6
      vertex 8.14064 22.8 -5.72205e-07
      vertex 8.14064 22.8 6.6
    endloop
  endfacet
  facet normal 0.887007 -0.461755 0
    outer loop
      vertex 8.14064 22.8 -5.72205e-07
      vertex 8.0359 22.5988 6.6
      vertex 8.0359 22.5988 -5.72205e-07
    endloop
  endfacet
  facet normal -0.675565 0.737301 0
    outer loop
      vertex 12.2308 19.6615 -5.72205e-07
      vertex 12.0636 19.5083 7.4
      vertex 12.2308 19.6615 7.4
    endloop
  endfacet
  facet normal -0.675565 0.737301 0
    outer loop
      vertex 12.0636 19.5083 7.4
      vertex 12.2308 19.6615 -5.72205e-07
      vertex 12.0636 19.5083 -5.72205e-07
    endloop
  endfacet
  facet normal 0.300684 0.953724 -0
    outer loop
      vertex 9.71937 18.9886 -5.72205e-07
      vertex 9.50305 19.0568 7.4
      vertex 9.71937 18.9886 7.4
    endloop
  endfacet
  facet normal 0.300684 0.953724 0
    outer loop
      vertex 9.50305 19.0568 7.4
      vertex 9.71937 18.9886 -5.72205e-07
      vertex 9.50305 19.0568 -5.72205e-07
    endloop
  endfacet
  facet normal 0.737414 -0.675441 0
    outer loop
      vertex 8.40059 23.1712 6.6
      vertex 8.55383 23.3385 -5.72205e-07
      vertex 8.55383 23.3385 6.6
    endloop
  endfacet
  facet normal 0.737414 -0.675441 0
    outer loop
      vertex 8.55383 23.3385 -5.72205e-07
      vertex 8.40059 23.1712 6.6
      vertex 8.40059 23.1712 -5.72205e-07
    endloop
  endfacet
  facet normal -0.300583 0.953756 0
    outer loop
      vertex 11.2816 19.0568 -5.72205e-07
      vertex 11.0652 18.9886 7.4
      vertex 11.2816 19.0568 7.4
    endloop
  endfacet
  facet normal -0.300583 0.953756 0
    outer loop
      vertex 11.0652 18.9886 7.4
      vertex 11.2816 19.0568 -5.72205e-07
      vertex 11.0652 18.9886 -5.72205e-07
    endloop
  endfacet
  facet normal -0.737502 0.675345 0
    outer loop
      vertex 12.2308 19.6615 -5.72205e-07
      vertex 12.384 19.8288 7.4
      vertex 12.384 19.8288 -5.72205e-07
    endloop
  endfacet
  facet normal -0.737502 0.675345 0
    outer loop
      vertex 12.384 19.8288 7.4
      vertex 12.2308 19.6615 -5.72205e-07
      vertex 12.2308 19.6615 7.4
    endloop
  endfacet
  facet normal 0.0436477 0.999047 -0
    outer loop
      vertex 10.3923 18.9 -5.72205e-07
      vertex 10.1657 18.9099 7.4
      vertex 10.3923 18.9 7.4
    endloop
  endfacet
  facet normal 0.0436477 0.999047 0
    outer loop
      vertex 10.1657 18.9099 7.4
      vertex 10.3923 18.9 -5.72205e-07
      vertex 10.1657 18.9099 -5.72205e-07
    endloop
  endfacet
  facet normal -0.675565 -0.737301 0
    outer loop
      vertex 12.0636 23.4917 -5.72205e-07
      vertex 12.2308 23.3385 7.4
      vertex 12.0636 23.4917 7.4
    endloop
  endfacet
  facet normal -0.675565 -0.737301 -0
    outer loop
      vertex 12.2308 23.3385 7.4
      vertex 12.0636 23.4917 -5.72205e-07
      vertex 12.2308 23.3385 -5.72205e-07
    endloop
  endfacet
  facet normal 0.382689 -0.923877 0
    outer loop
      vertex 9.2935 23.8564 -5.72205e-07
      vertex 9.50305 23.9432 6.6
      vertex 9.2935 23.8564 6.6
    endloop
  endfacet
  facet normal 0.382689 -0.923877 0
    outer loop
      vertex 9.50305 23.9432 6.6
      vertex 9.2935 23.8564 -5.72205e-07
      vertex 9.50305 23.9432 -5.72205e-07
    endloop
  endfacet
  facet normal 0.216464 0.976291 -0
    outer loop
      vertex 9.94082 18.9395 -5.72205e-07
      vertex 9.71937 18.9886 7.4
      vertex 9.94082 18.9395 7.4
    endloop
  endfacet
  facet normal 0.216464 0.976291 0
    outer loop
      vertex 9.71937 18.9886 7.4
      vertex 9.94082 18.9395 -5.72205e-07
      vertex 9.71937 18.9886 -5.72205e-07
    endloop
  endfacet
  facet normal 0.130615 -0.991433 0
    outer loop
      vertex 9.94082 24.0605 6.6
      vertex 9.94082 24.0605 -5.72205e-07
      vertex 10.1321 24.0857 6.6
    endloop
  endfacet
  facet normal 0.129844 -0.991534 0
    outer loop
      vertex 10.1321 24.0857 6.6
      vertex 10.1657 24.0901 7.4
      vertex 10.1321 24.0857 7.4
    endloop
  endfacet
  facet normal 0.1305 -0.991448 3.39877e-06
    outer loop
      vertex 10.1657 24.0901 -5.72205e-07
      vertex 10.1321 24.0857 6.6
      vertex 9.94082 24.0605 -5.72205e-07
    endloop
  endfacet
  facet normal 0.129844 -0.991534 0
    outer loop
      vertex 10.1321 24.0857 6.6
      vertex 10.1657 24.0901 -5.72205e-07
      vertex 10.1657 24.0901 7.4
    endloop
  endfacet
  facet normal -0.382767 0.923845 0
    outer loop
      vertex 11.4911 19.1436 -5.72205e-07
      vertex 11.2816 19.0568 7.4
      vertex 11.4911 19.1436 7.4
    endloop
  endfacet
  facet normal -0.382767 0.923845 0
    outer loop
      vertex 11.2816 19.0568 7.4
      vertex 11.4911 19.1436 -5.72205e-07
      vertex 11.2816 19.0568 -5.72205e-07
    endloop
  endfacet
  facet normal 0.537409 0.843322 -0
    outer loop
      vertex 9.0923 19.2483 -5.72205e-07
      vertex 8.90101 19.3702 7.4
      vertex 9.0923 19.2483 7.4
    endloop
  endfacet
  facet normal 0.537409 0.843322 0
    outer loop
      vertex 8.90101 19.3702 7.4
      vertex 9.0923 19.2483 -5.72205e-07
      vertex 8.90101 19.3702 -5.72205e-07
    endloop
  endfacet
  facet normal -0.737502 -0.675345 0
    outer loop
      vertex 12.384 23.1712 -5.72205e-07
      vertex 12.2308 23.3385 7.4
      vertex 12.2308 23.3385 -5.72205e-07
    endloop
  endfacet
  facet normal -0.737502 -0.675345 0
    outer loop
      vertex 12.2308 23.3385 7.4
      vertex 12.384 23.1712 -5.72205e-07
      vertex 12.384 23.1712 7.4
    endloop
  endfacet
  facet normal 0.675499 0.737361 -0
    outer loop
      vertex 8.72106 19.5083 -5.72205e-07
      vertex 8.55383 19.6615 7.4
      vertex 8.72106 19.5083 7.4
    endloop
  endfacet
  facet normal 0.675499 0.737361 0
    outer loop
      vertex 8.55383 19.6615 7.4
      vertex 8.72106 19.5083 -5.72205e-07
      vertex 8.55383 19.6615 -5.72205e-07
    endloop
  endfacet
  facet normal 0.737414 0.675441 0
    outer loop
      vertex 8.55383 19.6615 7.4
      vertex 8.40059 19.8288 -5.72205e-07
      vertex 8.40059 19.8288 7.4
    endloop
  endfacet
  facet normal 0.737414 0.675441 0
    outer loop
      vertex 8.40059 19.8288 -5.72205e-07
      vertex 8.55383 19.6615 7.4
      vertex 8.55383 19.6615 -5.72205e-07
    endloop
  endfacet
  facet normal -0.0436477 -0.999047 0
    outer loop
      vertex 10.3923 24.1 -5.72205e-07
      vertex 10.6189 24.0901 7.4
      vertex 10.3923 24.1 7.4
    endloop
  endfacet
  facet normal -0.0436477 -0.999047 -0
    outer loop
      vertex 10.6189 24.0901 7.4
      vertex 10.3923 24.1 -5.72205e-07
      vertex 10.6189 24.0901 -5.72205e-07
    endloop
  endfacet
  facet normal 0.97628 0.21651 0
    outer loop
      vertex 7.8809 20.8271 6.6
      vertex 7.8318 21.0485 -5.72205e-07
      vertex 7.8318 21.0485 6.6
    endloop
  endfacet
  facet normal 0.97628 0.21651 0
    outer loop
      vertex 7.8318 21.0485 -5.72205e-07
      vertex 7.8809 20.8271 6.6
      vertex 7.8809 20.8271 -5.72205e-07
    endloop
  endfacet
  facet normal 0.461616 0.88708 -0
    outer loop
      vertex 9.2935 19.1436 -5.72205e-07
      vertex 9.0923 19.2483 7.4
      vertex 9.2935 19.1436 7.4
    endloop
  endfacet
  facet normal 0.461616 0.88708 0
    outer loop
      vertex 9.0923 19.2483 7.4
      vertex 9.2935 19.1436 -5.72205e-07
      vertex 9.0923 19.2483 -5.72205e-07
    endloop
  endfacet
  facet normal -0.843335 -0.537389 0
    outer loop
      vertex 12.644 22.8 -5.72205e-07
      vertex 12.5221 22.9913 7.4
      vertex 12.5221 22.9913 -5.72205e-07
    endloop
  endfacet
  facet normal -0.843335 -0.537389 0
    outer loop
      vertex 12.5221 22.9913 7.4
      vertex 12.644 22.8 -5.72205e-07
      vertex 12.644 22.8 7.4
    endloop
  endfacet
  facet normal -0.21651 -0.97628 0
    outer loop
      vertex 10.8438 24.0605 -5.72205e-07
      vertex 11.0652 24.0114 7.4
      vertex 10.8438 24.0605 7.4
    endloop
  endfacet
  facet normal -0.21651 -0.97628 -0
    outer loop
      vertex 11.0652 24.0114 7.4
      vertex 10.8438 24.0605 -5.72205e-07
      vertex 11.0652 24.0114 -5.72205e-07
    endloop
  endfacet
  facet normal -0.999047 0.0436477 0
    outer loop
      vertex 12.9824 21.2734 -5.72205e-07
      vertex 12.9923 21.5 7.4
      vertex 12.9923 21.5 -5.72205e-07
    endloop
  endfacet
  facet normal -0.999047 0.0436477 0
    outer loop
      vertex 12.9923 21.5 7.4
      vertex 12.9824 21.2734 -5.72205e-07
      vertex 12.9824 21.2734 7.4
    endloop
  endfacet
  facet normal 0.675499 -0.737361 0
    outer loop
      vertex 8.55383 23.3385 -5.72205e-07
      vertex 8.72106 23.4917 6.6
      vertex 8.55383 23.3385 6.6
    endloop
  endfacet
  facet normal 0.675499 -0.737361 0
    outer loop
      vertex 8.72106 23.4917 6.6
      vertex 8.55383 23.3385 -5.72205e-07
      vertex 8.72106 23.4917 -5.72205e-07
    endloop
  endfacet
  facet normal 0.999047 -0.0436477 0
    outer loop
      vertex 7.7923 21.5 6.6
      vertex 7.8022 21.7266 -5.72205e-07
      vertex 7.8022 21.7266 6.6
    endloop
  endfacet
  facet normal 0.999047 -0.0436477 0
    outer loop
      vertex 7.8022 21.7266 -5.72205e-07
      vertex 7.7923 21.5 6.6
      vertex 7.7923 21.5 -5.72205e-07
    endloop
  endfacet
  facet normal 0.97628 -0.21651 0
    outer loop
      vertex 7.8318 21.9515 6.6
      vertex 7.8809 22.1729 -5.72205e-07
      vertex 7.8809 22.1729 6.6
    endloop
  endfacet
  facet normal 0.97628 -0.21651 0
    outer loop
      vertex 7.8809 22.1729 -5.72205e-07
      vertex 7.8318 21.9515 6.6
      vertex 7.8318 21.9515 -5.72205e-07
    endloop
  endfacet
  facet normal 0.1305 0.991448 -0
    outer loop
      vertex 10.1657 18.9099 -5.72205e-07
      vertex 9.94082 18.9395 7.4
      vertex 10.1657 18.9099 7.4
    endloop
  endfacet
  facet normal 0.1305 0.991448 0
    outer loop
      vertex 9.94082 18.9395 7.4
      vertex 10.1657 18.9099 -5.72205e-07
      vertex 9.94082 18.9395 -5.72205e-07
    endloop
  endfacet
  facet normal 0.923845 -0.382767 0
    outer loop
      vertex 7.9491 22.3893 6.6
      vertex 8.0359 22.5988 -5.72205e-07
      vertex 8.0359 22.5988 6.6
    endloop
  endfacet
  facet normal 0.923845 -0.382767 0
    outer loop
      vertex 8.0359 22.5988 -5.72205e-07
      vertex 7.9491 22.3893 6.6
      vertex 7.9491 22.3893 -5.72205e-07
    endloop
  endfacet
  facet normal 0.887007 0.461755 0
    outer loop
      vertex 8.14064 20.2 7.4
      vertex 8.0359 20.4012 -5.72205e-07
      vertex 8.0359 20.4012 7.4
    endloop
  endfacet
  facet normal 0.887007 0.461755 0
    outer loop
      vertex 8.0359 20.4012 -5.72205e-07
      vertex 8.14064 20.2 7.4
      vertex 8.14064 20.2 -5.72205e-07
    endloop
  endfacet
  facet normal 0.382689 0.923877 -0
    outer loop
      vertex 9.50305 19.0568 -5.72205e-07
      vertex 9.2935 19.1436 7.4
      vertex 9.50305 19.0568 7.4
    endloop
  endfacet
  facet normal 0.382689 0.923877 0
    outer loop
      vertex 9.2935 19.1436 7.4
      vertex 9.50305 19.0568 -5.72205e-07
      vertex 9.2935 19.1436 -5.72205e-07
    endloop
  endfacet
  facet normal -0.991443 -0.130541 0
    outer loop
      vertex 13.4805 21.7702 7.4
      vertex 13.4452 22.0383 8.6
      vertex 13.4452 22.0383 7.4
    endloop
  endfacet
  facet normal -0.991443 -0.130541 0
    outer loop
      vertex 13.4452 22.0383 8.6
      vertex 13.4805 21.7702 7.4
      vertex 13.4805 21.7702 8.6
    endloop
  endfacet
  facet normal -0.999048 -0.0436298 0
    outer loop
      vertex 13.4923 21.5 7.4
      vertex 13.4805 21.7702 8.6
      vertex 13.4805 21.7702 7.4
    endloop
  endfacet
  facet normal -0.999048 -0.0436298 0
    outer loop
      vertex 13.4805 21.7702 8.6
      vertex 13.4923 21.5 7.4
      vertex 13.4923 21.5 8.6
    endloop
  endfacet
  facet normal -0.976317 -0.216343 0
    outer loop
      vertex 13.4452 22.0383 7.4
      vertex 13.3867 22.3023 8.6
      vertex 13.3867 22.3023 7.4
    endloop
  endfacet
  facet normal -0.976317 -0.216343 0
    outer loop
      vertex 13.3867 22.3023 8.6
      vertex 13.4452 22.0383 7.4
      vertex 13.4452 22.0383 8.6
    endloop
  endfacet
  facet normal -0.382461 -0.923972 0
    outer loop
      vertex 11.4526 24.413 7.4
      vertex 11.7024 24.3096 8.6
      vertex 11.4526 24.413 8.6
    endloop
  endfacet
  facet normal -0.382461 -0.923972 -0
    outer loop
      vertex 11.7024 24.3096 8.6
      vertex 11.4526 24.413 7.4
      vertex 11.7024 24.3096 7.4
    endloop
  endfacet
  facet normal -0.0436298 0.999048 0
    outer loop
      vertex 10.6625 18.4118 7.4
      vertex 10.3923 18.4 8.6
      vertex 10.6625 18.4118 8.6
    endloop
  endfacet
  facet normal -0.0436298 0.999048 0
    outer loop
      vertex 10.3923 18.4 8.6
      vertex 10.6625 18.4118 7.4
      vertex 10.3923 18.4 7.4
    endloop
  endfacet
  facet normal -0.300884 0.953661 0
    outer loop
      vertex 11.4526 18.587 7.4
      vertex 11.1946 18.5056 8.6
      vertex 11.4526 18.587 8.6
    endloop
  endfacet
  facet normal -0.300884 0.953661 0
    outer loop
      vertex 11.1946 18.5056 8.6
      vertex 11.4526 18.587 7.4
      vertex 11.1946 18.5056 7.4
    endloop
  endfacet
  facet normal 0.537292 0.843396 -0
    outer loop
      vertex 8.8423 18.8153 7.4
      vertex 8.61422 18.9606 8.6
      vertex 8.8423 18.8153 8.6
    endloop
  endfacet
  facet normal 0.537292 0.843396 0
    outer loop
      vertex 8.61422 18.9606 8.6
      vertex 8.8423 18.8153 7.4
      vertex 8.61422 18.9606 7.4
    endloop
  endfacet
  facet normal 0.886995 0.46178 0
    outer loop
      vertex 7.70763 19.95 8.6
      vertex 7.66166 20.0383 7.4
      vertex 7.66166 20.0383 8.6
    endloop
  endfacet
  facet normal 0.886995 0.46178 0
    outer loop
      vertex 7.66166 20.0383 7.4
      vertex 7.70763 19.95 8.6
      vertex 7.70763 19.95 7.4
    endloop
  endfacet
  facet normal -0.953767 -0.300547 0
    outer loop
      vertex 13.3867 22.3023 7.4
      vertex 13.3054 22.5603 8.6
      vertex 13.3054 22.5603 7.4
    endloop
  endfacet
  facet normal -0.953767 -0.300547 0
    outer loop
      vertex 13.3054 22.5603 8.6
      vertex 13.3867 22.3023 7.4
      vertex 13.3867 22.3023 8.6
    endloop
  endfacet
  facet normal -0.79316 0.609014 0
    outer loop
      vertex 12.767 19.5074 7.4
      vertex 12.9317 19.7219 8.6
      vertex 12.9317 19.7219 7.4
    endloop
  endfacet
  facet normal -0.79316 0.609014 0
    outer loop
      vertex 12.9317 19.7219 8.6
      vertex 12.767 19.5074 7.4
      vertex 12.767 19.5074 8.6
    endloop
  endfacet
  facet normal -0.886987 0.461795 0
    outer loop
      vertex 13.077 19.95 7.4
      vertex 13.2019 20.1899 8.6
      vertex 13.2019 20.1899 7.4
    endloop
  endfacet
  facet normal -0.886987 0.461795 0
    outer loop
      vertex 13.2019 20.1899 8.6
      vertex 13.077 19.95 7.4
      vertex 13.077 19.95 8.6
    endloop
  endfacet
  facet normal -0.216343 0.976317 0
    outer loop
      vertex 11.1946 18.5056 7.4
      vertex 10.9306 18.4471 8.6
      vertex 11.1946 18.5056 8.6
    endloop
  endfacet
  facet normal -0.216343 0.976317 0
    outer loop
      vertex 10.9306 18.4471 8.6
      vertex 11.1946 18.5056 7.4
      vertex 10.9306 18.4471 7.4
    endloop
  endfacet
  facet normal -0.991443 0.130541 0
    outer loop
      vertex 13.4452 20.9617 7.4
      vertex 13.4805 21.2298 8.6
      vertex 13.4805 21.2298 7.4
    endloop
  endfacet
  facet normal -0.991443 0.130541 0
    outer loop
      vertex 13.4805 21.2298 8.6
      vertex 13.4452 20.9617 7.4
      vertex 13.4452 20.9617 8.6
    endloop
  endfacet
  facet normal -0.843418 0.537258 0
    outer loop
      vertex 12.9317 19.7219 7.4
      vertex 13.077 19.95 8.6
      vertex 13.077 19.95 7.4
    endloop
  endfacet
  facet normal -0.843418 0.537258 0
    outer loop
      vertex 13.077 19.95 8.6
      vertex 12.9317 19.7219 7.4
      vertex 12.9317 19.7219 8.6
    endloop
  endfacet
  facet normal 0.843418 0.537258 0
    outer loop
      vertex 7.85293 19.7219 8.6
      vertex 7.70763 19.95 7.4
      vertex 7.70763 19.95 8.6
    endloop
  endfacet
  facet normal 0.843418 0.537258 0
    outer loop
      vertex 7.70763 19.95 7.4
      vertex 7.85293 19.7219 8.6
      vertex 7.85293 19.7219 7.4
    endloop
  endfacet
  facet normal -0.461795 0.886987 0
    outer loop
      vertex 11.9423 18.8153 7.4
      vertex 11.7024 18.6904 8.6
      vertex 11.9423 18.8153 8.6
    endloop
  endfacet
  facet normal -0.461795 0.886987 0
    outer loop
      vertex 11.7024 18.6904 8.6
      vertex 11.9423 18.8153 7.4
      vertex 11.7024 18.6904 7.4
    endloop
  endfacet
  facet normal -0.461795 -0.886987 0
    outer loop
      vertex 11.7024 24.3096 7.4
      vertex 11.9423 24.1847 8.6
      vertex 11.7024 24.3096 8.6
    endloop
  endfacet
  facet normal -0.461795 -0.886987 -0
    outer loop
      vertex 11.9423 24.1847 8.6
      vertex 11.7024 24.3096 7.4
      vertex 11.9423 24.1847 7.4
    endloop
  endfacet
  facet normal -0.675557 -0.737308 0
    outer loop
      vertex 12.3849 23.8747 7.4
      vertex 12.5843 23.692 8.6
      vertex 12.3849 23.8747 8.6
    endloop
  endfacet
  facet normal -0.675557 -0.737308 -0
    outer loop
      vertex 12.5843 23.692 8.6
      vertex 12.3849 23.8747 7.4
      vertex 12.5843 23.692 7.4
    endloop
  endfacet
  facet normal -0.923841 0.382776 0
    outer loop
      vertex 13.2019 20.1899 7.4
      vertex 13.3054 20.4397 8.6
      vertex 13.3054 20.4397 7.4
    endloop
  endfacet
  facet normal -0.923841 0.382776 0
    outer loop
      vertex 13.3054 20.4397 8.6
      vertex 13.2019 20.1899 7.4
      vertex 13.2019 20.1899 8.6
    endloop
  endfacet
  facet normal -0.79316 -0.609014 0
    outer loop
      vertex 12.9317 23.2781 7.4
      vertex 12.767 23.4926 8.6
      vertex 12.767 23.4926 7.4
    endloop
  endfacet
  facet normal -0.79316 -0.609014 0
    outer loop
      vertex 12.767 23.4926 8.6
      vertex 12.9317 23.2781 7.4
      vertex 12.9317 23.2781 8.6
    endloop
  endfacet
  facet normal -0.923841 -0.382776 0
    outer loop
      vertex 13.3054 22.5603 7.4
      vertex 13.2019 22.8101 8.6
      vertex 13.2019 22.8101 7.4
    endloop
  endfacet
  facet normal -0.923841 -0.382776 0
    outer loop
      vertex 13.2019 22.8101 8.6
      vertex 13.3054 22.5603 7.4
      vertex 13.3054 22.5603 8.6
    endloop
  endfacet
  facet normal -0.843418 -0.537258 0
    outer loop
      vertex 13.077 23.05 7.4
      vertex 12.9317 23.2781 8.6
      vertex 12.9317 23.2781 7.4
    endloop
  endfacet
  facet normal -0.843418 -0.537258 0
    outer loop
      vertex 12.9317 23.2781 8.6
      vertex 13.077 23.05 7.4
      vertex 13.077 23.05 8.6
    endloop
  endfacet
  facet normal 0.0436298 0.999048 -0
    outer loop
      vertex 10.3923 18.4 7.4
      vertex 10.1221 18.4118 8.6
      vertex 10.3923 18.4 8.6
    endloop
  endfacet
  facet normal 0.0436298 0.999048 0
    outer loop
      vertex 10.1221 18.4118 8.6
      vertex 10.3923 18.4 7.4
      vertex 10.1221 18.4118 7.4
    endloop
  endfacet
  facet normal -0.609014 0.79316 0
    outer loop
      vertex 12.3849 19.1253 7.4
      vertex 12.1704 18.9606 8.6
      vertex 12.3849 19.1253 8.6
    endloop
  endfacet
  facet normal -0.609014 0.79316 0
    outer loop
      vertex 12.1704 18.9606 8.6
      vertex 12.3849 19.1253 7.4
      vertex 12.1704 18.9606 7.4
    endloop
  endfacet
  facet normal -0.537258 -0.843418 0
    outer loop
      vertex 11.9423 24.1847 7.4
      vertex 12.1704 24.0394 8.6
      vertex 11.9423 24.1847 8.6
    endloop
  endfacet
  facet normal -0.537258 -0.843418 -0
    outer loop
      vertex 12.1704 24.0394 8.6
      vertex 11.9423 24.1847 7.4
      vertex 12.1704 24.0394 7.4
    endloop
  endfacet
  facet normal -0.609014 -0.79316 0
    outer loop
      vertex 12.1704 24.0394 7.4
      vertex 12.3849 23.8747 8.6
      vertex 12.1704 24.0394 8.6
    endloop
  endfacet
  facet normal -0.609014 -0.79316 -0
    outer loop
      vertex 12.3849 23.8747 8.6
      vertex 12.1704 24.0394 7.4
      vertex 12.3849 23.8747 7.4
    endloop
  endfacet
  facet normal -0.130541 0.991443 0
    outer loop
      vertex 10.9306 18.4471 7.4
      vertex 10.6625 18.4118 8.6
      vertex 10.9306 18.4471 8.6
    endloop
  endfacet
  facet normal -0.130541 0.991443 0
    outer loop
      vertex 10.6625 18.4118 8.6
      vertex 10.9306 18.4471 7.4
      vertex 10.6625 18.4118 7.4
    endloop
  endfacet
  facet normal -0.976317 0.216343 0
    outer loop
      vertex 13.3867 20.6977 7.4
      vertex 13.4452 20.9617 8.6
      vertex 13.4452 20.9617 7.4
    endloop
  endfacet
  facet normal -0.976317 0.216343 0
    outer loop
      vertex 13.4452 20.9617 8.6
      vertex 13.3867 20.6977 7.4
      vertex 13.3867 20.6977 8.6
    endloop
  endfacet
  facet normal 0.382395 0.923999 -0
    outer loop
      vertex 9.33204 18.587 7.4
      vertex 9.08219 18.6904 8.6
      vertex 9.33204 18.587 8.6
    endloop
  endfacet
  facet normal 0.382395 0.923999 0
    outer loop
      vertex 9.08219 18.6904 8.6
      vertex 9.33204 18.587 7.4
      vertex 9.08219 18.6904 7.4
    endloop
  endfacet
  facet normal -0.737308 -0.675557 0
    outer loop
      vertex 12.767 23.4926 7.4
      vertex 12.5843 23.692 8.6
      vertex 12.5843 23.692 7.4
    endloop
  endfacet
  facet normal -0.737308 -0.675557 0
    outer loop
      vertex 12.5843 23.692 8.6
      vertex 12.767 23.4926 7.4
      vertex 12.767 23.4926 8.6
    endloop
  endfacet
  facet normal 0.300969 0.953634 -0
    outer loop
      vertex 9.58996 18.5056 7.4
      vertex 9.33204 18.587 8.6
      vertex 9.58996 18.5056 8.6
    endloop
  endfacet
  facet normal 0.300969 0.953634 0
    outer loop
      vertex 9.33204 18.587 8.6
      vertex 9.58996 18.5056 7.4
      vertex 9.33204 18.587 7.4
    endloop
  endfacet
  facet normal -0.675557 0.737308 0
    outer loop
      vertex 12.5843 19.308 7.4
      vertex 12.3849 19.1253 8.6
      vertex 12.5843 19.308 8.6
    endloop
  endfacet
  facet normal -0.675557 0.737308 0
    outer loop
      vertex 12.3849 19.1253 8.6
      vertex 12.5843 19.308 7.4
      vertex 12.3849 19.1253 7.4
    endloop
  endfacet
  facet normal -0.886987 -0.461795 0
    outer loop
      vertex 13.2019 22.8101 7.4
      vertex 13.077 23.05 8.6
      vertex 13.077 23.05 7.4
    endloop
  endfacet
  facet normal -0.886987 -0.461795 0
    outer loop
      vertex 13.077 23.05 8.6
      vertex 13.2019 22.8101 7.4
      vertex 13.2019 22.8101 8.6
    endloop
  endfacet
  facet normal 0.0431758 -0.999067 0
    outer loop
      vertex 10.2928 24.5957 7.4
      vertex 10.3923 24.6 8.6
      vertex 10.2928 24.5957 8.6
    endloop
  endfacet
  facet normal 0.0431758 -0.999067 0
    outer loop
      vertex 10.3923 24.6 8.6
      vertex 10.2928 24.5957 7.4
      vertex 10.3923 24.6 7.4
    endloop
  endfacet
  facet normal -0.953767 0.300547 0
    outer loop
      vertex 13.3054 20.4397 7.4
      vertex 13.3867 20.6977 8.6
      vertex 13.3867 20.6977 7.4
    endloop
  endfacet
  facet normal -0.953767 0.300547 0
    outer loop
      vertex 13.3867 20.6977 8.6
      vertex 13.3054 20.4397 7.4
      vertex 13.3054 20.4397 8.6
    endloop
  endfacet
  facet normal -0.737308 0.675557 0
    outer loop
      vertex 12.5843 19.308 7.4
      vertex 12.767 19.5074 8.6
      vertex 12.767 19.5074 7.4
    endloop
  endfacet
  facet normal -0.737308 0.675557 0
    outer loop
      vertex 12.767 19.5074 8.6
      vertex 12.5843 19.308 7.4
      vertex 12.5843 19.308 8.6
    endloop
  endfacet
  facet normal -0.999048 0.0436298 0
    outer loop
      vertex 13.4805 21.2298 7.4
      vertex 13.4923 21.5 8.6
      vertex 13.4923 21.5 7.4
    endloop
  endfacet
  facet normal -0.999048 0.0436298 0
    outer loop
      vertex 13.4923 21.5 8.6
      vertex 13.4805 21.2298 7.4
      vertex 13.4805 21.2298 8.6
    endloop
  endfacet
  facet normal 0.130541 0.991443 -0
    outer loop
      vertex 10.1221 18.4118 7.4
      vertex 9.854 18.4471 8.6
      vertex 10.1221 18.4118 8.6
    endloop
  endfacet
  facet normal 0.130541 0.991443 0
    outer loop
      vertex 9.854 18.4471 8.6
      vertex 10.1221 18.4118 7.4
      vertex 9.854 18.4471 7.4
    endloop
  endfacet
  facet normal -0.0436298 -0.999048 0
    outer loop
      vertex 10.3923 24.6 7.4
      vertex 10.6625 24.5882 8.6
      vertex 10.3923 24.6 8.6
    endloop
  endfacet
  facet normal -0.0436298 -0.999048 -0
    outer loop
      vertex 10.6625 24.5882 8.6
      vertex 10.3923 24.6 7.4
      vertex 10.6625 24.5882 7.4
    endloop
  endfacet
  facet normal 0.608906 0.793242 -0
    outer loop
      vertex 8.61422 18.9606 7.4
      vertex 8.39966 19.1253 8.6
      vertex 8.61422 18.9606 8.6
    endloop
  endfacet
  facet normal 0.608906 0.793242 0
    outer loop
      vertex 8.39966 19.1253 8.6
      vertex 8.61422 18.9606 7.4
      vertex 8.39966 19.1253 7.4
    endloop
  endfacet
  facet normal 0.46181 0.886979 -0
    outer loop
      vertex 9.08219 18.6904 7.4
      vertex 8.8423 18.8153 8.6
      vertex 9.08219 18.6904 8.6
    endloop
  endfacet
  facet normal 0.46181 0.886979 0
    outer loop
      vertex 8.8423 18.8153 8.6
      vertex 9.08219 18.6904 7.4
      vertex 8.8423 18.8153 7.4
    endloop
  endfacet
  facet normal 0.737308 0.675557 0
    outer loop
      vertex 8.20027 19.308 8.6
      vertex 8.01757 19.5074 7.4
      vertex 8.01757 19.5074 8.6
    endloop
  endfacet
  facet normal 0.737308 0.675557 0
    outer loop
      vertex 8.01757 19.5074 7.4
      vertex 8.20027 19.308 8.6
      vertex 8.20027 19.308 7.4
    endloop
  endfacet
  facet normal 0.675576 0.737291 -0
    outer loop
      vertex 8.39966 19.1253 7.4
      vertex 8.20027 19.308 8.6
      vertex 8.39966 19.1253 8.6
    endloop
  endfacet
  facet normal 0.675576 0.737291 0
    outer loop
      vertex 8.20027 19.308 8.6
      vertex 8.39966 19.1253 7.4
      vertex 8.20027 19.308 7.4
    endloop
  endfacet
  facet normal 0.793267 0.608874 0
    outer loop
      vertex 8.01757 19.5074 8.6
      vertex 7.85293 19.7219 7.4
      vertex 7.85293 19.7219 8.6
    endloop
  endfacet
  facet normal 0.793267 0.608874 0
    outer loop
      vertex 7.85293 19.7219 7.4
      vertex 8.01757 19.5074 8.6
      vertex 8.01757 19.5074 7.4
    endloop
  endfacet
  facet normal -0.300884 -0.953661 0
    outer loop
      vertex 11.1946 24.4944 7.4
      vertex 11.4526 24.413 8.6
      vertex 11.1946 24.4944 8.6
    endloop
  endfacet
  facet normal -0.300884 -0.953661 -0
    outer loop
      vertex 11.4526 24.413 8.6
      vertex 11.1946 24.4944 7.4
      vertex 11.4526 24.413 7.4
    endloop
  endfacet
  facet normal -0.382461 0.923972 0
    outer loop
      vertex 11.7024 18.6904 7.4
      vertex 11.4526 18.587 8.6
      vertex 11.7024 18.6904 8.6
    endloop
  endfacet
  facet normal -0.382461 0.923972 0
    outer loop
      vertex 11.4526 18.587 8.6
      vertex 11.7024 18.6904 7.4
      vertex 11.4526 18.587 7.4
    endloop
  endfacet
  facet normal -0.537258 0.843418 0
    outer loop
      vertex 12.1704 18.9606 7.4
      vertex 11.9423 18.8153 8.6
      vertex 12.1704 18.9606 8.6
    endloop
  endfacet
  facet normal -0.537258 0.843418 0
    outer loop
      vertex 11.9423 18.8153 8.6
      vertex 12.1704 18.9606 7.4
      vertex 11.9423 18.8153 7.4
    endloop
  endfacet
  facet normal -0.216343 -0.976317 0
    outer loop
      vertex 10.9306 24.5529 7.4
      vertex 11.1946 24.4944 8.6
      vertex 10.9306 24.5529 8.6
    endloop
  endfacet
  facet normal -0.216343 -0.976317 -0
    outer loop
      vertex 11.1946 24.4944 8.6
      vertex 10.9306 24.5529 7.4
      vertex 11.1946 24.4944 7.4
    endloop
  endfacet
  facet normal -0.130541 -0.991443 0
    outer loop
      vertex 10.6625 24.5882 7.4
      vertex 10.9306 24.5529 8.6
      vertex 10.6625 24.5882 8.6
    endloop
  endfacet
  facet normal -0.130541 -0.991443 -0
    outer loop
      vertex 10.9306 24.5529 8.6
      vertex 10.6625 24.5882 7.4
      vertex 10.9306 24.5529 7.4
    endloop
  endfacet
  facet normal 0 0 1
    outer loop
      vertex 12.9923 21.5 7.4
      vertex 13.4923 21.5 7.4
      vertex 13.4805 21.7702 7.4
    endloop
  endfacet
  facet normal 0 0 1
    outer loop
      vertex 12.9824 21.7266 7.4
      vertex 13.4805 21.7702 7.4
      vertex 13.4452 22.0383 7.4
    endloop
  endfacet
  facet normal 0 0 1
    outer loop
      vertex 13.4923 21.5 7.4
      vertex 12.9923 21.5 7.4
      vertex 13.4805 21.2298 7.4
    endloop
  endfacet
  facet normal 0 0 1
    outer loop
      vertex 12.9528 21.9515 7.4
      vertex 13.4452 22.0383 7.4
      vertex 13.3867 22.3023 7.4
    endloop
  endfacet
  facet normal -0 0 1
    outer loop
      vertex 12.9824 21.2734 7.4
      vertex 13.4805 21.2298 7.4
      vertex 12.9923 21.5 7.4
    endloop
  endfacet
  facet normal 0 0 1
    outer loop
      vertex 12.9037 22.1729 7.4
      vertex 13.3867 22.3023 7.4
      vertex 13.3054 22.5603 7.4
    endloop
  endfacet
  facet normal 0 0 1
    outer loop
      vertex 13.4805 21.2298 7.4
      vertex 12.9824 21.2734 7.4
      vertex 13.4452 20.9617 7.4
    endloop
  endfacet
  facet normal 0 0 1
    outer loop
      vertex 12.8355 22.3893 7.4
      vertex 13.3054 22.5603 7.4
      vertex 13.2019 22.8101 7.4
    endloop
  endfacet
  facet normal -0 0 1
    outer loop
      vertex 12.9528 21.0485 7.4
      vertex 13.4452 20.9617 7.4
      vertex 12.9824 21.2734 7.4
    endloop
  endfacet
  facet normal 0 0 1
    outer loop
      vertex 12.7487 22.5988 7.4
      vertex 13.2019 22.8101 7.4
      vertex 13.077 23.05 7.4
    endloop
  endfacet
  facet normal 0 0 1
    outer loop
      vertex 13.4452 20.9617 7.4
      vertex 12.9528 21.0485 7.4
      vertex 13.3867 20.6977 7.4
    endloop
  endfacet
  facet normal -0 0 1
    outer loop
      vertex 12.9037 20.8271 7.4
      vertex 13.3867 20.6977 7.4
      vertex 12.9528 21.0485 7.4
    endloop
  endfacet
  facet normal 0 0 1
    outer loop
      vertex 13.4805 21.7702 7.4
      vertex 12.9824 21.7266 7.4
      vertex 12.9923 21.5 7.4
    endloop
  endfacet
  facet normal 0 0 1
    outer loop
      vertex 13.4452 22.0383 7.4
      vertex 12.9528 21.9515 7.4
      vertex 12.9824 21.7266 7.4
    endloop
  endfacet
  facet normal 0 0 1
    outer loop
      vertex 12.644 22.8 7.4
      vertex 13.077 23.05 7.4
      vertex 12.9317 23.2781 7.4
    endloop
  endfacet
  facet normal 0 0 1
    outer loop
      vertex 13.3867 22.3023 7.4
      vertex 12.9037 22.1729 7.4
      vertex 12.9528 21.9515 7.4
    endloop
  endfacet
  facet normal 0 0 1
    outer loop
      vertex 13.3054 22.5603 7.4
      vertex 12.8355 22.3893 7.4
      vertex 12.9037 22.1729 7.4
    endloop
  endfacet
  facet normal 0 0 1
    outer loop
      vertex 12.5221 22.9913 7.4
      vertex 12.9317 23.2781 7.4
      vertex 12.767 23.4926 7.4
    endloop
  endfacet
  facet normal 0 0 1
    outer loop
      vertex 13.2019 22.8101 7.4
      vertex 12.7487 22.5988 7.4
      vertex 12.8355 22.3893 7.4
    endloop
  endfacet
  facet normal 0 0 1
    outer loop
      vertex 13.077 23.05 7.4
      vertex 12.644 22.8 7.4
      vertex 12.7487 22.5988 7.4
    endloop
  endfacet
  facet normal 0 0 1
    outer loop
      vertex 12.384 23.1712 7.4
      vertex 12.767 23.4926 7.4
      vertex 12.5843 23.692 7.4
    endloop
  endfacet
  facet normal 0 0 1
    outer loop
      vertex 12.9317 23.2781 7.4
      vertex 12.5221 22.9913 7.4
      vertex 12.644 22.8 7.4
    endloop
  endfacet
  facet normal 0 0 1
    outer loop
      vertex 12.2308 23.3385 7.4
      vertex 12.5843 23.692 7.4
      vertex 12.3849 23.8747 7.4
    endloop
  endfacet
  facet normal 0 0 1
    outer loop
      vertex 12.767 23.4926 7.4
      vertex 12.384 23.1712 7.4
      vertex 12.5221 22.9913 7.4
    endloop
  endfacet
  facet normal 0 0 1
    outer loop
      vertex 12.5843 23.692 7.4
      vertex 12.2308 23.3385 7.4
      vertex 12.384 23.1712 7.4
    endloop
  endfacet
  facet normal 0 0 1
    outer loop
      vertex 12.0636 23.4917 7.4
      vertex 12.3849 23.8747 7.4
      vertex 12.1704 24.0394 7.4
    endloop
  endfacet
  facet normal 0 0 1
    outer loop
      vertex 12.3849 23.8747 7.4
      vertex 12.0636 23.4917 7.4
      vertex 12.2308 23.3385 7.4
    endloop
  endfacet
  facet normal 0 0 1
    outer loop
      vertex 11.8836 23.6298 7.4
      vertex 12.1704 24.0394 7.4
      vertex 11.9423 24.1847 7.4
    endloop
  endfacet
  facet normal 0 0 1
    outer loop
      vertex 12.1704 24.0394 7.4
      vertex 11.8836 23.6298 7.4
      vertex 12.0636 23.4917 7.4
    endloop
  endfacet
  facet normal 0 0 1
    outer loop
      vertex 11.6923 23.7517 7.4
      vertex 11.9423 24.1847 7.4
      vertex 11.7024 24.3096 7.4
    endloop
  endfacet
  facet normal 0 0 1
    outer loop
      vertex 11.9423 24.1847 7.4
      vertex 11.6923 23.7517 7.4
      vertex 11.8836 23.6298 7.4
    endloop
  endfacet
  facet normal 0 0 1
    outer loop
      vertex 11.7024 24.3096 7.4
      vertex 11.4911 23.8564 7.4
      vertex 11.6923 23.7517 7.4
    endloop
  endfacet
  facet normal 0 0 1
    outer loop
      vertex 11.4526 24.413 7.4
      vertex 11.4911 23.8564 7.4
      vertex 11.7024 24.3096 7.4
    endloop
  endfacet
  facet normal 0 0 1
    outer loop
      vertex 11.4526 24.413 7.4
      vertex 11.2816 23.9432 7.4
      vertex 11.4911 23.8564 7.4
    endloop
  endfacet
  facet normal 0 0 1
    outer loop
      vertex 11.1946 24.4944 7.4
      vertex 11.2816 23.9432 7.4
      vertex 11.4526 24.413 7.4
    endloop
  endfacet
  facet normal 0 0 1
    outer loop
      vertex 11.1946 24.4944 7.4
      vertex 11.0652 24.0114 7.4
      vertex 11.2816 23.9432 7.4
    endloop
  endfacet
  facet normal 0 0 1
    outer loop
      vertex 10.9306 24.5529 7.4
      vertex 11.0652 24.0114 7.4
      vertex 11.1946 24.4944 7.4
    endloop
  endfacet
  facet normal 0 0 1
    outer loop
      vertex 10.9306 24.5529 7.4
      vertex 10.8438 24.0605 7.4
      vertex 11.0652 24.0114 7.4
    endloop
  endfacet
  facet normal 0 0 1
    outer loop
      vertex 10.6625 24.5882 7.4
      vertex 10.8438 24.0605 7.4
      vertex 10.9306 24.5529 7.4
    endloop
  endfacet
  facet normal 0 0 1
    outer loop
      vertex 10.6625 24.5882 7.4
      vertex 10.6189 24.0901 7.4
      vertex 10.8438 24.0605 7.4
    endloop
  endfacet
  facet normal 0 0 1
    outer loop
      vertex 10.3923 24.6 7.4
      vertex 10.6189 24.0901 7.4
      vertex 10.6625 24.5882 7.4
    endloop
  endfacet
  facet normal 0 0 1
    outer loop
      vertex 10.3923 24.6 7.4
      vertex 10.3923 24.1 7.4
      vertex 10.6189 24.0901 7.4
    endloop
  endfacet
  facet normal -0 0 1
    outer loop
      vertex 10.2928 24.5957 7.4
      vertex 10.3923 24.1 7.4
      vertex 10.3923 24.6 7.4
    endloop
  endfacet
  facet normal 0 0 1
    outer loop
      vertex 10.2928 24.5957 7.4
      vertex 10.1657 24.0901 7.4
      vertex 10.3923 24.1 7.4
    endloop
  endfacet
  facet normal 0 -0 1
    outer loop
      vertex 10.1657 24.0901 7.4
      vertex 10.2928 24.5957 7.4
      vertex 10.1321 24.0857 7.4
    endloop
  endfacet
  facet normal 0 0 1
    outer loop
      vertex 13.3867 20.6977 7.4
      vertex 12.9037 20.8271 7.4
      vertex 13.3054 20.4397 7.4
    endloop
  endfacet
  facet normal -0 0 1
    outer loop
      vertex 12.8355 20.6107 7.4
      vertex 13.3054 20.4397 7.4
      vertex 12.9037 20.8271 7.4
    endloop
  endfacet
  facet normal 0 0 1
    outer loop
      vertex 13.3054 20.4397 7.4
      vertex 12.8355 20.6107 7.4
      vertex 13.2019 20.1899 7.4
    endloop
  endfacet
  facet normal -0 0 1
    outer loop
      vertex 12.7487 20.4012 7.4
      vertex 13.2019 20.1899 7.4
      vertex 12.8355 20.6107 7.4
    endloop
  endfacet
  facet normal 0 0 1
    outer loop
      vertex 13.2019 20.1899 7.4
      vertex 12.7487 20.4012 7.4
      vertex 13.077 19.95 7.4
    endloop
  endfacet
  facet normal -0 0 1
    outer loop
      vertex 12.644 20.2 7.4
      vertex 13.077 19.95 7.4
      vertex 12.7487 20.4012 7.4
    endloop
  endfacet
  facet normal 0 0 1
    outer loop
      vertex 13.077 19.95 7.4
      vertex 12.644 20.2 7.4
      vertex 12.9317 19.7219 7.4
    endloop
  endfacet
  facet normal -0 0 1
    outer loop
      vertex 12.5221 20.0087 7.4
      vertex 12.9317 19.7219 7.4
      vertex 12.644 20.2 7.4
    endloop
  endfacet
  facet normal 0 0 1
    outer loop
      vertex 12.9317 19.7219 7.4
      vertex 12.5221 20.0087 7.4
      vertex 12.767 19.5074 7.4
    endloop
  endfacet
  facet normal -0 0 1
    outer loop
      vertex 12.384 19.8288 7.4
      vertex 12.767 19.5074 7.4
      vertex 12.5221 20.0087 7.4
    endloop
  endfacet
  facet normal 0 0 1
    outer loop
      vertex 12.767 19.5074 7.4
      vertex 12.384 19.8288 7.4
      vertex 12.5843 19.308 7.4
    endloop
  endfacet
  facet normal -0 0 1
    outer loop
      vertex 12.2308 19.6615 7.4
      vertex 12.5843 19.308 7.4
      vertex 12.384 19.8288 7.4
    endloop
  endfacet
  facet normal 0 0 1
    outer loop
      vertex 12.5843 19.308 7.4
      vertex 12.2308 19.6615 7.4
      vertex 12.3849 19.1253 7.4
    endloop
  endfacet
  facet normal -0 0 1
    outer loop
      vertex 12.0636 19.5083 7.4
      vertex 12.3849 19.1253 7.4
      vertex 12.2308 19.6615 7.4
    endloop
  endfacet
  facet normal 0 0 1
    outer loop
      vertex 12.3849 19.1253 7.4
      vertex 12.0636 19.5083 7.4
      vertex 12.1704 18.9606 7.4
    endloop
  endfacet
  facet normal -0 0 1
    outer loop
      vertex 11.8836 19.3702 7.4
      vertex 12.1704 18.9606 7.4
      vertex 12.0636 19.5083 7.4
    endloop
  endfacet
  facet normal 0 0 1
    outer loop
      vertex 12.1704 18.9606 7.4
      vertex 11.8836 19.3702 7.4
      vertex 11.9423 18.8153 7.4
    endloop
  endfacet
  facet normal -0 0 1
    outer loop
      vertex 11.6923 19.2483 7.4
      vertex 11.9423 18.8153 7.4
      vertex 11.8836 19.3702 7.4
    endloop
  endfacet
  facet normal 0 0 1
    outer loop
      vertex 11.9423 18.8153 7.4
      vertex 11.6923 19.2483 7.4
      vertex 11.7024 18.6904 7.4
    endloop
  endfacet
  facet normal -0 0 1
    outer loop
      vertex 11.4911 19.1436 7.4
      vertex 11.7024 18.6904 7.4
      vertex 11.6923 19.2483 7.4
    endloop
  endfacet
  facet normal 0 0 1
    outer loop
      vertex 11.4911 19.1436 7.4
      vertex 11.4526 18.587 7.4
      vertex 11.7024 18.6904 7.4
    endloop
  endfacet
  facet normal -0 0 1
    outer loop
      vertex 11.2816 19.0568 7.4
      vertex 11.4526 18.587 7.4
      vertex 11.4911 19.1436 7.4
    endloop
  endfacet
  facet normal 0 0 1
    outer loop
      vertex 11.2816 19.0568 7.4
      vertex 11.1946 18.5056 7.4
      vertex 11.4526 18.587 7.4
    endloop
  endfacet
  facet normal -0 0 1
    outer loop
      vertex 11.0652 18.9886 7.4
      vertex 11.1946 18.5056 7.4
      vertex 11.2816 19.0568 7.4
    endloop
  endfacet
  facet normal 0 0 1
    outer loop
      vertex 11.0652 18.9886 7.4
      vertex 10.9306 18.4471 7.4
      vertex 11.1946 18.5056 7.4
    endloop
  endfacet
  facet normal -0 0 1
    outer loop
      vertex 10.8438 18.9395 7.4
      vertex 10.9306 18.4471 7.4
      vertex 11.0652 18.9886 7.4
    endloop
  endfacet
  facet normal 0 0 1
    outer loop
      vertex 10.8438 18.9395 7.4
      vertex 10.6625 18.4118 7.4
      vertex 10.9306 18.4471 7.4
    endloop
  endfacet
  facet normal -0 0 1
    outer loop
      vertex 10.6189 18.9099 7.4
      vertex 10.6625 18.4118 7.4
      vertex 10.8438 18.9395 7.4
    endloop
  endfacet
  facet normal -0 0 1
    outer loop
      vertex 10.3923 18.9 7.4
      vertex 10.6625 18.4118 7.4
      vertex 10.6189 18.9099 7.4
    endloop
  endfacet
  facet normal 0 0 1
    outer loop
      vertex 10.3923 18.9 7.4
      vertex 10.3923 18.4 7.4
      vertex 10.6625 18.4118 7.4
    endloop
  endfacet
  facet normal 0 0 1
    outer loop
      vertex 10.1657 18.9099 7.4
      vertex 10.3923 18.4 7.4
      vertex 10.3923 18.9 7.4
    endloop
  endfacet
  facet normal 0 0 1
    outer loop
      vertex 10.1657 18.9099 7.4
      vertex 10.1221 18.4118 7.4
      vertex 10.3923 18.4 7.4
    endloop
  endfacet
  facet normal 0 0 1
    outer loop
      vertex 9.94082 18.9395 7.4
      vertex 10.1221 18.4118 7.4
      vertex 10.1657 18.9099 7.4
    endloop
  endfacet
  facet normal 0 0 1
    outer loop
      vertex 9.94082 18.9395 7.4
      vertex 9.854 18.4471 7.4
      vertex 10.1221 18.4118 7.4
    endloop
  endfacet
  facet normal 0 0 1
    outer loop
      vertex 9.71937 18.9886 7.4
      vertex 9.854 18.4471 7.4
      vertex 9.94082 18.9395 7.4
    endloop
  endfacet
  facet normal 0 0 1
    outer loop
      vertex 9.71937 18.9886 7.4
      vertex 9.58996 18.5056 7.4
      vertex 9.854 18.4471 7.4
    endloop
  endfacet
  facet normal 0 0 1
    outer loop
      vertex 9.50305 19.0568 7.4
      vertex 9.58996 18.5056 7.4
      vertex 9.71937 18.9886 7.4
    endloop
  endfacet
  facet normal 0 0 1
    outer loop
      vertex 9.50305 19.0568 7.4
      vertex 9.33204 18.587 7.4
      vertex 9.58996 18.5056 7.4
    endloop
  endfacet
  facet normal 0 0 1
    outer loop
      vertex 9.2935 19.1436 7.4
      vertex 9.33204 18.587 7.4
      vertex 9.50305 19.0568 7.4
    endloop
  endfacet
  facet normal 0 0 1
    outer loop
      vertex 9.08219 18.6904 7.4
      vertex 9.2935 19.1436 7.4
      vertex 9.0923 19.2483 7.4
    endloop
  endfacet
  facet normal 0 0 1
    outer loop
      vertex 9.2935 19.1436 7.4
      vertex 9.08219 18.6904 7.4
      vertex 9.33204 18.587 7.4
    endloop
  endfacet
  facet normal 0 0 1
    outer loop
      vertex 8.8423 18.8153 7.4
      vertex 9.0923 19.2483 7.4
      vertex 8.90101 19.3702 7.4
    endloop
  endfacet
  facet normal 0 0 1
    outer loop
      vertex 9.0923 19.2483 7.4
      vertex 8.8423 18.8153 7.4
      vertex 9.08219 18.6904 7.4
    endloop
  endfacet
  facet normal 0 0 1
    outer loop
      vertex 8.61422 18.9606 7.4
      vertex 8.90101 19.3702 7.4
      vertex 8.72106 19.5083 7.4
    endloop
  endfacet
  facet normal 0 0 1
    outer loop
      vertex 8.90101 19.3702 7.4
      vertex 8.61422 18.9606 7.4
      vertex 8.8423 18.8153 7.4
    endloop
  endfacet
  facet normal 0 0 1
    outer loop
      vertex 8.39966 19.1253 7.4
      vertex 8.72106 19.5083 7.4
      vertex 8.55383 19.6615 7.4
    endloop
  endfacet
  facet normal 0 0 1
    outer loop
      vertex 8.20027 19.308 7.4
      vertex 8.55383 19.6615 7.4
      vertex 8.40059 19.8288 7.4
    endloop
  endfacet
  facet normal 0 0 1
    outer loop
      vertex 8.72106 19.5083 7.4
      vertex 8.39966 19.1253 7.4
      vertex 8.61422 18.9606 7.4
    endloop
  endfacet
  facet normal 0 0 1
    outer loop
      vertex 8.01757 19.5074 7.4
      vertex 8.40059 19.8288 7.4
      vertex 8.26251 20.0087 7.4
    endloop
  endfacet
  facet normal 0 0 1
    outer loop
      vertex 8.55383 19.6615 7.4
      vertex 8.20027 19.308 7.4
      vertex 8.39966 19.1253 7.4
    endloop
  endfacet
  facet normal 0 0 1
    outer loop
      vertex 7.85293 19.7219 7.4
      vertex 8.26251 20.0087 7.4
      vertex 8.14064 20.2 7.4
    endloop
  endfacet
  facet normal 0 0 1
    outer loop
      vertex 7.66166 20.0383 7.4
      vertex 8.14064 20.2 7.4
      vertex 8.0359 20.4012 7.4
    endloop
  endfacet
  facet normal 0 0 1
    outer loop
      vertex 7.66166 20.0383 7.4
      vertex 8.0359 20.4012 7.4
      vertex 8.02292 20.4325 7.4
    endloop
  endfacet
  facet normal 0 0 1
    outer loop
      vertex 8.40059 19.8288 7.4
      vertex 8.01757 19.5074 7.4
      vertex 8.20027 19.308 7.4
    endloop
  endfacet
  facet normal 0 0 1
    outer loop
      vertex 8.26251 20.0087 7.4
      vertex 7.85293 19.7219 7.4
      vertex 8.01757 19.5074 7.4
    endloop
  endfacet
  facet normal 0 0 1
    outer loop
      vertex 8.14064 20.2 7.4
      vertex 7.70763 19.95 7.4
      vertex 7.85293 19.7219 7.4
    endloop
  endfacet
  facet normal 0 0 1
    outer loop
      vertex 8.14064 20.2 7.4
      vertex 7.66166 20.0383 7.4
      vertex 7.70763 19.95 7.4
    endloop
  endfacet
  facet normal 0.216312 0.976324 -0
    outer loop
      vertex 9.854 18.4471 7.4
      vertex 9.58996 18.5056 8.6
      vertex 9.854 18.4471 8.6
    endloop
  endfacet
  facet normal 0.216312 0.976324 0
    outer loop
      vertex 9.58996 18.5056 8.6
      vertex 9.854 18.4471 7.4
      vertex 9.58996 18.5056 7.4
    endloop
  endfacet
  facet normal -0.258806 0.965929 0
    outer loop
      vertex -13.4234 35.25 -5.72205e-07
      vertex -14.7323 34.8993 8.6
      vertex -13.4234 35.25 8.6
    endloop
  endfacet
  facet normal -0.258806 0.965929 0
    outer loop
      vertex -14.7323 34.8993 8.6
      vertex -13.4234 35.25 -5.72205e-07
      vertex -14.7323 34.8993 -5.72205e-07
    endloop
  endfacet
  facet normal -0.965929 -0.258806 0
    outer loop
      vertex -13.4234 35.25 -5.72205e-07
      vertex -13.7741 36.5589 8.6
      vertex -13.7741 36.5589 -5.72205e-07
    endloop
  endfacet
  facet normal -0.965929 -0.258806 0
    outer loop
      vertex -13.7741 36.5589 8.6
      vertex -13.4234 35.25 -5.72205e-07
      vertex -13.4234 35.25 8.6
    endloop
  endfacet
  facet normal -0.99145 -0.130489 0
    outer loop
      vertex 12.9824 33.7266 -5.72205e-07
      vertex 12.9528 33.9515 7.4
      vertex 12.9528 33.9515 -5.72205e-07
    endloop
  endfacet
  facet normal -0.99145 -0.130489 0
    outer loop
      vertex 12.9528 33.9515 7.4
      vertex 12.9824 33.7266 -5.72205e-07
      vertex 12.9824 33.7266 7.4
    endloop
  endfacet
  facet normal -0.999047 -0.0436477 0
    outer loop
      vertex 12.9923 33.5 -5.72205e-07
      vertex 12.9824 33.7266 7.4
      vertex 12.9824 33.7266 -5.72205e-07
    endloop
  endfacet
  facet normal -0.999047 -0.0436477 0
    outer loop
      vertex 12.9824 33.7266 7.4
      vertex 12.9923 33.5 -5.72205e-07
      vertex 12.9923 33.5 7.4
    endloop
  endfacet
  facet normal -0.97628 -0.21651 0
    outer loop
      vertex 12.9528 33.9515 -5.72205e-07
      vertex 12.9037 34.1729 7.4
      vertex 12.9037 34.1729 -5.72205e-07
    endloop
  endfacet
  facet normal -0.97628 -0.21651 0
    outer loop
      vertex 12.9037 34.1729 7.4
      vertex 12.9528 33.9515 -5.72205e-07
      vertex 12.9528 33.9515 7.4
    endloop
  endfacet
  facet normal -0.923845 -0.382767 0
    outer loop
      vertex 12.8355 34.3893 -5.72205e-07
      vertex 12.7487 34.5988 7.4
      vertex 12.7487 34.5988 -5.72205e-07
    endloop
  endfacet
  facet normal -0.923845 -0.382767 0
    outer loop
      vertex 12.7487 34.5988 7.4
      vertex 12.8355 34.3893 -5.72205e-07
      vertex 12.8355 34.3893 7.4
    endloop
  endfacet
  facet normal 0.608816 0.793312 -0
    outer loop
      vertex 8.90101 31.3702 -5.72205e-07
      vertex 8.72106 31.5083 6.6
      vertex 8.90101 31.3702 6.6
    endloop
  endfacet
  facet normal 0.608816 0.793312 0
    outer loop
      vertex 8.72106 31.5083 6.6
      vertex 8.90101 31.3702 -5.72205e-07
      vertex 8.72106 31.5083 -5.72205e-07
    endloop
  endfacet
  facet normal -0.461616 0.88708 0
    outer loop
      vertex 11.6923 31.2483 -5.72205e-07
      vertex 11.4911 31.1436 7.4
      vertex 11.6923 31.2483 7.4
    endloop
  endfacet
  facet normal -0.461616 0.88708 0
    outer loop
      vertex 11.4911 31.1436 7.4
      vertex 11.6923 31.2483 -5.72205e-07
      vertex 11.4911 31.1436 -5.72205e-07
    endloop
  endfacet
  facet normal 0.461616 -0.88708 0
    outer loop
      vertex 9.0923 35.7517 -5.72205e-07
      vertex 9.2935 35.8564 7.4
      vertex 9.0923 35.7517 7.4
    endloop
  endfacet
  facet normal 0.461616 -0.88708 0
    outer loop
      vertex 9.2935 35.8564 7.4
      vertex 9.0923 35.7517 -5.72205e-07
      vertex 9.2935 35.8564 -5.72205e-07
    endloop
  endfacet
  facet normal 0.382689 -0.923877 0
    outer loop
      vertex 9.2935 35.8564 -5.72205e-07
      vertex 9.50305 35.9432 7.4
      vertex 9.2935 35.8564 7.4
    endloop
  endfacet
  facet normal 0.382689 -0.923877 0
    outer loop
      vertex 9.50305 35.9432 7.4
      vertex 9.2935 35.8564 -5.72205e-07
      vertex 9.50305 35.9432 -5.72205e-07
    endloop
  endfacet
  facet normal 0.923845 0.382767 0
    outer loop
      vertex 8.0359 32.4012 6.6
      vertex 7.9491 32.6107 -5.72205e-07
      vertex 7.9491 32.6107 6.6
    endloop
  endfacet
  facet normal 0.923845 0.382767 0
    outer loop
      vertex 7.9491 32.6107 -5.72205e-07
      vertex 8.0359 32.4012 6.6
      vertex 8.0359 32.4012 -5.72205e-07
    endloop
  endfacet
  facet normal -0.79323 0.608922 0
    outer loop
      vertex 12.384 31.8288 -5.72205e-07
      vertex 12.5221 32.0087 7.4
      vertex 12.5221 32.0087 -5.72205e-07
    endloop
  endfacet
  facet normal -0.79323 0.608922 0
    outer loop
      vertex 12.5221 32.0087 7.4
      vertex 12.384 31.8288 -5.72205e-07
      vertex 12.384 31.8288 7.4
    endloop
  endfacet
  facet normal -0.461616 -0.88708 0
    outer loop
      vertex 11.4911 35.8564 -5.72205e-07
      vertex 11.6923 35.7517 7.4
      vertex 11.4911 35.8564 7.4
    endloop
  endfacet
  facet normal -0.461616 -0.88708 -0
    outer loop
      vertex 11.6923 35.7517 7.4
      vertex 11.4911 35.8564 -5.72205e-07
      vertex 11.6923 35.7517 -5.72205e-07
    endloop
  endfacet
  facet normal -0.21651 0.97628 0
    outer loop
      vertex 11.0652 30.9886 -5.72205e-07
      vertex 10.8438 30.9395 7.4
      vertex 11.0652 30.9886 7.4
    endloop
  endfacet
  facet normal -0.21651 0.97628 0
    outer loop
      vertex 10.8438 30.9395 7.4
      vertex 11.0652 30.9886 -5.72205e-07
      vertex 10.8438 30.9395 -5.72205e-07
    endloop
  endfacet
  facet normal -0.97628 0.21651 0
    outer loop
      vertex 12.9037 32.8271 -5.72205e-07
      vertex 12.9528 33.0485 7.4
      vertex 12.9528 33.0485 -5.72205e-07
    endloop
  endfacet
  facet normal -0.97628 0.21651 0
    outer loop
      vertex 12.9528 33.0485 7.4
      vertex 12.9037 32.8271 -5.72205e-07
      vertex 12.9037 32.8271 7.4
    endloop
  endfacet
  facet normal -0.843335 0.537389 0
    outer loop
      vertex 12.5221 32.0087 -5.72205e-07
      vertex 12.644 32.2 7.4
      vertex 12.644 32.2 -5.72205e-07
    endloop
  endfacet
  facet normal -0.843335 0.537389 0
    outer loop
      vertex 12.644 32.2 7.4
      vertex 12.5221 32.0087 -5.72205e-07
      vertex 12.5221 32.0087 7.4
    endloop
  endfacet
  facet normal -0.99145 0.130489 0
    outer loop
      vertex 12.9528 33.0485 -5.72205e-07
      vertex 12.9824 33.2734 7.4
      vertex 12.9824 33.2734 -5.72205e-07
    endloop
  endfacet
  facet normal -0.99145 0.130489 0
    outer loop
      vertex 12.9824 33.2734 7.4
      vertex 12.9528 33.0485 -5.72205e-07
      vertex 12.9528 33.0485 7.4
    endloop
  endfacet
  facet normal -0.953756 -0.300583 0
    outer loop
      vertex 12.9037 34.1729 -5.72205e-07
      vertex 12.8355 34.3893 7.4
      vertex 12.8355 34.3893 -5.72205e-07
    endloop
  endfacet
  facet normal -0.953756 -0.300583 0
    outer loop
      vertex 12.8355 34.3893 7.4
      vertex 12.9037 34.1729 -5.72205e-07
      vertex 12.9037 34.1729 7.4
    endloop
  endfacet
  facet normal 0.0436477 -0.999047 0
    outer loop
      vertex 10.1657 36.0901 -5.72205e-07
      vertex 10.3923 36.1 7.4
      vertex 10.1657 36.0901 7.4
    endloop
  endfacet
  facet normal 0.0436477 -0.999047 0
    outer loop
      vertex 10.3923 36.1 7.4
      vertex 10.1657 36.0901 -5.72205e-07
      vertex 10.3923 36.1 -5.72205e-07
    endloop
  endfacet
  facet normal 0.953756 0.300583 0
    outer loop
      vertex 7.9491 32.6107 6.6
      vertex 7.8809 32.8271 -5.72205e-07
      vertex 7.8809 32.8271 6.6
    endloop
  endfacet
  facet normal 0.953756 0.300583 0
    outer loop
      vertex 7.8809 32.8271 -5.72205e-07
      vertex 7.9491 32.6107 6.6
      vertex 7.9491 32.6107 -5.72205e-07
    endloop
  endfacet
  facet normal 0.793273 0.608867 0
    outer loop
      vertex 8.40059 31.8288 6.6
      vertex 8.26251 32.0087 -5.72205e-07
      vertex 8.26251 32.0087 6.6
    endloop
  endfacet
  facet normal 0.793273 0.608867 0
    outer loop
      vertex 8.26251 32.0087 -5.72205e-07
      vertex 8.40059 31.8288 6.6
      vertex 8.40059 31.8288 -5.72205e-07
    endloop
  endfacet
  facet normal -0.953756 0.300583 0
    outer loop
      vertex 12.8355 32.6107 -5.72205e-07
      vertex 12.9037 32.8271 7.4
      vertex 12.9037 32.8271 -5.72205e-07
    endloop
  endfacet
  facet normal -0.953756 0.300583 0
    outer loop
      vertex 12.9037 32.8271 7.4
      vertex 12.8355 32.6107 -5.72205e-07
      vertex 12.8355 32.6107 7.4
    endloop
  endfacet
  facet normal -0.923845 0.382767 0
    outer loop
      vertex 12.7487 32.4012 -5.72205e-07
      vertex 12.8355 32.6107 7.4
      vertex 12.8355 32.6107 -5.72205e-07
    endloop
  endfacet
  facet normal -0.923845 0.382767 0
    outer loop
      vertex 12.8355 32.6107 7.4
      vertex 12.7487 32.4012 -5.72205e-07
      vertex 12.7487 32.4012 7.4
    endloop
  endfacet
  facet normal -0.79323 -0.608922 0
    outer loop
      vertex 12.5221 34.9913 -5.72205e-07
      vertex 12.384 35.1712 7.4
      vertex 12.384 35.1712 -5.72205e-07
    endloop
  endfacet
  facet normal -0.79323 -0.608922 0
    outer loop
      vertex 12.384 35.1712 7.4
      vertex 12.5221 34.9913 -5.72205e-07
      vertex 12.5221 34.9913 7.4
    endloop
  endfacet
  facet normal 0.793273 -0.608867 0
    outer loop
      vertex 8.26251 34.9913 7.4
      vertex 8.40059 35.1712 -5.72205e-07
      vertex 8.40059 35.1712 7.4
    endloop
  endfacet
  facet normal 0.793273 -0.608867 0
    outer loop
      vertex 8.40059 35.1712 -5.72205e-07
      vertex 8.26251 34.9913 7.4
      vertex 8.26251 34.9913 -5.72205e-07
    endloop
  endfacet
  facet normal -0.300583 -0.953756 0
    outer loop
      vertex 11.0652 36.0114 -5.72205e-07
      vertex 11.2816 35.9432 7.4
      vertex 11.0652 36.0114 7.4
    endloop
  endfacet
  facet normal -0.300583 -0.953756 -0
    outer loop
      vertex 11.2816 35.9432 7.4
      vertex 11.0652 36.0114 -5.72205e-07
      vertex 11.2816 35.9432 -5.72205e-07
    endloop
  endfacet
  facet normal -0.382767 -0.923845 0
    outer loop
      vertex 11.2816 35.9432 -5.72205e-07
      vertex 11.4911 35.8564 7.4
      vertex 11.2816 35.9432 7.4
    endloop
  endfacet
  facet normal -0.382767 -0.923845 -0
    outer loop
      vertex 11.4911 35.8564 7.4
      vertex 11.2816 35.9432 -5.72205e-07
      vertex 11.4911 35.8564 -5.72205e-07
    endloop
  endfacet
  facet normal 0.99145 0.130489 0
    outer loop
      vertex 7.8318 33.0485 6.6
      vertex 7.8022 33.2734 -5.72205e-07
      vertex 7.8022 33.2734 6.6
    endloop
  endfacet
  facet normal 0.99145 0.130489 0
    outer loop
      vertex 7.8022 33.2734 -5.72205e-07
      vertex 7.8318 33.0485 6.6
      vertex 7.8318 33.0485 -5.72205e-07
    endloop
  endfacet
  facet normal 0.99145 -0.130489 0
    outer loop
      vertex 7.8022 33.7266 6.6
      vertex 7.8318 33.9515 -5.72205e-07
      vertex 7.8318 33.9515 6.6
    endloop
  endfacet
  facet normal 0.99145 -0.130489 0
    outer loop
      vertex 7.8318 33.9515 -5.72205e-07
      vertex 7.8022 33.7266 6.6
      vertex 7.8022 33.7266 -5.72205e-07
    endloop
  endfacet
  facet normal -0.608709 0.793393 0
    outer loop
      vertex 12.0636 31.5083 -5.72205e-07
      vertex 11.8836 31.3702 7.4
      vertex 12.0636 31.5083 7.4
    endloop
  endfacet
  facet normal -0.608709 0.793393 0
    outer loop
      vertex 11.8836 31.3702 7.4
      vertex 12.0636 31.5083 -5.72205e-07
      vertex 11.8836 31.3702 -5.72205e-07
    endloop
  endfacet
  facet normal -0.537389 0.843335 0
    outer loop
      vertex 11.8836 31.3702 -5.72205e-07
      vertex 11.6923 31.2483 7.4
      vertex 11.8836 31.3702 7.4
    endloop
  endfacet
  facet normal -0.537389 0.843335 0
    outer loop
      vertex 11.6923 31.2483 7.4
      vertex 11.8836 31.3702 -5.72205e-07
      vertex 11.6923 31.2483 -5.72205e-07
    endloop
  endfacet
  facet normal -0.0436477 0.999047 0
    outer loop
      vertex 10.6189 30.9099 -5.72205e-07
      vertex 10.3923 30.9 7.4
      vertex 10.6189 30.9099 7.4
    endloop
  endfacet
  facet normal -0.0436477 0.999047 0
    outer loop
      vertex 10.3923 30.9 7.4
      vertex 10.6189 30.9099 -5.72205e-07
      vertex 10.3923 30.9 -5.72205e-07
    endloop
  endfacet
  facet normal -0.130489 -0.99145 0
    outer loop
      vertex 10.6189 36.0901 -5.72205e-07
      vertex 10.8438 36.0605 7.4
      vertex 10.6189 36.0901 7.4
    endloop
  endfacet
  facet normal -0.130489 -0.99145 -0
    outer loop
      vertex 10.8438 36.0605 7.4
      vertex 10.6189 36.0901 -5.72205e-07
      vertex 10.8438 36.0605 -5.72205e-07
    endloop
  endfacet
  facet normal -0.88708 -0.461616 0
    outer loop
      vertex 12.7487 34.5988 -5.72205e-07
      vertex 12.644 34.8 7.4
      vertex 12.644 34.8 -5.72205e-07
    endloop
  endfacet
  facet normal -0.88708 -0.461616 0
    outer loop
      vertex 12.644 34.8 7.4
      vertex 12.7487 34.5988 -5.72205e-07
      vertex 12.7487 34.5988 7.4
    endloop
  endfacet
  facet normal 0.537409 -0.843322 0
    outer loop
      vertex 8.90101 35.6298 -5.72205e-07
      vertex 9.0923 35.7517 7.4
      vertex 8.90101 35.6298 7.4
    endloop
  endfacet
  facet normal 0.537409 -0.843322 0
    outer loop
      vertex 9.0923 35.7517 7.4
      vertex 8.90101 35.6298 -5.72205e-07
      vertex 9.0923 35.7517 -5.72205e-07
    endloop
  endfacet
  facet normal 0.300684 -0.953724 0
    outer loop
      vertex 9.50305 35.9432 -5.72205e-07
      vertex 9.71937 36.0114 7.4
      vertex 9.50305 35.9432 7.4
    endloop
  endfacet
  facet normal 0.300684 -0.953724 0
    outer loop
      vertex 9.71937 36.0114 7.4
      vertex 9.50305 35.9432 -5.72205e-07
      vertex 9.71937 36.0114 -5.72205e-07
    endloop
  endfacet
  facet normal -0.537389 -0.843335 0
    outer loop
      vertex 11.6923 35.7517 -5.72205e-07
      vertex 11.8836 35.6298 7.4
      vertex 11.6923 35.7517 7.4
    endloop
  endfacet
  facet normal -0.537389 -0.843335 -0
    outer loop
      vertex 11.8836 35.6298 7.4
      vertex 11.6923 35.7517 -5.72205e-07
      vertex 11.8836 35.6298 -5.72205e-07
    endloop
  endfacet
  facet normal 0.843395 0.537295 0
    outer loop
      vertex 8.26251 32.0087 6.6
      vertex 8.14064 32.2 -5.72205e-07
      vertex 8.14064 32.2 6.6
    endloop
  endfacet
  facet normal 0.843395 0.537295 0
    outer loop
      vertex 8.14064 32.2 -5.72205e-07
      vertex 8.26251 32.0087 6.6
      vertex 8.26251 32.0087 -5.72205e-07
    endloop
  endfacet
  facet normal -0.608709 -0.793393 0
    outer loop
      vertex 11.8836 35.6298 -5.72205e-07
      vertex 12.0636 35.4917 7.4
      vertex 11.8836 35.6298 7.4
    endloop
  endfacet
  facet normal -0.608709 -0.793393 -0
    outer loop
      vertex 12.0636 35.4917 7.4
      vertex 11.8836 35.6298 -5.72205e-07
      vertex 12.0636 35.4917 -5.72205e-07
    endloop
  endfacet
  facet normal -0.130489 0.99145 0
    outer loop
      vertex 10.8438 30.9395 -5.72205e-07
      vertex 10.6189 30.9099 7.4
      vertex 10.8438 30.9395 7.4
    endloop
  endfacet
  facet normal -0.130489 0.99145 0
    outer loop
      vertex 10.6189 30.9099 7.4
      vertex 10.8438 30.9395 -5.72205e-07
      vertex 10.6189 30.9099 -5.72205e-07
    endloop
  endfacet
  facet normal 0.953756 -0.300583 0
    outer loop
      vertex 7.8809 34.1729 6.6
      vertex 7.9491 34.3893 -5.72205e-07
      vertex 7.9491 34.3893 6.6
    endloop
  endfacet
  facet normal 0.953756 -0.300583 0
    outer loop
      vertex 7.9491 34.3893 -5.72205e-07
      vertex 7.8809 34.1729 6.6
      vertex 7.8809 34.1729 -5.72205e-07
    endloop
  endfacet
  facet normal -0.88708 0.461616 0
    outer loop
      vertex 12.644 32.2 -5.72205e-07
      vertex 12.7487 32.4012 7.4
      vertex 12.7487 32.4012 -5.72205e-07
    endloop
  endfacet
  facet normal -0.88708 0.461616 0
    outer loop
      vertex 12.7487 32.4012 7.4
      vertex 12.644 32.2 -5.72205e-07
      vertex 12.644 32.2 7.4
    endloop
  endfacet
  facet normal 0.843395 -0.537295 0
    outer loop
      vertex 8.14064 34.8 7.4
      vertex 8.26251 34.9913 -5.72205e-07
      vertex 8.26251 34.9913 7.4
    endloop
  endfacet
  facet normal 0.843395 -0.537295 0
    outer loop
      vertex 8.26251 34.9913 -5.72205e-07
      vertex 8.14064 34.8 7.4
      vertex 8.14064 34.8 -5.72205e-07
    endloop
  endfacet
  facet normal 0.216464 -0.976291 0
    outer loop
      vertex 9.71937 36.0114 -5.72205e-07
      vertex 9.94082 36.0605 7.4
      vertex 9.71937 36.0114 7.4
    endloop
  endfacet
  facet normal 0.216464 -0.976291 0
    outer loop
      vertex 9.94082 36.0605 7.4
      vertex 9.71937 36.0114 -5.72205e-07
      vertex 9.94082 36.0605 -5.72205e-07
    endloop
  endfacet
  facet normal 0.608816 -0.793312 0
    outer loop
      vertex 8.72106 35.4917 -5.72205e-07
      vertex 8.90101 35.6298 7.4
      vertex 8.72106 35.4917 7.4
    endloop
  endfacet
  facet normal 0.608816 -0.793312 0
    outer loop
      vertex 8.90101 35.6298 7.4
      vertex 8.72106 35.4917 -5.72205e-07
      vertex 8.90101 35.6298 -5.72205e-07
    endloop
  endfacet
  facet normal 0.999047 0.0436477 0
    outer loop
      vertex 7.8022 33.2734 6.6
      vertex 7.7923 33.5 -5.72205e-07
      vertex 7.7923 33.5 6.6
    endloop
  endfacet
  facet normal 0.999047 0.0436477 0
    outer loop
      vertex 7.7923 33.5 -5.72205e-07
      vertex 7.8022 33.2734 6.6
      vertex 7.8022 33.2734 -5.72205e-07
    endloop
  endfacet
  facet normal 0.887007 -0.461755 0
    outer loop
      vertex 8.0359 34.5988 7.4
      vertex 8.14064 34.8 -5.72205e-07
      vertex 8.14064 34.8 7.4
    endloop
  endfacet
  facet normal 0.887007 -0.461755 0
    outer loop
      vertex 8.14064 34.8 -5.72205e-07
      vertex 8.0359 34.5988 7.4
      vertex 8.0359 34.5988 -5.72205e-07
    endloop
  endfacet
  facet normal -0.675565 0.737301 0
    outer loop
      vertex 12.2308 31.6615 -5.72205e-07
      vertex 12.0636 31.5083 7.4
      vertex 12.2308 31.6615 7.4
    endloop
  endfacet
  facet normal -0.675565 0.737301 0
    outer loop
      vertex 12.0636 31.5083 7.4
      vertex 12.2308 31.6615 -5.72205e-07
      vertex 12.0636 31.5083 -5.72205e-07
    endloop
  endfacet
  facet normal 0.737414 -0.675441 0
    outer loop
      vertex 8.40059 35.1712 7.4
      vertex 8.55383 35.3385 -5.72205e-07
      vertex 8.55383 35.3385 7.4
    endloop
  endfacet
  facet normal 0.737414 -0.675441 0
    outer loop
      vertex 8.55383 35.3385 -5.72205e-07
      vertex 8.40059 35.1712 7.4
      vertex 8.40059 35.1712 -5.72205e-07
    endloop
  endfacet
  facet normal -0.300583 0.953756 0
    outer loop
      vertex 11.2816 31.0568 -5.72205e-07
      vertex 11.0652 30.9886 7.4
      vertex 11.2816 31.0568 7.4
    endloop
  endfacet
  facet normal -0.300583 0.953756 0
    outer loop
      vertex 11.0652 30.9886 7.4
      vertex 11.2816 31.0568 -5.72205e-07
      vertex 11.0652 30.9886 -5.72205e-07
    endloop
  endfacet
  facet normal -0.737502 0.675345 0
    outer loop
      vertex 12.2308 31.6615 -5.72205e-07
      vertex 12.384 31.8288 7.4
      vertex 12.384 31.8288 -5.72205e-07
    endloop
  endfacet
  facet normal -0.737502 0.675345 0
    outer loop
      vertex 12.384 31.8288 7.4
      vertex 12.2308 31.6615 -5.72205e-07
      vertex 12.2308 31.6615 7.4
    endloop
  endfacet
  facet normal 0.0436477 0.999047 -0
    outer loop
      vertex 10.3923 30.9 -5.72205e-07
      vertex 10.1657 30.9099 7.4
      vertex 10.3923 30.9 7.4
    endloop
  endfacet
  facet normal 0.0436477 0.999047 0
    outer loop
      vertex 10.1657 30.9099 7.4
      vertex 10.3923 30.9 -5.72205e-07
      vertex 10.1657 30.9099 -5.72205e-07
    endloop
  endfacet
  facet normal -0.675565 -0.737301 0
    outer loop
      vertex 12.0636 35.4917 -5.72205e-07
      vertex 12.2308 35.3385 7.4
      vertex 12.0636 35.4917 7.4
    endloop
  endfacet
  facet normal -0.675565 -0.737301 -0
    outer loop
      vertex 12.2308 35.3385 7.4
      vertex 12.0636 35.4917 -5.72205e-07
      vertex 12.2308 35.3385 -5.72205e-07
    endloop
  endfacet
  facet normal 0.216464 0.976291 -0
    outer loop
      vertex 9.94082 30.9395 -5.72205e-07
      vertex 9.71937 30.9886 6.6
      vertex 9.94082 30.9395 6.6
    endloop
  endfacet
  facet normal 0.216464 0.976291 0
    outer loop
      vertex 9.71937 30.9886 6.6
      vertex 9.94082 30.9395 -5.72205e-07
      vertex 9.71937 30.9886 -5.72205e-07
    endloop
  endfacet
  facet normal 0.1305 -0.991448 0
    outer loop
      vertex 9.94082 36.0605 -5.72205e-07
      vertex 10.1657 36.0901 7.4
      vertex 9.94082 36.0605 7.4
    endloop
  endfacet
  facet normal 0.1305 -0.991448 0
    outer loop
      vertex 10.1657 36.0901 7.4
      vertex 9.94082 36.0605 -5.72205e-07
      vertex 10.1657 36.0901 -5.72205e-07
    endloop
  endfacet
  facet normal -0.382767 0.923845 0
    outer loop
      vertex 11.4911 31.1436 -5.72205e-07
      vertex 11.2816 31.0568 7.4
      vertex 11.4911 31.1436 7.4
    endloop
  endfacet
  facet normal -0.382767 0.923845 0
    outer loop
      vertex 11.2816 31.0568 7.4
      vertex 11.4911 31.1436 -5.72205e-07
      vertex 11.2816 31.0568 -5.72205e-07
    endloop
  endfacet
  facet normal 0.537409 0.843322 -0
    outer loop
      vertex 9.0923 31.2483 -5.72205e-07
      vertex 8.90101 31.3702 6.6
      vertex 9.0923 31.2483 6.6
    endloop
  endfacet
  facet normal 0.537409 0.843322 0
    outer loop
      vertex 8.90101 31.3702 6.6
      vertex 9.0923 31.2483 -5.72205e-07
      vertex 8.90101 31.3702 -5.72205e-07
    endloop
  endfacet
  facet normal -0.737502 -0.675345 0
    outer loop
      vertex 12.384 35.1712 -5.72205e-07
      vertex 12.2308 35.3385 7.4
      vertex 12.2308 35.3385 -5.72205e-07
    endloop
  endfacet
  facet normal -0.737502 -0.675345 0
    outer loop
      vertex 12.2308 35.3385 7.4
      vertex 12.384 35.1712 -5.72205e-07
      vertex 12.384 35.1712 7.4
    endloop
  endfacet
  facet normal 0.675499 0.737361 -0
    outer loop
      vertex 8.72106 31.5083 -5.72205e-07
      vertex 8.55383 31.6615 6.6
      vertex 8.72106 31.5083 6.6
    endloop
  endfacet
  facet normal 0.675499 0.737361 0
    outer loop
      vertex 8.55383 31.6615 6.6
      vertex 8.72106 31.5083 -5.72205e-07
      vertex 8.55383 31.6615 -5.72205e-07
    endloop
  endfacet
  facet normal 0.737414 0.675441 0
    outer loop
      vertex 8.55383 31.6615 6.6
      vertex 8.40059 31.8288 -5.72205e-07
      vertex 8.40059 31.8288 6.6
    endloop
  endfacet
  facet normal 0.737414 0.675441 0
    outer loop
      vertex 8.40059 31.8288 -5.72205e-07
      vertex 8.55383 31.6615 6.6
      vertex 8.55383 31.6615 -5.72205e-07
    endloop
  endfacet
  facet normal -0.0436477 -0.999047 0
    outer loop
      vertex 10.3923 36.1 -5.72205e-07
      vertex 10.6189 36.0901 7.4
      vertex 10.3923 36.1 7.4
    endloop
  endfacet
  facet normal -0.0436477 -0.999047 -0
    outer loop
      vertex 10.6189 36.0901 7.4
      vertex 10.3923 36.1 -5.72205e-07
      vertex 10.6189 36.0901 -5.72205e-07
    endloop
  endfacet
  facet normal 0.97628 0.21651 0
    outer loop
      vertex 7.8809 32.8271 6.6
      vertex 7.8318 33.0485 -5.72205e-07
      vertex 7.8318 33.0485 6.6
    endloop
  endfacet
  facet normal 0.97628 0.21651 0
    outer loop
      vertex 7.8318 33.0485 -5.72205e-07
      vertex 7.8809 32.8271 6.6
      vertex 7.8809 32.8271 -5.72205e-07
    endloop
  endfacet
  facet normal 0.461616 0.88708 -0
    outer loop
      vertex 9.2935 31.1436 -5.72205e-07
      vertex 9.0923 31.2483 6.6
      vertex 9.2935 31.1436 6.6
    endloop
  endfacet
  facet normal 0.461616 0.88708 0
    outer loop
      vertex 9.0923 31.2483 6.6
      vertex 9.2935 31.1436 -5.72205e-07
      vertex 9.0923 31.2483 -5.72205e-07
    endloop
  endfacet
  facet normal -0.843335 -0.537389 0
    outer loop
      vertex 12.644 34.8 -5.72205e-07
      vertex 12.5221 34.9913 7.4
      vertex 12.5221 34.9913 -5.72205e-07
    endloop
  endfacet
  facet normal -0.843335 -0.537389 0
    outer loop
      vertex 12.5221 34.9913 7.4
      vertex 12.644 34.8 -5.72205e-07
      vertex 12.644 34.8 7.4
    endloop
  endfacet
  facet normal -0.21651 -0.97628 0
    outer loop
      vertex 10.8438 36.0605 -5.72205e-07
      vertex 11.0652 36.0114 7.4
      vertex 10.8438 36.0605 7.4
    endloop
  endfacet
  facet normal -0.21651 -0.97628 -0
    outer loop
      vertex 11.0652 36.0114 7.4
      vertex 10.8438 36.0605 -5.72205e-07
      vertex 11.0652 36.0114 -5.72205e-07
    endloop
  endfacet
  facet normal -0.999047 0.0436477 0
    outer loop
      vertex 12.9824 33.2734 -5.72205e-07
      vertex 12.9923 33.5 7.4
      vertex 12.9923 33.5 -5.72205e-07
    endloop
  endfacet
  facet normal -0.999047 0.0436477 0
    outer loop
      vertex 12.9923 33.5 7.4
      vertex 12.9824 33.2734 -5.72205e-07
      vertex 12.9824 33.2734 7.4
    endloop
  endfacet
  facet normal 0.675499 -0.737361 0
    outer loop
      vertex 8.55383 35.3385 -5.72205e-07
      vertex 8.72106 35.4917 7.4
      vertex 8.55383 35.3385 7.4
    endloop
  endfacet
  facet normal 0.675499 -0.737361 0
    outer loop
      vertex 8.72106 35.4917 7.4
      vertex 8.55383 35.3385 -5.72205e-07
      vertex 8.72106 35.4917 -5.72205e-07
    endloop
  endfacet
  facet normal 0.999047 -0.0436477 0
    outer loop
      vertex 7.7923 33.5 6.6
      vertex 7.8022 33.7266 -5.72205e-07
      vertex 7.8022 33.7266 6.6
    endloop
  endfacet
  facet normal 0.999047 -0.0436477 0
    outer loop
      vertex 7.8022 33.7266 -5.72205e-07
      vertex 7.7923 33.5 6.6
      vertex 7.7923 33.5 -5.72205e-07
    endloop
  endfacet
  facet normal 0.97628 -0.21651 0
    outer loop
      vertex 7.8318 33.9515 6.6
      vertex 7.8809 34.1729 -5.72205e-07
      vertex 7.8809 34.1729 6.6
    endloop
  endfacet
  facet normal 0.97628 -0.21651 0
    outer loop
      vertex 7.8809 34.1729 -5.72205e-07
      vertex 7.8318 33.9515 6.6
      vertex 7.8318 33.9515 -5.72205e-07
    endloop
  endfacet
  facet normal 0.129844 0.991534 0
    outer loop
      vertex 10.1657 30.9099 7.4
      vertex 10.1321 30.9143 6.6
      vertex 10.1321 30.9143 7.4
    endloop
  endfacet
  facet normal 0.129844 0.991534 -0
    outer loop
      vertex 10.1657 30.9099 -5.72205e-07
      vertex 10.1321 30.9143 6.6
      vertex 10.1657 30.9099 7.4
    endloop
  endfacet
  facet normal 0.130615 0.991433 3.99574e-06
    outer loop
      vertex 10.1657 30.9099 -5.72205e-07
      vertex 9.94082 30.9395 6.6
      vertex 10.1321 30.9143 6.6
    endloop
  endfacet
  facet normal 0.1305 0.991448 0
    outer loop
      vertex 9.94082 30.9395 6.6
      vertex 10.1657 30.9099 -5.72205e-07
      vertex 9.94082 30.9395 -5.72205e-07
    endloop
  endfacet
  facet normal 0.923722 -0.383064 0
    outer loop
      vertex 8.02292 34.5675 6.6
      vertex 8.0359 34.5988 7.4
      vertex 8.02292 34.5675 7.4
    endloop
  endfacet
  facet normal 0.923722 -0.383064 0
    outer loop
      vertex 8.0359 34.5988 7.4
      vertex 8.02292 34.5675 6.6
      vertex 8.0359 34.5988 -5.72205e-07
    endloop
  endfacet
  facet normal 0.923866 -0.382715 1.94024e-06
    outer loop
      vertex 7.9491 34.3893 6.6
      vertex 8.0359 34.5988 -5.72205e-07
      vertex 8.02292 34.5675 6.6
    endloop
  endfacet
  facet normal 0.923845 -0.382767 0
    outer loop
      vertex 8.0359 34.5988 -5.72205e-07
      vertex 7.9491 34.3893 6.6
      vertex 7.9491 34.3893 -5.72205e-07
    endloop
  endfacet
  facet normal 0.887007 0.461755 0
    outer loop
      vertex 8.14064 32.2 6.6
      vertex 8.0359 32.4012 -5.72205e-07
      vertex 8.0359 32.4012 6.6
    endloop
  endfacet
  facet normal 0.887007 0.461755 0
    outer loop
      vertex 8.0359 32.4012 -5.72205e-07
      vertex 8.14064 32.2 6.6
      vertex 8.14064 32.2 -5.72205e-07
    endloop
  endfacet
  facet normal 0.382689 0.923877 -0
    outer loop
      vertex 9.50305 31.0568 -5.72205e-07
      vertex 9.2935 31.1436 6.6
      vertex 9.50305 31.0568 6.6
    endloop
  endfacet
  facet normal 0.382689 0.923877 0
    outer loop
      vertex 9.2935 31.1436 6.6
      vertex 9.50305 31.0568 -5.72205e-07
      vertex 9.2935 31.1436 -5.72205e-07
    endloop
  endfacet
  facet normal 0.300684 0.953724 -0
    outer loop
      vertex 9.71937 30.9886 -5.72205e-07
      vertex 9.50305 31.0568 6.6
      vertex 9.71937 30.9886 6.6
    endloop
  endfacet
  facet normal 0.300684 0.953724 0
    outer loop
      vertex 9.50305 31.0568 6.6
      vertex 9.71937 30.9886 -5.72205e-07
      vertex 9.50305 31.0568 -5.72205e-07
    endloop
  endfacet
  facet normal -0.991443 -0.130541 0
    outer loop
      vertex 13.4805 33.7702 7.4
      vertex 13.4452 34.0383 8.6
      vertex 13.4452 34.0383 7.4
    endloop
  endfacet
  facet normal -0.991443 -0.130541 0
    outer loop
      vertex 13.4452 34.0383 8.6
      vertex 13.4805 33.7702 7.4
      vertex 13.4805 33.7702 8.6
    endloop
  endfacet
  facet normal -0.999048 -0.0436298 0
    outer loop
      vertex 13.4923 33.5 7.4
      vertex 13.4805 33.7702 8.6
      vertex 13.4805 33.7702 7.4
    endloop
  endfacet
  facet normal -0.999048 -0.0436298 0
    outer loop
      vertex 13.4805 33.7702 8.6
      vertex 13.4923 33.5 7.4
      vertex 13.4923 33.5 8.6
    endloop
  endfacet
  facet normal -0.976317 -0.216343 0
    outer loop
      vertex 13.4452 34.0383 7.4
      vertex 13.3867 34.3023 8.6
      vertex 13.3867 34.3023 7.4
    endloop
  endfacet
  facet normal -0.976317 -0.216343 0
    outer loop
      vertex 13.3867 34.3023 8.6
      vertex 13.4452 34.0383 7.4
      vertex 13.4452 34.0383 8.6
    endloop
  endfacet
  facet normal -0.382461 -0.923972 0
    outer loop
      vertex 11.4526 36.413 7.4
      vertex 11.7024 36.3096 8.6
      vertex 11.4526 36.413 8.6
    endloop
  endfacet
  facet normal -0.382461 -0.923972 -0
    outer loop
      vertex 11.7024 36.3096 8.6
      vertex 11.4526 36.413 7.4
      vertex 11.7024 36.3096 7.4
    endloop
  endfacet
  facet normal -0.0436298 0.999048 0
    outer loop
      vertex 10.6625 30.4118 7.4
      vertex 10.3923 30.4 8.6
      vertex 10.6625 30.4118 8.6
    endloop
  endfacet
  facet normal -0.0436298 0.999048 0
    outer loop
      vertex 10.3923 30.4 8.6
      vertex 10.6625 30.4118 7.4
      vertex 10.3923 30.4 7.4
    endloop
  endfacet
  facet normal 0.46181 -0.886979 0
    outer loop
      vertex 8.8423 36.1847 7.4
      vertex 9.08219 36.3096 8.6
      vertex 8.8423 36.1847 8.6
    endloop
  endfacet
  facet normal 0.46181 -0.886979 0
    outer loop
      vertex 9.08219 36.3096 8.6
      vertex 8.8423 36.1847 7.4
      vertex 9.08219 36.3096 7.4
    endloop
  endfacet
  facet normal -0.300884 0.953661 0
    outer loop
      vertex 11.4526 30.587 7.4
      vertex 11.1946 30.5056 8.6
      vertex 11.4526 30.587 8.6
    endloop
  endfacet
  facet normal -0.300884 0.953661 0
    outer loop
      vertex 11.1946 30.5056 8.6
      vertex 11.4526 30.587 7.4
      vertex 11.1946 30.5056 7.4
    endloop
  endfacet
  facet normal 0.216312 -0.976324 0
    outer loop
      vertex 9.58996 36.4944 7.4
      vertex 9.854 36.5529 8.6
      vertex 9.58996 36.4944 8.6
    endloop
  endfacet
  facet normal 0.216312 -0.976324 0
    outer loop
      vertex 9.854 36.5529 8.6
      vertex 9.58996 36.4944 7.4
      vertex 9.854 36.5529 7.4
    endloop
  endfacet
  facet normal 0.675576 -0.737291 0
    outer loop
      vertex 8.20027 35.692 7.4
      vertex 8.39966 35.8747 8.6
      vertex 8.20027 35.692 8.6
    endloop
  endfacet
  facet normal 0.675576 -0.737291 0
    outer loop
      vertex 8.39966 35.8747 8.6
      vertex 8.20027 35.692 7.4
      vertex 8.39966 35.8747 7.4
    endloop
  endfacet
  facet normal -0.953767 -0.300547 0
    outer loop
      vertex 13.3867 34.3023 7.4
      vertex 13.3054 34.5603 8.6
      vertex 13.3054 34.5603 7.4
    endloop
  endfacet
  facet normal -0.953767 -0.300547 0
    outer loop
      vertex 13.3054 34.5603 8.6
      vertex 13.3867 34.3023 7.4
      vertex 13.3867 34.3023 8.6
    endloop
  endfacet
  facet normal -0.79316 0.609014 0
    outer loop
      vertex 12.767 31.5074 7.4
      vertex 12.9317 31.7219 8.6
      vertex 12.9317 31.7219 7.4
    endloop
  endfacet
  facet normal -0.79316 0.609014 0
    outer loop
      vertex 12.9317 31.7219 8.6
      vertex 12.767 31.5074 7.4
      vertex 12.767 31.5074 8.6
    endloop
  endfacet
  facet normal 0.737308 -0.675557 0
    outer loop
      vertex 8.01757 35.4926 8.6
      vertex 8.20027 35.692 7.4
      vertex 8.20027 35.692 8.6
    endloop
  endfacet
  facet normal 0.737308 -0.675557 0
    outer loop
      vertex 8.20027 35.692 7.4
      vertex 8.01757 35.4926 8.6
      vertex 8.01757 35.4926 7.4
    endloop
  endfacet
  facet normal -0.886987 0.461795 0
    outer loop
      vertex 13.077 31.95 7.4
      vertex 13.2019 32.1899 8.6
      vertex 13.2019 32.1899 7.4
    endloop
  endfacet
  facet normal -0.886987 0.461795 0
    outer loop
      vertex 13.2019 32.1899 8.6
      vertex 13.077 31.95 7.4
      vertex 13.077 31.95 8.6
    endloop
  endfacet
  facet normal -0.216343 0.976317 0
    outer loop
      vertex 11.1946 30.5056 7.4
      vertex 10.9306 30.4471 8.6
      vertex 11.1946 30.5056 8.6
    endloop
  endfacet
  facet normal -0.216343 0.976317 0
    outer loop
      vertex 10.9306 30.4471 8.6
      vertex 11.1946 30.5056 7.4
      vertex 10.9306 30.4471 7.4
    endloop
  endfacet
  facet normal 0.537292 -0.843396 0
    outer loop
      vertex 8.61422 36.0394 7.4
      vertex 8.8423 36.1847 8.6
      vertex 8.61422 36.0394 8.6
    endloop
  endfacet
  facet normal 0.537292 -0.843396 0
    outer loop
      vertex 8.8423 36.1847 8.6
      vertex 8.61422 36.0394 7.4
      vertex 8.8423 36.1847 7.4
    endloop
  endfacet
  facet normal -0.991443 0.130541 0
    outer loop
      vertex 13.4452 32.9617 7.4
      vertex 13.4805 33.2298 8.6
      vertex 13.4805 33.2298 7.4
    endloop
  endfacet
  facet normal -0.991443 0.130541 0
    outer loop
      vertex 13.4805 33.2298 8.6
      vertex 13.4452 32.9617 7.4
      vertex 13.4452 32.9617 8.6
    endloop
  endfacet
  facet normal -0.843418 0.537258 0
    outer loop
      vertex 12.9317 31.7219 7.4
      vertex 13.077 31.95 8.6
      vertex 13.077 31.95 7.4
    endloop
  endfacet
  facet normal -0.843418 0.537258 0
    outer loop
      vertex 13.077 31.95 8.6
      vertex 12.9317 31.7219 7.4
      vertex 12.9317 31.7219 8.6
    endloop
  endfacet
  facet normal -0.461795 0.886987 0
    outer loop
      vertex 11.9423 30.8153 7.4
      vertex 11.7024 30.6904 8.6
      vertex 11.9423 30.8153 8.6
    endloop
  endfacet
  facet normal -0.461795 0.886987 0
    outer loop
      vertex 11.7024 30.6904 8.6
      vertex 11.9423 30.8153 7.4
      vertex 11.7024 30.6904 7.4
    endloop
  endfacet
  facet normal -0.461795 -0.886987 0
    outer loop
      vertex 11.7024 36.3096 7.4
      vertex 11.9423 36.1847 8.6
      vertex 11.7024 36.3096 8.6
    endloop
  endfacet
  facet normal -0.461795 -0.886987 -0
    outer loop
      vertex 11.9423 36.1847 8.6
      vertex 11.7024 36.3096 7.4
      vertex 11.9423 36.1847 7.4
    endloop
  endfacet
  facet normal -0.675557 -0.737308 0
    outer loop
      vertex 12.3849 35.8747 7.4
      vertex 12.5843 35.692 8.6
      vertex 12.3849 35.8747 8.6
    endloop
  endfacet
  facet normal -0.675557 -0.737308 -0
    outer loop
      vertex 12.5843 35.692 8.6
      vertex 12.3849 35.8747 7.4
      vertex 12.5843 35.692 7.4
    endloop
  endfacet
  facet normal -0.923841 0.382776 0
    outer loop
      vertex 13.2019 32.1899 7.4
      vertex 13.3054 32.4397 8.6
      vertex 13.3054 32.4397 7.4
    endloop
  endfacet
  facet normal -0.923841 0.382776 0
    outer loop
      vertex 13.3054 32.4397 8.6
      vertex 13.2019 32.1899 7.4
      vertex 13.2019 32.1899 8.6
    endloop
  endfacet
  facet normal 0.382395 -0.923999 0
    outer loop
      vertex 9.08219 36.3096 7.4
      vertex 9.33204 36.413 8.6
      vertex 9.08219 36.3096 8.6
    endloop
  endfacet
  facet normal 0.382395 -0.923999 0
    outer loop
      vertex 9.33204 36.413 8.6
      vertex 9.08219 36.3096 7.4
      vertex 9.33204 36.413 7.4
    endloop
  endfacet
  facet normal 0.886995 -0.46178 0
    outer loop
      vertex 7.66166 34.9617 8.6
      vertex 7.70763 35.05 7.4
      vertex 7.70763 35.05 8.6
    endloop
  endfacet
  facet normal 0.886995 -0.46178 0
    outer loop
      vertex 7.70763 35.05 7.4
      vertex 7.66166 34.9617 8.6
      vertex 7.66166 34.9617 7.4
    endloop
  endfacet
  facet normal -0.79316 -0.609014 0
    outer loop
      vertex 12.9317 35.2781 7.4
      vertex 12.767 35.4926 8.6
      vertex 12.767 35.4926 7.4
    endloop
  endfacet
  facet normal -0.79316 -0.609014 0
    outer loop
      vertex 12.767 35.4926 8.6
      vertex 12.9317 35.2781 7.4
      vertex 12.9317 35.2781 8.6
    endloop
  endfacet
  facet normal 0.608906 -0.793242 0
    outer loop
      vertex 8.39966 35.8747 7.4
      vertex 8.61422 36.0394 8.6
      vertex 8.39966 35.8747 8.6
    endloop
  endfacet
  facet normal 0.608906 -0.793242 0
    outer loop
      vertex 8.61422 36.0394 8.6
      vertex 8.39966 35.8747 7.4
      vertex 8.61422 36.0394 7.4
    endloop
  endfacet
  facet normal -0.923841 -0.382776 0
    outer loop
      vertex 13.3054 34.5603 7.4
      vertex 13.2019 34.8101 8.6
      vertex 13.2019 34.8101 7.4
    endloop
  endfacet
  facet normal -0.923841 -0.382776 0
    outer loop
      vertex 13.2019 34.8101 8.6
      vertex 13.3054 34.5603 7.4
      vertex 13.3054 34.5603 8.6
    endloop
  endfacet
  facet normal -0.999048 0.0436298 0
    outer loop
      vertex 13.4805 33.2298 7.4
      vertex 13.4923 33.5 8.6
      vertex 13.4923 33.5 7.4
    endloop
  endfacet
  facet normal -0.999048 0.0436298 0
    outer loop
      vertex 13.4923 33.5 8.6
      vertex 13.4805 33.2298 7.4
      vertex 13.4805 33.2298 8.6
    endloop
  endfacet
  facet normal -0.843418 -0.537258 0
    outer loop
      vertex 13.077 35.05 7.4
      vertex 12.9317 35.2781 8.6
      vertex 12.9317 35.2781 7.4
    endloop
  endfacet
  facet normal -0.843418 -0.537258 0
    outer loop
      vertex 12.9317 35.2781 8.6
      vertex 13.077 35.05 7.4
      vertex 13.077 35.05 8.6
    endloop
  endfacet
  facet normal 0.0431758 0.999067 -0
    outer loop
      vertex 10.3923 30.4 7.4
      vertex 10.2928 30.4043 8.6
      vertex 10.3923 30.4 8.6
    endloop
  endfacet
  facet normal 0.0431758 0.999067 0
    outer loop
      vertex 10.2928 30.4043 8.6
      vertex 10.3923 30.4 7.4
      vertex 10.2928 30.4043 7.4
    endloop
  endfacet
  facet normal -0.609014 0.79316 0
    outer loop
      vertex 12.3849 31.1253 7.4
      vertex 12.1704 30.9606 8.6
      vertex 12.3849 31.1253 8.6
    endloop
  endfacet
  facet normal -0.609014 0.79316 0
    outer loop
      vertex 12.1704 30.9606 8.6
      vertex 12.3849 31.1253 7.4
      vertex 12.1704 30.9606 7.4
    endloop
  endfacet
  facet normal -0.537258 -0.843418 0
    outer loop
      vertex 11.9423 36.1847 7.4
      vertex 12.1704 36.0394 8.6
      vertex 11.9423 36.1847 8.6
    endloop
  endfacet
  facet normal -0.537258 -0.843418 -0
    outer loop
      vertex 12.1704 36.0394 8.6
      vertex 11.9423 36.1847 7.4
      vertex 12.1704 36.0394 7.4
    endloop
  endfacet
  facet normal -0.609014 -0.79316 0
    outer loop
      vertex 12.1704 36.0394 7.4
      vertex 12.3849 35.8747 8.6
      vertex 12.1704 36.0394 8.6
    endloop
  endfacet
  facet normal -0.609014 -0.79316 -0
    outer loop
      vertex 12.3849 35.8747 8.6
      vertex 12.1704 36.0394 7.4
      vertex 12.3849 35.8747 7.4
    endloop
  endfacet
  facet normal -0.130541 0.991443 0
    outer loop
      vertex 10.9306 30.4471 7.4
      vertex 10.6625 30.4118 8.6
      vertex 10.9306 30.4471 8.6
    endloop
  endfacet
  facet normal -0.130541 0.991443 0
    outer loop
      vertex 10.6625 30.4118 8.6
      vertex 10.9306 30.4471 7.4
      vertex 10.6625 30.4118 7.4
    endloop
  endfacet
  facet normal -0.976317 0.216343 0
    outer loop
      vertex 13.3867 32.6977 7.4
      vertex 13.4452 32.9617 8.6
      vertex 13.4452 32.9617 7.4
    endloop
  endfacet
  facet normal -0.976317 0.216343 0
    outer loop
      vertex 13.4452 32.9617 8.6
      vertex 13.3867 32.6977 7.4
      vertex 13.3867 32.6977 8.6
    endloop
  endfacet
  facet normal -0.737308 -0.675557 0
    outer loop
      vertex 12.767 35.4926 7.4
      vertex 12.5843 35.692 8.6
      vertex 12.5843 35.692 7.4
    endloop
  endfacet
  facet normal -0.737308 -0.675557 0
    outer loop
      vertex 12.5843 35.692 8.6
      vertex 12.767 35.4926 7.4
      vertex 12.767 35.4926 8.6
    endloop
  endfacet
  facet normal -0.675557 0.737308 0
    outer loop
      vertex 12.5843 31.308 7.4
      vertex 12.3849 31.1253 8.6
      vertex 12.5843 31.308 8.6
    endloop
  endfacet
  facet normal -0.675557 0.737308 0
    outer loop
      vertex 12.3849 31.1253 8.6
      vertex 12.5843 31.308 7.4
      vertex 12.3849 31.1253 7.4
    endloop
  endfacet
  facet normal -0.886987 -0.461795 0
    outer loop
      vertex 13.2019 34.8101 7.4
      vertex 13.077 35.05 8.6
      vertex 13.077 35.05 7.4
    endloop
  endfacet
  facet normal -0.886987 -0.461795 0
    outer loop
      vertex 13.077 35.05 8.6
      vertex 13.2019 34.8101 7.4
      vertex 13.2019 34.8101 8.6
    endloop
  endfacet
  facet normal 0.0436298 -0.999048 0
    outer loop
      vertex 10.1221 36.5882 7.4
      vertex 10.3923 36.6 8.6
      vertex 10.1221 36.5882 8.6
    endloop
  endfacet
  facet normal 0.0436298 -0.999048 0
    outer loop
      vertex 10.3923 36.6 8.6
      vertex 10.1221 36.5882 7.4
      vertex 10.3923 36.6 7.4
    endloop
  endfacet
  facet normal -0.953767 0.300547 0
    outer loop
      vertex 13.3054 32.4397 7.4
      vertex 13.3867 32.6977 8.6
      vertex 13.3867 32.6977 7.4
    endloop
  endfacet
  facet normal -0.953767 0.300547 0
    outer loop
      vertex 13.3867 32.6977 8.6
      vertex 13.3054 32.4397 7.4
      vertex 13.3054 32.4397 8.6
    endloop
  endfacet
  facet normal -0.737308 0.675557 0
    outer loop
      vertex 12.5843 31.308 7.4
      vertex 12.767 31.5074 8.6
      vertex 12.767 31.5074 7.4
    endloop
  endfacet
  facet normal -0.737308 0.675557 0
    outer loop
      vertex 12.767 31.5074 8.6
      vertex 12.5843 31.308 7.4
      vertex 12.5843 31.308 8.6
    endloop
  endfacet
  facet normal -0.0436298 -0.999048 0
    outer loop
      vertex 10.3923 36.6 7.4
      vertex 10.6625 36.5882 8.6
      vertex 10.3923 36.6 8.6
    endloop
  endfacet
  facet normal -0.0436298 -0.999048 -0
    outer loop
      vertex 10.6625 36.5882 8.6
      vertex 10.3923 36.6 7.4
      vertex 10.6625 36.5882 7.4
    endloop
  endfacet
  facet normal 0.130541 -0.991443 0
    outer loop
      vertex 9.854 36.5529 7.4
      vertex 10.1221 36.5882 8.6
      vertex 9.854 36.5529 8.6
    endloop
  endfacet
  facet normal 0.130541 -0.991443 0
    outer loop
      vertex 10.1221 36.5882 8.6
      vertex 9.854 36.5529 7.4
      vertex 10.1221 36.5882 7.4
    endloop
  endfacet
  facet normal 0.300969 -0.953634 0
    outer loop
      vertex 9.33204 36.413 7.4
      vertex 9.58996 36.4944 8.6
      vertex 9.33204 36.413 8.6
    endloop
  endfacet
  facet normal 0.300969 -0.953634 0
    outer loop
      vertex 9.58996 36.4944 8.6
      vertex 9.33204 36.413 7.4
      vertex 9.58996 36.4944 7.4
    endloop
  endfacet
  facet normal -0.300884 -0.953661 0
    outer loop
      vertex 11.1946 36.4944 7.4
      vertex 11.4526 36.413 8.6
      vertex 11.1946 36.4944 8.6
    endloop
  endfacet
  facet normal -0.300884 -0.953661 -0
    outer loop
      vertex 11.4526 36.413 8.6
      vertex 11.1946 36.4944 7.4
      vertex 11.4526 36.413 7.4
    endloop
  endfacet
  facet normal -0.382461 0.923972 0
    outer loop
      vertex 11.7024 30.6904 7.4
      vertex 11.4526 30.587 8.6
      vertex 11.7024 30.6904 8.6
    endloop
  endfacet
  facet normal -0.382461 0.923972 0
    outer loop
      vertex 11.4526 30.587 8.6
      vertex 11.7024 30.6904 7.4
      vertex 11.4526 30.587 7.4
    endloop
  endfacet
  facet normal -0.537258 0.843418 0
    outer loop
      vertex 12.1704 30.9606 7.4
      vertex 11.9423 30.8153 8.6
      vertex 12.1704 30.9606 8.6
    endloop
  endfacet
  facet normal -0.537258 0.843418 0
    outer loop
      vertex 11.9423 30.8153 8.6
      vertex 12.1704 30.9606 7.4
      vertex 11.9423 30.8153 7.4
    endloop
  endfacet
  facet normal 0.843418 -0.537258 0
    outer loop
      vertex 7.70763 35.05 8.6
      vertex 7.85293 35.2781 7.4
      vertex 7.85293 35.2781 8.6
    endloop
  endfacet
  facet normal 0.843418 -0.537258 0
    outer loop
      vertex 7.85293 35.2781 7.4
      vertex 7.70763 35.05 8.6
      vertex 7.70763 35.05 7.4
    endloop
  endfacet
  facet normal 0.793267 -0.608874 0
    outer loop
      vertex 7.85293 35.2781 8.6
      vertex 8.01757 35.4926 7.4
      vertex 8.01757 35.4926 8.6
    endloop
  endfacet
  facet normal 0.793267 -0.608874 0
    outer loop
      vertex 8.01757 35.4926 7.4
      vertex 7.85293 35.2781 8.6
      vertex 7.85293 35.2781 7.4
    endloop
  endfacet
  facet normal -0.216343 -0.976317 0
    outer loop
      vertex 10.9306 36.5529 7.4
      vertex 11.1946 36.4944 8.6
      vertex 10.9306 36.5529 8.6
    endloop
  endfacet
  facet normal -0.216343 -0.976317 -0
    outer loop
      vertex 11.1946 36.4944 8.6
      vertex 10.9306 36.5529 7.4
      vertex 11.1946 36.4944 7.4
    endloop
  endfacet
  facet normal -0.130541 -0.991443 0
    outer loop
      vertex 10.6625 36.5882 7.4
      vertex 10.9306 36.5529 8.6
      vertex 10.6625 36.5882 8.6
    endloop
  endfacet
  facet normal -0.130541 -0.991443 -0
    outer loop
      vertex 10.9306 36.5529 8.6
      vertex 10.6625 36.5882 7.4
      vertex 10.9306 36.5529 7.4
    endloop
  endfacet
  facet normal 0 0 1
    outer loop
      vertex 12.9923 33.5 7.4
      vertex 13.4923 33.5 7.4
      vertex 13.4805 33.7702 7.4
    endloop
  endfacet
  facet normal 0 0 1
    outer loop
      vertex 12.9824 33.7266 7.4
      vertex 13.4805 33.7702 7.4
      vertex 13.4452 34.0383 7.4
    endloop
  endfacet
  facet normal 0 0 1
    outer loop
      vertex 13.4923 33.5 7.4
      vertex 12.9923 33.5 7.4
      vertex 13.4805 33.2298 7.4
    endloop
  endfacet
  facet normal 0 0 1
    outer loop
      vertex 12.9528 33.9515 7.4
      vertex 13.4452 34.0383 7.4
      vertex 13.3867 34.3023 7.4
    endloop
  endfacet
  facet normal -0 0 1
    outer loop
      vertex 12.9824 33.2734 7.4
      vertex 13.4805 33.2298 7.4
      vertex 12.9923 33.5 7.4
    endloop
  endfacet
  facet normal 0 0 1
    outer loop
      vertex 12.9037 34.1729 7.4
      vertex 13.3867 34.3023 7.4
      vertex 13.3054 34.5603 7.4
    endloop
  endfacet
  facet normal 0 0 1
    outer loop
      vertex 13.4805 33.2298 7.4
      vertex 12.9824 33.2734 7.4
      vertex 13.4452 32.9617 7.4
    endloop
  endfacet
  facet normal 0 0 1
    outer loop
      vertex 12.8355 34.3893 7.4
      vertex 13.3054 34.5603 7.4
      vertex 13.2019 34.8101 7.4
    endloop
  endfacet
  facet normal -0 0 1
    outer loop
      vertex 12.9528 33.0485 7.4
      vertex 13.4452 32.9617 7.4
      vertex 12.9824 33.2734 7.4
    endloop
  endfacet
  facet normal 0 0 1
    outer loop
      vertex 12.7487 34.5988 7.4
      vertex 13.2019 34.8101 7.4
      vertex 13.077 35.05 7.4
    endloop
  endfacet
  facet normal 0 0 1
    outer loop
      vertex 13.4452 32.9617 7.4
      vertex 12.9528 33.0485 7.4
      vertex 13.3867 32.6977 7.4
    endloop
  endfacet
  facet normal -0 0 1
    outer loop
      vertex 12.9037 32.8271 7.4
      vertex 13.3867 32.6977 7.4
      vertex 12.9528 33.0485 7.4
    endloop
  endfacet
  facet normal 0 0 1
    outer loop
      vertex 13.4805 33.7702 7.4
      vertex 12.9824 33.7266 7.4
      vertex 12.9923 33.5 7.4
    endloop
  endfacet
  facet normal 0 0 1
    outer loop
      vertex 13.4452 34.0383 7.4
      vertex 12.9528 33.9515 7.4
      vertex 12.9824 33.7266 7.4
    endloop
  endfacet
  facet normal 0 0 1
    outer loop
      vertex 12.644 34.8 7.4
      vertex 13.077 35.05 7.4
      vertex 12.9317 35.2781 7.4
    endloop
  endfacet
  facet normal 0 0 1
    outer loop
      vertex 13.3867 34.3023 7.4
      vertex 12.9037 34.1729 7.4
      vertex 12.9528 33.9515 7.4
    endloop
  endfacet
  facet normal 0 0 1
    outer loop
      vertex 13.3054 34.5603 7.4
      vertex 12.8355 34.3893 7.4
      vertex 12.9037 34.1729 7.4
    endloop
  endfacet
  facet normal 0 0 1
    outer loop
      vertex 12.5221 34.9913 7.4
      vertex 12.9317 35.2781 7.4
      vertex 12.767 35.4926 7.4
    endloop
  endfacet
  facet normal 0 0 1
    outer loop
      vertex 13.2019 34.8101 7.4
      vertex 12.7487 34.5988 7.4
      vertex 12.8355 34.3893 7.4
    endloop
  endfacet
  facet normal 0 0 1
    outer loop
      vertex 13.077 35.05 7.4
      vertex 12.644 34.8 7.4
      vertex 12.7487 34.5988 7.4
    endloop
  endfacet
  facet normal 0 0 1
    outer loop
      vertex 12.384 35.1712 7.4
      vertex 12.767 35.4926 7.4
      vertex 12.5843 35.692 7.4
    endloop
  endfacet
  facet normal 0 0 1
    outer loop
      vertex 12.9317 35.2781 7.4
      vertex 12.5221 34.9913 7.4
      vertex 12.644 34.8 7.4
    endloop
  endfacet
  facet normal 0 0 1
    outer loop
      vertex 12.2308 35.3385 7.4
      vertex 12.5843 35.692 7.4
      vertex 12.3849 35.8747 7.4
    endloop
  endfacet
  facet normal 0 0 1
    outer loop
      vertex 12.767 35.4926 7.4
      vertex 12.384 35.1712 7.4
      vertex 12.5221 34.9913 7.4
    endloop
  endfacet
  facet normal 0 0 1
    outer loop
      vertex 12.5843 35.692 7.4
      vertex 12.2308 35.3385 7.4
      vertex 12.384 35.1712 7.4
    endloop
  endfacet
  facet normal 0 0 1
    outer loop
      vertex 12.0636 35.4917 7.4
      vertex 12.3849 35.8747 7.4
      vertex 12.1704 36.0394 7.4
    endloop
  endfacet
  facet normal 0 0 1
    outer loop
      vertex 12.3849 35.8747 7.4
      vertex 12.0636 35.4917 7.4
      vertex 12.2308 35.3385 7.4
    endloop
  endfacet
  facet normal 0 0 1
    outer loop
      vertex 11.8836 35.6298 7.4
      vertex 12.1704 36.0394 7.4
      vertex 11.9423 36.1847 7.4
    endloop
  endfacet
  facet normal 0 0 1
    outer loop
      vertex 12.1704 36.0394 7.4
      vertex 11.8836 35.6298 7.4
      vertex 12.0636 35.4917 7.4
    endloop
  endfacet
  facet normal 0 0 1
    outer loop
      vertex 11.6923 35.7517 7.4
      vertex 11.9423 36.1847 7.4
      vertex 11.7024 36.3096 7.4
    endloop
  endfacet
  facet normal 0 0 1
    outer loop
      vertex 11.9423 36.1847 7.4
      vertex 11.6923 35.7517 7.4
      vertex 11.8836 35.6298 7.4
    endloop
  endfacet
  facet normal 0 0 1
    outer loop
      vertex 11.7024 36.3096 7.4
      vertex 11.4911 35.8564 7.4
      vertex 11.6923 35.7517 7.4
    endloop
  endfacet
  facet normal 0 0 1
    outer loop
      vertex 11.4526 36.413 7.4
      vertex 11.4911 35.8564 7.4
      vertex 11.7024 36.3096 7.4
    endloop
  endfacet
  facet normal 0 0 1
    outer loop
      vertex 11.4526 36.413 7.4
      vertex 11.2816 35.9432 7.4
      vertex 11.4911 35.8564 7.4
    endloop
  endfacet
  facet normal 0 0 1
    outer loop
      vertex 11.1946 36.4944 7.4
      vertex 11.2816 35.9432 7.4
      vertex 11.4526 36.413 7.4
    endloop
  endfacet
  facet normal 0 0 1
    outer loop
      vertex 11.1946 36.4944 7.4
      vertex 11.0652 36.0114 7.4
      vertex 11.2816 35.9432 7.4
    endloop
  endfacet
  facet normal 0 0 1
    outer loop
      vertex 10.9306 36.5529 7.4
      vertex 11.0652 36.0114 7.4
      vertex 11.1946 36.4944 7.4
    endloop
  endfacet
  facet normal 0 0 1
    outer loop
      vertex 10.9306 36.5529 7.4
      vertex 10.8438 36.0605 7.4
      vertex 11.0652 36.0114 7.4
    endloop
  endfacet
  facet normal 0 0 1
    outer loop
      vertex 10.6625 36.5882 7.4
      vertex 10.8438 36.0605 7.4
      vertex 10.9306 36.5529 7.4
    endloop
  endfacet
  facet normal 0 0 1
    outer loop
      vertex 10.6625 36.5882 7.4
      vertex 10.6189 36.0901 7.4
      vertex 10.8438 36.0605 7.4
    endloop
  endfacet
  facet normal 0 0 1
    outer loop
      vertex 10.3923 36.6 7.4
      vertex 10.6189 36.0901 7.4
      vertex 10.6625 36.5882 7.4
    endloop
  endfacet
  facet normal 0 0 1
    outer loop
      vertex 10.3923 36.6 7.4
      vertex 10.3923 36.1 7.4
      vertex 10.6189 36.0901 7.4
    endloop
  endfacet
  facet normal 0 0 1
    outer loop
      vertex 10.3923 36.6 7.4
      vertex 10.1657 36.0901 7.4
      vertex 10.3923 36.1 7.4
    endloop
  endfacet
  facet normal -0 0 1
    outer loop
      vertex 10.1221 36.5882 7.4
      vertex 10.1657 36.0901 7.4
      vertex 10.3923 36.6 7.4
    endloop
  endfacet
  facet normal 0 0 1
    outer loop
      vertex 10.1221 36.5882 7.4
      vertex 9.94082 36.0605 7.4
      vertex 10.1657 36.0901 7.4
    endloop
  endfacet
  facet normal -0 0 1
    outer loop
      vertex 9.854 36.5529 7.4
      vertex 9.94082 36.0605 7.4
      vertex 10.1221 36.5882 7.4
    endloop
  endfacet
  facet normal 0 0 1
    outer loop
      vertex 9.854 36.5529 7.4
      vertex 9.71937 36.0114 7.4
      vertex 9.94082 36.0605 7.4
    endloop
  endfacet
  facet normal -0 0 1
    outer loop
      vertex 9.58996 36.4944 7.4
      vertex 9.71937 36.0114 7.4
      vertex 9.854 36.5529 7.4
    endloop
  endfacet
  facet normal 0 0 1
    outer loop
      vertex 9.58996 36.4944 7.4
      vertex 9.50305 35.9432 7.4
      vertex 9.71937 36.0114 7.4
    endloop
  endfacet
  facet normal -0 0 1
    outer loop
      vertex 9.33204 36.413 7.4
      vertex 9.50305 35.9432 7.4
      vertex 9.58996 36.4944 7.4
    endloop
  endfacet
  facet normal 0 0 1
    outer loop
      vertex 9.33204 36.413 7.4
      vertex 9.2935 35.8564 7.4
      vertex 9.50305 35.9432 7.4
    endloop
  endfacet
  facet normal -0 0 1
    outer loop
      vertex 9.08219 36.3096 7.4
      vertex 9.2935 35.8564 7.4
      vertex 9.33204 36.413 7.4
    endloop
  endfacet
  facet normal 0 0 1
    outer loop
      vertex 9.2935 35.8564 7.4
      vertex 9.08219 36.3096 7.4
      vertex 9.0923 35.7517 7.4
    endloop
  endfacet
  facet normal -0 0 1
    outer loop
      vertex 8.8423 36.1847 7.4
      vertex 9.0923 35.7517 7.4
      vertex 9.08219 36.3096 7.4
    endloop
  endfacet
  facet normal 0 0 1
    outer loop
      vertex 9.0923 35.7517 7.4
      vertex 8.8423 36.1847 7.4
      vertex 8.90101 35.6298 7.4
    endloop
  endfacet
  facet normal -0 0 1
    outer loop
      vertex 8.61422 36.0394 7.4
      vertex 8.90101 35.6298 7.4
      vertex 8.8423 36.1847 7.4
    endloop
  endfacet
  facet normal 0 0 1
    outer loop
      vertex 8.90101 35.6298 7.4
      vertex 8.61422 36.0394 7.4
      vertex 8.72106 35.4917 7.4
    endloop
  endfacet
  facet normal -0 0 1
    outer loop
      vertex 8.39966 35.8747 7.4
      vertex 8.72106 35.4917 7.4
      vertex 8.61422 36.0394 7.4
    endloop
  endfacet
  facet normal 0 0 1
    outer loop
      vertex 8.72106 35.4917 7.4
      vertex 8.39966 35.8747 7.4
      vertex 8.55383 35.3385 7.4
    endloop
  endfacet
  facet normal -0 0 1
    outer loop
      vertex 8.20027 35.692 7.4
      vertex 8.55383 35.3385 7.4
      vertex 8.39966 35.8747 7.4
    endloop
  endfacet
  facet normal 0 0 1
    outer loop
      vertex 8.55383 35.3385 7.4
      vertex 8.20027 35.692 7.4
      vertex 8.40059 35.1712 7.4
    endloop
  endfacet
  facet normal -0 0 1
    outer loop
      vertex 8.01757 35.4926 7.4
      vertex 8.40059 35.1712 7.4
      vertex 8.20027 35.692 7.4
    endloop
  endfacet
  facet normal 0 0 1
    outer loop
      vertex 8.40059 35.1712 7.4
      vertex 8.01757 35.4926 7.4
      vertex 8.26251 34.9913 7.4
    endloop
  endfacet
  facet normal -0 0 1
    outer loop
      vertex 7.85293 35.2781 7.4
      vertex 8.26251 34.9913 7.4
      vertex 8.01757 35.4926 7.4
    endloop
  endfacet
  facet normal 0 0 1
    outer loop
      vertex 8.26251 34.9913 7.4
      vertex 7.85293 35.2781 7.4
      vertex 8.14064 34.8 7.4
    endloop
  endfacet
  facet normal -0 0 1
    outer loop
      vertex 7.70763 35.05 7.4
      vertex 8.14064 34.8 7.4
      vertex 7.85293 35.2781 7.4
    endloop
  endfacet
  facet normal -0 0 1
    outer loop
      vertex 7.66166 34.9617 7.4
      vertex 8.14064 34.8 7.4
      vertex 7.70763 35.05 7.4
    endloop
  endfacet
  facet normal 0 0 1
    outer loop
      vertex 8.14064 34.8 7.4
      vertex 7.66166 34.9617 7.4
      vertex 8.0359 34.5988 7.4
    endloop
  endfacet
  facet normal 0 0 1
    outer loop
      vertex 8.0359 34.5988 7.4
      vertex 7.66166 34.9617 7.4
      vertex 8.02292 34.5675 7.4
    endloop
  endfacet
  facet normal 0 0 1
    outer loop
      vertex 13.3867 32.6977 7.4
      vertex 12.9037 32.8271 7.4
      vertex 13.3054 32.4397 7.4
    endloop
  endfacet
  facet normal -0 0 1
    outer loop
      vertex 12.8355 32.6107 7.4
      vertex 13.3054 32.4397 7.4
      vertex 12.9037 32.8271 7.4
    endloop
  endfacet
  facet normal 0 0 1
    outer loop
      vertex 13.3054 32.4397 7.4
      vertex 12.8355 32.6107 7.4
      vertex 13.2019 32.1899 7.4
    endloop
  endfacet
  facet normal -0 0 1
    outer loop
      vertex 12.7487 32.4012 7.4
      vertex 13.2019 32.1899 7.4
      vertex 12.8355 32.6107 7.4
    endloop
  endfacet
  facet normal 0 0 1
    outer loop
      vertex 13.2019 32.1899 7.4
      vertex 12.7487 32.4012 7.4
      vertex 13.077 31.95 7.4
    endloop
  endfacet
  facet normal -0 0 1
    outer loop
      vertex 12.644 32.2 7.4
      vertex 13.077 31.95 7.4
      vertex 12.7487 32.4012 7.4
    endloop
  endfacet
  facet normal 0 0 1
    outer loop
      vertex 13.077 31.95 7.4
      vertex 12.644 32.2 7.4
      vertex 12.9317 31.7219 7.4
    endloop
  endfacet
  facet normal -0 0 1
    outer loop
      vertex 12.5221 32.0087 7.4
      vertex 12.9317 31.7219 7.4
      vertex 12.644 32.2 7.4
    endloop
  endfacet
  facet normal 0 0 1
    outer loop
      vertex 12.9317 31.7219 7.4
      vertex 12.5221 32.0087 7.4
      vertex 12.767 31.5074 7.4
    endloop
  endfacet
  facet normal -0 0 1
    outer loop
      vertex 12.384 31.8288 7.4
      vertex 12.767 31.5074 7.4
      vertex 12.5221 32.0087 7.4
    endloop
  endfacet
  facet normal 0 0 1
    outer loop
      vertex 12.767 31.5074 7.4
      vertex 12.384 31.8288 7.4
      vertex 12.5843 31.308 7.4
    endloop
  endfacet
  facet normal -0 0 1
    outer loop
      vertex 12.2308 31.6615 7.4
      vertex 12.5843 31.308 7.4
      vertex 12.384 31.8288 7.4
    endloop
  endfacet
  facet normal 0 0 1
    outer loop
      vertex 12.5843 31.308 7.4
      vertex 12.2308 31.6615 7.4
      vertex 12.3849 31.1253 7.4
    endloop
  endfacet
  facet normal -0 0 1
    outer loop
      vertex 12.0636 31.5083 7.4
      vertex 12.3849 31.1253 7.4
      vertex 12.2308 31.6615 7.4
    endloop
  endfacet
  facet normal 0 0 1
    outer loop
      vertex 12.3849 31.1253 7.4
      vertex 12.0636 31.5083 7.4
      vertex 12.1704 30.9606 7.4
    endloop
  endfacet
  facet normal -0 0 1
    outer loop
      vertex 11.8836 31.3702 7.4
      vertex 12.1704 30.9606 7.4
      vertex 12.0636 31.5083 7.4
    endloop
  endfacet
  facet normal 0 0 1
    outer loop
      vertex 12.1704 30.9606 7.4
      vertex 11.8836 31.3702 7.4
      vertex 11.9423 30.8153 7.4
    endloop
  endfacet
  facet normal -0 0 1
    outer loop
      vertex 11.6923 31.2483 7.4
      vertex 11.9423 30.8153 7.4
      vertex 11.8836 31.3702 7.4
    endloop
  endfacet
  facet normal 0 0 1
    outer loop
      vertex 11.9423 30.8153 7.4
      vertex 11.6923 31.2483 7.4
      vertex 11.7024 30.6904 7.4
    endloop
  endfacet
  facet normal -0 0 1
    outer loop
      vertex 11.4911 31.1436 7.4
      vertex 11.7024 30.6904 7.4
      vertex 11.6923 31.2483 7.4
    endloop
  endfacet
  facet normal 0 0 1
    outer loop
      vertex 11.4911 31.1436 7.4
      vertex 11.4526 30.587 7.4
      vertex 11.7024 30.6904 7.4
    endloop
  endfacet
  facet normal -0 0 1
    outer loop
      vertex 11.2816 31.0568 7.4
      vertex 11.4526 30.587 7.4
      vertex 11.4911 31.1436 7.4
    endloop
  endfacet
  facet normal 0 0 1
    outer loop
      vertex 11.2816 31.0568 7.4
      vertex 11.1946 30.5056 7.4
      vertex 11.4526 30.587 7.4
    endloop
  endfacet
  facet normal -0 0 1
    outer loop
      vertex 11.0652 30.9886 7.4
      vertex 11.1946 30.5056 7.4
      vertex 11.2816 31.0568 7.4
    endloop
  endfacet
  facet normal 0 0 1
    outer loop
      vertex 11.0652 30.9886 7.4
      vertex 10.9306 30.4471 7.4
      vertex 11.1946 30.5056 7.4
    endloop
  endfacet
  facet normal -0 0 1
    outer loop
      vertex 10.8438 30.9395 7.4
      vertex 10.9306 30.4471 7.4
      vertex 11.0652 30.9886 7.4
    endloop
  endfacet
  facet normal 0 0 1
    outer loop
      vertex 10.8438 30.9395 7.4
      vertex 10.6625 30.4118 7.4
      vertex 10.9306 30.4471 7.4
    endloop
  endfacet
  facet normal -0 0 1
    outer loop
      vertex 10.6189 30.9099 7.4
      vertex 10.6625 30.4118 7.4
      vertex 10.8438 30.9395 7.4
    endloop
  endfacet
  facet normal -0 0 1
    outer loop
      vertex 10.3923 30.9 7.4
      vertex 10.6625 30.4118 7.4
      vertex 10.6189 30.9099 7.4
    endloop
  endfacet
  facet normal 0 0 1
    outer loop
      vertex 10.3923 30.9 7.4
      vertex 10.3923 30.4 7.4
      vertex 10.6625 30.4118 7.4
    endloop
  endfacet
  facet normal 0 0 1
    outer loop
      vertex 10.3923 30.9 7.4
      vertex 10.2928 30.4043 7.4
      vertex 10.3923 30.4 7.4
    endloop
  endfacet
  facet normal 0 0 1
    outer loop
      vertex 10.1657 30.9099 7.4
      vertex 10.2928 30.4043 7.4
      vertex 10.3923 30.9 7.4
    endloop
  endfacet
  facet normal 0 0 1
    outer loop
      vertex 10.2928 30.4043 7.4
      vertex 10.1657 30.9099 7.4
      vertex 10.1321 30.9143 7.4
    endloop
  endfacet
  facet normal -0.965929 0.258806 0
    outer loop
      vertex -13.7741 18.4411 -5.72205e-07
      vertex -13.4234 19.75 8.6
      vertex -13.4234 19.75 -5.72205e-07
    endloop
  endfacet
  facet normal -0.965929 0.258806 0
    outer loop
      vertex -13.4234 19.75 8.6
      vertex -13.7741 18.4411 -5.72205e-07
      vertex -13.7741 18.4411 8.6
    endloop
  endfacet
  facet normal -0.258806 -0.965929 0
    outer loop
      vertex -14.7323 20.1007 -5.72205e-07
      vertex -13.4234 19.75 8.6
      vertex -14.7323 20.1007 8.6
    endloop
  endfacet
  facet normal -0.258806 -0.965929 -0
    outer loop
      vertex -13.4234 19.75 8.6
      vertex -14.7323 20.1007 -5.72205e-07
      vertex -13.4234 19.75 -5.72205e-07
    endloop
  endfacet
  facet normal 0.953743 -0.300623 0
    outer loop
      vertex -2.51141 40.1729 7.4
      vertex -2.4432 40.3893 -5.72205e-07
      vertex -2.4432 40.3893 7.4
    endloop
  endfacet
  facet normal 0.953743 -0.300623 0
    outer loop
      vertex -2.4432 40.3893 -5.72205e-07
      vertex -2.51141 40.1729 7.4
      vertex -2.51141 40.1729 -5.72205e-07
    endloop
  endfacet
  facet normal -0.999049 -0.0436037 0
    outer loop
      vertex 2.6 39.5 -5.72205e-07
      vertex 2.59011 39.7266 7.4
      vertex 2.59011 39.7266 -5.72205e-07
    endloop
  endfacet
  facet normal -0.999049 -0.0436037 0
    outer loop
      vertex 2.59011 39.7266 7.4
      vertex 2.6 39.5 -5.72205e-07
      vertex 2.6 39.5 7.4
    endloop
  endfacet
  facet normal 0.216469 -0.976289 0
    outer loop
      vertex -0.672929 42.0114 -5.72205e-07
      vertex -0.451485 42.0605 7.4
      vertex -0.672929 42.0114 7.4
    endloop
  endfacet
  facet normal 0.216469 -0.976289 0
    outer loop
      vertex -0.451485 42.0605 7.4
      vertex -0.672929 42.0114 -5.72205e-07
      vertex -0.451485 42.0605 -5.72205e-07
    endloop
  endfacet
  facet normal 0.923845 0.382767 0
    outer loop
      vertex -2.3564 38.4012 7.4
      vertex -2.4432 38.6107 -5.72205e-07
      vertex -2.4432 38.6107 7.4
    endloop
  endfacet
  facet normal 0.923845 0.382767 0
    outer loop
      vertex -2.4432 38.6107 -5.72205e-07
      vertex -2.3564 38.4012 7.4
      vertex -2.3564 38.4012 -5.72205e-07
    endloop
  endfacet
  facet normal -0.1305 -0.991448 0
    outer loop
      vertex 0.226604 42.0901 -5.72205e-07
      vertex 0.451485 42.0605 7.4
      vertex 0.226604 42.0901 7.4
    endloop
  endfacet
  facet normal -0.1305 -0.991448 -0
    outer loop
      vertex 0.451485 42.0605 7.4
      vertex 0.226604 42.0901 -5.72205e-07
      vertex 0.451485 42.0605 -5.72205e-07
    endloop
  endfacet
  facet normal -0.97629 -0.216468 0
    outer loop
      vertex 2.5605 39.9515 -5.72205e-07
      vertex 2.51141 40.1729 7.4
      vertex 2.51141 40.1729 -5.72205e-07
    endloop
  endfacet
  facet normal -0.97629 -0.216468 0
    outer loop
      vertex 2.51141 40.1729 7.4
      vertex 2.5605 39.9515 -5.72205e-07
      vertex 2.5605 39.9515 7.4
    endloop
  endfacet
  facet normal 0.608816 -0.793312 0
    outer loop
      vertex -1.67125 41.4917 -5.72205e-07
      vertex -1.4913 41.6298 7.4
      vertex -1.67125 41.4917 7.4
    endloop
  endfacet
  facet normal 0.608816 -0.793312 0
    outer loop
      vertex -1.4913 41.6298 7.4
      vertex -1.67125 41.4917 -5.72205e-07
      vertex -1.4913 41.6298 -5.72205e-07
    endloop
  endfacet
  facet normal 0.382677 0.923882 -0
    outer loop
      vertex -0.889252 37.0568 -5.72205e-07
      vertex -1.09881 37.1436 6.6
      vertex -0.889252 37.0568 6.6
    endloop
  endfacet
  facet normal 0.382677 0.923882 0
    outer loop
      vertex -1.09881 37.1436 6.6
      vertex -0.889252 37.0568 -5.72205e-07
      vertex -1.09881 37.1436 -5.72205e-07
    endloop
  endfacet
  facet normal 0.0436469 -0.999047 0
    outer loop
      vertex -0.226604 42.0901 -5.72205e-07
      vertex 0 42.1 7.4
      vertex -0.226604 42.0901 7.4
    endloop
  endfacet
  facet normal 0.0436469 -0.999047 0
    outer loop
      vertex 0 42.1 7.4
      vertex -0.226604 42.0901 -5.72205e-07
      vertex 0 42.1 -5.72205e-07
    endloop
  endfacet
  facet normal -0.1305 0.991448 0
    outer loop
      vertex 0.451485 36.9395 -5.72205e-07
      vertex 0.226604 36.9099 6.6
      vertex 0.451485 36.9395 6.6
    endloop
  endfacet
  facet normal -0.1305 0.991448 0
    outer loop
      vertex 0.226604 36.9099 6.6
      vertex 0.451485 36.9395 -5.72205e-07
      vertex 0.226604 36.9099 -5.72205e-07
    endloop
  endfacet
  facet normal 0.953743 0.300623 0
    outer loop
      vertex -2.4432 38.6107 7.4
      vertex -2.51141 38.8271 -5.72205e-07
      vertex -2.51141 38.8271 7.4
    endloop
  endfacet
  facet normal 0.953743 0.300623 0
    outer loop
      vertex -2.51141 38.8271 -5.72205e-07
      vertex -2.4432 38.6107 7.4
      vertex -2.4432 38.6107 -5.72205e-07
    endloop
  endfacet
  facet normal -0.461635 0.88707 0
    outer loop
      vertex 1.3 37.2483 -5.72205e-07
      vertex 1.09881 37.1436 6.6
      vertex 1.3 37.2483 6.6
    endloop
  endfacet
  facet normal -0.461635 0.88707 0
    outer loop
      vertex 1.09881 37.1436 6.6
      vertex 1.3 37.2483 -5.72205e-07
      vertex 1.09881 37.1436 -5.72205e-07
    endloop
  endfacet
  facet normal -0.923845 -0.382767 0
    outer loop
      vertex 2.4432 40.3893 -5.72205e-07
      vertex 2.3564 40.5988 7.4
      vertex 2.3564 40.5988 -5.72205e-07
    endloop
  endfacet
  facet normal -0.923845 -0.382767 0
    outer loop
      vertex 2.3564 40.5988 7.4
      vertex 2.4432 40.3893 -5.72205e-07
      vertex 2.4432 40.3893 7.4
    endloop
  endfacet
  facet normal -0.737414 -0.675441 0
    outer loop
      vertex 1.99172 41.1712 -5.72205e-07
      vertex 1.83848 41.3385 7.4
      vertex 1.83848 41.3385 -5.72205e-07
    endloop
  endfacet
  facet normal -0.737414 -0.675441 0
    outer loop
      vertex 1.83848 41.3385 7.4
      vertex 1.99172 41.1712 -5.72205e-07
      vertex 1.99172 41.1712 7.4
    endloop
  endfacet
  facet normal -0.608816 0.793312 0
    outer loop
      vertex 1.67125 37.5083 -5.72205e-07
      vertex 1.4913 37.3702 6.6
      vertex 1.67125 37.5083 6.6
    endloop
  endfacet
  facet normal -0.608816 0.793312 0
    outer loop
      vertex 1.4913 37.3702 6.6
      vertex 1.67125 37.5083 -5.72205e-07
      vertex 1.4913 37.3702 -5.72205e-07
    endloop
  endfacet
  facet normal 0.537389 -0.843335 0
    outer loop
      vertex -1.4913 41.6298 -5.72205e-07
      vertex -1.3 41.7517 7.4
      vertex -1.4913 41.6298 7.4
    endloop
  endfacet
  facet normal 0.537389 -0.843335 0
    outer loop
      vertex -1.3 41.7517 7.4
      vertex -1.4913 41.6298 -5.72205e-07
      vertex -1.3 41.7517 -5.72205e-07
    endloop
  endfacet
  facet normal -0.792942 0.609298 0
    outer loop
      vertex 2.1298 38.0087 -5.72205e-07
      vertex 2.10913 37.9818 6.6
      vertex 2.1298 38.0087 7.4
    endloop
  endfacet
  facet normal -0.793273 0.608867 -2.79336e-06
    outer loop
      vertex 1.99172 37.8288 -5.72205e-07
      vertex 2.10913 37.9818 6.6
      vertex 2.1298 38.0087 -5.72205e-07
    endloop
  endfacet
  facet normal -0.793331 0.608791 0
    outer loop
      vertex 2.10913 37.9818 6.6
      vertex 1.99172 37.8288 -5.72205e-07
      vertex 1.99172 37.8288 6.6
    endloop
  endfacet
  facet normal -0.792942 0.609298 0
    outer loop
      vertex 2.1298 38.0087 7.4
      vertex 2.10913 37.9818 6.6
      vertex 2.10913 37.9818 7.4
    endloop
  endfacet
  facet normal 0.923845 -0.382767 0
    outer loop
      vertex -2.4432 40.3893 7.4
      vertex -2.3564 40.5988 -5.72205e-07
      vertex -2.3564 40.5988 7.4
    endloop
  endfacet
  facet normal 0.923845 -0.382767 0
    outer loop
      vertex -2.3564 40.5988 -5.72205e-07
      vertex -2.4432 40.3893 7.4
      vertex -2.4432 40.3893 -5.72205e-07
    endloop
  endfacet
  facet normal -0.30068 0.953725 0
    outer loop
      vertex 0.889252 37.0568 -5.72205e-07
      vertex 0.672929 36.9886 6.6
      vertex 0.889252 37.0568 6.6
    endloop
  endfacet
  facet normal -0.30068 0.953725 0
    outer loop
      vertex 0.672929 36.9886 6.6
      vertex 0.889252 37.0568 -5.72205e-07
      vertex 0.672929 36.9886 -5.72205e-07
    endloop
  endfacet
  facet normal -0.843395 -0.537295 0
    outer loop
      vertex 2.25167 40.8 -5.72205e-07
      vertex 2.1298 40.9913 7.4
      vertex 2.1298 40.9913 -5.72205e-07
    endloop
  endfacet
  facet normal -0.843395 -0.537295 0
    outer loop
      vertex 2.1298 40.9913 7.4
      vertex 2.25167 40.8 -5.72205e-07
      vertex 2.25167 40.8 7.4
    endloop
  endfacet
  facet normal 0.999049 0.0436037 0
    outer loop
      vertex -2.59011 39.2734 7.4
      vertex -2.6 39.5 -5.72205e-07
      vertex -2.6 39.5 7.4
    endloop
  endfacet
  facet normal 0.999049 0.0436037 0
    outer loop
      vertex -2.6 39.5 -5.72205e-07
      vertex -2.59011 39.2734 7.4
      vertex -2.59011 39.2734 -5.72205e-07
    endloop
  endfacet
  facet normal 0.675499 -0.737361 0
    outer loop
      vertex -1.83848 41.3385 -5.72205e-07
      vertex -1.67125 41.4917 7.4
      vertex -1.83848 41.3385 7.4
    endloop
  endfacet
  facet normal 0.675499 -0.737361 0
    outer loop
      vertex -1.67125 41.4917 7.4
      vertex -1.83848 41.3385 -5.72205e-07
      vertex -1.67125 41.4917 -5.72205e-07
    endloop
  endfacet
  facet normal 0.991444 0.130532 0
    outer loop
      vertex -2.5605 39.0485 7.4
      vertex -2.59011 39.2734 -5.72205e-07
      vertex -2.59011 39.2734 7.4
    endloop
  endfacet
  facet normal 0.991444 0.130532 0
    outer loop
      vertex -2.59011 39.2734 -5.72205e-07
      vertex -2.5605 39.0485 7.4
      vertex -2.5605 39.0485 -5.72205e-07
    endloop
  endfacet
  facet normal -0.461635 -0.88707 0
    outer loop
      vertex 1.09881 41.8564 -5.72205e-07
      vertex 1.3 41.7517 7.4
      vertex 1.09881 41.8564 7.4
    endloop
  endfacet
  facet normal -0.461635 -0.88707 -0
    outer loop
      vertex 1.3 41.7517 7.4
      vertex 1.09881 41.8564 -5.72205e-07
      vertex 1.3 41.7517 -5.72205e-07
    endloop
  endfacet
  facet normal 0.382677 -0.923882 0
    outer loop
      vertex -1.09881 41.8564 -5.72205e-07
      vertex -0.889252 41.9432 7.4
      vertex -1.09881 41.8564 7.4
    endloop
  endfacet
  facet normal 0.382677 -0.923882 0
    outer loop
      vertex -0.889252 41.9432 7.4
      vertex -1.09881 41.8564 -5.72205e-07
      vertex -0.889252 41.9432 -5.72205e-07
    endloop
  endfacet
  facet normal -0.991444 -0.130532 0
    outer loop
      vertex 2.59011 39.7266 -5.72205e-07
      vertex 2.5605 39.9515 7.4
      vertex 2.5605 39.9515 -5.72205e-07
    endloop
  endfacet
  facet normal -0.991444 -0.130532 0
    outer loop
      vertex 2.5605 39.9515 7.4
      vertex 2.59011 39.7266 -5.72205e-07
      vertex 2.59011 39.7266 7.4
    endloop
  endfacet
  facet normal -0.953743 0.300623 0
    outer loop
      vertex 2.4432 38.6107 -5.72205e-07
      vertex 2.51141 38.8271 7.4
      vertex 2.51141 38.8271 -5.72205e-07
    endloop
  endfacet
  facet normal -0.953743 0.300623 0
    outer loop
      vertex 2.51141 38.8271 7.4
      vertex 2.4432 38.6107 -5.72205e-07
      vertex 2.4432 38.6107 7.4
    endloop
  endfacet
  facet normal 0.675499 0.737361 -0
    outer loop
      vertex -1.67125 37.5083 -5.72205e-07
      vertex -1.83848 37.6615 6.6
      vertex -1.67125 37.5083 6.6
    endloop
  endfacet
  facet normal 0.675499 0.737361 0
    outer loop
      vertex -1.83848 37.6615 6.6
      vertex -1.67125 37.5083 -5.72205e-07
      vertex -1.83848 37.6615 -5.72205e-07
    endloop
  endfacet
  facet normal -0.216469 0.976289 0
    outer loop
      vertex 0.672929 36.9886 -5.72205e-07
      vertex 0.451485 36.9395 6.6
      vertex 0.672929 36.9886 6.6
    endloop
  endfacet
  facet normal -0.216469 0.976289 0
    outer loop
      vertex 0.451485 36.9395 6.6
      vertex 0.672929 36.9886 -5.72205e-07
      vertex 0.451485 36.9395 -5.72205e-07
    endloop
  endfacet
  facet normal -0.887025 -0.461721 0
    outer loop
      vertex 2.3564 40.5988 -5.72205e-07
      vertex 2.25167 40.8 7.4
      vertex 2.25167 40.8 -5.72205e-07
    endloop
  endfacet
  facet normal -0.887025 -0.461721 0
    outer loop
      vertex 2.25167 40.8 7.4
      vertex 2.3564 40.5988 -5.72205e-07
      vertex 2.3564 40.5988 7.4
    endloop
  endfacet
  facet normal -0.953743 -0.300623 0
    outer loop
      vertex 2.51141 40.1729 -5.72205e-07
      vertex 2.4432 40.3893 7.4
      vertex 2.4432 40.3893 -5.72205e-07
    endloop
  endfacet
  facet normal -0.953743 -0.300623 0
    outer loop
      vertex 2.4432 40.3893 7.4
      vertex 2.51141 40.1729 -5.72205e-07
      vertex 2.51141 40.1729 7.4
    endloop
  endfacet
  facet normal -0.537389 -0.843335 0
    outer loop
      vertex 1.3 41.7517 -5.72205e-07
      vertex 1.4913 41.6298 7.4
      vertex 1.3 41.7517 7.4
    endloop
  endfacet
  facet normal -0.537389 -0.843335 -0
    outer loop
      vertex 1.4913 41.6298 7.4
      vertex 1.3 41.7517 -5.72205e-07
      vertex 1.4913 41.6298 -5.72205e-07
    endloop
  endfacet
  facet normal 0.30068 0.953725 -0
    outer loop
      vertex -0.672929 36.9886 -5.72205e-07
      vertex -0.889252 37.0568 6.6
      vertex -0.672929 36.9886 6.6
    endloop
  endfacet
  facet normal 0.30068 0.953725 0
    outer loop
      vertex -0.889252 37.0568 6.6
      vertex -0.672929 36.9886 -5.72205e-07
      vertex -0.889252 37.0568 -5.72205e-07
    endloop
  endfacet
  facet normal -0.97629 0.216468 0
    outer loop
      vertex 2.51141 38.8271 -5.72205e-07
      vertex 2.5605 39.0485 7.4
      vertex 2.5605 39.0485 -5.72205e-07
    endloop
  endfacet
  facet normal -0.97629 0.216468 0
    outer loop
      vertex 2.5605 39.0485 7.4
      vertex 2.51141 38.8271 -5.72205e-07
      vertex 2.51141 38.8271 7.4
    endloop
  endfacet
  facet normal -0.0436469 -0.999047 0
    outer loop
      vertex 0 42.1 -5.72205e-07
      vertex 0.226604 42.0901 7.4
      vertex 0 42.1 7.4
    endloop
  endfacet
  facet normal -0.0436469 -0.999047 -0
    outer loop
      vertex 0.226604 42.0901 7.4
      vertex 0 42.1 -5.72205e-07
      vertex 0.226604 42.0901 -5.72205e-07
    endloop
  endfacet
  facet normal 0.461635 -0.88707 0
    outer loop
      vertex -1.3 41.7517 -5.72205e-07
      vertex -1.09881 41.8564 7.4
      vertex -1.3 41.7517 7.4
    endloop
  endfacet
  facet normal 0.461635 -0.88707 0
    outer loop
      vertex -1.09881 41.8564 7.4
      vertex -1.3 41.7517 -5.72205e-07
      vertex -1.09881 41.8564 -5.72205e-07
    endloop
  endfacet
  facet normal -0.30068 -0.953725 0
    outer loop
      vertex 0.672929 42.0114 -5.72205e-07
      vertex 0.889252 41.9432 7.4
      vertex 0.672929 42.0114 7.4
    endloop
  endfacet
  facet normal -0.30068 -0.953725 -0
    outer loop
      vertex 0.889252 41.9432 7.4
      vertex 0.672929 42.0114 -5.72205e-07
      vertex 0.889252 41.9432 -5.72205e-07
    endloop
  endfacet
  facet normal -0.991444 0.130532 0
    outer loop
      vertex 2.5605 39.0485 -5.72205e-07
      vertex 2.59011 39.2734 7.4
      vertex 2.59011 39.2734 -5.72205e-07
    endloop
  endfacet
  facet normal -0.991444 0.130532 0
    outer loop
      vertex 2.59011 39.2734 7.4
      vertex 2.5605 39.0485 -5.72205e-07
      vertex 2.5605 39.0485 7.4
    endloop
  endfacet
  facet normal -0.608816 -0.793312 0
    outer loop
      vertex 1.4913 41.6298 -5.72205e-07
      vertex 1.67125 41.4917 7.4
      vertex 1.4913 41.6298 7.4
    endloop
  endfacet
  facet normal -0.608816 -0.793312 -0
    outer loop
      vertex 1.67125 41.4917 7.4
      vertex 1.4913 41.6298 -5.72205e-07
      vertex 1.67125 41.4917 -5.72205e-07
    endloop
  endfacet
  facet normal 0.737414 -0.675441 0
    outer loop
      vertex -1.99172 41.1712 7.4
      vertex -1.83848 41.3385 -5.72205e-07
      vertex -1.83848 41.3385 7.4
    endloop
  endfacet
  facet normal 0.737414 -0.675441 0
    outer loop
      vertex -1.83848 41.3385 -5.72205e-07
      vertex -1.99172 41.1712 7.4
      vertex -1.99172 41.1712 -5.72205e-07
    endloop
  endfacet
  facet normal 0.608816 0.793312 -0
    outer loop
      vertex -1.4913 37.3702 -5.72205e-07
      vertex -1.67125 37.5083 6.6
      vertex -1.4913 37.3702 6.6
    endloop
  endfacet
  facet normal 0.608816 0.793312 0
    outer loop
      vertex -1.67125 37.5083 6.6
      vertex -1.4913 37.3702 -5.72205e-07
      vertex -1.67125 37.5083 -5.72205e-07
    endloop
  endfacet
  facet normal -0.843395 0.537295 0
    outer loop
      vertex 2.1298 38.0087 -5.72205e-07
      vertex 2.25167 38.2 7.4
      vertex 2.25167 38.2 -5.72205e-07
    endloop
  endfacet
  facet normal -0.843395 0.537295 0
    outer loop
      vertex 2.25167 38.2 7.4
      vertex 2.1298 38.0087 -5.72205e-07
      vertex 2.1298 38.0087 7.4
    endloop
  endfacet
  facet normal -0.382677 -0.923882 0
    outer loop
      vertex 0.889252 41.9432 -5.72205e-07
      vertex 1.09881 41.8564 7.4
      vertex 0.889252 41.9432 7.4
    endloop
  endfacet
  facet normal -0.382677 -0.923882 -0
    outer loop
      vertex 1.09881 41.8564 7.4
      vertex 0.889252 41.9432 -5.72205e-07
      vertex 1.09881 41.8564 -5.72205e-07
    endloop
  endfacet
  facet normal -0.737414 0.675441 0
    outer loop
      vertex 1.83848 37.6615 -5.72205e-07
      vertex 1.99172 37.8288 6.6
      vertex 1.99172 37.8288 -5.72205e-07
    endloop
  endfacet
  facet normal -0.737414 0.675441 0
    outer loop
      vertex 1.99172 37.8288 6.6
      vertex 1.83848 37.6615 -5.72205e-07
      vertex 1.83848 37.6615 6.6
    endloop
  endfacet
  facet normal 0.537389 0.843335 -0
    outer loop
      vertex -1.3 37.2483 -5.72205e-07
      vertex -1.4913 37.3702 6.6
      vertex -1.3 37.2483 6.6
    endloop
  endfacet
  facet normal 0.537389 0.843335 0
    outer loop
      vertex -1.4913 37.3702 6.6
      vertex -1.3 37.2483 -5.72205e-07
      vertex -1.4913 37.3702 -5.72205e-07
    endloop
  endfacet
  facet normal 0.0436469 0.999047 -0
    outer loop
      vertex 0 36.9 -5.72205e-07
      vertex -0.226604 36.9099 6.6
      vertex 0 36.9 6.6
    endloop
  endfacet
  facet normal 0.0436469 0.999047 0
    outer loop
      vertex -0.226604 36.9099 6.6
      vertex 0 36.9 -5.72205e-07
      vertex -0.226604 36.9099 -5.72205e-07
    endloop
  endfacet
  facet normal -0.0436469 0.999047 0
    outer loop
      vertex 0.226604 36.9099 -5.72205e-07
      vertex 0 36.9 6.6
      vertex 0.226604 36.9099 6.6
    endloop
  endfacet
  facet normal -0.0436469 0.999047 0
    outer loop
      vertex 0 36.9 6.6
      vertex 0.226604 36.9099 -5.72205e-07
      vertex 0 36.9 -5.72205e-07
    endloop
  endfacet
  facet normal 0.887025 0.461721 0
    outer loop
      vertex -2.25167 38.2 7.4
      vertex -2.3564 38.4012 -5.72205e-07
      vertex -2.3564 38.4012 7.4
    endloop
  endfacet
  facet normal 0.887025 0.461721 0
    outer loop
      vertex -2.3564 38.4012 -5.72205e-07
      vertex -2.25167 38.2 7.4
      vertex -2.25167 38.2 -5.72205e-07
    endloop
  endfacet
  facet normal -0.887025 0.461721 0
    outer loop
      vertex 2.25167 38.2 -5.72205e-07
      vertex 2.3564 38.4012 7.4
      vertex 2.3564 38.4012 -5.72205e-07
    endloop
  endfacet
  facet normal -0.887025 0.461721 0
    outer loop
      vertex 2.3564 38.4012 7.4
      vertex 2.25167 38.2 -5.72205e-07
      vertex 2.25167 38.2 7.4
    endloop
  endfacet
  facet normal 0.991444 -0.130532 0
    outer loop
      vertex -2.59011 39.7266 7.4
      vertex -2.5605 39.9515 -5.72205e-07
      vertex -2.5605 39.9515 7.4
    endloop
  endfacet
  facet normal 0.991444 -0.130532 0
    outer loop
      vertex -2.5605 39.9515 -5.72205e-07
      vertex -2.59011 39.7266 7.4
      vertex -2.59011 39.7266 -5.72205e-07
    endloop
  endfacet
  facet normal 0.97629 -0.216468 0
    outer loop
      vertex -2.5605 39.9515 7.4
      vertex -2.51141 40.1729 -5.72205e-07
      vertex -2.51141 40.1729 7.4
    endloop
  endfacet
  facet normal 0.97629 -0.216468 0
    outer loop
      vertex -2.51141 40.1729 -5.72205e-07
      vertex -2.5605 39.9515 7.4
      vertex -2.5605 39.9515 -5.72205e-07
    endloop
  endfacet
  facet normal 0.1305 -0.991448 0
    outer loop
      vertex -0.451485 42.0605 -5.72205e-07
      vertex -0.226604 42.0901 7.4
      vertex -0.451485 42.0605 7.4
    endloop
  endfacet
  facet normal 0.1305 -0.991448 0
    outer loop
      vertex -0.226604 42.0901 7.4
      vertex -0.451485 42.0605 -5.72205e-07
      vertex -0.226604 42.0901 -5.72205e-07
    endloop
  endfacet
  facet normal 0.30068 -0.953725 0
    outer loop
      vertex -0.889252 41.9432 -5.72205e-07
      vertex -0.672929 42.0114 7.4
      vertex -0.889252 41.9432 7.4
    endloop
  endfacet
  facet normal 0.30068 -0.953725 0
    outer loop
      vertex -0.672929 42.0114 7.4
      vertex -0.889252 41.9432 -5.72205e-07
      vertex -0.672929 42.0114 -5.72205e-07
    endloop
  endfacet
  facet normal 0.792942 0.609298 -0
    outer loop
      vertex -2.10913 37.9818 6.6
      vertex -2.1298 38.0087 7.4
      vertex -2.10913 37.9818 7.4
    endloop
  endfacet
  facet normal 0.792942 0.609298 0
    outer loop
      vertex -2.1298 38.0087 7.4
      vertex -2.10913 37.9818 6.6
      vertex -2.1298 38.0087 -5.72205e-07
    endloop
  endfacet
  facet normal 0.793331 0.608791 -3.28473e-06
    outer loop
      vertex -1.99172 37.8288 6.6
      vertex -2.1298 38.0087 -5.72205e-07
      vertex -2.10913 37.9818 6.6
    endloop
  endfacet
  facet normal 0.793273 0.608867 0
    outer loop
      vertex -2.1298 38.0087 -5.72205e-07
      vertex -1.99172 37.8288 6.6
      vertex -1.99172 37.8288 -5.72205e-07
    endloop
  endfacet
  facet normal -0.675499 0.737361 0
    outer loop
      vertex 1.83848 37.6615 -5.72205e-07
      vertex 1.67125 37.5083 6.6
      vertex 1.83848 37.6615 6.6
    endloop
  endfacet
  facet normal -0.675499 0.737361 0
    outer loop
      vertex 1.67125 37.5083 6.6
      vertex 1.83848 37.6615 -5.72205e-07
      vertex 1.67125 37.5083 -5.72205e-07
    endloop
  endfacet
  facet normal 0.887025 -0.461721 0
    outer loop
      vertex -2.3564 40.5988 7.4
      vertex -2.25167 40.8 -5.72205e-07
      vertex -2.25167 40.8 7.4
    endloop
  endfacet
  facet normal 0.887025 -0.461721 0
    outer loop
      vertex -2.25167 40.8 -5.72205e-07
      vertex -2.3564 40.5988 7.4
      vertex -2.3564 40.5988 -5.72205e-07
    endloop
  endfacet
  facet normal 0.97629 0.216468 0
    outer loop
      vertex -2.51141 38.8271 7.4
      vertex -2.5605 39.0485 -5.72205e-07
      vertex -2.5605 39.0485 7.4
    endloop
  endfacet
  facet normal 0.97629 0.216468 0
    outer loop
      vertex -2.5605 39.0485 -5.72205e-07
      vertex -2.51141 38.8271 7.4
      vertex -2.51141 38.8271 -5.72205e-07
    endloop
  endfacet
  facet normal -0.216469 -0.976289 0
    outer loop
      vertex 0.451485 42.0605 -5.72205e-07
      vertex 0.672929 42.0114 7.4
      vertex 0.451485 42.0605 7.4
    endloop
  endfacet
  facet normal -0.216469 -0.976289 -0
    outer loop
      vertex 0.672929 42.0114 7.4
      vertex 0.451485 42.0605 -5.72205e-07
      vertex 0.672929 42.0114 -5.72205e-07
    endloop
  endfacet
  facet normal -0.382677 0.923882 0
    outer loop
      vertex 1.09881 37.1436 -5.72205e-07
      vertex 0.889252 37.0568 6.6
      vertex 1.09881 37.1436 6.6
    endloop
  endfacet
  facet normal -0.382677 0.923882 0
    outer loop
      vertex 0.889252 37.0568 6.6
      vertex 1.09881 37.1436 -5.72205e-07
      vertex 0.889252 37.0568 -5.72205e-07
    endloop
  endfacet
  facet normal -0.923845 0.382767 0
    outer loop
      vertex 2.3564 38.4012 -5.72205e-07
      vertex 2.4432 38.6107 7.4
      vertex 2.4432 38.6107 -5.72205e-07
    endloop
  endfacet
  facet normal -0.923845 0.382767 0
    outer loop
      vertex 2.4432 38.6107 7.4
      vertex 2.3564 38.4012 -5.72205e-07
      vertex 2.3564 38.4012 7.4
    endloop
  endfacet
  facet normal 0.843395 -0.537295 0
    outer loop
      vertex -2.25167 40.8 7.4
      vertex -2.1298 40.9913 -5.72205e-07
      vertex -2.1298 40.9913 7.4
    endloop
  endfacet
  facet normal 0.843395 -0.537295 0
    outer loop
      vertex -2.1298 40.9913 -5.72205e-07
      vertex -2.25167 40.8 7.4
      vertex -2.25167 40.8 -5.72205e-07
    endloop
  endfacet
  facet normal -0.537389 0.843335 0
    outer loop
      vertex 1.4913 37.3702 -5.72205e-07
      vertex 1.3 37.2483 6.6
      vertex 1.4913 37.3702 6.6
    endloop
  endfacet
  facet normal -0.537389 0.843335 0
    outer loop
      vertex 1.3 37.2483 6.6
      vertex 1.4913 37.3702 -5.72205e-07
      vertex 1.3 37.2483 -5.72205e-07
    endloop
  endfacet
  facet normal 0.737414 0.675441 0
    outer loop
      vertex -1.83848 37.6615 6.6
      vertex -1.99172 37.8288 -5.72205e-07
      vertex -1.99172 37.8288 6.6
    endloop
  endfacet
  facet normal 0.737414 0.675441 0
    outer loop
      vertex -1.99172 37.8288 -5.72205e-07
      vertex -1.83848 37.6615 6.6
      vertex -1.83848 37.6615 -5.72205e-07
    endloop
  endfacet
  facet normal 0.793273 -0.608867 0
    outer loop
      vertex -2.1298 40.9913 7.4
      vertex -1.99172 41.1712 -5.72205e-07
      vertex -1.99172 41.1712 7.4
    endloop
  endfacet
  facet normal 0.793273 -0.608867 0
    outer loop
      vertex -1.99172 41.1712 -5.72205e-07
      vertex -2.1298 40.9913 7.4
      vertex -2.1298 40.9913 -5.72205e-07
    endloop
  endfacet
  facet normal 0.216469 0.976289 -0
    outer loop
      vertex -0.451485 36.9395 -5.72205e-07
      vertex -0.672929 36.9886 6.6
      vertex -0.451485 36.9395 6.6
    endloop
  endfacet
  facet normal 0.216469 0.976289 0
    outer loop
      vertex -0.672929 36.9886 6.6
      vertex -0.451485 36.9395 -5.72205e-07
      vertex -0.672929 36.9886 -5.72205e-07
    endloop
  endfacet
  facet normal -0.793273 -0.608867 0
    outer loop
      vertex 2.1298 40.9913 -5.72205e-07
      vertex 1.99172 41.1712 7.4
      vertex 1.99172 41.1712 -5.72205e-07
    endloop
  endfacet
  facet normal -0.793273 -0.608867 0
    outer loop
      vertex 1.99172 41.1712 7.4
      vertex 2.1298 40.9913 -5.72205e-07
      vertex 2.1298 40.9913 7.4
    endloop
  endfacet
  facet normal -0.999049 0.0436037 0
    outer loop
      vertex 2.59011 39.2734 -5.72205e-07
      vertex 2.6 39.5 7.4
      vertex 2.6 39.5 -5.72205e-07
    endloop
  endfacet
  facet normal -0.999049 0.0436037 0
    outer loop
      vertex 2.6 39.5 7.4
      vertex 2.59011 39.2734 -5.72205e-07
      vertex 2.59011 39.2734 7.4
    endloop
  endfacet
  facet normal 0.1305 0.991448 -0
    outer loop
      vertex -0.226604 36.9099 -5.72205e-07
      vertex -0.451485 36.9395 6.6
      vertex -0.226604 36.9099 6.6
    endloop
  endfacet
  facet normal 0.1305 0.991448 0
    outer loop
      vertex -0.451485 36.9395 6.6
      vertex -0.226604 36.9099 -5.72205e-07
      vertex -0.451485 36.9395 -5.72205e-07
    endloop
  endfacet
  facet normal 0.843395 0.537295 0
    outer loop
      vertex -2.1298 38.0087 7.4
      vertex -2.25167 38.2 -5.72205e-07
      vertex -2.25167 38.2 7.4
    endloop
  endfacet
  facet normal 0.843395 0.537295 0
    outer loop
      vertex -2.25167 38.2 -5.72205e-07
      vertex -2.1298 38.0087 7.4
      vertex -2.1298 38.0087 -5.72205e-07
    endloop
  endfacet
  facet normal 0.999049 -0.0436037 0
    outer loop
      vertex -2.6 39.5 7.4
      vertex -2.59011 39.7266 -5.72205e-07
      vertex -2.59011 39.7266 7.4
    endloop
  endfacet
  facet normal 0.999049 -0.0436037 0
    outer loop
      vertex -2.59011 39.7266 -5.72205e-07
      vertex -2.6 39.5 7.4
      vertex -2.6 39.5 -5.72205e-07
    endloop
  endfacet
  facet normal -0.675499 -0.737361 0
    outer loop
      vertex 1.67125 41.4917 -5.72205e-07
      vertex 1.83848 41.3385 7.4
      vertex 1.67125 41.4917 7.4
    endloop
  endfacet
  facet normal -0.675499 -0.737361 -0
    outer loop
      vertex 1.83848 41.3385 7.4
      vertex 1.67125 41.4917 -5.72205e-07
      vertex 1.83848 41.3385 -5.72205e-07
    endloop
  endfacet
  facet normal 0.461635 0.88707 -0
    outer loop
      vertex -1.09881 37.1436 -5.72205e-07
      vertex -1.3 37.2483 6.6
      vertex -1.09881 37.1436 6.6
    endloop
  endfacet
  facet normal 0.461635 0.88707 0
    outer loop
      vertex -1.3 37.2483 6.6
      vertex -1.09881 37.1436 -5.72205e-07
      vertex -1.3 37.2483 -5.72205e-07
    endloop
  endfacet
  facet normal -0.991443 -0.130541 0
    outer loop
      vertex 3.0882 39.7702 7.4
      vertex 3.0529 40.0383 8.6
      vertex 3.0529 40.0383 7.4
    endloop
  endfacet
  facet normal -0.991443 -0.130541 0
    outer loop
      vertex 3.0529 40.0383 8.6
      vertex 3.0882 39.7702 7.4
      vertex 3.0882 39.7702 8.6
    endloop
  endfacet
  facet normal -0.999048 -0.0436298 0
    outer loop
      vertex 3.1 39.5 7.4
      vertex 3.0882 39.7702 8.6
      vertex 3.0882 39.7702 7.4
    endloop
  endfacet
  facet normal -0.999048 -0.0436298 0
    outer loop
      vertex 3.0882 39.7702 8.6
      vertex 3.1 39.5 7.4
      vertex 3.1 39.5 8.6
    endloop
  endfacet
  facet normal 0.21632 -0.976323 0
    outer loop
      vertex -0.802339 42.4944 7.4
      vertex -0.538309 42.5529 8.6
      vertex -0.802339 42.4944 8.6
    endloop
  endfacet
  facet normal 0.21632 -0.976323 0
    outer loop
      vertex -0.538309 42.5529 8.6
      vertex -0.802339 42.4944 7.4
      vertex -0.538309 42.5529 7.4
    endloop
  endfacet
  facet normal 0.923841 0.382776 0
    outer loop
      vertex -2.80955 38.1899 8.6
      vertex -2.91305 38.4397 7.4
      vertex -2.91305 38.4397 8.6
    endloop
  endfacet
  facet normal 0.923841 0.382776 0
    outer loop
      vertex -2.91305 38.4397 7.4
      vertex -2.80955 38.1899 8.6
      vertex -2.80955 38.1899 7.4
    endloop
  endfacet
  facet normal -0.887032 -0.461708 0
    outer loop
      vertex 2.80955 40.8101 7.4
      vertex 2.68468 41.05 8.6
      vertex 2.68468 41.05 7.4
    endloop
  endfacet
  facet normal -0.887032 -0.461708 0
    outer loop
      vertex 2.68468 41.05 8.6
      vertex 2.80955 40.8101 7.4
      vertex 2.80955 40.8101 8.6
    endloop
  endfacet
  facet normal 0.953746 0.300615 0
    outer loop
      vertex -2.91305 38.4397 8.6
      vertex -2.99437 38.6977 7.4
      vertex -2.99437 38.6977 8.6
    endloop
  endfacet
  facet normal 0.953746 0.300615 0
    outer loop
      vertex -2.99437 38.6977 7.4
      vertex -2.91305 38.4397 8.6
      vertex -2.91305 38.4397 7.4
    endloop
  endfacet
  facet normal -0.0436325 -0.999048 0
    outer loop
      vertex 0 42.6 7.4
      vertex 0.270183 42.5882 8.6
      vertex 0 42.6 8.6
    endloop
  endfacet
  facet normal -0.0436325 -0.999048 -0
    outer loop
      vertex 0.270183 42.5882 8.6
      vertex 0 42.6 7.4
      vertex 0.270183 42.5882 7.4
    endloop
  endfacet
  facet normal 0.675576 -0.737291 0
    outer loop
      vertex -2.19203 41.692 7.4
      vertex -1.99264 41.8747 8.6
      vertex -2.19203 41.692 8.6
    endloop
  endfacet
  facet normal 0.675576 -0.737291 0
    outer loop
      vertex -1.99264 41.8747 8.6
      vertex -2.19203 41.692 7.4
      vertex -1.99264 41.8747 7.4
    endloop
  endfacet
  facet normal 0.8435 0.537129 0
    outer loop
      vertex -2.63119 37.866 8.6
      vertex -2.68468 37.95 7.4
      vertex -2.68468 37.95 8.6
    endloop
  endfacet
  facet normal 0.8435 0.537129 0
    outer loop
      vertex -2.68468 37.95 7.4
      vertex -2.63119 37.866 8.6
      vertex -2.63119 37.866 7.4
    endloop
  endfacet
  facet normal 0.843401 -0.537285 0
    outer loop
      vertex -2.68468 41.05 8.6
      vertex -2.53937 41.2781 7.4
      vertex -2.53937 41.2781 8.6
    endloop
  endfacet
  facet normal 0.843401 -0.537285 0
    outer loop
      vertex -2.53937 41.2781 7.4
      vertex -2.68468 41.05 8.6
      vertex -2.68468 41.05 7.4
    endloop
  endfacet
  facet normal -0.923841 0.382776 0
    outer loop
      vertex 2.80955 38.1899 7.4
      vertex 2.91305 38.4397 8.6
      vertex 2.91305 38.4397 7.4
    endloop
  endfacet
  facet normal -0.923841 0.382776 0
    outer loop
      vertex 2.91305 38.4397 8.6
      vertex 2.80955 38.1899 7.4
      vertex 2.80955 38.1899 8.6
    endloop
  endfacet
  facet normal -0.991443 0.130541 0
    outer loop
      vertex 3.0529 38.9617 7.4
      vertex 3.0882 39.2298 8.6
      vertex 3.0882 39.2298 7.4
    endloop
  endfacet
  facet normal -0.991443 0.130541 0
    outer loop
      vertex 3.0882 39.2298 8.6
      vertex 3.0529 38.9617 7.4
      vertex 3.0529 38.9617 8.6
    endloop
  endfacet
  facet normal -0.923841 -0.382776 0
    outer loop
      vertex 2.91305 40.5603 7.4
      vertex 2.80955 40.8101 8.6
      vertex 2.80955 40.8101 7.4
    endloop
  endfacet
  facet normal -0.923841 -0.382776 0
    outer loop
      vertex 2.80955 40.8101 8.6
      vertex 2.91305 40.5603 7.4
      vertex 2.91305 40.5603 8.6
    endloop
  endfacet
  facet normal -0.976294 -0.216449 0
    outer loop
      vertex 3.0529 40.0383 7.4
      vertex 2.99437 40.3023 8.6
      vertex 2.99437 40.3023 7.4
    endloop
  endfacet
  facet normal -0.976294 -0.216449 0
    outer loop
      vertex 2.99437 40.3023 8.6
      vertex 3.0529 40.0383 7.4
      vertex 3.0529 40.0383 8.6
    endloop
  endfacet
  facet normal -0.8435 0.537129 0
    outer loop
      vertex 2.63119 37.866 7.4
      vertex 2.68468 37.95 8.6
      vertex 2.68468 37.95 7.4
    endloop
  endfacet
  facet normal -0.8435 0.537129 0
    outer loop
      vertex 2.68468 37.95 8.6
      vertex 2.63119 37.866 7.4
      vertex 2.63119 37.866 8.6
    endloop
  endfacet
  facet normal 0.923841 -0.382776 0
    outer loop
      vertex -2.91305 40.5603 8.6
      vertex -2.80955 40.8101 7.4
      vertex -2.80955 40.8101 8.6
    endloop
  endfacet
  facet normal 0.923841 -0.382776 0
    outer loop
      vertex -2.80955 40.8101 7.4
      vertex -2.91305 40.5603 8.6
      vertex -2.91305 40.5603 7.4
    endloop
  endfacet
  facet normal -0.793285 -0.608851 0
    outer loop
      vertex 2.53937 41.2781 7.4
      vertex 2.37474 41.4926 8.6
      vertex 2.37474 41.4926 7.4
    endloop
  endfacet
  facet normal -0.793285 -0.608851 0
    outer loop
      vertex 2.37474 41.4926 8.6
      vertex 2.53937 41.2781 7.4
      vertex 2.53937 41.2781 8.6
    endloop
  endfacet
  facet normal -0.537275 -0.843407 0
    outer loop
      vertex 1.55 42.1847 7.4
      vertex 1.77809 42.0394 8.6
      vertex 1.55 42.1847 8.6
    endloop
  endfacet
  facet normal -0.537275 -0.843407 -0
    outer loop
      vertex 1.77809 42.0394 8.6
      vertex 1.55 42.1847 7.4
      vertex 1.77809 42.0394 7.4
    endloop
  endfacet
  facet normal 0.382382 -0.924004 0
    outer loop
      vertex -1.31012 42.3096 7.4
      vertex -1.06026 42.413 8.6
      vertex -1.31012 42.3096 8.6
    endloop
  endfacet
  facet normal 0.382382 -0.924004 0
    outer loop
      vertex -1.06026 42.413 8.6
      vertex -1.31012 42.3096 7.4
      vertex -1.06026 42.413 7.4
    endloop
  endfacet
  facet normal -0.737289 -0.675577 0
    outer loop
      vertex 2.37474 41.4926 7.4
      vertex 2.19203 41.692 8.6
      vertex 2.19203 41.692 7.4
    endloop
  endfacet
  facet normal -0.737289 -0.675577 0
    outer loop
      vertex 2.19203 41.692 8.6
      vertex 2.37474 41.4926 7.4
      vertex 2.37474 41.4926 8.6
    endloop
  endfacet
  facet normal 0.953746 -0.300615 0
    outer loop
      vertex -2.99437 40.3023 8.6
      vertex -2.91305 40.5603 7.4
      vertex -2.91305 40.5603 8.6
    endloop
  endfacet
  facet normal 0.953746 -0.300615 0
    outer loop
      vertex -2.91305 40.5603 7.4
      vertex -2.99437 40.3023 8.6
      vertex -2.99437 40.3023 7.4
    endloop
  endfacet
  facet normal -0.999048 0.0436298 0
    outer loop
      vertex 3.0882 39.2298 7.4
      vertex 3.1 39.5 8.6
      vertex 3.1 39.5 7.4
    endloop
  endfacet
  facet normal -0.999048 0.0436298 0
    outer loop
      vertex 3.1 39.5 8.6
      vertex 3.0882 39.2298 7.4
      vertex 3.0882 39.2298 8.6
    endloop
  endfacet
  facet normal -0.953746 -0.300615 0
    outer loop
      vertex 2.99437 40.3023 7.4
      vertex 2.91305 40.5603 8.6
      vertex 2.91305 40.5603 7.4
    endloop
  endfacet
  facet normal -0.953746 -0.300615 0
    outer loop
      vertex 2.91305 40.5603 8.6
      vertex 2.99437 40.3023 7.4
      vertex 2.99437 40.3023 8.6
    endloop
  endfacet
  facet normal -0.953746 0.300615 0
    outer loop
      vertex 2.91305 38.4397 7.4
      vertex 2.99437 38.6977 8.6
      vertex 2.99437 38.6977 7.4
    endloop
  endfacet
  facet normal -0.953746 0.300615 0
    outer loop
      vertex 2.99437 38.6977 8.6
      vertex 2.91305 38.4397 7.4
      vertex 2.91305 38.4397 8.6
    endloop
  endfacet
  facet normal 0.793285 -0.608851 0
    outer loop
      vertex -2.53937 41.2781 8.6
      vertex -2.37474 41.4926 7.4
      vertex -2.37474 41.4926 8.6
    endloop
  endfacet
  facet normal 0.793285 -0.608851 0
    outer loop
      vertex -2.37474 41.4926 7.4
      vertex -2.53937 41.2781 8.6
      vertex -2.53937 41.2781 7.4
    endloop
  endfacet
  facet normal -0.382382 -0.924004 0
    outer loop
      vertex 1.06026 42.413 7.4
      vertex 1.31012 42.3096 8.6
      vertex 1.06026 42.413 8.6
    endloop
  endfacet
  facet normal -0.382382 -0.924004 -0
    outer loop
      vertex 1.31012 42.3096 8.6
      vertex 1.06026 42.413 7.4
      vertex 1.31012 42.3096 7.4
    endloop
  endfacet
  facet normal -0.608924 -0.793228 0
    outer loop
      vertex 1.77809 42.0394 7.4
      vertex 1.99264 41.8747 8.6
      vertex 1.77809 42.0394 8.6
    endloop
  endfacet
  facet normal -0.608924 -0.793228 -0
    outer loop
      vertex 1.99264 41.8747 8.6
      vertex 1.77809 42.0394 7.4
      vertex 1.99264 41.8747 7.4
    endloop
  endfacet
  facet normal 0.608924 -0.793228 0
    outer loop
      vertex -1.99264 41.8747 7.4
      vertex -1.77809 42.0394 8.6
      vertex -1.99264 41.8747 8.6
    endloop
  endfacet
  facet normal 0.608924 -0.793228 0
    outer loop
      vertex -1.77809 42.0394 8.6
      vertex -1.99264 41.8747 7.4
      vertex -1.77809 42.0394 7.4
    endloop
  endfacet
  facet normal -0.461825 -0.886971 0
    outer loop
      vertex 1.31012 42.3096 7.4
      vertex 1.55 42.1847 8.6
      vertex 1.31012 42.3096 8.6
    endloop
  endfacet
  facet normal -0.461825 -0.886971 -0
    outer loop
      vertex 1.55 42.1847 8.6
      vertex 1.31012 42.3096 7.4
      vertex 1.55 42.1847 7.4
    endloop
  endfacet
  facet normal -0.130528 -0.991445 0
    outer loop
      vertex 0.270183 42.5882 7.4
      vertex 0.538309 42.5529 8.6
      vertex 0.270183 42.5882 8.6
    endloop
  endfacet
  facet normal -0.130528 -0.991445 -0
    outer loop
      vertex 0.538309 42.5529 8.6
      vertex 0.270183 42.5882 7.4
      vertex 0.538309 42.5529 7.4
    endloop
  endfacet
  facet normal -0.21632 -0.976323 0
    outer loop
      vertex 0.538309 42.5529 7.4
      vertex 0.802339 42.4944 8.6
      vertex 0.538309 42.5529 8.6
    endloop
  endfacet
  facet normal -0.21632 -0.976323 -0
    outer loop
      vertex 0.802339 42.4944 8.6
      vertex 0.538309 42.5529 7.4
      vertex 0.802339 42.4944 7.4
    endloop
  endfacet
  facet normal -0.976294 0.216449 0
    outer loop
      vertex 2.99437 38.6977 7.4
      vertex 3.0529 38.9617 8.6
      vertex 3.0529 38.9617 7.4
    endloop
  endfacet
  facet normal -0.976294 0.216449 0
    outer loop
      vertex 3.0529 38.9617 8.6
      vertex 2.99437 38.6977 7.4
      vertex 2.99437 38.6977 8.6
    endloop
  endfacet
  facet normal 0.537275 -0.843407 0
    outer loop
      vertex -1.77809 42.0394 7.4
      vertex -1.55 42.1847 8.6
      vertex -1.77809 42.0394 8.6
    endloop
  endfacet
  facet normal 0.537275 -0.843407 0
    outer loop
      vertex -1.55 42.1847 8.6
      vertex -1.77809 42.0394 7.4
      vertex -1.55 42.1847 7.4
    endloop
  endfacet
  facet normal 0.737289 -0.675577 0
    outer loop
      vertex -2.37474 41.4926 8.6
      vertex -2.19203 41.692 7.4
      vertex -2.19203 41.692 8.6
    endloop
  endfacet
  facet normal 0.737289 -0.675577 0
    outer loop
      vertex -2.19203 41.692 7.4
      vertex -2.37474 41.4926 8.6
      vertex -2.37474 41.4926 7.4
    endloop
  endfacet
  facet normal -0.300968 -0.953634 0
    outer loop
      vertex 0.802339 42.4944 7.4
      vertex 1.06026 42.413 8.6
      vertex 0.802339 42.4944 8.6
    endloop
  endfacet
  facet normal -0.300968 -0.953634 -0
    outer loop
      vertex 1.06026 42.413 8.6
      vertex 0.802339 42.4944 7.4
      vertex 1.06026 42.413 7.4
    endloop
  endfacet
  facet normal 0.0436325 -0.999048 0
    outer loop
      vertex -0.270183 42.5882 7.4
      vertex 0 42.6 8.6
      vertex -0.270183 42.5882 8.6
    endloop
  endfacet
  facet normal 0.0436325 -0.999048 0
    outer loop
      vertex 0 42.6 8.6
      vertex -0.270183 42.5882 7.4
      vertex 0 42.6 7.4
    endloop
  endfacet
  facet normal 0.130528 -0.991445 0
    outer loop
      vertex -0.538309 42.5529 7.4
      vertex -0.270183 42.5882 8.6
      vertex -0.538309 42.5529 8.6
    endloop
  endfacet
  facet normal 0.130528 -0.991445 0
    outer loop
      vertex -0.270183 42.5882 8.6
      vertex -0.538309 42.5529 7.4
      vertex -0.270183 42.5882 7.4
    endloop
  endfacet
  facet normal 0.300968 -0.953634 0
    outer loop
      vertex -1.06026 42.413 7.4
      vertex -0.802339 42.4944 8.6
      vertex -1.06026 42.413 8.6
    endloop
  endfacet
  facet normal 0.300968 -0.953634 0
    outer loop
      vertex -0.802339 42.4944 8.6
      vertex -1.06026 42.413 7.4
      vertex -0.802339 42.4944 7.4
    endloop
  endfacet
  facet normal -0.675576 -0.737291 0
    outer loop
      vertex 1.99264 41.8747 7.4
      vertex 2.19203 41.692 8.6
      vertex 1.99264 41.8747 8.6
    endloop
  endfacet
  facet normal -0.675576 -0.737291 -0
    outer loop
      vertex 2.19203 41.692 8.6
      vertex 1.99264 41.8747 7.4
      vertex 2.19203 41.692 7.4
    endloop
  endfacet
  facet normal 0.991443 -0.130541 0
    outer loop
      vertex -3.0882 39.7702 8.6
      vertex -3.0529 40.0383 7.4
      vertex -3.0529 40.0383 8.6
    endloop
  endfacet
  facet normal 0.991443 -0.130541 0
    outer loop
      vertex -3.0529 40.0383 7.4
      vertex -3.0882 39.7702 8.6
      vertex -3.0882 39.7702 7.4
    endloop
  endfacet
  facet normal 0.976294 0.216449 0
    outer loop
      vertex -2.99437 38.6977 8.6
      vertex -3.0529 38.9617 7.4
      vertex -3.0529 38.9617 8.6
    endloop
  endfacet
  facet normal 0.976294 0.216449 0
    outer loop
      vertex -3.0529 38.9617 7.4
      vertex -2.99437 38.6977 8.6
      vertex -2.99437 38.6977 7.4
    endloop
  endfacet
  facet normal 0.976294 -0.216449 0
    outer loop
      vertex -3.0529 40.0383 8.6
      vertex -2.99437 40.3023 7.4
      vertex -2.99437 40.3023 8.6
    endloop
  endfacet
  facet normal 0.976294 -0.216449 0
    outer loop
      vertex -2.99437 40.3023 7.4
      vertex -3.0529 40.0383 8.6
      vertex -3.0529 40.0383 7.4
    endloop
  endfacet
  facet normal 0.887032 -0.461708 0
    outer loop
      vertex -2.80955 40.8101 8.6
      vertex -2.68468 41.05 7.4
      vertex -2.68468 41.05 8.6
    endloop
  endfacet
  facet normal 0.887032 -0.461708 0
    outer loop
      vertex -2.68468 41.05 7.4
      vertex -2.80955 40.8101 8.6
      vertex -2.80955 40.8101 7.4
    endloop
  endfacet
  facet normal 0.991443 0.130541 0
    outer loop
      vertex -3.0529 38.9617 8.6
      vertex -3.0882 39.2298 7.4
      vertex -3.0882 39.2298 8.6
    endloop
  endfacet
  facet normal 0.991443 0.130541 0
    outer loop
      vertex -3.0882 39.2298 7.4
      vertex -3.0529 38.9617 8.6
      vertex -3.0529 38.9617 7.4
    endloop
  endfacet
  facet normal -0.887032 0.461708 0
    outer loop
      vertex 2.68468 37.95 7.4
      vertex 2.80955 38.1899 8.6
      vertex 2.80955 38.1899 7.4
    endloop
  endfacet
  facet normal -0.887032 0.461708 0
    outer loop
      vertex 2.80955 38.1899 8.6
      vertex 2.68468 37.95 7.4
      vertex 2.68468 37.95 8.6
    endloop
  endfacet
  facet normal 0.461825 -0.886971 0
    outer loop
      vertex -1.55 42.1847 7.4
      vertex -1.31012 42.3096 8.6
      vertex -1.55 42.1847 8.6
    endloop
  endfacet
  facet normal 0.461825 -0.886971 0
    outer loop
      vertex -1.31012 42.3096 8.6
      vertex -1.55 42.1847 7.4
      vertex -1.31012 42.3096 7.4
    endloop
  endfacet
  facet normal -0.843401 -0.537285 0
    outer loop
      vertex 2.68468 41.05 7.4
      vertex 2.53937 41.2781 8.6
      vertex 2.53937 41.2781 7.4
    endloop
  endfacet
  facet normal -0.843401 -0.537285 0
    outer loop
      vertex 2.53937 41.2781 8.6
      vertex 2.68468 41.05 7.4
      vertex 2.68468 41.05 8.6
    endloop
  endfacet
  facet normal 0.887032 0.461708 0
    outer loop
      vertex -2.68468 37.95 8.6
      vertex -2.80955 38.1899 7.4
      vertex -2.80955 38.1899 8.6
    endloop
  endfacet
  facet normal 0.887032 0.461708 0
    outer loop
      vertex -2.80955 38.1899 7.4
      vertex -2.68468 37.95 8.6
      vertex -2.68468 37.95 7.4
    endloop
  endfacet
  facet normal 0.999048 -0.0436298 0
    outer loop
      vertex -3.1 39.5 8.6
      vertex -3.0882 39.7702 7.4
      vertex -3.0882 39.7702 8.6
    endloop
  endfacet
  facet normal 0.999048 -0.0436298 0
    outer loop
      vertex -3.0882 39.7702 7.4
      vertex -3.1 39.5 8.6
      vertex -3.1 39.5 7.4
    endloop
  endfacet
  facet normal 0.999048 0.0436298 0
    outer loop
      vertex -3.0882 39.2298 8.6
      vertex -3.1 39.5 7.4
      vertex -3.1 39.5 8.6
    endloop
  endfacet
  facet normal 0.999048 0.0436298 0
    outer loop
      vertex -3.1 39.5 7.4
      vertex -3.0882 39.2298 8.6
      vertex -3.0882 39.2298 7.4
    endloop
  endfacet
  facet normal 0 0 1
    outer loop
      vertex 2.6 39.5 7.4
      vertex 3.1 39.5 7.4
      vertex 3.0882 39.7702 7.4
    endloop
  endfacet
  facet normal 0 0 1
    outer loop
      vertex 2.59011 39.7266 7.4
      vertex 3.0882 39.7702 7.4
      vertex 3.0529 40.0383 7.4
    endloop
  endfacet
  facet normal 0 0 1
    outer loop
      vertex 3.1 39.5 7.4
      vertex 2.6 39.5 7.4
      vertex 3.0882 39.2298 7.4
    endloop
  endfacet
  facet normal 0 0 1
    outer loop
      vertex 2.5605 39.9515 7.4
      vertex 3.0529 40.0383 7.4
      vertex 2.99437 40.3023 7.4
    endloop
  endfacet
  facet normal -0 0 1
    outer loop
      vertex 2.59011 39.2734 7.4
      vertex 3.0882 39.2298 7.4
      vertex 2.6 39.5 7.4
    endloop
  endfacet
  facet normal 0 0 1
    outer loop
      vertex 2.51141 40.1729 7.4
      vertex 2.99437 40.3023 7.4
      vertex 2.91305 40.5603 7.4
    endloop
  endfacet
  facet normal 0 0 1
    outer loop
      vertex 3.0882 39.2298 7.4
      vertex 2.59011 39.2734 7.4
      vertex 3.0529 38.9617 7.4
    endloop
  endfacet
  facet normal 0 0 1
    outer loop
      vertex 2.4432 40.3893 7.4
      vertex 2.91305 40.5603 7.4
      vertex 2.80955 40.8101 7.4
    endloop
  endfacet
  facet normal -0 0 1
    outer loop
      vertex 2.5605 39.0485 7.4
      vertex 3.0529 38.9617 7.4
      vertex 2.59011 39.2734 7.4
    endloop
  endfacet
  facet normal 0 0 1
    outer loop
      vertex 2.3564 40.5988 7.4
      vertex 2.80955 40.8101 7.4
      vertex 2.68468 41.05 7.4
    endloop
  endfacet
  facet normal 0 0 1
    outer loop
      vertex 3.0529 38.9617 7.4
      vertex 2.5605 39.0485 7.4
      vertex 2.99437 38.6977 7.4
    endloop
  endfacet
  facet normal -0 0 1
    outer loop
      vertex 2.51141 38.8271 7.4
      vertex 2.99437 38.6977 7.4
      vertex 2.5605 39.0485 7.4
    endloop
  endfacet
  facet normal 0 0 1
    outer loop
      vertex 2.99437 38.6977 7.4
      vertex 2.51141 38.8271 7.4
      vertex 2.91305 38.4397 7.4
    endloop
  endfacet
  facet normal 0 0 1
    outer loop
      vertex 3.0882 39.7702 7.4
      vertex 2.59011 39.7266 7.4
      vertex 2.6 39.5 7.4
    endloop
  endfacet
  facet normal 0 0 1
    outer loop
      vertex 3.0529 40.0383 7.4
      vertex 2.5605 39.9515 7.4
      vertex 2.59011 39.7266 7.4
    endloop
  endfacet
  facet normal 0 0 1
    outer loop
      vertex 2.25167 40.8 7.4
      vertex 2.68468 41.05 7.4
      vertex 2.53937 41.2781 7.4
    endloop
  endfacet
  facet normal 0 0 1
    outer loop
      vertex 2.99437 40.3023 7.4
      vertex 2.51141 40.1729 7.4
      vertex 2.5605 39.9515 7.4
    endloop
  endfacet
  facet normal 0 0 1
    outer loop
      vertex 2.91305 40.5603 7.4
      vertex 2.4432 40.3893 7.4
      vertex 2.51141 40.1729 7.4
    endloop
  endfacet
  facet normal 0 0 1
    outer loop
      vertex 2.1298 40.9913 7.4
      vertex 2.53937 41.2781 7.4
      vertex 2.37474 41.4926 7.4
    endloop
  endfacet
  facet normal 0 0 1
    outer loop
      vertex 2.80955 40.8101 7.4
      vertex 2.3564 40.5988 7.4
      vertex 2.4432 40.3893 7.4
    endloop
  endfacet
  facet normal 0 0 1
    outer loop
      vertex 2.68468 41.05 7.4
      vertex 2.25167 40.8 7.4
      vertex 2.3564 40.5988 7.4
    endloop
  endfacet
  facet normal 0 0 1
    outer loop
      vertex 1.99172 41.1712 7.4
      vertex 2.37474 41.4926 7.4
      vertex 2.19203 41.692 7.4
    endloop
  endfacet
  facet normal 0 0 1
    outer loop
      vertex 2.53937 41.2781 7.4
      vertex 2.1298 40.9913 7.4
      vertex 2.25167 40.8 7.4
    endloop
  endfacet
  facet normal 0 0 1
    outer loop
      vertex 1.83848 41.3385 7.4
      vertex 2.19203 41.692 7.4
      vertex 1.99264 41.8747 7.4
    endloop
  endfacet
  facet normal 0 0 1
    outer loop
      vertex 2.37474 41.4926 7.4
      vertex 1.99172 41.1712 7.4
      vertex 2.1298 40.9913 7.4
    endloop
  endfacet
  facet normal 0 0 1
    outer loop
      vertex 2.19203 41.692 7.4
      vertex 1.83848 41.3385 7.4
      vertex 1.99172 41.1712 7.4
    endloop
  endfacet
  facet normal 0 0 1
    outer loop
      vertex 1.67125 41.4917 7.4
      vertex 1.99264 41.8747 7.4
      vertex 1.77809 42.0394 7.4
    endloop
  endfacet
  facet normal 0 0 1
    outer loop
      vertex 1.99264 41.8747 7.4
      vertex 1.67125 41.4917 7.4
      vertex 1.83848 41.3385 7.4
    endloop
  endfacet
  facet normal 0 0 1
    outer loop
      vertex 1.4913 41.6298 7.4
      vertex 1.77809 42.0394 7.4
      vertex 1.55 42.1847 7.4
    endloop
  endfacet
  facet normal 0 0 1
    outer loop
      vertex 1.77809 42.0394 7.4
      vertex 1.4913 41.6298 7.4
      vertex 1.67125 41.4917 7.4
    endloop
  endfacet
  facet normal 0 0 1
    outer loop
      vertex 1.3 41.7517 7.4
      vertex 1.55 42.1847 7.4
      vertex 1.31012 42.3096 7.4
    endloop
  endfacet
  facet normal 0 0 1
    outer loop
      vertex 1.55 42.1847 7.4
      vertex 1.3 41.7517 7.4
      vertex 1.4913 41.6298 7.4
    endloop
  endfacet
  facet normal 0 0 1
    outer loop
      vertex 1.31012 42.3096 7.4
      vertex 1.09881 41.8564 7.4
      vertex 1.3 41.7517 7.4
    endloop
  endfacet
  facet normal 0 0 1
    outer loop
      vertex 1.06026 42.413 7.4
      vertex 1.09881 41.8564 7.4
      vertex 1.31012 42.3096 7.4
    endloop
  endfacet
  facet normal 0 0 1
    outer loop
      vertex 1.06026 42.413 7.4
      vertex 0.889252 41.9432 7.4
      vertex 1.09881 41.8564 7.4
    endloop
  endfacet
  facet normal 0 0 1
    outer loop
      vertex 0.802339 42.4944 7.4
      vertex 0.889252 41.9432 7.4
      vertex 1.06026 42.413 7.4
    endloop
  endfacet
  facet normal 0 0 1
    outer loop
      vertex 0.802339 42.4944 7.4
      vertex 0.672929 42.0114 7.4
      vertex 0.889252 41.9432 7.4
    endloop
  endfacet
  facet normal 0 0 1
    outer loop
      vertex 0.538309 42.5529 7.4
      vertex 0.672929 42.0114 7.4
      vertex 0.802339 42.4944 7.4
    endloop
  endfacet
  facet normal 0 0 1
    outer loop
      vertex 0.538309 42.5529 7.4
      vertex 0.451485 42.0605 7.4
      vertex 0.672929 42.0114 7.4
    endloop
  endfacet
  facet normal 0 0 1
    outer loop
      vertex 0.270183 42.5882 7.4
      vertex 0.451485 42.0605 7.4
      vertex 0.538309 42.5529 7.4
    endloop
  endfacet
  facet normal 0 0 1
    outer loop
      vertex 0.270183 42.5882 7.4
      vertex 0.226604 42.0901 7.4
      vertex 0.451485 42.0605 7.4
    endloop
  endfacet
  facet normal 0 0 1
    outer loop
      vertex 0 42.6 7.4
      vertex 0.226604 42.0901 7.4
      vertex 0.270183 42.5882 7.4
    endloop
  endfacet
  facet normal 0 0 1
    outer loop
      vertex 0 42.6 7.4
      vertex 0 42.1 7.4
      vertex 0.226604 42.0901 7.4
    endloop
  endfacet
  facet normal 0 0 1
    outer loop
      vertex 0 42.6 7.4
      vertex -0.226604 42.0901 7.4
      vertex 0 42.1 7.4
    endloop
  endfacet
  facet normal -0 0 1
    outer loop
      vertex -0.270183 42.5882 7.4
      vertex -0.226604 42.0901 7.4
      vertex 0 42.6 7.4
    endloop
  endfacet
  facet normal 0 0 1
    outer loop
      vertex -0.270183 42.5882 7.4
      vertex -0.451485 42.0605 7.4
      vertex -0.226604 42.0901 7.4
    endloop
  endfacet
  facet normal -0 0 1
    outer loop
      vertex -0.538309 42.5529 7.4
      vertex -0.451485 42.0605 7.4
      vertex -0.270183 42.5882 7.4
    endloop
  endfacet
  facet normal 0 0 1
    outer loop
      vertex -0.538309 42.5529 7.4
      vertex -0.672929 42.0114 7.4
      vertex -0.451485 42.0605 7.4
    endloop
  endfacet
  facet normal -0 0 1
    outer loop
      vertex -0.802339 42.4944 7.4
      vertex -0.672929 42.0114 7.4
      vertex -0.538309 42.5529 7.4
    endloop
  endfacet
  facet normal 0 0 1
    outer loop
      vertex -0.802339 42.4944 7.4
      vertex -0.889252 41.9432 7.4
      vertex -0.672929 42.0114 7.4
    endloop
  endfacet
  facet normal -0 0 1
    outer loop
      vertex -1.06026 42.413 7.4
      vertex -0.889252 41.9432 7.4
      vertex -0.802339 42.4944 7.4
    endloop
  endfacet
  facet normal 0 0 1
    outer loop
      vertex -1.06026 42.413 7.4
      vertex -1.09881 41.8564 7.4
      vertex -0.889252 41.9432 7.4
    endloop
  endfacet
  facet normal -0 0 1
    outer loop
      vertex -1.31012 42.3096 7.4
      vertex -1.09881 41.8564 7.4
      vertex -1.06026 42.413 7.4
    endloop
  endfacet
  facet normal 0 0 1
    outer loop
      vertex -1.09881 41.8564 7.4
      vertex -1.31012 42.3096 7.4
      vertex -1.3 41.7517 7.4
    endloop
  endfacet
  facet normal -0 0 1
    outer loop
      vertex -1.55 42.1847 7.4
      vertex -1.3 41.7517 7.4
      vertex -1.31012 42.3096 7.4
    endloop
  endfacet
  facet normal 0 0 1
    outer loop
      vertex -1.3 41.7517 7.4
      vertex -1.55 42.1847 7.4
      vertex -1.4913 41.6298 7.4
    endloop
  endfacet
  facet normal -0 0 1
    outer loop
      vertex -1.77809 42.0394 7.4
      vertex -1.4913 41.6298 7.4
      vertex -1.55 42.1847 7.4
    endloop
  endfacet
  facet normal 0 0 1
    outer loop
      vertex -1.4913 41.6298 7.4
      vertex -1.77809 42.0394 7.4
      vertex -1.67125 41.4917 7.4
    endloop
  endfacet
  facet normal -0 0 1
    outer loop
      vertex -1.99264 41.8747 7.4
      vertex -1.67125 41.4917 7.4
      vertex -1.77809 42.0394 7.4
    endloop
  endfacet
  facet normal 0 0 1
    outer loop
      vertex -1.67125 41.4917 7.4
      vertex -1.99264 41.8747 7.4
      vertex -1.83848 41.3385 7.4
    endloop
  endfacet
  facet normal -0 0 1
    outer loop
      vertex -2.19203 41.692 7.4
      vertex -1.83848 41.3385 7.4
      vertex -1.99264 41.8747 7.4
    endloop
  endfacet
  facet normal 0 0 1
    outer loop
      vertex -1.83848 41.3385 7.4
      vertex -2.19203 41.692 7.4
      vertex -1.99172 41.1712 7.4
    endloop
  endfacet
  facet normal -0 0 1
    outer loop
      vertex -2.37474 41.4926 7.4
      vertex -1.99172 41.1712 7.4
      vertex -2.19203 41.692 7.4
    endloop
  endfacet
  facet normal 0 0 1
    outer loop
      vertex -1.99172 41.1712 7.4
      vertex -2.37474 41.4926 7.4
      vertex -2.1298 40.9913 7.4
    endloop
  endfacet
  facet normal -0 0 1
    outer loop
      vertex -2.53937 41.2781 7.4
      vertex -2.1298 40.9913 7.4
      vertex -2.37474 41.4926 7.4
    endloop
  endfacet
  facet normal 0 0 1
    outer loop
      vertex -2.1298 40.9913 7.4
      vertex -2.53937 41.2781 7.4
      vertex -2.25167 40.8 7.4
    endloop
  endfacet
  facet normal -0 0 1
    outer loop
      vertex -2.68468 41.05 7.4
      vertex -2.25167 40.8 7.4
      vertex -2.53937 41.2781 7.4
    endloop
  endfacet
  facet normal 0 0 1
    outer loop
      vertex -2.25167 40.8 7.4
      vertex -2.68468 41.05 7.4
      vertex -2.3564 40.5988 7.4
    endloop
  endfacet
  facet normal -0 0 1
    outer loop
      vertex -2.80955 40.8101 7.4
      vertex -2.3564 40.5988 7.4
      vertex -2.68468 41.05 7.4
    endloop
  endfacet
  facet normal 0 0 1
    outer loop
      vertex -2.3564 40.5988 7.4
      vertex -2.80955 40.8101 7.4
      vertex -2.4432 40.3893 7.4
    endloop
  endfacet
  facet normal -0 0 1
    outer loop
      vertex -2.91305 40.5603 7.4
      vertex -2.4432 40.3893 7.4
      vertex -2.80955 40.8101 7.4
    endloop
  endfacet
  facet normal 0 0 1
    outer loop
      vertex -2.4432 40.3893 7.4
      vertex -2.91305 40.5603 7.4
      vertex -2.51141 40.1729 7.4
    endloop
  endfacet
  facet normal -0 0 1
    outer loop
      vertex -2.99437 40.3023 7.4
      vertex -2.51141 40.1729 7.4
      vertex -2.91305 40.5603 7.4
    endloop
  endfacet
  facet normal 0 0 1
    outer loop
      vertex -2.51141 40.1729 7.4
      vertex -2.99437 40.3023 7.4
      vertex -2.5605 39.9515 7.4
    endloop
  endfacet
  facet normal -0 0 1
    outer loop
      vertex -3.0529 40.0383 7.4
      vertex -2.5605 39.9515 7.4
      vertex -2.99437 40.3023 7.4
    endloop
  endfacet
  facet normal 0 -0 1
    outer loop
      vertex -2.68468 37.95 7.4
      vertex -2.6 39.5 7.4
      vertex -2.80955 38.1899 7.4
    endloop
  endfacet
  facet normal 0 0 1
    outer loop
      vertex -2.6 39.5 7.4
      vertex -2.68468 37.95 7.4
      vertex -2.63119 37.866 7.4
    endloop
  endfacet
  facet normal 0 0 1
    outer loop
      vertex -2.5605 39.9515 7.4
      vertex -3.0529 40.0383 7.4
      vertex -2.59011 39.7266 7.4
    endloop
  endfacet
  facet normal 0 0 1
    outer loop
      vertex -2.6 39.5 7.4
      vertex -2.91305 38.4397 7.4
      vertex -2.80955 38.1899 7.4
    endloop
  endfacet
  facet normal -0 0 1
    outer loop
      vertex -3.0882 39.7702 7.4
      vertex -2.59011 39.7266 7.4
      vertex -3.0529 40.0383 7.4
    endloop
  endfacet
  facet normal 0 0 1
    outer loop
      vertex -2.6 39.5 7.4
      vertex -2.99437 38.6977 7.4
      vertex -2.91305 38.4397 7.4
    endloop
  endfacet
  facet normal 0 0 1
    outer loop
      vertex -2.59011 39.7266 7.4
      vertex -3.0882 39.7702 7.4
      vertex -2.6 39.5 7.4
    endloop
  endfacet
  facet normal 0 0 1
    outer loop
      vertex -2.6 39.5 7.4
      vertex -3.0529 38.9617 7.4
      vertex -2.99437 38.6977 7.4
    endloop
  endfacet
  facet normal 0 0 1
    outer loop
      vertex -3.1 39.5 7.4
      vertex -2.6 39.5 7.4
      vertex -3.0882 39.7702 7.4
    endloop
  endfacet
  facet normal 0 0 1
    outer loop
      vertex -2.6 39.5 7.4
      vertex -3.0882 39.2298 7.4
      vertex -3.0529 38.9617 7.4
    endloop
  endfacet
  facet normal 0 0 1
    outer loop
      vertex -2.6 39.5 7.4
      vertex -3.1 39.5 7.4
      vertex -3.0882 39.2298 7.4
    endloop
  endfacet
  facet normal -0 0 1
    outer loop
      vertex 2.4432 38.6107 7.4
      vertex 2.91305 38.4397 7.4
      vertex 2.51141 38.8271 7.4
    endloop
  endfacet
  facet normal 0 0 1
    outer loop
      vertex 2.91305 38.4397 7.4
      vertex 2.4432 38.6107 7.4
      vertex 2.80955 38.1899 7.4
    endloop
  endfacet
  facet normal -0 0 1
    outer loop
      vertex 2.3564 38.4012 7.4
      vertex 2.80955 38.1899 7.4
      vertex 2.4432 38.6107 7.4
    endloop
  endfacet
  facet normal 0 0 1
    outer loop
      vertex 2.80955 38.1899 7.4
      vertex 2.3564 38.4012 7.4
      vertex 2.68468 37.95 7.4
    endloop
  endfacet
  facet normal -0 0 1
    outer loop
      vertex 2.25167 38.2 7.4
      vertex 2.68468 37.95 7.4
      vertex 2.3564 38.4012 7.4
    endloop
  endfacet
  facet normal 0 0 1
    outer loop
      vertex 2.68468 37.95 7.4
      vertex 2.25167 38.2 7.4
      vertex 2.63119 37.866 7.4
    endloop
  endfacet
  facet normal -0 0 1
    outer loop
      vertex 2.1298 38.0087 7.4
      vertex 2.63119 37.866 7.4
      vertex 2.25167 38.2 7.4
    endloop
  endfacet
  facet normal 0 0 1
    outer loop
      vertex 2.63119 37.866 7.4
      vertex 2.1298 38.0087 7.4
      vertex 2.10913 37.9818 7.4
    endloop
  endfacet
  facet normal 0 0 1
    outer loop
      vertex -2.1298 38.0087 7.4
      vertex -2.63119 37.866 7.4
      vertex -2.10913 37.9818 7.4
    endloop
  endfacet
  facet normal 0 0 1
    outer loop
      vertex -2.25167 38.2 7.4
      vertex -2.63119 37.866 7.4
      vertex -2.1298 38.0087 7.4
    endloop
  endfacet
  facet normal 0 0 1
    outer loop
      vertex -2.3564 38.4012 7.4
      vertex -2.63119 37.866 7.4
      vertex -2.25167 38.2 7.4
    endloop
  endfacet
  facet normal 0 0 1
    outer loop
      vertex -2.4432 38.6107 7.4
      vertex -2.63119 37.866 7.4
      vertex -2.3564 38.4012 7.4
    endloop
  endfacet
  facet normal 0 0 1
    outer loop
      vertex -2.51141 38.8271 7.4
      vertex -2.63119 37.866 7.4
      vertex -2.4432 38.6107 7.4
    endloop
  endfacet
  facet normal 0 0 1
    outer loop
      vertex -2.5605 39.0485 7.4
      vertex -2.63119 37.866 7.4
      vertex -2.51141 38.8271 7.4
    endloop
  endfacet
  facet normal 0 0 1
    outer loop
      vertex -2.59011 39.2734 7.4
      vertex -2.63119 37.866 7.4
      vertex -2.5605 39.0485 7.4
    endloop
  endfacet
  facet normal 0 0 1
    outer loop
      vertex -2.63119 37.866 7.4
      vertex -2.59011 39.2734 7.4
      vertex -2.6 39.5 7.4
    endloop
  endfacet
  facet normal -0.707119 -0.707094 0
    outer loop
      vertex 0.958166 11.0418 -5.72205e-07
      vertex 0 12 8.6
      vertex 0 12 -5.72205e-07
    endloop
  endfacet
  facet normal -0.707119 -0.707094 0
    outer loop
      vertex 0 12 8.6
      vertex 0.958166 11.0418 -5.72205e-07
      vertex 0.958166 11.0418 8.6
    endloop
  endfacet
  facet normal 0.707119 -0.707094 0
    outer loop
      vertex -0.958166 11.0418 8.6
      vertex 0 12 -5.72205e-07
      vertex 0 12 8.6
    endloop
  endfacet
  facet normal 0.707119 -0.707094 0
    outer loop
      vertex 0 12 -5.72205e-07
      vertex -0.958166 11.0418 8.6
      vertex -0.958166 11.0418 -5.72205e-07
    endloop
  endfacet
  facet normal -0.991446 -0.130521 0
    outer loop
      vertex 6.10026 32.873 -5.72205e-07
      vertex 6.09115 32.9422 6.6
      vertex 6.09115 32.9422 -5.72205e-07
    endloop
  endfacet
  facet normal -0.991446 -0.130521 0
    outer loop
      vertex 6.09115 32.9422 6.6
      vertex 6.10026 32.873 -5.72205e-07
      vertex 6.10026 32.873 6.6
    endloop
  endfacet
  facet normal -0.99905 -0.0435741 0
    outer loop
      vertex 6.1033 32.8033 -5.72205e-07
      vertex 6.10026 32.873 6.6
      vertex 6.10026 32.873 -5.72205e-07
    endloop
  endfacet
  facet normal -0.99905 -0.0435741 0
    outer loop
      vertex 6.10026 32.873 6.6
      vertex 6.1033 32.8033 -5.72205e-07
      vertex 6.1033 32.8033 6.6
    endloop
  endfacet
  facet normal 0.216354 -0.976315 0
    outer loop
      vertex 5.09624 33.576 -5.72205e-07
      vertex 5.16438 33.5911 6.6
      vertex 5.09624 33.576 6.6
    endloop
  endfacet
  facet normal 0.216354 -0.976315 0
    outer loop
      vertex 5.16438 33.5911 6.6
      vertex 5.09624 33.576 -5.72205e-07
      vertex 5.16438 33.5911 -5.72205e-07
    endloop
  endfacet
  facet normal 0.923964 0.382478 0
    outer loop
      vertex 4.57825 32.4652 6.6
      vertex 4.55155 32.5297 -5.72205e-07
      vertex 4.55155 32.5297 6.6
    endloop
  endfacet
  facet normal 0.923964 0.382478 0
    outer loop
      vertex 4.55155 32.5297 -5.72205e-07
      vertex 4.57825 32.4652 6.6
      vertex 4.57825 32.4652 -5.72205e-07
    endloop
  endfacet
  facet normal -0.88697 -0.461826 0
    outer loop
      vertex 6.02835 33.1414 -5.72205e-07
      vertex 5.99612 33.2033 6.6
      vertex 5.99612 33.2033 -5.72205e-07
    endloop
  endfacet
  facet normal -0.88697 -0.461826 0
    outer loop
      vertex 5.99612 33.2033 6.6
      vertex 6.02835 33.1414 -5.72205e-07
      vertex 6.02835 33.1414 6.6
    endloop
  endfacet
  facet normal 0.953624 0.301001 0
    outer loop
      vertex 4.55155 32.5297 6.6
      vertex 4.53056 32.5962 -5.72205e-07
      vertex 4.53056 32.5962 6.6
    endloop
  endfacet
  facet normal 0.953624 0.301001 0
    outer loop
      vertex 4.53056 32.5962 -5.72205e-07
      vertex 4.55155 32.5297 6.6
      vertex 4.55155 32.5297 -5.72205e-07
    endloop
  endfacet
  facet normal 0.461429 0.887177 -0
    outer loop
      vertex 4.96521 32.0783 -5.72205e-07
      vertex 4.9033 32.1105 6.6
      vertex 4.96521 32.0783 6.6
    endloop
  endfacet
  facet normal 0.461429 0.887177 0
    outer loop
      vertex 4.9033 32.1105 6.6
      vertex 4.96521 32.0783 -5.72205e-07
      vertex 4.9033 32.1105 -5.72205e-07
    endloop
  endfacet
  facet normal -0.953624 0.301001 0
    outer loop
      vertex 6.05505 32.5297 -5.72205e-07
      vertex 6.07604 32.5962 6.6
      vertex 6.07604 32.5962 -5.72205e-07
    endloop
  endfacet
  facet normal -0.953624 0.301001 0
    outer loop
      vertex 6.07604 32.5962 6.6
      vertex 6.05505 32.5297 -5.72205e-07
      vertex 6.05505 32.5297 6.6
    endloop
  endfacet
  facet normal 0.675166 -0.737666 0
    outer loop
      vertex 4.73761 33.369 -5.72205e-07
      vertex 4.78907 33.4161 6.6
      vertex 4.73761 33.369 6.6
    endloop
  endfacet
  facet normal 0.675166 -0.737666 0
    outer loop
      vertex 4.78907 33.4161 6.6
      vertex 4.73761 33.369 -5.72205e-07
      vertex 4.78907 33.4161 -5.72205e-07
    endloop
  endfacet
  facet normal -0.675166 0.737666 0
    outer loop
      vertex 5.86899 32.2376 -5.72205e-07
      vertex 5.81753 32.1905 6.6
      vertex 5.86899 32.2376 6.6
    endloop
  endfacet
  facet normal -0.675166 0.737666 0
    outer loop
      vertex 5.81753 32.1905 6.6
      vertex 5.86899 32.2376 -5.72205e-07
      vertex 5.81753 32.1905 -5.72205e-07
    endloop
  endfacet
  facet normal 0.793029 -0.609184 0
    outer loop
      vertex 4.64798 33.2622 6.6
      vertex 4.69046 33.3175 -5.72205e-07
      vertex 4.69046 33.3175 6.6
    endloop
  endfacet
  facet normal 0.793029 -0.609184 0
    outer loop
      vertex 4.69046 33.3175 -5.72205e-07
      vertex 4.64798 33.2622 6.6
      vertex 4.64798 33.2622 -5.72205e-07
    endloop
  endfacet
  facet normal 0.53732 -0.843378 0
    outer loop
      vertex 4.84444 33.4586 -5.72205e-07
      vertex 4.9033 33.4961 6.6
      vertex 4.84444 33.4586 6.6
    endloop
  endfacet
  facet normal 0.53732 -0.843378 0
    outer loop
      vertex 4.9033 33.4961 6.6
      vertex 4.84444 33.4586 -5.72205e-07
      vertex 4.9033 33.4961 -5.72205e-07
    endloop
  endfacet
  facet normal 0.923964 -0.382478 0
    outer loop
      vertex 4.55155 33.0769 6.6
      vertex 4.57825 33.1414 -5.72205e-07
      vertex 4.57825 33.1414 6.6
    endloop
  endfacet
  facet normal 0.923964 -0.382478 0
    outer loop
      vertex 4.57825 33.1414 -5.72205e-07
      vertex 4.55155 33.0769 6.6
      vertex 4.55155 33.0769 -5.72205e-07
    endloop
  endfacet
  facet normal 0.88697 0.461826 0
    outer loop
      vertex 4.61048 32.4033 6.6
      vertex 4.57825 32.4652 -5.72205e-07
      vertex 4.57825 32.4652 6.6
    endloop
  endfacet
  facet normal 0.88697 0.461826 0
    outer loop
      vertex 4.57825 32.4652 -5.72205e-07
      vertex 4.61048 32.4033 6.6
      vertex 4.61048 32.4033 -5.72205e-07
    endloop
  endfacet
  facet normal -0.461429 0.887177 0
    outer loop
      vertex 5.7033 32.1105 -5.72205e-07
      vertex 5.64139 32.0783 6.6
      vertex 5.7033 32.1105 6.6
    endloop
  endfacet
  facet normal -0.461429 0.887177 0
    outer loop
      vertex 5.64139 32.0783 6.6
      vertex 5.7033 32.1105 -5.72205e-07
      vertex 5.64139 32.0783 -5.72205e-07
    endloop
  endfacet
  facet normal -0.923964 -0.382478 0
    outer loop
      vertex 6.05505 33.0769 -5.72205e-07
      vertex 6.02835 33.1414 6.6
      vertex 6.02835 33.1414 -5.72205e-07
    endloop
  endfacet
  facet normal -0.923964 -0.382478 0
    outer loop
      vertex 6.02835 33.1414 6.6
      vertex 6.05505 33.0769 -5.72205e-07
      vertex 6.05505 33.0769 6.6
    endloop
  endfacet
  facet normal -0.793029 0.609184 0
    outer loop
      vertex 5.91614 32.2891 -5.72205e-07
      vertex 5.95862 32.3444 6.6
      vertex 5.95862 32.3444 -5.72205e-07
    endloop
  endfacet
  facet normal -0.793029 0.609184 0
    outer loop
      vertex 5.95862 32.3444 6.6
      vertex 5.91614 32.2891 -5.72205e-07
      vertex 5.91614 32.2891 6.6
    endloop
  endfacet
  facet normal -0.976325 -0.216309 0
    outer loop
      vertex 6.09115 32.9422 -5.72205e-07
      vertex 6.07604 33.0104 6.6
      vertex 6.07604 33.0104 -5.72205e-07
    endloop
  endfacet
  facet normal -0.976325 -0.216309 0
    outer loop
      vertex 6.07604 33.0104 6.6
      vertex 6.09115 32.9422 -5.72205e-07
      vertex 6.09115 32.9422 6.6
    endloop
  endfacet
  facet normal -0.216354 0.976315 0
    outer loop
      vertex 5.51036 32.0306 -5.72205e-07
      vertex 5.44222 32.0155 6.6
      vertex 5.51036 32.0306 6.6
    endloop
  endfacet
  facet normal -0.216354 0.976315 0
    outer loop
      vertex 5.44222 32.0155 6.6
      vertex 5.51036 32.0306 -5.72205e-07
      vertex 5.44222 32.0155 -5.72205e-07
    endloop
  endfacet
  facet normal -0.53732 -0.843378 0
    outer loop
      vertex 5.7033 33.4961 -5.72205e-07
      vertex 5.76216 33.4586 6.6
      vertex 5.7033 33.4961 6.6
    endloop
  endfacet
  facet normal -0.53732 -0.843378 -0
    outer loop
      vertex 5.76216 33.4586 6.6
      vertex 5.7033 33.4961 -5.72205e-07
      vertex 5.76216 33.4586 -5.72205e-07
    endloop
  endfacet
  facet normal -0.299581 0.954071 0
    outer loop
      vertex 5.57692 32.0515 -5.72205e-07
      vertex 5.51036 32.0306 6.6
      vertex 5.57692 32.0515 6.6
    endloop
  endfacet
  facet normal -0.299581 0.954071 0
    outer loop
      vertex 5.51036 32.0306 6.6
      vertex 5.57692 32.0515 -5.72205e-07
      vertex 5.51036 32.0306 -5.72205e-07
    endloop
  endfacet
  facet normal -0.793029 -0.609184 0
    outer loop
      vertex 5.95862 33.2622 -5.72205e-07
      vertex 5.91614 33.3175 6.6
      vertex 5.91614 33.3175 -5.72205e-07
    endloop
  endfacet
  facet normal -0.793029 -0.609184 0
    outer loop
      vertex 5.91614 33.3175 6.6
      vertex 5.95862 33.2622 -5.72205e-07
      vertex 5.95862 33.2622 6.6
    endloop
  endfacet
  facet normal 0.991446 0.130521 0
    outer loop
      vertex 4.51545 32.6644 6.6
      vertex 4.50634 32.7336 -5.72205e-07
      vertex 4.50634 32.7336 6.6
    endloop
  endfacet
  facet normal 0.991446 0.130521 0
    outer loop
      vertex 4.50634 32.7336 -5.72205e-07
      vertex 4.51545 32.6644 6.6
      vertex 4.51545 32.6644 -5.72205e-07
    endloop
  endfacet
  facet normal -0.0429895 -0.999076 0
    outer loop
      vertex 5.3033 33.6033 -5.72205e-07
      vertex 5.37302 33.6003 6.6
      vertex 5.3033 33.6033 6.6
    endloop
  endfacet
  facet normal -0.0429895 -0.999076 -0
    outer loop
      vertex 5.37302 33.6003 6.6
      vertex 5.3033 33.6033 -5.72205e-07
      vertex 5.37302 33.6003 -5.72205e-07
    endloop
  endfacet
  facet normal 0.383852 -0.923394 0
    outer loop
      vertex 4.96521 33.5283 -5.72205e-07
      vertex 5.02968 33.5551 6.6
      vertex 4.96521 33.5283 6.6
    endloop
  endfacet
  facet normal 0.383852 -0.923394 0
    outer loop
      vertex 5.02968 33.5551 6.6
      vertex 4.96521 33.5283 -5.72205e-07
      vertex 5.02968 33.5551 -5.72205e-07
    endloop
  endfacet
  facet normal -0.843544 0.537061 0
    outer loop
      vertex 5.95862 32.3444 -5.72205e-07
      vertex 5.99612 32.4033 6.6
      vertex 5.99612 32.4033 -5.72205e-07
    endloop
  endfacet
  facet normal -0.843544 0.537061 0
    outer loop
      vertex 5.99612 32.4033 6.6
      vertex 5.95862 32.3444 -5.72205e-07
      vertex 5.95862 32.3444 6.6
    endloop
  endfacet
  facet normal -0.99905 0.0435741 0
    outer loop
      vertex 6.10026 32.7336 -5.72205e-07
      vertex 6.1033 32.8033 6.6
      vertex 6.1033 32.8033 -5.72205e-07
    endloop
  endfacet
  facet normal -0.99905 0.0435741 0
    outer loop
      vertex 6.1033 32.8033 6.6
      vertex 6.10026 32.7336 -5.72205e-07
      vertex 6.10026 32.7336 6.6
    endloop
  endfacet
  facet normal -0.991446 0.130521 0
    outer loop
      vertex 6.09115 32.6644 -5.72205e-07
      vertex 6.10026 32.7336 6.6
      vertex 6.10026 32.7336 -5.72205e-07
    endloop
  endfacet
  facet normal -0.991446 0.130521 0
    outer loop
      vertex 6.10026 32.7336 6.6
      vertex 6.09115 32.6644 -5.72205e-07
      vertex 6.09115 32.6644 6.6
    endloop
  endfacet
  facet normal -0.953624 -0.301001 0
    outer loop
      vertex 6.07604 33.0104 -5.72205e-07
      vertex 6.05505 33.0769 6.6
      vertex 6.05505 33.0769 -5.72205e-07
    endloop
  endfacet
  facet normal -0.953624 -0.301001 0
    outer loop
      vertex 6.05505 33.0769 6.6
      vertex 6.07604 33.0104 -5.72205e-07
      vertex 6.07604 33.0104 6.6
    endloop
  endfacet
  facet normal 0.0429895 -0.999076 0
    outer loop
      vertex 5.23358 33.6003 -5.72205e-07
      vertex 5.3033 33.6033 6.6
      vertex 5.23358 33.6003 6.6
    endloop
  endfacet
  facet normal 0.0429895 -0.999076 0
    outer loop
      vertex 5.3033 33.6033 6.6
      vertex 5.23358 33.6003 -5.72205e-07
      vertex 5.3033 33.6033 -5.72205e-07
    endloop
  endfacet
  facet normal -0.461429 -0.887177 0
    outer loop
      vertex 5.64139 33.5283 -5.72205e-07
      vertex 5.7033 33.4961 6.6
      vertex 5.64139 33.5283 6.6
    endloop
  endfacet
  facet normal -0.461429 -0.887177 -0
    outer loop
      vertex 5.7033 33.4961 6.6
      vertex 5.64139 33.5283 -5.72205e-07
      vertex 5.7033 33.4961 -5.72205e-07
    endloop
  endfacet
  facet normal -0.976325 0.216309 0
    outer loop
      vertex 6.07604 32.5962 -5.72205e-07
      vertex 6.09115 32.6644 6.6
      vertex 6.09115 32.6644 -5.72205e-07
    endloop
  endfacet
  facet normal -0.976325 0.216309 0
    outer loop
      vertex 6.09115 32.6644 6.6
      vertex 6.07604 32.5962 -5.72205e-07
      vertex 6.07604 32.5962 6.6
    endloop
  endfacet
  facet normal 0.60888 0.793263 -0
    outer loop
      vertex 4.84444 32.148 -5.72205e-07
      vertex 4.78907 32.1905 6.6
      vertex 4.84444 32.148 6.6
    endloop
  endfacet
  facet normal 0.60888 0.793263 0
    outer loop
      vertex 4.78907 32.1905 6.6
      vertex 4.84444 32.148 -5.72205e-07
      vertex 4.78907 32.1905 -5.72205e-07
    endloop
  endfacet
  facet normal -0.299581 -0.954071 0
    outer loop
      vertex 5.51036 33.576 -5.72205e-07
      vertex 5.57692 33.5551 6.6
      vertex 5.51036 33.576 6.6
    endloop
  endfacet
  facet normal -0.299581 -0.954071 -0
    outer loop
      vertex 5.57692 33.5551 6.6
      vertex 5.51036 33.576 -5.72205e-07
      vertex 5.57692 33.5551 -5.72205e-07
    endloop
  endfacet
  facet normal -0.131788 0.991278 0
    outer loop
      vertex 5.44222 32.0155 -5.72205e-07
      vertex 5.37302 32.0063 6.6
      vertex 5.44222 32.0155 6.6
    endloop
  endfacet
  facet normal -0.131788 0.991278 0
    outer loop
      vertex 5.37302 32.0063 6.6
      vertex 5.44222 32.0155 -5.72205e-07
      vertex 5.37302 32.0063 -5.72205e-07
    endloop
  endfacet
  facet normal -0.60888 -0.793263 0
    outer loop
      vertex 5.76216 33.4586 -5.72205e-07
      vertex 5.81753 33.4161 6.6
      vertex 5.76216 33.4586 6.6
    endloop
  endfacet
  facet normal -0.60888 -0.793263 -0
    outer loop
      vertex 5.81753 33.4161 6.6
      vertex 5.76216 33.4586 -5.72205e-07
      vertex 5.81753 33.4161 -5.72205e-07
    endloop
  endfacet
  facet normal 0.60888 -0.793263 0
    outer loop
      vertex 4.78907 33.4161 -5.72205e-07
      vertex 4.84444 33.4586 6.6
      vertex 4.78907 33.4161 6.6
    endloop
  endfacet
  facet normal 0.60888 -0.793263 0
    outer loop
      vertex 4.84444 33.4586 6.6
      vertex 4.78907 33.4161 -5.72205e-07
      vertex 4.84444 33.4586 -5.72205e-07
    endloop
  endfacet
  facet normal 0.216354 0.976315 -0
    outer loop
      vertex 5.16438 32.0155 -5.72205e-07
      vertex 5.09624 32.0306 6.6
      vertex 5.16438 32.0155 6.6
    endloop
  endfacet
  facet normal 0.216354 0.976315 0
    outer loop
      vertex 5.09624 32.0306 6.6
      vertex 5.16438 32.0155 -5.72205e-07
      vertex 5.09624 32.0306 -5.72205e-07
    endloop
  endfacet
  facet normal -0.383852 -0.923394 0
    outer loop
      vertex 5.57692 33.5551 -5.72205e-07
      vertex 5.64139 33.5283 6.6
      vertex 5.57692 33.5551 6.6
    endloop
  endfacet
  facet normal -0.383852 -0.923394 -0
    outer loop
      vertex 5.64139 33.5283 6.6
      vertex 5.57692 33.5551 -5.72205e-07
      vertex 5.64139 33.5283 -5.72205e-07
    endloop
  endfacet
  facet normal 0.991446 -0.130521 0
    outer loop
      vertex 4.50634 32.873 6.6
      vertex 4.51545 32.9422 -5.72205e-07
      vertex 4.51545 32.9422 6.6
    endloop
  endfacet
  facet normal 0.991446 -0.130521 0
    outer loop
      vertex 4.51545 32.9422 -5.72205e-07
      vertex 4.50634 32.873 6.6
      vertex 4.50634 32.873 -5.72205e-07
    endloop
  endfacet
  facet normal -0.73757 0.675271 0
    outer loop
      vertex 5.86899 32.2376 -5.72205e-07
      vertex 5.91614 32.2891 6.6
      vertex 5.91614 32.2891 -5.72205e-07
    endloop
  endfacet
  facet normal -0.73757 0.675271 0
    outer loop
      vertex 5.91614 32.2891 6.6
      vertex 5.86899 32.2376 -5.72205e-07
      vertex 5.86899 32.2376 6.6
    endloop
  endfacet
  facet normal 0.99905 0.0435741 0
    outer loop
      vertex 4.50634 32.7336 6.6
      vertex 4.5033 32.8033 -5.72205e-07
      vertex 4.5033 32.8033 6.6
    endloop
  endfacet
  facet normal 0.99905 0.0435741 0
    outer loop
      vertex 4.5033 32.8033 -5.72205e-07
      vertex 4.50634 32.7336 6.6
      vertex 4.50634 32.7336 -5.72205e-07
    endloop
  endfacet
  facet normal 0.0429895 0.999076 -0
    outer loop
      vertex 5.3033 32.0033 -5.72205e-07
      vertex 5.23358 32.0063 6.6
      vertex 5.3033 32.0033 6.6
    endloop
  endfacet
  facet normal 0.0429895 0.999076 0
    outer loop
      vertex 5.23358 32.0063 6.6
      vertex 5.3033 32.0033 -5.72205e-07
      vertex 5.23358 32.0063 -5.72205e-07
    endloop
  endfacet
  facet normal 0.73757 -0.675271 0
    outer loop
      vertex 4.69046 33.3175 6.6
      vertex 4.73761 33.369 -5.72205e-07
      vertex 4.73761 33.369 6.6
    endloop
  endfacet
  facet normal 0.73757 -0.675271 0
    outer loop
      vertex 4.73761 33.369 -5.72205e-07
      vertex 4.69046 33.3175 6.6
      vertex 4.69046 33.3175 -5.72205e-07
    endloop
  endfacet
  facet normal 0.88697 -0.461826 0
    outer loop
      vertex 4.57825 33.1414 6.6
      vertex 4.61048 33.2033 -5.72205e-07
      vertex 4.61048 33.2033 6.6
    endloop
  endfacet
  facet normal 0.88697 -0.461826 0
    outer loop
      vertex 4.61048 33.2033 -5.72205e-07
      vertex 4.57825 33.1414 6.6
      vertex 4.57825 33.1414 -5.72205e-07
    endloop
  endfacet
  facet normal 0.299581 0.954071 -0
    outer loop
      vertex 5.09624 32.0306 -5.72205e-07
      vertex 5.02968 32.0515 6.6
      vertex 5.09624 32.0306 6.6
    endloop
  endfacet
  facet normal 0.299581 0.954071 0
    outer loop
      vertex 5.02968 32.0515 6.6
      vertex 5.09624 32.0306 -5.72205e-07
      vertex 5.02968 32.0515 -5.72205e-07
    endloop
  endfacet
  facet normal 0.131788 -0.991278 0
    outer loop
      vertex 5.16438 33.5911 -5.72205e-07
      vertex 5.23358 33.6003 6.6
      vertex 5.16438 33.5911 6.6
    endloop
  endfacet
  facet normal 0.131788 -0.991278 0
    outer loop
      vertex 5.23358 33.6003 6.6
      vertex 5.16438 33.5911 -5.72205e-07
      vertex 5.23358 33.6003 -5.72205e-07
    endloop
  endfacet
  facet normal 0.299581 -0.954071 0
    outer loop
      vertex 5.02968 33.5551 -5.72205e-07
      vertex 5.09624 33.576 6.6
      vertex 5.02968 33.5551 6.6
    endloop
  endfacet
  facet normal 0.299581 -0.954071 0
    outer loop
      vertex 5.09624 33.576 6.6
      vertex 5.02968 33.5551 -5.72205e-07
      vertex 5.09624 33.576 -5.72205e-07
    endloop
  endfacet
  facet normal -0.0429895 0.999076 0
    outer loop
      vertex 5.37302 32.0063 -5.72205e-07
      vertex 5.3033 32.0033 6.6
      vertex 5.37302 32.0063 6.6
    endloop
  endfacet
  facet normal -0.0429895 0.999076 0
    outer loop
      vertex 5.3033 32.0033 6.6
      vertex 5.37302 32.0063 -5.72205e-07
      vertex 5.3033 32.0033 -5.72205e-07
    endloop
  endfacet
  facet normal 0.73757 0.675271 0
    outer loop
      vertex 4.73761 32.2376 6.6
      vertex 4.69046 32.2891 -5.72205e-07
      vertex 4.69046 32.2891 6.6
    endloop
  endfacet
  facet normal 0.73757 0.675271 0
    outer loop
      vertex 4.69046 32.2891 -5.72205e-07
      vertex 4.73761 32.2376 6.6
      vertex 4.73761 32.2376 -5.72205e-07
    endloop
  endfacet
  facet normal 0.675166 0.737666 -0
    outer loop
      vertex 4.78907 32.1905 -5.72205e-07
      vertex 4.73761 32.2376 6.6
      vertex 4.78907 32.1905 6.6
    endloop
  endfacet
  facet normal 0.675166 0.737666 0
    outer loop
      vertex 4.73761 32.2376 6.6
      vertex 4.78907 32.1905 -5.72205e-07
      vertex 4.73761 32.2376 -5.72205e-07
    endloop
  endfacet
  facet normal 0.793029 0.609184 0
    outer loop
      vertex 4.69046 32.2891 6.6
      vertex 4.64798 32.3444 -5.72205e-07
      vertex 4.64798 32.3444 6.6
    endloop
  endfacet
  facet normal 0.793029 0.609184 0
    outer loop
      vertex 4.64798 32.3444 -5.72205e-07
      vertex 4.69046 32.2891 6.6
      vertex 4.69046 32.2891 -5.72205e-07
    endloop
  endfacet
  facet normal -0.131788 -0.991278 0
    outer loop
      vertex 5.37302 33.6003 -5.72205e-07
      vertex 5.44222 33.5911 6.6
      vertex 5.37302 33.6003 6.6
    endloop
  endfacet
  facet normal -0.131788 -0.991278 -0
    outer loop
      vertex 5.44222 33.5911 6.6
      vertex 5.37302 33.6003 -5.72205e-07
      vertex 5.44222 33.5911 -5.72205e-07
    endloop
  endfacet
  facet normal -0.53732 0.843378 0
    outer loop
      vertex 5.76216 32.148 -5.72205e-07
      vertex 5.7033 32.1105 6.6
      vertex 5.76216 32.148 6.6
    endloop
  endfacet
  facet normal -0.53732 0.843378 0
    outer loop
      vertex 5.7033 32.1105 6.6
      vertex 5.76216 32.148 -5.72205e-07
      vertex 5.7033 32.1105 -5.72205e-07
    endloop
  endfacet
  facet normal 0.976325 0.216309 0
    outer loop
      vertex 4.53056 32.5962 6.6
      vertex 4.51545 32.6644 -5.72205e-07
      vertex 4.51545 32.6644 6.6
    endloop
  endfacet
  facet normal 0.976325 0.216309 0
    outer loop
      vertex 4.51545 32.6644 -5.72205e-07
      vertex 4.53056 32.5962 6.6
      vertex 4.53056 32.5962 -5.72205e-07
    endloop
  endfacet
  facet normal -0.383852 0.923394 0
    outer loop
      vertex 5.64139 32.0783 -5.72205e-07
      vertex 5.57692 32.0515 6.6
      vertex 5.64139 32.0783 6.6
    endloop
  endfacet
  facet normal -0.383852 0.923394 0
    outer loop
      vertex 5.57692 32.0515 6.6
      vertex 5.64139 32.0783 -5.72205e-07
      vertex 5.57692 32.0515 -5.72205e-07
    endloop
  endfacet
  facet normal 0.843544 -0.537061 0
    outer loop
      vertex 4.61048 33.2033 6.6
      vertex 4.64798 33.2622 -5.72205e-07
      vertex 4.64798 33.2622 6.6
    endloop
  endfacet
  facet normal 0.843544 -0.537061 0
    outer loop
      vertex 4.64798 33.2622 -5.72205e-07
      vertex 4.61048 33.2033 6.6
      vertex 4.61048 33.2033 -5.72205e-07
    endloop
  endfacet
  facet normal -0.923964 0.382478 0
    outer loop
      vertex 6.02835 32.4652 -5.72205e-07
      vertex 6.05505 32.5297 6.6
      vertex 6.05505 32.5297 -5.72205e-07
    endloop
  endfacet
  facet normal -0.923964 0.382478 0
    outer loop
      vertex 6.05505 32.5297 6.6
      vertex 6.02835 32.4652 -5.72205e-07
      vertex 6.02835 32.4652 6.6
    endloop
  endfacet
  facet normal 0.976325 -0.216309 0
    outer loop
      vertex 4.51545 32.9422 6.6
      vertex 4.53056 33.0104 -5.72205e-07
      vertex 4.53056 33.0104 6.6
    endloop
  endfacet
  facet normal 0.976325 -0.216309 0
    outer loop
      vertex 4.53056 33.0104 -5.72205e-07
      vertex 4.51545 32.9422 6.6
      vertex 4.51545 32.9422 -5.72205e-07
    endloop
  endfacet
  facet normal -0.216354 -0.976315 0
    outer loop
      vertex 5.44222 33.5911 -5.72205e-07
      vertex 5.51036 33.576 6.6
      vertex 5.44222 33.5911 6.6
    endloop
  endfacet
  facet normal -0.216354 -0.976315 -0
    outer loop
      vertex 5.51036 33.576 6.6
      vertex 5.44222 33.5911 -5.72205e-07
      vertex 5.51036 33.576 -5.72205e-07
    endloop
  endfacet
  facet normal -0.60888 0.793263 0
    outer loop
      vertex 5.81753 32.1905 -5.72205e-07
      vertex 5.76216 32.148 6.6
      vertex 5.81753 32.1905 6.6
    endloop
  endfacet
  facet normal -0.60888 0.793263 0
    outer loop
      vertex 5.76216 32.148 6.6
      vertex 5.81753 32.1905 -5.72205e-07
      vertex 5.76216 32.148 -5.72205e-07
    endloop
  endfacet
  facet normal -0.88697 0.461826 0
    outer loop
      vertex 5.99612 32.4033 -5.72205e-07
      vertex 6.02835 32.4652 6.6
      vertex 6.02835 32.4652 -5.72205e-07
    endloop
  endfacet
  facet normal -0.88697 0.461826 0
    outer loop
      vertex 6.02835 32.4652 6.6
      vertex 5.99612 32.4033 -5.72205e-07
      vertex 5.99612 32.4033 6.6
    endloop
  endfacet
  facet normal -0.73757 -0.675271 0
    outer loop
      vertex 5.91614 33.3175 -5.72205e-07
      vertex 5.86899 33.369 6.6
      vertex 5.86899 33.369 -5.72205e-07
    endloop
  endfacet
  facet normal -0.73757 -0.675271 0
    outer loop
      vertex 5.86899 33.369 6.6
      vertex 5.91614 33.3175 -5.72205e-07
      vertex 5.91614 33.3175 6.6
    endloop
  endfacet
  facet normal -0.675166 -0.737666 0
    outer loop
      vertex 5.81753 33.4161 -5.72205e-07
      vertex 5.86899 33.369 6.6
      vertex 5.81753 33.4161 6.6
    endloop
  endfacet
  facet normal -0.675166 -0.737666 -0
    outer loop
      vertex 5.86899 33.369 6.6
      vertex 5.81753 33.4161 -5.72205e-07
      vertex 5.86899 33.369 -5.72205e-07
    endloop
  endfacet
  facet normal -0.843544 -0.537061 0
    outer loop
      vertex 5.99612 33.2033 -5.72205e-07
      vertex 5.95862 33.2622 6.6
      vertex 5.95862 33.2622 -5.72205e-07
    endloop
  endfacet
  facet normal -0.843544 -0.537061 0
    outer loop
      vertex 5.95862 33.2622 6.6
      vertex 5.99612 33.2033 -5.72205e-07
      vertex 5.99612 33.2033 6.6
    endloop
  endfacet
  facet normal 0.131788 0.991278 -0
    outer loop
      vertex 5.23358 32.0063 -5.72205e-07
      vertex 5.16438 32.0155 6.6
      vertex 5.23358 32.0063 6.6
    endloop
  endfacet
  facet normal 0.131788 0.991278 0
    outer loop
      vertex 5.16438 32.0155 6.6
      vertex 5.23358 32.0063 -5.72205e-07
      vertex 5.16438 32.0155 -5.72205e-07
    endloop
  endfacet
  facet normal 0.99905 -0.0435741 0
    outer loop
      vertex 4.5033 32.8033 6.6
      vertex 4.50634 32.873 -5.72205e-07
      vertex 4.50634 32.873 6.6
    endloop
  endfacet
  facet normal 0.99905 -0.0435741 0
    outer loop
      vertex 4.50634 32.873 -5.72205e-07
      vertex 4.5033 32.8033 6.6
      vertex 4.5033 32.8033 -5.72205e-07
    endloop
  endfacet
  facet normal 0.953624 -0.301001 0
    outer loop
      vertex 4.53056 33.0104 6.6
      vertex 4.55155 33.0769 -5.72205e-07
      vertex 4.55155 33.0769 6.6
    endloop
  endfacet
  facet normal 0.953624 -0.301001 0
    outer loop
      vertex 4.55155 33.0769 -5.72205e-07
      vertex 4.53056 33.0104 6.6
      vertex 4.53056 33.0104 -5.72205e-07
    endloop
  endfacet
  facet normal 0.383852 0.923394 -0
    outer loop
      vertex 5.02968 32.0515 -5.72205e-07
      vertex 4.96521 32.0783 6.6
      vertex 5.02968 32.0515 6.6
    endloop
  endfacet
  facet normal 0.383852 0.923394 0
    outer loop
      vertex 4.96521 32.0783 6.6
      vertex 5.02968 32.0515 -5.72205e-07
      vertex 4.96521 32.0783 -5.72205e-07
    endloop
  endfacet
  facet normal 0.461429 -0.887177 0
    outer loop
      vertex 4.9033 33.4961 -5.72205e-07
      vertex 4.96521 33.5283 6.6
      vertex 4.9033 33.4961 6.6
    endloop
  endfacet
  facet normal 0.461429 -0.887177 0
    outer loop
      vertex 4.96521 33.5283 6.6
      vertex 4.9033 33.4961 -5.72205e-07
      vertex 4.96521 33.5283 -5.72205e-07
    endloop
  endfacet
  facet normal 0.843544 0.537061 0
    outer loop
      vertex 4.64798 32.3444 6.6
      vertex 4.61048 32.4033 -5.72205e-07
      vertex 4.61048 32.4033 6.6
    endloop
  endfacet
  facet normal 0.843544 0.537061 0
    outer loop
      vertex 4.61048 32.4033 -5.72205e-07
      vertex 4.64798 32.3444 6.6
      vertex 4.64798 32.3444 -5.72205e-07
    endloop
  endfacet
  facet normal 0.53732 0.843378 -0
    outer loop
      vertex 4.9033 32.1105 -5.72205e-07
      vertex 4.84444 32.148 6.6
      vertex 4.9033 32.1105 6.6
    endloop
  endfacet
  facet normal 0.53732 0.843378 0
    outer loop
      vertex 4.84444 32.148 6.6
      vertex 4.9033 32.1105 -5.72205e-07
      vertex 4.84444 32.148 -5.72205e-07
    endloop
  endfacet
  facet normal -0.991446 -0.130521 0
    outer loop
      vertex -4.50634 32.873 -5.72205e-07
      vertex -4.51545 32.9422 6.6
      vertex -4.51545 32.9422 -5.72205e-07
    endloop
  endfacet
  facet normal -0.991446 -0.130521 0
    outer loop
      vertex -4.51545 32.9422 6.6
      vertex -4.50634 32.873 -5.72205e-07
      vertex -4.50634 32.873 6.6
    endloop
  endfacet
  facet normal -0.99905 -0.0435741 0
    outer loop
      vertex -4.5033 32.8033 -5.72205e-07
      vertex -4.50634 32.873 6.6
      vertex -4.50634 32.873 -5.72205e-07
    endloop
  endfacet
  facet normal -0.99905 -0.0435741 0
    outer loop
      vertex -4.50634 32.873 6.6
      vertex -4.5033 32.8033 -5.72205e-07
      vertex -4.5033 32.8033 6.6
    endloop
  endfacet
  facet normal 0.216354 -0.976315 0
    outer loop
      vertex -5.51036 33.576 -5.72205e-07
      vertex -5.44222 33.5911 6.6
      vertex -5.51036 33.576 6.6
    endloop
  endfacet
  facet normal 0.216354 -0.976315 0
    outer loop
      vertex -5.44222 33.5911 6.6
      vertex -5.51036 33.576 -5.72205e-07
      vertex -5.44222 33.5911 -5.72205e-07
    endloop
  endfacet
  facet normal 0.923964 0.382478 0
    outer loop
      vertex -6.02835 32.4652 6.6
      vertex -6.05505 32.5297 -5.72205e-07
      vertex -6.05505 32.5297 6.6
    endloop
  endfacet
  facet normal 0.923964 0.382478 0
    outer loop
      vertex -6.05505 32.5297 -5.72205e-07
      vertex -6.02835 32.4652 6.6
      vertex -6.02835 32.4652 -5.72205e-07
    endloop
  endfacet
  facet normal -0.88697 -0.461826 0
    outer loop
      vertex -4.57825 33.1414 -5.72205e-07
      vertex -4.61048 33.2033 6.6
      vertex -4.61048 33.2033 -5.72205e-07
    endloop
  endfacet
  facet normal -0.88697 -0.461826 0
    outer loop
      vertex -4.61048 33.2033 6.6
      vertex -4.57825 33.1414 -5.72205e-07
      vertex -4.57825 33.1414 6.6
    endloop
  endfacet
  facet normal 0.953624 0.301001 0
    outer loop
      vertex -6.05505 32.5297 6.6
      vertex -6.07604 32.5962 -5.72205e-07
      vertex -6.07604 32.5962 6.6
    endloop
  endfacet
  facet normal 0.953624 0.301001 0
    outer loop
      vertex -6.07604 32.5962 -5.72205e-07
      vertex -6.05505 32.5297 6.6
      vertex -6.05505 32.5297 -5.72205e-07
    endloop
  endfacet
  facet normal 0.461429 0.887177 -0
    outer loop
      vertex -5.64139 32.0783 -5.72205e-07
      vertex -5.7033 32.1105 6.6
      vertex -5.64139 32.0783 6.6
    endloop
  endfacet
  facet normal 0.461429 0.887177 0
    outer loop
      vertex -5.7033 32.1105 6.6
      vertex -5.64139 32.0783 -5.72205e-07
      vertex -5.7033 32.1105 -5.72205e-07
    endloop
  endfacet
  facet normal -0.953624 0.301001 0
    outer loop
      vertex -4.55155 32.5297 -5.72205e-07
      vertex -4.53056 32.5962 6.6
      vertex -4.53056 32.5962 -5.72205e-07
    endloop
  endfacet
  facet normal -0.953624 0.301001 0
    outer loop
      vertex -4.53056 32.5962 6.6
      vertex -4.55155 32.5297 -5.72205e-07
      vertex -4.55155 32.5297 6.6
    endloop
  endfacet
  facet normal 0.675166 -0.737666 0
    outer loop
      vertex -5.86899 33.369 -5.72205e-07
      vertex -5.81753 33.4161 6.6
      vertex -5.86899 33.369 6.6
    endloop
  endfacet
  facet normal 0.675166 -0.737666 0
    outer loop
      vertex -5.81753 33.4161 6.6
      vertex -5.86899 33.369 -5.72205e-07
      vertex -5.81753 33.4161 -5.72205e-07
    endloop
  endfacet
  facet normal -0.675166 0.737666 0
    outer loop
      vertex -4.73761 32.2376 -5.72205e-07
      vertex -4.78907 32.1905 6.6
      vertex -4.73761 32.2376 6.6
    endloop
  endfacet
  facet normal -0.675166 0.737666 0
    outer loop
      vertex -4.78907 32.1905 6.6
      vertex -4.73761 32.2376 -5.72205e-07
      vertex -4.78907 32.1905 -5.72205e-07
    endloop
  endfacet
  facet normal 0.793029 -0.609184 0
    outer loop
      vertex -5.95862 33.2622 6.6
      vertex -5.91614 33.3175 -5.72205e-07
      vertex -5.91614 33.3175 6.6
    endloop
  endfacet
  facet normal 0.793029 -0.609184 0
    outer loop
      vertex -5.91614 33.3175 -5.72205e-07
      vertex -5.95862 33.2622 6.6
      vertex -5.95862 33.2622 -5.72205e-07
    endloop
  endfacet
  facet normal 0.923964 -0.382478 0
    outer loop
      vertex -6.05505 33.0769 6.6
      vertex -6.02835 33.1414 -5.72205e-07
      vertex -6.02835 33.1414 6.6
    endloop
  endfacet
  facet normal 0.923964 -0.382478 0
    outer loop
      vertex -6.02835 33.1414 -5.72205e-07
      vertex -6.05505 33.0769 6.6
      vertex -6.05505 33.0769 -5.72205e-07
    endloop
  endfacet
  facet normal 0.88697 0.461826 0
    outer loop
      vertex -5.99612 32.4033 6.6
      vertex -6.02835 32.4652 -5.72205e-07
      vertex -6.02835 32.4652 6.6
    endloop
  endfacet
  facet normal 0.88697 0.461826 0
    outer loop
      vertex -6.02835 32.4652 -5.72205e-07
      vertex -5.99612 32.4033 6.6
      vertex -5.99612 32.4033 -5.72205e-07
    endloop
  endfacet
  facet normal -0.461429 0.887177 0
    outer loop
      vertex -4.9033 32.1105 -5.72205e-07
      vertex -4.96521 32.0783 6.6
      vertex -4.9033 32.1105 6.6
    endloop
  endfacet
  facet normal -0.461429 0.887177 0
    outer loop
      vertex -4.96521 32.0783 6.6
      vertex -4.9033 32.1105 -5.72205e-07
      vertex -4.96521 32.0783 -5.72205e-07
    endloop
  endfacet
  facet normal -0.923964 -0.382478 0
    outer loop
      vertex -4.55155 33.0769 -5.72205e-07
      vertex -4.57825 33.1414 6.6
      vertex -4.57825 33.1414 -5.72205e-07
    endloop
  endfacet
  facet normal -0.923964 -0.382478 0
    outer loop
      vertex -4.57825 33.1414 6.6
      vertex -4.55155 33.0769 -5.72205e-07
      vertex -4.55155 33.0769 6.6
    endloop
  endfacet
  facet normal -0.793029 0.609184 0
    outer loop
      vertex -4.69046 32.2891 -5.72205e-07
      vertex -4.64798 32.3444 6.6
      vertex -4.64798 32.3444 -5.72205e-07
    endloop
  endfacet
  facet normal -0.793029 0.609184 0
    outer loop
      vertex -4.64798 32.3444 6.6
      vertex -4.69046 32.2891 -5.72205e-07
      vertex -4.69046 32.2891 6.6
    endloop
  endfacet
  facet normal -0.976325 -0.216309 0
    outer loop
      vertex -4.51545 32.9422 -5.72205e-07
      vertex -4.53056 33.0104 6.6
      vertex -4.53056 33.0104 -5.72205e-07
    endloop
  endfacet
  facet normal -0.976325 -0.216309 0
    outer loop
      vertex -4.53056 33.0104 6.6
      vertex -4.51545 32.9422 -5.72205e-07
      vertex -4.51545 32.9422 6.6
    endloop
  endfacet
  facet normal -0.216354 0.976315 0
    outer loop
      vertex -5.09624 32.0306 -5.72205e-07
      vertex -5.16438 32.0155 6.6
      vertex -5.09624 32.0306 6.6
    endloop
  endfacet
  facet normal -0.216354 0.976315 0
    outer loop
      vertex -5.16438 32.0155 6.6
      vertex -5.09624 32.0306 -5.72205e-07
      vertex -5.16438 32.0155 -5.72205e-07
    endloop
  endfacet
  facet normal -0.53732 -0.843378 0
    outer loop
      vertex -4.9033 33.4961 -5.72205e-07
      vertex -4.84444 33.4586 6.6
      vertex -4.9033 33.4961 6.6
    endloop
  endfacet
  facet normal -0.53732 -0.843378 -0
    outer loop
      vertex -4.84444 33.4586 6.6
      vertex -4.9033 33.4961 -5.72205e-07
      vertex -4.84444 33.4586 -5.72205e-07
    endloop
  endfacet
  facet normal -0.299581 0.954071 0
    outer loop
      vertex -5.02968 32.0515 -5.72205e-07
      vertex -5.09624 32.0306 6.6
      vertex -5.02968 32.0515 6.6
    endloop
  endfacet
  facet normal -0.299581 0.954071 0
    outer loop
      vertex -5.09624 32.0306 6.6
      vertex -5.02968 32.0515 -5.72205e-07
      vertex -5.09624 32.0306 -5.72205e-07
    endloop
  endfacet
  facet normal -0.793029 -0.609184 0
    outer loop
      vertex -4.64798 33.2622 -5.72205e-07
      vertex -4.69046 33.3175 6.6
      vertex -4.69046 33.3175 -5.72205e-07
    endloop
  endfacet
  facet normal -0.793029 -0.609184 0
    outer loop
      vertex -4.69046 33.3175 6.6
      vertex -4.64798 33.2622 -5.72205e-07
      vertex -4.64798 33.2622 6.6
    endloop
  endfacet
  facet normal 0.991446 0.130521 0
    outer loop
      vertex -6.09115 32.6644 6.6
      vertex -6.10026 32.7336 -5.72205e-07
      vertex -6.10026 32.7336 6.6
    endloop
  endfacet
  facet normal 0.991446 0.130521 0
    outer loop
      vertex -6.10026 32.7336 -5.72205e-07
      vertex -6.09115 32.6644 6.6
      vertex -6.09115 32.6644 -5.72205e-07
    endloop
  endfacet
  facet normal -0.0429895 -0.999076 0
    outer loop
      vertex -5.3033 33.6033 -5.72205e-07
      vertex -5.23358 33.6003 6.6
      vertex -5.3033 33.6033 6.6
    endloop
  endfacet
  facet normal -0.0429895 -0.999076 -0
    outer loop
      vertex -5.23358 33.6003 6.6
      vertex -5.3033 33.6033 -5.72205e-07
      vertex -5.23358 33.6003 -5.72205e-07
    endloop
  endfacet
  facet normal 0.383852 -0.923394 0
    outer loop
      vertex -5.64139 33.5283 -5.72205e-07
      vertex -5.57692 33.5551 6.6
      vertex -5.64139 33.5283 6.6
    endloop
  endfacet
  facet normal 0.383852 -0.923394 0
    outer loop
      vertex -5.57692 33.5551 6.6
      vertex -5.64139 33.5283 -5.72205e-07
      vertex -5.57692 33.5551 -5.72205e-07
    endloop
  endfacet
  facet normal -0.843544 0.537061 0
    outer loop
      vertex -4.64798 32.3444 -5.72205e-07
      vertex -4.61048 32.4033 6.6
      vertex -4.61048 32.4033 -5.72205e-07
    endloop
  endfacet
  facet normal -0.843544 0.537061 0
    outer loop
      vertex -4.61048 32.4033 6.6
      vertex -4.64798 32.3444 -5.72205e-07
      vertex -4.64798 32.3444 6.6
    endloop
  endfacet
  facet normal -0.99905 0.0435741 0
    outer loop
      vertex -4.50634 32.7336 -5.72205e-07
      vertex -4.5033 32.8033 6.6
      vertex -4.5033 32.8033 -5.72205e-07
    endloop
  endfacet
  facet normal -0.99905 0.0435741 0
    outer loop
      vertex -4.5033 32.8033 6.6
      vertex -4.50634 32.7336 -5.72205e-07
      vertex -4.50634 32.7336 6.6
    endloop
  endfacet
  facet normal -0.991446 0.130521 0
    outer loop
      vertex -4.51545 32.6644 -5.72205e-07
      vertex -4.50634 32.7336 6.6
      vertex -4.50634 32.7336 -5.72205e-07
    endloop
  endfacet
  facet normal -0.991446 0.130521 0
    outer loop
      vertex -4.50634 32.7336 6.6
      vertex -4.51545 32.6644 -5.72205e-07
      vertex -4.51545 32.6644 6.6
    endloop
  endfacet
  facet normal -0.953624 -0.301001 0
    outer loop
      vertex -4.53056 33.0104 -5.72205e-07
      vertex -4.55155 33.0769 6.6
      vertex -4.55155 33.0769 -5.72205e-07
    endloop
  endfacet
  facet normal -0.953624 -0.301001 0
    outer loop
      vertex -4.55155 33.0769 6.6
      vertex -4.53056 33.0104 -5.72205e-07
      vertex -4.53056 33.0104 6.6
    endloop
  endfacet
  facet normal 0.0429895 -0.999076 0
    outer loop
      vertex -5.37302 33.6003 -5.72205e-07
      vertex -5.3033 33.6033 6.6
      vertex -5.37302 33.6003 6.6
    endloop
  endfacet
  facet normal 0.0429895 -0.999076 0
    outer loop
      vertex -5.3033 33.6033 6.6
      vertex -5.37302 33.6003 -5.72205e-07
      vertex -5.3033 33.6033 -5.72205e-07
    endloop
  endfacet
  facet normal -0.461429 -0.887177 0
    outer loop
      vertex -4.96521 33.5283 -5.72205e-07
      vertex -4.9033 33.4961 6.6
      vertex -4.96521 33.5283 6.6
    endloop
  endfacet
  facet normal -0.461429 -0.887177 -0
    outer loop
      vertex -4.9033 33.4961 6.6
      vertex -4.96521 33.5283 -5.72205e-07
      vertex -4.9033 33.4961 -5.72205e-07
    endloop
  endfacet
  facet normal -0.976325 0.216309 0
    outer loop
      vertex -4.53056 32.5962 -5.72205e-07
      vertex -4.51545 32.6644 6.6
      vertex -4.51545 32.6644 -5.72205e-07
    endloop
  endfacet
  facet normal -0.976325 0.216309 0
    outer loop
      vertex -4.51545 32.6644 6.6
      vertex -4.53056 32.5962 -5.72205e-07
      vertex -4.53056 32.5962 6.6
    endloop
  endfacet
  facet normal 0.60888 0.793263 -0
    outer loop
      vertex -5.76216 32.148 -5.72205e-07
      vertex -5.81753 32.1905 6.6
      vertex -5.76216 32.148 6.6
    endloop
  endfacet
  facet normal 0.60888 0.793263 0
    outer loop
      vertex -5.81753 32.1905 6.6
      vertex -5.76216 32.148 -5.72205e-07
      vertex -5.81753 32.1905 -5.72205e-07
    endloop
  endfacet
  facet normal -0.299581 -0.954071 0
    outer loop
      vertex -5.09624 33.576 -5.72205e-07
      vertex -5.02968 33.5551 6.6
      vertex -5.09624 33.576 6.6
    endloop
  endfacet
  facet normal -0.299581 -0.954071 -0
    outer loop
      vertex -5.02968 33.5551 6.6
      vertex -5.09624 33.576 -5.72205e-07
      vertex -5.02968 33.5551 -5.72205e-07
    endloop
  endfacet
  facet normal -0.131788 0.991278 0
    outer loop
      vertex -5.16438 32.0155 -5.72205e-07
      vertex -5.23358 32.0063 6.6
      vertex -5.16438 32.0155 6.6
    endloop
  endfacet
  facet normal -0.131788 0.991278 0
    outer loop
      vertex -5.23358 32.0063 6.6
      vertex -5.16438 32.0155 -5.72205e-07
      vertex -5.23358 32.0063 -5.72205e-07
    endloop
  endfacet
  facet normal -0.60888 -0.793263 0
    outer loop
      vertex -4.84444 33.4586 -5.72205e-07
      vertex -4.78907 33.4161 6.6
      vertex -4.84444 33.4586 6.6
    endloop
  endfacet
  facet normal -0.60888 -0.793263 -0
    outer loop
      vertex -4.78907 33.4161 6.6
      vertex -4.84444 33.4586 -5.72205e-07
      vertex -4.78907 33.4161 -5.72205e-07
    endloop
  endfacet
  facet normal 0.60888 -0.793263 0
    outer loop
      vertex -5.81753 33.4161 -5.72205e-07
      vertex -5.76216 33.4586 6.6
      vertex -5.81753 33.4161 6.6
    endloop
  endfacet
  facet normal 0.60888 -0.793263 0
    outer loop
      vertex -5.76216 33.4586 6.6
      vertex -5.81753 33.4161 -5.72205e-07
      vertex -5.76216 33.4586 -5.72205e-07
    endloop
  endfacet
  facet normal 0.216354 0.976315 -0
    outer loop
      vertex -5.44222 32.0155 -5.72205e-07
      vertex -5.51036 32.0306 6.6
      vertex -5.44222 32.0155 6.6
    endloop
  endfacet
  facet normal 0.216354 0.976315 0
    outer loop
      vertex -5.51036 32.0306 6.6
      vertex -5.44222 32.0155 -5.72205e-07
      vertex -5.51036 32.0306 -5.72205e-07
    endloop
  endfacet
  facet normal -0.383852 -0.923394 0
    outer loop
      vertex -5.02968 33.5551 -5.72205e-07
      vertex -4.96521 33.5283 6.6
      vertex -5.02968 33.5551 6.6
    endloop
  endfacet
  facet normal -0.383852 -0.923394 -0
    outer loop
      vertex -4.96521 33.5283 6.6
      vertex -5.02968 33.5551 -5.72205e-07
      vertex -4.96521 33.5283 -5.72205e-07
    endloop
  endfacet
  facet normal 0.991446 -0.130521 0
    outer loop
      vertex -6.10026 32.873 6.6
      vertex -6.09115 32.9422 -5.72205e-07
      vertex -6.09115 32.9422 6.6
    endloop
  endfacet
  facet normal 0.991446 -0.130521 0
    outer loop
      vertex -6.09115 32.9422 -5.72205e-07
      vertex -6.10026 32.873 6.6
      vertex -6.10026 32.873 -5.72205e-07
    endloop
  endfacet
  facet normal -0.73757 0.675271 0
    outer loop
      vertex -4.73761 32.2376 -5.72205e-07
      vertex -4.69046 32.2891 6.6
      vertex -4.69046 32.2891 -5.72205e-07
    endloop
  endfacet
  facet normal -0.73757 0.675271 0
    outer loop
      vertex -4.69046 32.2891 6.6
      vertex -4.73761 32.2376 -5.72205e-07
      vertex -4.73761 32.2376 6.6
    endloop
  endfacet
  facet normal 0.99905 0.0435741 0
    outer loop
      vertex -6.10026 32.7336 6.6
      vertex -6.1033 32.8033 -5.72205e-07
      vertex -6.1033 32.8033 6.6
    endloop
  endfacet
  facet normal 0.99905 0.0435741 0
    outer loop
      vertex -6.1033 32.8033 -5.72205e-07
      vertex -6.10026 32.7336 6.6
      vertex -6.10026 32.7336 -5.72205e-07
    endloop
  endfacet
  facet normal 0.0429895 0.999076 -0
    outer loop
      vertex -5.3033 32.0033 -5.72205e-07
      vertex -5.37302 32.0063 6.6
      vertex -5.3033 32.0033 6.6
    endloop
  endfacet
  facet normal 0.0429895 0.999076 0
    outer loop
      vertex -5.37302 32.0063 6.6
      vertex -5.3033 32.0033 -5.72205e-07
      vertex -5.37302 32.0063 -5.72205e-07
    endloop
  endfacet
  facet normal 0.73757 -0.675271 0
    outer loop
      vertex -5.91614 33.3175 6.6
      vertex -5.86899 33.369 -5.72205e-07
      vertex -5.86899 33.369 6.6
    endloop
  endfacet
  facet normal 0.73757 -0.675271 0
    outer loop
      vertex -5.86899 33.369 -5.72205e-07
      vertex -5.91614 33.3175 6.6
      vertex -5.91614 33.3175 -5.72205e-07
    endloop
  endfacet
  facet normal 0.88697 -0.461826 0
    outer loop
      vertex -6.02835 33.1414 6.6
      vertex -5.99612 33.2033 -5.72205e-07
      vertex -5.99612 33.2033 6.6
    endloop
  endfacet
  facet normal 0.88697 -0.461826 0
    outer loop
      vertex -5.99612 33.2033 -5.72205e-07
      vertex -6.02835 33.1414 6.6
      vertex -6.02835 33.1414 -5.72205e-07
    endloop
  endfacet
  facet normal 0.299581 0.954071 -0
    outer loop
      vertex -5.51036 32.0306 -5.72205e-07
      vertex -5.57692 32.0515 6.6
      vertex -5.51036 32.0306 6.6
    endloop
  endfacet
  facet normal 0.299581 0.954071 0
    outer loop
      vertex -5.57692 32.0515 6.6
      vertex -5.51036 32.0306 -5.72205e-07
      vertex -5.57692 32.0515 -5.72205e-07
    endloop
  endfacet
  facet normal 0.131788 -0.991278 0
    outer loop
      vertex -5.44222 33.5911 -5.72205e-07
      vertex -5.37302 33.6003 6.6
      vertex -5.44222 33.5911 6.6
    endloop
  endfacet
  facet normal 0.131788 -0.991278 0
    outer loop
      vertex -5.37302 33.6003 6.6
      vertex -5.44222 33.5911 -5.72205e-07
      vertex -5.37302 33.6003 -5.72205e-07
    endloop
  endfacet
  facet normal 0.299581 -0.954071 0
    outer loop
      vertex -5.57692 33.5551 -5.72205e-07
      vertex -5.51036 33.576 6.6
      vertex -5.57692 33.5551 6.6
    endloop
  endfacet
  facet normal 0.299581 -0.954071 0
    outer loop
      vertex -5.51036 33.576 6.6
      vertex -5.57692 33.5551 -5.72205e-07
      vertex -5.51036 33.576 -5.72205e-07
    endloop
  endfacet
  facet normal -0.0429895 0.999076 0
    outer loop
      vertex -5.23358 32.0063 -5.72205e-07
      vertex -5.3033 32.0033 6.6
      vertex -5.23358 32.0063 6.6
    endloop
  endfacet
  facet normal -0.0429895 0.999076 0
    outer loop
      vertex -5.3033 32.0033 6.6
      vertex -5.23358 32.0063 -5.72205e-07
      vertex -5.3033 32.0033 -5.72205e-07
    endloop
  endfacet
  facet normal 0.675166 0.737666 -0
    outer loop
      vertex -5.81753 32.1905 -5.72205e-07
      vertex -5.86899 32.2376 6.6
      vertex -5.81753 32.1905 6.6
    endloop
  endfacet
  facet normal 0.675166 0.737666 0
    outer loop
      vertex -5.86899 32.2376 6.6
      vertex -5.81753 32.1905 -5.72205e-07
      vertex -5.86899 32.2376 -5.72205e-07
    endloop
  endfacet
  facet normal 0.793029 0.609184 0
    outer loop
      vertex -5.91614 32.2891 6.6
      vertex -5.95862 32.3444 -5.72205e-07
      vertex -5.95862 32.3444 6.6
    endloop
  endfacet
  facet normal 0.793029 0.609184 0
    outer loop
      vertex -5.95862 32.3444 -5.72205e-07
      vertex -5.91614 32.2891 6.6
      vertex -5.91614 32.2891 -5.72205e-07
    endloop
  endfacet
  facet normal -0.131788 -0.991278 0
    outer loop
      vertex -5.23358 33.6003 -5.72205e-07
      vertex -5.16438 33.5911 6.6
      vertex -5.23358 33.6003 6.6
    endloop
  endfacet
  facet normal -0.131788 -0.991278 -0
    outer loop
      vertex -5.16438 33.5911 6.6
      vertex -5.23358 33.6003 -5.72205e-07
      vertex -5.16438 33.5911 -5.72205e-07
    endloop
  endfacet
  facet normal -0.53732 0.843378 0
    outer loop
      vertex -4.84444 32.148 -5.72205e-07
      vertex -4.9033 32.1105 6.6
      vertex -4.84444 32.148 6.6
    endloop
  endfacet
  facet normal -0.53732 0.843378 0
    outer loop
      vertex -4.9033 32.1105 6.6
      vertex -4.84444 32.148 -5.72205e-07
      vertex -4.9033 32.1105 -5.72205e-07
    endloop
  endfacet
  facet normal 0.976325 0.216309 0
    outer loop
      vertex -6.07604 32.5962 6.6
      vertex -6.09115 32.6644 -5.72205e-07
      vertex -6.09115 32.6644 6.6
    endloop
  endfacet
  facet normal 0.976325 0.216309 0
    outer loop
      vertex -6.09115 32.6644 -5.72205e-07
      vertex -6.07604 32.5962 6.6
      vertex -6.07604 32.5962 -5.72205e-07
    endloop
  endfacet
  facet normal 0.73757 0.675271 0
    outer loop
      vertex -5.86899 32.2376 6.6
      vertex -5.91614 32.2891 -5.72205e-07
      vertex -5.91614 32.2891 6.6
    endloop
  endfacet
  facet normal 0.73757 0.675271 0
    outer loop
      vertex -5.91614 32.2891 -5.72205e-07
      vertex -5.86899 32.2376 6.6
      vertex -5.86899 32.2376 -5.72205e-07
    endloop
  endfacet
  facet normal -0.383852 0.923394 0
    outer loop
      vertex -4.96521 32.0783 -5.72205e-07
      vertex -5.02968 32.0515 6.6
      vertex -4.96521 32.0783 6.6
    endloop
  endfacet
  facet normal -0.383852 0.923394 0
    outer loop
      vertex -5.02968 32.0515 6.6
      vertex -4.96521 32.0783 -5.72205e-07
      vertex -5.02968 32.0515 -5.72205e-07
    endloop
  endfacet
  facet normal 0.843544 -0.537061 0
    outer loop
      vertex -5.99612 33.2033 6.6
      vertex -5.95862 33.2622 -5.72205e-07
      vertex -5.95862 33.2622 6.6
    endloop
  endfacet
  facet normal 0.843544 -0.537061 0
    outer loop
      vertex -5.95862 33.2622 -5.72205e-07
      vertex -5.99612 33.2033 6.6
      vertex -5.99612 33.2033 -5.72205e-07
    endloop
  endfacet
  facet normal -0.923964 0.382478 0
    outer loop
      vertex -4.57825 32.4652 -5.72205e-07
      vertex -4.55155 32.5297 6.6
      vertex -4.55155 32.5297 -5.72205e-07
    endloop
  endfacet
  facet normal -0.923964 0.382478 0
    outer loop
      vertex -4.55155 32.5297 6.6
      vertex -4.57825 32.4652 -5.72205e-07
      vertex -4.57825 32.4652 6.6
    endloop
  endfacet
  facet normal 0.976325 -0.216309 0
    outer loop
      vertex -6.09115 32.9422 6.6
      vertex -6.07604 33.0104 -5.72205e-07
      vertex -6.07604 33.0104 6.6
    endloop
  endfacet
  facet normal 0.976325 -0.216309 0
    outer loop
      vertex -6.07604 33.0104 -5.72205e-07
      vertex -6.09115 32.9422 6.6
      vertex -6.09115 32.9422 -5.72205e-07
    endloop
  endfacet
  facet normal -0.216354 -0.976315 0
    outer loop
      vertex -5.16438 33.5911 -5.72205e-07
      vertex -5.09624 33.576 6.6
      vertex -5.16438 33.5911 6.6
    endloop
  endfacet
  facet normal -0.216354 -0.976315 -0
    outer loop
      vertex -5.09624 33.576 6.6
      vertex -5.16438 33.5911 -5.72205e-07
      vertex -5.09624 33.576 -5.72205e-07
    endloop
  endfacet
  facet normal -0.60888 0.793263 0
    outer loop
      vertex -4.78907 32.1905 -5.72205e-07
      vertex -4.84444 32.148 6.6
      vertex -4.78907 32.1905 6.6
    endloop
  endfacet
  facet normal -0.60888 0.793263 0
    outer loop
      vertex -4.84444 32.148 6.6
      vertex -4.78907 32.1905 -5.72205e-07
      vertex -4.84444 32.148 -5.72205e-07
    endloop
  endfacet
  facet normal -0.88697 0.461826 0
    outer loop
      vertex -4.61048 32.4033 -5.72205e-07
      vertex -4.57825 32.4652 6.6
      vertex -4.57825 32.4652 -5.72205e-07
    endloop
  endfacet
  facet normal -0.88697 0.461826 0
    outer loop
      vertex -4.57825 32.4652 6.6
      vertex -4.61048 32.4033 -5.72205e-07
      vertex -4.61048 32.4033 6.6
    endloop
  endfacet
  facet normal -0.73757 -0.675271 0
    outer loop
      vertex -4.69046 33.3175 -5.72205e-07
      vertex -4.73761 33.369 6.6
      vertex -4.73761 33.369 -5.72205e-07
    endloop
  endfacet
  facet normal -0.73757 -0.675271 0
    outer loop
      vertex -4.73761 33.369 6.6
      vertex -4.69046 33.3175 -5.72205e-07
      vertex -4.69046 33.3175 6.6
    endloop
  endfacet
  facet normal -0.675166 -0.737666 0
    outer loop
      vertex -4.78907 33.4161 -5.72205e-07
      vertex -4.73761 33.369 6.6
      vertex -4.78907 33.4161 6.6
    endloop
  endfacet
  facet normal -0.675166 -0.737666 -0
    outer loop
      vertex -4.73761 33.369 6.6
      vertex -4.78907 33.4161 -5.72205e-07
      vertex -4.73761 33.369 -5.72205e-07
    endloop
  endfacet
  facet normal -0.843544 -0.537061 0
    outer loop
      vertex -4.61048 33.2033 -5.72205e-07
      vertex -4.64798 33.2622 6.6
      vertex -4.64798 33.2622 -5.72205e-07
    endloop
  endfacet
  facet normal -0.843544 -0.537061 0
    outer loop
      vertex -4.64798 33.2622 6.6
      vertex -4.61048 33.2033 -5.72205e-07
      vertex -4.61048 33.2033 6.6
    endloop
  endfacet
  facet normal 0.53732 -0.843378 0
    outer loop
      vertex -5.76216 33.4586 -5.72205e-07
      vertex -5.7033 33.4961 6.6
      vertex -5.76216 33.4586 6.6
    endloop
  endfacet
  facet normal 0.53732 -0.843378 0
    outer loop
      vertex -5.7033 33.4961 6.6
      vertex -5.76216 33.4586 -5.72205e-07
      vertex -5.7033 33.4961 -5.72205e-07
    endloop
  endfacet
  facet normal 0.131788 0.991278 -0
    outer loop
      vertex -5.37302 32.0063 -5.72205e-07
      vertex -5.44222 32.0155 6.6
      vertex -5.37302 32.0063 6.6
    endloop
  endfacet
  facet normal 0.131788 0.991278 0
    outer loop
      vertex -5.44222 32.0155 6.6
      vertex -5.37302 32.0063 -5.72205e-07
      vertex -5.44222 32.0155 -5.72205e-07
    endloop
  endfacet
  facet normal 0.99905 -0.0435741 0
    outer loop
      vertex -6.1033 32.8033 6.6
      vertex -6.10026 32.873 -5.72205e-07
      vertex -6.10026 32.873 6.6
    endloop
  endfacet
  facet normal 0.99905 -0.0435741 0
    outer loop
      vertex -6.10026 32.873 -5.72205e-07
      vertex -6.1033 32.8033 6.6
      vertex -6.1033 32.8033 -5.72205e-07
    endloop
  endfacet
  facet normal 0.953624 -0.301001 0
    outer loop
      vertex -6.07604 33.0104 6.6
      vertex -6.05505 33.0769 -5.72205e-07
      vertex -6.05505 33.0769 6.6
    endloop
  endfacet
  facet normal 0.953624 -0.301001 0
    outer loop
      vertex -6.05505 33.0769 -5.72205e-07
      vertex -6.07604 33.0104 6.6
      vertex -6.07604 33.0104 -5.72205e-07
    endloop
  endfacet
  facet normal 0.383852 0.923394 -0
    outer loop
      vertex -5.57692 32.0515 -5.72205e-07
      vertex -5.64139 32.0783 6.6
      vertex -5.57692 32.0515 6.6
    endloop
  endfacet
  facet normal 0.383852 0.923394 0
    outer loop
      vertex -5.64139 32.0783 6.6
      vertex -5.57692 32.0515 -5.72205e-07
      vertex -5.64139 32.0783 -5.72205e-07
    endloop
  endfacet
  facet normal 0.461429 -0.887177 0
    outer loop
      vertex -5.7033 33.4961 -5.72205e-07
      vertex -5.64139 33.5283 6.6
      vertex -5.7033 33.4961 6.6
    endloop
  endfacet
  facet normal 0.461429 -0.887177 0
    outer loop
      vertex -5.64139 33.5283 6.6
      vertex -5.7033 33.4961 -5.72205e-07
      vertex -5.64139 33.5283 -5.72205e-07
    endloop
  endfacet
  facet normal 0.843544 0.537061 0
    outer loop
      vertex -5.95862 32.3444 6.6
      vertex -5.99612 32.4033 -5.72205e-07
      vertex -5.99612 32.4033 6.6
    endloop
  endfacet
  facet normal 0.843544 0.537061 0
    outer loop
      vertex -5.99612 32.4033 -5.72205e-07
      vertex -5.95862 32.3444 6.6
      vertex -5.95862 32.3444 -5.72205e-07
    endloop
  endfacet
  facet normal 0.53732 0.843378 -0
    outer loop
      vertex -5.7033 32.1105 -5.72205e-07
      vertex -5.76216 32.148 6.6
      vertex -5.7033 32.1105 6.6
    endloop
  endfacet
  facet normal 0.53732 0.843378 0
    outer loop
      vertex -5.76216 32.148 6.6
      vertex -5.7033 32.1105 -5.72205e-07
      vertex -5.76216 32.148 -5.72205e-07
    endloop
  endfacet
  facet normal 0.976325 -0.216309 0
    outer loop
      vertex -6.09115 22.3356 6.6
      vertex -6.07604 22.4038 -5.72205e-07
      vertex -6.07604 22.4038 6.6
    endloop
  endfacet
  facet normal 0.976325 -0.216309 0
    outer loop
      vertex -6.07604 22.4038 -5.72205e-07
      vertex -6.09115 22.3356 6.6
      vertex -6.09115 22.3356 -5.72205e-07
    endloop
  endfacet
  facet normal -0.991446 -0.130521 0
    outer loop
      vertex -4.50634 22.2664 -5.72205e-07
      vertex -4.51545 22.3356 6.6
      vertex -4.51545 22.3356 -5.72205e-07
    endloop
  endfacet
  facet normal -0.991446 -0.130521 0
    outer loop
      vertex -4.51545 22.3356 6.6
      vertex -4.50634 22.2664 -5.72205e-07
      vertex -4.50634 22.2664 6.6
    endloop
  endfacet
  facet normal -0.99905 -0.0435741 0
    outer loop
      vertex -4.5033 22.1967 -5.72205e-07
      vertex -4.50634 22.2664 6.6
      vertex -4.50634 22.2664 -5.72205e-07
    endloop
  endfacet
  facet normal -0.99905 -0.0435741 0
    outer loop
      vertex -4.50634 22.2664 6.6
      vertex -4.5033 22.1967 -5.72205e-07
      vertex -4.5033 22.1967 6.6
    endloop
  endfacet
  facet normal -0.976325 -0.216309 0
    outer loop
      vertex -4.51545 22.3356 -5.72205e-07
      vertex -4.53056 22.4038 6.6
      vertex -4.53056 22.4038 -5.72205e-07
    endloop
  endfacet
  facet normal -0.976325 -0.216309 0
    outer loop
      vertex -4.53056 22.4038 6.6
      vertex -4.51545 22.3356 -5.72205e-07
      vertex -4.51545 22.3356 6.6
    endloop
  endfacet
  facet normal -0.793029 -0.609184 0
    outer loop
      vertex -4.64798 22.6556 -5.72205e-07
      vertex -4.69046 22.7109 6.6
      vertex -4.69046 22.7109 -5.72205e-07
    endloop
  endfacet
  facet normal -0.793029 -0.609184 0
    outer loop
      vertex -4.69046 22.7109 6.6
      vertex -4.64798 22.6556 -5.72205e-07
      vertex -4.64798 22.6556 6.6
    endloop
  endfacet
  facet normal 0.299581 0.954071 -0
    outer loop
      vertex -5.51036 21.424 -5.72205e-07
      vertex -5.57692 21.4449 6.6
      vertex -5.51036 21.424 6.6
    endloop
  endfacet
  facet normal 0.299581 0.954071 0
    outer loop
      vertex -5.57692 21.4449 6.6
      vertex -5.51036 21.424 -5.72205e-07
      vertex -5.57692 21.4449 -5.72205e-07
    endloop
  endfacet
  facet normal -0.88697 0.461826 0
    outer loop
      vertex -4.61048 21.7967 -5.72205e-07
      vertex -4.57825 21.8586 6.6
      vertex -4.57825 21.8586 -5.72205e-07
    endloop
  endfacet
  facet normal -0.88697 0.461826 0
    outer loop
      vertex -4.57825 21.8586 6.6
      vertex -4.61048 21.7967 -5.72205e-07
      vertex -4.61048 21.7967 6.6
    endloop
  endfacet
  facet normal -0.675166 -0.737666 0
    outer loop
      vertex -4.78907 22.8095 -5.72205e-07
      vertex -4.73761 22.7624 6.6
      vertex -4.78907 22.8095 6.6
    endloop
  endfacet
  facet normal -0.675166 -0.737666 -0
    outer loop
      vertex -4.73761 22.7624 6.6
      vertex -4.78907 22.8095 -5.72205e-07
      vertex -4.73761 22.7624 -5.72205e-07
    endloop
  endfacet
  facet normal 0.216354 -0.976315 0
    outer loop
      vertex -5.51036 22.9694 -5.72205e-07
      vertex -5.44222 22.9845 6.6
      vertex -5.51036 22.9694 6.6
    endloop
  endfacet
  facet normal 0.216354 -0.976315 0
    outer loop
      vertex -5.44222 22.9845 6.6
      vertex -5.51036 22.9694 -5.72205e-07
      vertex -5.44222 22.9845 -5.72205e-07
    endloop
  endfacet
  facet normal -0.793029 0.609184 0
    outer loop
      vertex -4.69046 21.6825 -5.72205e-07
      vertex -4.64798 21.7378 6.6
      vertex -4.64798 21.7378 -5.72205e-07
    endloop
  endfacet
  facet normal -0.793029 0.609184 0
    outer loop
      vertex -4.64798 21.7378 6.6
      vertex -4.69046 21.6825 -5.72205e-07
      vertex -4.69046 21.6825 6.6
    endloop
  endfacet
  facet normal -0.88697 -0.461826 0
    outer loop
      vertex -4.57825 22.5348 -5.72205e-07
      vertex -4.61048 22.5967 6.6
      vertex -4.61048 22.5967 -5.72205e-07
    endloop
  endfacet
  facet normal -0.88697 -0.461826 0
    outer loop
      vertex -4.61048 22.5967 6.6
      vertex -4.57825 22.5348 -5.72205e-07
      vertex -4.57825 22.5348 6.6
    endloop
  endfacet
  facet normal 0.383852 -0.923394 0
    outer loop
      vertex -5.64139 22.9217 -5.72205e-07
      vertex -5.57692 22.9485 6.6
      vertex -5.64139 22.9217 6.6
    endloop
  endfacet
  facet normal 0.383852 -0.923394 0
    outer loop
      vertex -5.57692 22.9485 6.6
      vertex -5.64139 22.9217 -5.72205e-07
      vertex -5.57692 22.9485 -5.72205e-07
    endloop
  endfacet
  facet normal -0.73757 0.675271 0
    outer loop
      vertex -4.73761 21.631 -5.72205e-07
      vertex -4.69046 21.6825 6.6
      vertex -4.69046 21.6825 -5.72205e-07
    endloop
  endfacet
  facet normal -0.73757 0.675271 0
    outer loop
      vertex -4.69046 21.6825 6.6
      vertex -4.73761 21.631 -5.72205e-07
      vertex -4.73761 21.631 6.6
    endloop
  endfacet
  facet normal 0.793029 0.609184 0
    outer loop
      vertex -5.91614 21.6825 6.6
      vertex -5.95862 21.7378 -5.72205e-07
      vertex -5.95862 21.7378 6.6
    endloop
  endfacet
  facet normal 0.793029 0.609184 0
    outer loop
      vertex -5.95862 21.7378 -5.72205e-07
      vertex -5.91614 21.6825 6.6
      vertex -5.91614 21.6825 -5.72205e-07
    endloop
  endfacet
  facet normal -0.953624 -0.301001 0
    outer loop
      vertex -4.53056 22.4038 -5.72205e-07
      vertex -4.55155 22.4703 6.6
      vertex -4.55155 22.4703 -5.72205e-07
    endloop
  endfacet
  facet normal -0.953624 -0.301001 0
    outer loop
      vertex -4.55155 22.4703 6.6
      vertex -4.53056 22.4038 -5.72205e-07
      vertex -4.53056 22.4038 6.6
    endloop
  endfacet
  facet normal -0.299581 0.954071 0
    outer loop
      vertex -5.02968 21.4449 -5.72205e-07
      vertex -5.09624 21.424 6.6
      vertex -5.02968 21.4449 6.6
    endloop
  endfacet
  facet normal -0.299581 0.954071 0
    outer loop
      vertex -5.09624 21.424 6.6
      vertex -5.02968 21.4449 -5.72205e-07
      vertex -5.09624 21.424 -5.72205e-07
    endloop
  endfacet
  facet normal -0.60888 -0.793263 0
    outer loop
      vertex -4.84444 22.852 -5.72205e-07
      vertex -4.78907 22.8095 6.6
      vertex -4.84444 22.852 6.6
    endloop
  endfacet
  facet normal -0.60888 -0.793263 -0
    outer loop
      vertex -4.78907 22.8095 6.6
      vertex -4.84444 22.852 -5.72205e-07
      vertex -4.78907 22.8095 -5.72205e-07
    endloop
  endfacet
  facet normal -0.923964 0.382478 0
    outer loop
      vertex -4.57825 21.8586 -5.72205e-07
      vertex -4.55155 21.9231 6.6
      vertex -4.55155 21.9231 -5.72205e-07
    endloop
  endfacet
  facet normal -0.923964 0.382478 0
    outer loop
      vertex -4.55155 21.9231 6.6
      vertex -4.57825 21.8586 -5.72205e-07
      vertex -4.57825 21.8586 6.6
    endloop
  endfacet
  facet normal 0.843544 -0.537061 0
    outer loop
      vertex -5.99612 22.5967 6.6
      vertex -5.95862 22.6556 -5.72205e-07
      vertex -5.95862 22.6556 6.6
    endloop
  endfacet
  facet normal 0.843544 -0.537061 0
    outer loop
      vertex -5.95862 22.6556 -5.72205e-07
      vertex -5.99612 22.5967 6.6
      vertex -5.99612 22.5967 -5.72205e-07
    endloop
  endfacet
  facet normal 0.88697 0.461826 0
    outer loop
      vertex -5.99612 21.7967 6.6
      vertex -6.02835 21.8586 -5.72205e-07
      vertex -6.02835 21.8586 6.6
    endloop
  endfacet
  facet normal 0.88697 0.461826 0
    outer loop
      vertex -6.02835 21.8586 -5.72205e-07
      vertex -5.99612 21.7967 6.6
      vertex -5.99612 21.7967 -5.72205e-07
    endloop
  endfacet
  facet normal 0.953624 -0.301001 0
    outer loop
      vertex -6.07604 22.4038 6.6
      vertex -6.05505 22.4703 -5.72205e-07
      vertex -6.05505 22.4703 6.6
    endloop
  endfacet
  facet normal 0.953624 -0.301001 0
    outer loop
      vertex -6.05505 22.4703 -5.72205e-07
      vertex -6.07604 22.4038 6.6
      vertex -6.07604 22.4038 -5.72205e-07
    endloop
  endfacet
  facet normal -0.383852 0.923394 0
    outer loop
      vertex -4.96521 21.4717 -5.72205e-07
      vertex -5.02968 21.4449 6.6
      vertex -4.96521 21.4717 6.6
    endloop
  endfacet
  facet normal -0.383852 0.923394 0
    outer loop
      vertex -5.02968 21.4449 6.6
      vertex -4.96521 21.4717 -5.72205e-07
      vertex -5.02968 21.4449 -5.72205e-07
    endloop
  endfacet
  facet normal -0.0429895 -0.999076 0
    outer loop
      vertex -5.3033 22.9967 -5.72205e-07
      vertex -5.23358 22.9937 6.6
      vertex -5.3033 22.9967 6.6
    endloop
  endfacet
  facet normal -0.0429895 -0.999076 -0
    outer loop
      vertex -5.23358 22.9937 6.6
      vertex -5.3033 22.9967 -5.72205e-07
      vertex -5.23358 22.9937 -5.72205e-07
    endloop
  endfacet
  facet normal -0.383852 -0.923394 0
    outer loop
      vertex -5.02968 22.9485 -5.72205e-07
      vertex -4.96521 22.9217 6.6
      vertex -5.02968 22.9485 6.6
    endloop
  endfacet
  facet normal -0.383852 -0.923394 -0
    outer loop
      vertex -4.96521 22.9217 6.6
      vertex -5.02968 22.9485 -5.72205e-07
      vertex -4.96521 22.9217 -5.72205e-07
    endloop
  endfacet
  facet normal -0.99905 0.0435741 0
    outer loop
      vertex -4.50634 22.127 -5.72205e-07
      vertex -4.5033 22.1967 6.6
      vertex -4.5033 22.1967 -5.72205e-07
    endloop
  endfacet
  facet normal -0.99905 0.0435741 0
    outer loop
      vertex -4.5033 22.1967 6.6
      vertex -4.50634 22.127 -5.72205e-07
      vertex -4.50634 22.127 6.6
    endloop
  endfacet
  facet normal -0.299581 -0.954071 0
    outer loop
      vertex -5.09624 22.9694 -5.72205e-07
      vertex -5.02968 22.9485 6.6
      vertex -5.09624 22.9694 6.6
    endloop
  endfacet
  facet normal -0.299581 -0.954071 -0
    outer loop
      vertex -5.02968 22.9485 6.6
      vertex -5.09624 22.9694 -5.72205e-07
      vertex -5.02968 22.9485 -5.72205e-07
    endloop
  endfacet
  facet normal -0.923964 -0.382478 0
    outer loop
      vertex -4.55155 22.4703 -5.72205e-07
      vertex -4.57825 22.5348 6.6
      vertex -4.57825 22.5348 -5.72205e-07
    endloop
  endfacet
  facet normal -0.923964 -0.382478 0
    outer loop
      vertex -4.57825 22.5348 6.6
      vertex -4.55155 22.4703 -5.72205e-07
      vertex -4.55155 22.4703 6.6
    endloop
  endfacet
  facet normal -0.60888 0.793263 0
    outer loop
      vertex -4.78907 21.5839 -5.72205e-07
      vertex -4.84444 21.5414 6.6
      vertex -4.78907 21.5839 6.6
    endloop
  endfacet
  facet normal -0.60888 0.793263 0
    outer loop
      vertex -4.84444 21.5414 6.6
      vertex -4.78907 21.5839 -5.72205e-07
      vertex -4.84444 21.5414 -5.72205e-07
    endloop
  endfacet
  facet normal 0.73757 0.675271 0
    outer loop
      vertex -5.86899 21.631 6.6
      vertex -5.91614 21.6825 -5.72205e-07
      vertex -5.91614 21.6825 6.6
    endloop
  endfacet
  facet normal 0.73757 0.675271 0
    outer loop
      vertex -5.91614 21.6825 -5.72205e-07
      vertex -5.86899 21.631 6.6
      vertex -5.86899 21.631 -5.72205e-07
    endloop
  endfacet
  facet normal -0.843544 0.537061 0
    outer loop
      vertex -4.64798 21.7378 -5.72205e-07
      vertex -4.61048 21.7967 6.6
      vertex -4.61048 21.7967 -5.72205e-07
    endloop
  endfacet
  facet normal -0.843544 0.537061 0
    outer loop
      vertex -4.61048 21.7967 6.6
      vertex -4.64798 21.7378 -5.72205e-07
      vertex -4.64798 21.7378 6.6
    endloop
  endfacet
  facet normal -0.53732 0.843378 0
    outer loop
      vertex -4.84444 21.5414 -5.72205e-07
      vertex -4.9033 21.5039 6.6
      vertex -4.84444 21.5414 6.6
    endloop
  endfacet
  facet normal -0.53732 0.843378 0
    outer loop
      vertex -4.9033 21.5039 6.6
      vertex -4.84444 21.5414 -5.72205e-07
      vertex -4.9033 21.5039 -5.72205e-07
    endloop
  endfacet
  facet normal 0.60888 -0.793263 0
    outer loop
      vertex -5.81753 22.8095 -5.72205e-07
      vertex -5.76216 22.852 6.6
      vertex -5.81753 22.8095 6.6
    endloop
  endfacet
  facet normal 0.60888 -0.793263 0
    outer loop
      vertex -5.76216 22.852 6.6
      vertex -5.81753 22.8095 -5.72205e-07
      vertex -5.76216 22.852 -5.72205e-07
    endloop
  endfacet
  facet normal 0.923964 0.382478 0
    outer loop
      vertex -6.02835 21.8586 6.6
      vertex -6.05505 21.9231 -5.72205e-07
      vertex -6.05505 21.9231 6.6
    endloop
  endfacet
  facet normal 0.923964 0.382478 0
    outer loop
      vertex -6.05505 21.9231 -5.72205e-07
      vertex -6.02835 21.8586 6.6
      vertex -6.02835 21.8586 -5.72205e-07
    endloop
  endfacet
  facet normal 0.843544 0.537061 0
    outer loop
      vertex -5.95862 21.7378 6.6
      vertex -5.99612 21.7967 -5.72205e-07
      vertex -5.99612 21.7967 6.6
    endloop
  endfacet
  facet normal 0.843544 0.537061 0
    outer loop
      vertex -5.99612 21.7967 -5.72205e-07
      vertex -5.95862 21.7378 6.6
      vertex -5.95862 21.7378 -5.72205e-07
    endloop
  endfacet
  facet normal -0.675166 0.737666 0
    outer loop
      vertex -4.73761 21.631 -5.72205e-07
      vertex -4.78907 21.5839 6.6
      vertex -4.73761 21.631 6.6
    endloop
  endfacet
  facet normal -0.675166 0.737666 0
    outer loop
      vertex -4.78907 21.5839 6.6
      vertex -4.73761 21.631 -5.72205e-07
      vertex -4.78907 21.5839 -5.72205e-07
    endloop
  endfacet
  facet normal 0.0429895 -0.999076 0
    outer loop
      vertex -5.37302 22.9937 -5.72205e-07
      vertex -5.3033 22.9967 6.6
      vertex -5.37302 22.9937 6.6
    endloop
  endfacet
  facet normal 0.0429895 -0.999076 0
    outer loop
      vertex -5.3033 22.9967 6.6
      vertex -5.37302 22.9937 -5.72205e-07
      vertex -5.3033 22.9967 -5.72205e-07
    endloop
  endfacet
  facet normal 0.299581 -0.954071 0
    outer loop
      vertex -5.57692 22.9485 -5.72205e-07
      vertex -5.51036 22.9694 6.6
      vertex -5.57692 22.9485 6.6
    endloop
  endfacet
  facet normal 0.299581 -0.954071 0
    outer loop
      vertex -5.51036 22.9694 6.6
      vertex -5.57692 22.9485 -5.72205e-07
      vertex -5.51036 22.9694 -5.72205e-07
    endloop
  endfacet
  facet normal -0.991446 0.130521 0
    outer loop
      vertex -4.51545 22.0578 -5.72205e-07
      vertex -4.50634 22.127 6.6
      vertex -4.50634 22.127 -5.72205e-07
    endloop
  endfacet
  facet normal -0.991446 0.130521 0
    outer loop
      vertex -4.50634 22.127 6.6
      vertex -4.51545 22.0578 -5.72205e-07
      vertex -4.51545 22.0578 6.6
    endloop
  endfacet
  facet normal -0.216354 0.976315 0
    outer loop
      vertex -5.09624 21.424 -5.72205e-07
      vertex -5.16438 21.4089 6.6
      vertex -5.09624 21.424 6.6
    endloop
  endfacet
  facet normal -0.216354 0.976315 0
    outer loop
      vertex -5.16438 21.4089 6.6
      vertex -5.09624 21.424 -5.72205e-07
      vertex -5.16438 21.4089 -5.72205e-07
    endloop
  endfacet
  facet normal -0.976325 0.216309 0
    outer loop
      vertex -4.53056 21.9896 -5.72205e-07
      vertex -4.51545 22.0578 6.6
      vertex -4.51545 22.0578 -5.72205e-07
    endloop
  endfacet
  facet normal -0.976325 0.216309 0
    outer loop
      vertex -4.51545 22.0578 6.6
      vertex -4.53056 21.9896 -5.72205e-07
      vertex -4.53056 21.9896 6.6
    endloop
  endfacet
  facet normal 0.99905 0.0435741 0
    outer loop
      vertex -6.10026 22.127 6.6
      vertex -6.1033 22.1967 -5.72205e-07
      vertex -6.1033 22.1967 6.6
    endloop
  endfacet
  facet normal 0.99905 0.0435741 0
    outer loop
      vertex -6.1033 22.1967 -5.72205e-07
      vertex -6.10026 22.127 6.6
      vertex -6.10026 22.127 -5.72205e-07
    endloop
  endfacet
  facet normal -0.73757 -0.675271 0
    outer loop
      vertex -4.69046 22.7109 -5.72205e-07
      vertex -4.73761 22.7624 6.6
      vertex -4.73761 22.7624 -5.72205e-07
    endloop
  endfacet
  facet normal -0.73757 -0.675271 0
    outer loop
      vertex -4.73761 22.7624 6.6
      vertex -4.69046 22.7109 -5.72205e-07
      vertex -4.69046 22.7109 6.6
    endloop
  endfacet
  facet normal -0.131788 -0.991278 0
    outer loop
      vertex -5.23358 22.9937 -5.72205e-07
      vertex -5.16438 22.9845 6.6
      vertex -5.23358 22.9937 6.6
    endloop
  endfacet
  facet normal -0.131788 -0.991278 -0
    outer loop
      vertex -5.16438 22.9845 6.6
      vertex -5.23358 22.9937 -5.72205e-07
      vertex -5.16438 22.9845 -5.72205e-07
    endloop
  endfacet
  facet normal 0.991446 0.130521 0
    outer loop
      vertex -6.09115 22.0578 6.6
      vertex -6.10026 22.127 -5.72205e-07
      vertex -6.10026 22.127 6.6
    endloop
  endfacet
  facet normal 0.991446 0.130521 0
    outer loop
      vertex -6.10026 22.127 -5.72205e-07
      vertex -6.09115 22.0578 6.6
      vertex -6.09115 22.0578 -5.72205e-07
    endloop
  endfacet
  facet normal 0.131788 -0.991278 0
    outer loop
      vertex -5.44222 22.9845 -5.72205e-07
      vertex -5.37302 22.9937 6.6
      vertex -5.44222 22.9845 6.6
    endloop
  endfacet
  facet normal 0.131788 -0.991278 0
    outer loop
      vertex -5.37302 22.9937 6.6
      vertex -5.44222 22.9845 -5.72205e-07
      vertex -5.37302 22.9937 -5.72205e-07
    endloop
  endfacet
  facet normal 0.461429 -0.887177 0
    outer loop
      vertex -5.7033 22.8895 -5.72205e-07
      vertex -5.64139 22.9217 6.6
      vertex -5.7033 22.8895 6.6
    endloop
  endfacet
  facet normal 0.461429 -0.887177 0
    outer loop
      vertex -5.64139 22.9217 6.6
      vertex -5.7033 22.8895 -5.72205e-07
      vertex -5.64139 22.9217 -5.72205e-07
    endloop
  endfacet
  facet normal -0.843544 -0.537061 0
    outer loop
      vertex -4.61048 22.5967 -5.72205e-07
      vertex -4.64798 22.6556 6.6
      vertex -4.64798 22.6556 -5.72205e-07
    endloop
  endfacet
  facet normal -0.843544 -0.537061 0
    outer loop
      vertex -4.64798 22.6556 6.6
      vertex -4.61048 22.5967 -5.72205e-07
      vertex -4.61048 22.5967 6.6
    endloop
  endfacet
  facet normal 0.99905 -0.0435741 0
    outer loop
      vertex -6.1033 22.1967 6.6
      vertex -6.10026 22.2664 -5.72205e-07
      vertex -6.10026 22.2664 6.6
    endloop
  endfacet
  facet normal 0.99905 -0.0435741 0
    outer loop
      vertex -6.10026 22.2664 -5.72205e-07
      vertex -6.1033 22.1967 6.6
      vertex -6.1033 22.1967 -5.72205e-07
    endloop
  endfacet
  facet normal 0.675166 -0.737666 0
    outer loop
      vertex -5.86899 22.7624 -5.72205e-07
      vertex -5.81753 22.8095 6.6
      vertex -5.86899 22.7624 6.6
    endloop
  endfacet
  facet normal 0.675166 -0.737666 0
    outer loop
      vertex -5.81753 22.8095 6.6
      vertex -5.86899 22.7624 -5.72205e-07
      vertex -5.81753 22.8095 -5.72205e-07
    endloop
  endfacet
  facet normal 0.53732 -0.843378 0
    outer loop
      vertex -5.76216 22.852 -5.72205e-07
      vertex -5.7033 22.8895 6.6
      vertex -5.76216 22.852 6.6
    endloop
  endfacet
  facet normal 0.53732 -0.843378 0
    outer loop
      vertex -5.7033 22.8895 6.6
      vertex -5.76216 22.852 -5.72205e-07
      vertex -5.7033 22.8895 -5.72205e-07
    endloop
  endfacet
  facet normal 0.953624 0.301001 0
    outer loop
      vertex -6.05505 21.9231 6.6
      vertex -6.07604 21.9896 -5.72205e-07
      vertex -6.07604 21.9896 6.6
    endloop
  endfacet
  facet normal 0.953624 0.301001 0
    outer loop
      vertex -6.07604 21.9896 -5.72205e-07
      vertex -6.05505 21.9231 6.6
      vertex -6.05505 21.9231 -5.72205e-07
    endloop
  endfacet
  facet normal 0.976325 0.216309 0
    outer loop
      vertex -6.07604 21.9896 6.6
      vertex -6.09115 22.0578 -5.72205e-07
      vertex -6.09115 22.0578 6.6
    endloop
  endfacet
  facet normal 0.976325 0.216309 0
    outer loop
      vertex -6.09115 22.0578 -5.72205e-07
      vertex -6.07604 21.9896 6.6
      vertex -6.07604 21.9896 -5.72205e-07
    endloop
  endfacet
  facet normal -0.0429895 0.999076 0
    outer loop
      vertex -5.23358 21.3997 -5.72205e-07
      vertex -5.3033 21.3967 6.6
      vertex -5.23358 21.3997 6.6
    endloop
  endfacet
  facet normal -0.0429895 0.999076 0
    outer loop
      vertex -5.3033 21.3967 6.6
      vertex -5.23358 21.3997 -5.72205e-07
      vertex -5.3033 21.3967 -5.72205e-07
    endloop
  endfacet
  facet normal -0.131788 0.991278 0
    outer loop
      vertex -5.16438 21.4089 -5.72205e-07
      vertex -5.23358 21.3997 6.6
      vertex -5.16438 21.4089 6.6
    endloop
  endfacet
  facet normal -0.131788 0.991278 0
    outer loop
      vertex -5.23358 21.3997 6.6
      vertex -5.16438 21.4089 -5.72205e-07
      vertex -5.23358 21.3997 -5.72205e-07
    endloop
  endfacet
  facet normal -0.53732 -0.843378 0
    outer loop
      vertex -4.9033 22.8895 -5.72205e-07
      vertex -4.84444 22.852 6.6
      vertex -4.9033 22.8895 6.6
    endloop
  endfacet
  facet normal -0.53732 -0.843378 -0
    outer loop
      vertex -4.84444 22.852 6.6
      vertex -4.9033 22.8895 -5.72205e-07
      vertex -4.84444 22.852 -5.72205e-07
    endloop
  endfacet
  facet normal -0.953624 0.301001 0
    outer loop
      vertex -4.55155 21.9231 -5.72205e-07
      vertex -4.53056 21.9896 6.6
      vertex -4.53056 21.9896 -5.72205e-07
    endloop
  endfacet
  facet normal -0.953624 0.301001 0
    outer loop
      vertex -4.53056 21.9896 6.6
      vertex -4.55155 21.9231 -5.72205e-07
      vertex -4.55155 21.9231 6.6
    endloop
  endfacet
  facet normal -0.461429 -0.887177 0
    outer loop
      vertex -4.96521 22.9217 -5.72205e-07
      vertex -4.9033 22.8895 6.6
      vertex -4.96521 22.9217 6.6
    endloop
  endfacet
  facet normal -0.461429 -0.887177 -0
    outer loop
      vertex -4.9033 22.8895 6.6
      vertex -4.96521 22.9217 -5.72205e-07
      vertex -4.9033 22.8895 -5.72205e-07
    endloop
  endfacet
  facet normal 0.88697 -0.461826 0
    outer loop
      vertex -6.02835 22.5348 6.6
      vertex -5.99612 22.5967 -5.72205e-07
      vertex -5.99612 22.5967 6.6
    endloop
  endfacet
  facet normal 0.88697 -0.461826 0
    outer loop
      vertex -5.99612 22.5967 -5.72205e-07
      vertex -6.02835 22.5348 6.6
      vertex -6.02835 22.5348 -5.72205e-07
    endloop
  endfacet
  facet normal -0.216354 -0.976315 0
    outer loop
      vertex -5.16438 22.9845 -5.72205e-07
      vertex -5.09624 22.9694 6.6
      vertex -5.16438 22.9845 6.6
    endloop
  endfacet
  facet normal -0.216354 -0.976315 -0
    outer loop
      vertex -5.09624 22.9694 6.6
      vertex -5.16438 22.9845 -5.72205e-07
      vertex -5.09624 22.9694 -5.72205e-07
    endloop
  endfacet
  facet normal 0.383852 0.923394 -0
    outer loop
      vertex -5.57692 21.4449 -5.72205e-07
      vertex -5.64139 21.4717 6.6
      vertex -5.57692 21.4449 6.6
    endloop
  endfacet
  facet normal 0.383852 0.923394 0
    outer loop
      vertex -5.64139 21.4717 6.6
      vertex -5.57692 21.4449 -5.72205e-07
      vertex -5.64139 21.4717 -5.72205e-07
    endloop
  endfacet
  facet normal 0.216354 0.976315 -0
    outer loop
      vertex -5.44222 21.4089 -5.72205e-07
      vertex -5.51036 21.424 6.6
      vertex -5.44222 21.4089 6.6
    endloop
  endfacet
  facet normal 0.216354 0.976315 0
    outer loop
      vertex -5.51036 21.424 6.6
      vertex -5.44222 21.4089 -5.72205e-07
      vertex -5.51036 21.424 -5.72205e-07
    endloop
  endfacet
  facet normal 0.923964 -0.382478 0
    outer loop
      vertex -6.05505 22.4703 6.6
      vertex -6.02835 22.5348 -5.72205e-07
      vertex -6.02835 22.5348 6.6
    endloop
  endfacet
  facet normal 0.923964 -0.382478 0
    outer loop
      vertex -6.02835 22.5348 -5.72205e-07
      vertex -6.05505 22.4703 6.6
      vertex -6.05505 22.4703 -5.72205e-07
    endloop
  endfacet
  facet normal 0.991446 -0.130521 0
    outer loop
      vertex -6.10026 22.2664 6.6
      vertex -6.09115 22.3356 -5.72205e-07
      vertex -6.09115 22.3356 6.6
    endloop
  endfacet
  facet normal 0.991446 -0.130521 0
    outer loop
      vertex -6.09115 22.3356 -5.72205e-07
      vertex -6.10026 22.2664 6.6
      vertex -6.10026 22.2664 -5.72205e-07
    endloop
  endfacet
  facet normal -0.461429 0.887177 0
    outer loop
      vertex -4.9033 21.5039 -5.72205e-07
      vertex -4.96521 21.4717 6.6
      vertex -4.9033 21.5039 6.6
    endloop
  endfacet
  facet normal -0.461429 0.887177 0
    outer loop
      vertex -4.96521 21.4717 6.6
      vertex -4.9033 21.5039 -5.72205e-07
      vertex -4.96521 21.4717 -5.72205e-07
    endloop
  endfacet
  facet normal 0.73757 -0.675271 0
    outer loop
      vertex -5.91614 22.7109 6.6
      vertex -5.86899 22.7624 -5.72205e-07
      vertex -5.86899 22.7624 6.6
    endloop
  endfacet
  facet normal 0.73757 -0.675271 0
    outer loop
      vertex -5.86899 22.7624 -5.72205e-07
      vertex -5.91614 22.7109 6.6
      vertex -5.91614 22.7109 -5.72205e-07
    endloop
  endfacet
  facet normal 0.461429 0.887177 -0
    outer loop
      vertex -5.64139 21.4717 -5.72205e-07
      vertex -5.7033 21.5039 6.6
      vertex -5.64139 21.4717 6.6
    endloop
  endfacet
  facet normal 0.461429 0.887177 0
    outer loop
      vertex -5.7033 21.5039 6.6
      vertex -5.64139 21.4717 -5.72205e-07
      vertex -5.7033 21.5039 -5.72205e-07
    endloop
  endfacet
  facet normal 0.53732 0.843378 -0
    outer loop
      vertex -5.7033 21.5039 -5.72205e-07
      vertex -5.76216 21.5414 6.6
      vertex -5.7033 21.5039 6.6
    endloop
  endfacet
  facet normal 0.53732 0.843378 0
    outer loop
      vertex -5.76216 21.5414 6.6
      vertex -5.7033 21.5039 -5.72205e-07
      vertex -5.76216 21.5414 -5.72205e-07
    endloop
  endfacet
  facet normal 0.131788 0.991278 -0
    outer loop
      vertex -5.37302 21.3997 -5.72205e-07
      vertex -5.44222 21.4089 6.6
      vertex -5.37302 21.3997 6.6
    endloop
  endfacet
  facet normal 0.131788 0.991278 0
    outer loop
      vertex -5.44222 21.4089 6.6
      vertex -5.37302 21.3997 -5.72205e-07
      vertex -5.44222 21.4089 -5.72205e-07
    endloop
  endfacet
  facet normal 0.0429895 0.999076 -0
    outer loop
      vertex -5.3033 21.3967 -5.72205e-07
      vertex -5.37302 21.3997 6.6
      vertex -5.3033 21.3967 6.6
    endloop
  endfacet
  facet normal 0.0429895 0.999076 0
    outer loop
      vertex -5.37302 21.3997 6.6
      vertex -5.3033 21.3967 -5.72205e-07
      vertex -5.37302 21.3997 -5.72205e-07
    endloop
  endfacet
  facet normal 0.793029 -0.609184 0
    outer loop
      vertex -5.95862 22.6556 6.6
      vertex -5.91614 22.7109 -5.72205e-07
      vertex -5.91614 22.7109 6.6
    endloop
  endfacet
  facet normal 0.793029 -0.609184 0
    outer loop
      vertex -5.91614 22.7109 -5.72205e-07
      vertex -5.95862 22.6556 6.6
      vertex -5.95862 22.6556 -5.72205e-07
    endloop
  endfacet
  facet normal 0.60888 0.793263 -0
    outer loop
      vertex -5.76216 21.5414 -5.72205e-07
      vertex -5.81753 21.5839 6.6
      vertex -5.76216 21.5414 6.6
    endloop
  endfacet
  facet normal 0.60888 0.793263 0
    outer loop
      vertex -5.81753 21.5839 6.6
      vertex -5.76216 21.5414 -5.72205e-07
      vertex -5.81753 21.5839 -5.72205e-07
    endloop
  endfacet
  facet normal 0.675166 0.737666 -0
    outer loop
      vertex -5.81753 21.5839 -5.72205e-07
      vertex -5.86899 21.631 6.6
      vertex -5.81753 21.5839 6.6
    endloop
  endfacet
  facet normal 0.675166 0.737666 0
    outer loop
      vertex -5.86899 21.631 6.6
      vertex -5.81753 21.5839 -5.72205e-07
      vertex -5.86899 21.631 -5.72205e-07
    endloop
  endfacet
  facet normal 0.976325 -0.216309 0
    outer loop
      vertex 4.51545 22.3356 6.6
      vertex 4.53056 22.4038 -5.72205e-07
      vertex 4.53056 22.4038 6.6
    endloop
  endfacet
  facet normal 0.976325 -0.216309 0
    outer loop
      vertex 4.53056 22.4038 -5.72205e-07
      vertex 4.51545 22.3356 6.6
      vertex 4.51545 22.3356 -5.72205e-07
    endloop
  endfacet
  facet normal -0.991446 -0.130521 0
    outer loop
      vertex 6.10026 22.2664 -5.72205e-07
      vertex 6.09115 22.3356 6.6
      vertex 6.09115 22.3356 -5.72205e-07
    endloop
  endfacet
  facet normal -0.991446 -0.130521 0
    outer loop
      vertex 6.09115 22.3356 6.6
      vertex 6.10026 22.2664 -5.72205e-07
      vertex 6.10026 22.2664 6.6
    endloop
  endfacet
  facet normal -0.99905 -0.0435741 0
    outer loop
      vertex 6.1033 22.1967 -5.72205e-07
      vertex 6.10026 22.2664 6.6
      vertex 6.10026 22.2664 -5.72205e-07
    endloop
  endfacet
  facet normal -0.99905 -0.0435741 0
    outer loop
      vertex 6.10026 22.2664 6.6
      vertex 6.1033 22.1967 -5.72205e-07
      vertex 6.1033 22.1967 6.6
    endloop
  endfacet
  facet normal -0.976325 -0.216309 0
    outer loop
      vertex 6.09115 22.3356 -5.72205e-07
      vertex 6.07604 22.4038 6.6
      vertex 6.07604 22.4038 -5.72205e-07
    endloop
  endfacet
  facet normal -0.976325 -0.216309 0
    outer loop
      vertex 6.07604 22.4038 6.6
      vertex 6.09115 22.3356 -5.72205e-07
      vertex 6.09115 22.3356 6.6
    endloop
  endfacet
  facet normal -0.793029 -0.609184 0
    outer loop
      vertex 5.95862 22.6556 -5.72205e-07
      vertex 5.91614 22.7109 6.6
      vertex 5.91614 22.7109 -5.72205e-07
    endloop
  endfacet
  facet normal -0.793029 -0.609184 0
    outer loop
      vertex 5.91614 22.7109 6.6
      vertex 5.95862 22.6556 -5.72205e-07
      vertex 5.95862 22.6556 6.6
    endloop
  endfacet
  facet normal 0.299581 0.954071 -0
    outer loop
      vertex 5.09624 21.424 -5.72205e-07
      vertex 5.02968 21.4449 6.6
      vertex 5.09624 21.424 6.6
    endloop
  endfacet
  facet normal 0.299581 0.954071 0
    outer loop
      vertex 5.02968 21.4449 6.6
      vertex 5.09624 21.424 -5.72205e-07
      vertex 5.02968 21.4449 -5.72205e-07
    endloop
  endfacet
  facet normal -0.88697 0.461826 0
    outer loop
      vertex 5.99612 21.7967 -5.72205e-07
      vertex 6.02835 21.8586 6.6
      vertex 6.02835 21.8586 -5.72205e-07
    endloop
  endfacet
  facet normal -0.88697 0.461826 0
    outer loop
      vertex 6.02835 21.8586 6.6
      vertex 5.99612 21.7967 -5.72205e-07
      vertex 5.99612 21.7967 6.6
    endloop
  endfacet
  facet normal -0.675166 -0.737666 0
    outer loop
      vertex 5.81753 22.8095 -5.72205e-07
      vertex 5.86899 22.7624 6.6
      vertex 5.81753 22.8095 6.6
    endloop
  endfacet
  facet normal -0.675166 -0.737666 -0
    outer loop
      vertex 5.86899 22.7624 6.6
      vertex 5.81753 22.8095 -5.72205e-07
      vertex 5.86899 22.7624 -5.72205e-07
    endloop
  endfacet
  facet normal 0.216354 -0.976315 0
    outer loop
      vertex 5.09624 22.9694 -5.72205e-07
      vertex 5.16438 22.9845 6.6
      vertex 5.09624 22.9694 6.6
    endloop
  endfacet
  facet normal 0.216354 -0.976315 0
    outer loop
      vertex 5.16438 22.9845 6.6
      vertex 5.09624 22.9694 -5.72205e-07
      vertex 5.16438 22.9845 -5.72205e-07
    endloop
  endfacet
  facet normal -0.793029 0.609184 0
    outer loop
      vertex 5.91614 21.6825 -5.72205e-07
      vertex 5.95862 21.7378 6.6
      vertex 5.95862 21.7378 -5.72205e-07
    endloop
  endfacet
  facet normal -0.793029 0.609184 0
    outer loop
      vertex 5.95862 21.7378 6.6
      vertex 5.91614 21.6825 -5.72205e-07
      vertex 5.91614 21.6825 6.6
    endloop
  endfacet
  facet normal -0.88697 -0.461826 0
    outer loop
      vertex 6.02835 22.5348 -5.72205e-07
      vertex 5.99612 22.5967 6.6
      vertex 5.99612 22.5967 -5.72205e-07
    endloop
  endfacet
  facet normal -0.88697 -0.461826 0
    outer loop
      vertex 5.99612 22.5967 6.6
      vertex 6.02835 22.5348 -5.72205e-07
      vertex 6.02835 22.5348 6.6
    endloop
  endfacet
  facet normal 0.383852 -0.923394 0
    outer loop
      vertex 4.96521 22.9217 -5.72205e-07
      vertex 5.02968 22.9485 6.6
      vertex 4.96521 22.9217 6.6
    endloop
  endfacet
  facet normal 0.383852 -0.923394 0
    outer loop
      vertex 5.02968 22.9485 6.6
      vertex 4.96521 22.9217 -5.72205e-07
      vertex 5.02968 22.9485 -5.72205e-07
    endloop
  endfacet
  facet normal -0.73757 0.675271 0
    outer loop
      vertex 5.86899 21.631 -5.72205e-07
      vertex 5.91614 21.6825 6.6
      vertex 5.91614 21.6825 -5.72205e-07
    endloop
  endfacet
  facet normal -0.73757 0.675271 0
    outer loop
      vertex 5.91614 21.6825 6.6
      vertex 5.86899 21.631 -5.72205e-07
      vertex 5.86899 21.631 6.6
    endloop
  endfacet
  facet normal 0.793029 0.609184 0
    outer loop
      vertex 4.69046 21.6825 6.6
      vertex 4.64798 21.7378 -5.72205e-07
      vertex 4.64798 21.7378 6.6
    endloop
  endfacet
  facet normal 0.793029 0.609184 0
    outer loop
      vertex 4.64798 21.7378 -5.72205e-07
      vertex 4.69046 21.6825 6.6
      vertex 4.69046 21.6825 -5.72205e-07
    endloop
  endfacet
  facet normal -0.953624 -0.301001 0
    outer loop
      vertex 6.07604 22.4038 -5.72205e-07
      vertex 6.05505 22.4703 6.6
      vertex 6.05505 22.4703 -5.72205e-07
    endloop
  endfacet
  facet normal -0.953624 -0.301001 0
    outer loop
      vertex 6.05505 22.4703 6.6
      vertex 6.07604 22.4038 -5.72205e-07
      vertex 6.07604 22.4038 6.6
    endloop
  endfacet
  facet normal -0.299581 0.954071 0
    outer loop
      vertex 5.57692 21.4449 -5.72205e-07
      vertex 5.51036 21.424 6.6
      vertex 5.57692 21.4449 6.6
    endloop
  endfacet
  facet normal -0.299581 0.954071 0
    outer loop
      vertex 5.51036 21.424 6.6
      vertex 5.57692 21.4449 -5.72205e-07
      vertex 5.51036 21.424 -5.72205e-07
    endloop
  endfacet
  facet normal -0.60888 -0.793263 0
    outer loop
      vertex 5.76216 22.852 -5.72205e-07
      vertex 5.81753 22.8095 6.6
      vertex 5.76216 22.852 6.6
    endloop
  endfacet
  facet normal -0.60888 -0.793263 -0
    outer loop
      vertex 5.81753 22.8095 6.6
      vertex 5.76216 22.852 -5.72205e-07
      vertex 5.81753 22.8095 -5.72205e-07
    endloop
  endfacet
  facet normal -0.923964 0.382478 0
    outer loop
      vertex 6.02835 21.8586 -5.72205e-07
      vertex 6.05505 21.9231 6.6
      vertex 6.05505 21.9231 -5.72205e-07
    endloop
  endfacet
  facet normal -0.923964 0.382478 0
    outer loop
      vertex 6.05505 21.9231 6.6
      vertex 6.02835 21.8586 -5.72205e-07
      vertex 6.02835 21.8586 6.6
    endloop
  endfacet
  facet normal 0.843544 -0.537061 0
    outer loop
      vertex 4.61048 22.5967 6.6
      vertex 4.64798 22.6556 -5.72205e-07
      vertex 4.64798 22.6556 6.6
    endloop
  endfacet
  facet normal 0.843544 -0.537061 0
    outer loop
      vertex 4.64798 22.6556 -5.72205e-07
      vertex 4.61048 22.5967 6.6
      vertex 4.61048 22.5967 -5.72205e-07
    endloop
  endfacet
  facet normal 0.953624 -0.301001 0
    outer loop
      vertex 4.53056 22.4038 6.6
      vertex 4.55155 22.4703 -5.72205e-07
      vertex 4.55155 22.4703 6.6
    endloop
  endfacet
  facet normal 0.953624 -0.301001 0
    outer loop
      vertex 4.55155 22.4703 -5.72205e-07
      vertex 4.53056 22.4038 6.6
      vertex 4.53056 22.4038 -5.72205e-07
    endloop
  endfacet
  facet normal -0.383852 0.923394 0
    outer loop
      vertex 5.64139 21.4717 -5.72205e-07
      vertex 5.57692 21.4449 6.6
      vertex 5.64139 21.4717 6.6
    endloop
  endfacet
  facet normal -0.383852 0.923394 0
    outer loop
      vertex 5.57692 21.4449 6.6
      vertex 5.64139 21.4717 -5.72205e-07
      vertex 5.57692 21.4449 -5.72205e-07
    endloop
  endfacet
  facet normal -0.0429895 -0.999076 0
    outer loop
      vertex 5.3033 22.9967 -5.72205e-07
      vertex 5.37302 22.9937 6.6
      vertex 5.3033 22.9967 6.6
    endloop
  endfacet
  facet normal -0.0429895 -0.999076 -0
    outer loop
      vertex 5.37302 22.9937 6.6
      vertex 5.3033 22.9967 -5.72205e-07
      vertex 5.37302 22.9937 -5.72205e-07
    endloop
  endfacet
  facet normal -0.383852 -0.923394 0
    outer loop
      vertex 5.57692 22.9485 -5.72205e-07
      vertex 5.64139 22.9217 6.6
      vertex 5.57692 22.9485 6.6
    endloop
  endfacet
  facet normal -0.383852 -0.923394 -0
    outer loop
      vertex 5.64139 22.9217 6.6
      vertex 5.57692 22.9485 -5.72205e-07
      vertex 5.64139 22.9217 -5.72205e-07
    endloop
  endfacet
  facet normal -0.99905 0.0435741 0
    outer loop
      vertex 6.10026 22.127 -5.72205e-07
      vertex 6.1033 22.1967 6.6
      vertex 6.1033 22.1967 -5.72205e-07
    endloop
  endfacet
  facet normal -0.99905 0.0435741 0
    outer loop
      vertex 6.1033 22.1967 6.6
      vertex 6.10026 22.127 -5.72205e-07
      vertex 6.10026 22.127 6.6
    endloop
  endfacet
  facet normal -0.299581 -0.954071 0
    outer loop
      vertex 5.51036 22.9694 -5.72205e-07
      vertex 5.57692 22.9485 6.6
      vertex 5.51036 22.9694 6.6
    endloop
  endfacet
  facet normal -0.299581 -0.954071 -0
    outer loop
      vertex 5.57692 22.9485 6.6
      vertex 5.51036 22.9694 -5.72205e-07
      vertex 5.57692 22.9485 -5.72205e-07
    endloop
  endfacet
  facet normal -0.923964 -0.382478 0
    outer loop
      vertex 6.05505 22.4703 -5.72205e-07
      vertex 6.02835 22.5348 6.6
      vertex 6.02835 22.5348 -5.72205e-07
    endloop
  endfacet
  facet normal -0.923964 -0.382478 0
    outer loop
      vertex 6.02835 22.5348 6.6
      vertex 6.05505 22.4703 -5.72205e-07
      vertex 6.05505 22.4703 6.6
    endloop
  endfacet
  facet normal -0.60888 0.793263 0
    outer loop
      vertex 5.81753 21.5839 -5.72205e-07
      vertex 5.76216 21.5414 6.6
      vertex 5.81753 21.5839 6.6
    endloop
  endfacet
  facet normal -0.60888 0.793263 0
    outer loop
      vertex 5.76216 21.5414 6.6
      vertex 5.81753 21.5839 -5.72205e-07
      vertex 5.76216 21.5414 -5.72205e-07
    endloop
  endfacet
  facet normal 0.73757 0.675271 0
    outer loop
      vertex 4.73761 21.631 6.6
      vertex 4.69046 21.6825 -5.72205e-07
      vertex 4.69046 21.6825 6.6
    endloop
  endfacet
  facet normal 0.73757 0.675271 0
    outer loop
      vertex 4.69046 21.6825 -5.72205e-07
      vertex 4.73761 21.631 6.6
      vertex 4.73761 21.631 -5.72205e-07
    endloop
  endfacet
  facet normal -0.843544 0.537061 0
    outer loop
      vertex 5.95862 21.7378 -5.72205e-07
      vertex 5.99612 21.7967 6.6
      vertex 5.99612 21.7967 -5.72205e-07
    endloop
  endfacet
  facet normal -0.843544 0.537061 0
    outer loop
      vertex 5.99612 21.7967 6.6
      vertex 5.95862 21.7378 -5.72205e-07
      vertex 5.95862 21.7378 6.6
    endloop
  endfacet
  facet normal -0.53732 0.843378 0
    outer loop
      vertex 5.76216 21.5414 -5.72205e-07
      vertex 5.7033 21.5039 6.6
      vertex 5.76216 21.5414 6.6
    endloop
  endfacet
  facet normal -0.53732 0.843378 0
    outer loop
      vertex 5.7033 21.5039 6.6
      vertex 5.76216 21.5414 -5.72205e-07
      vertex 5.7033 21.5039 -5.72205e-07
    endloop
  endfacet
  facet normal 0.60888 -0.793263 0
    outer loop
      vertex 4.78907 22.8095 -5.72205e-07
      vertex 4.84444 22.852 6.6
      vertex 4.78907 22.8095 6.6
    endloop
  endfacet
  facet normal 0.60888 -0.793263 0
    outer loop
      vertex 4.84444 22.852 6.6
      vertex 4.78907 22.8095 -5.72205e-07
      vertex 4.84444 22.852 -5.72205e-07
    endloop
  endfacet
  facet normal 0.923964 0.382478 0
    outer loop
      vertex 4.57825 21.8586 6.6
      vertex 4.55155 21.9231 -5.72205e-07
      vertex 4.55155 21.9231 6.6
    endloop
  endfacet
  facet normal 0.923964 0.382478 0
    outer loop
      vertex 4.55155 21.9231 -5.72205e-07
      vertex 4.57825 21.8586 6.6
      vertex 4.57825 21.8586 -5.72205e-07
    endloop
  endfacet
  facet normal 0.843544 0.537061 0
    outer loop
      vertex 4.64798 21.7378 6.6
      vertex 4.61048 21.7967 -5.72205e-07
      vertex 4.61048 21.7967 6.6
    endloop
  endfacet
  facet normal 0.843544 0.537061 0
    outer loop
      vertex 4.61048 21.7967 -5.72205e-07
      vertex 4.64798 21.7378 6.6
      vertex 4.64798 21.7378 -5.72205e-07
    endloop
  endfacet
  facet normal 0.88697 0.461826 0
    outer loop
      vertex 4.61048 21.7967 6.6
      vertex 4.57825 21.8586 -5.72205e-07
      vertex 4.57825 21.8586 6.6
    endloop
  endfacet
  facet normal 0.88697 0.461826 0
    outer loop
      vertex 4.57825 21.8586 -5.72205e-07
      vertex 4.61048 21.7967 6.6
      vertex 4.61048 21.7967 -5.72205e-07
    endloop
  endfacet
  facet normal -0.675166 0.737666 0
    outer loop
      vertex 5.86899 21.631 -5.72205e-07
      vertex 5.81753 21.5839 6.6
      vertex 5.86899 21.631 6.6
    endloop
  endfacet
  facet normal -0.675166 0.737666 0
    outer loop
      vertex 5.81753 21.5839 6.6
      vertex 5.86899 21.631 -5.72205e-07
      vertex 5.81753 21.5839 -5.72205e-07
    endloop
  endfacet
  facet normal 0.0429895 -0.999076 0
    outer loop
      vertex 5.23358 22.9937 -5.72205e-07
      vertex 5.3033 22.9967 6.6
      vertex 5.23358 22.9937 6.6
    endloop
  endfacet
  facet normal 0.0429895 -0.999076 0
    outer loop
      vertex 5.3033 22.9967 6.6
      vertex 5.23358 22.9937 -5.72205e-07
      vertex 5.3033 22.9967 -5.72205e-07
    endloop
  endfacet
  facet normal 0.299581 -0.954071 0
    outer loop
      vertex 5.02968 22.9485 -5.72205e-07
      vertex 5.09624 22.9694 6.6
      vertex 5.02968 22.9485 6.6
    endloop
  endfacet
  facet normal 0.299581 -0.954071 0
    outer loop
      vertex 5.09624 22.9694 6.6
      vertex 5.02968 22.9485 -5.72205e-07
      vertex 5.09624 22.9694 -5.72205e-07
    endloop
  endfacet
  facet normal -0.991446 0.130521 0
    outer loop
      vertex 6.09115 22.0578 -5.72205e-07
      vertex 6.10026 22.127 6.6
      vertex 6.10026 22.127 -5.72205e-07
    endloop
  endfacet
  facet normal -0.991446 0.130521 0
    outer loop
      vertex 6.10026 22.127 6.6
      vertex 6.09115 22.0578 -5.72205e-07
      vertex 6.09115 22.0578 6.6
    endloop
  endfacet
  facet normal -0.216354 0.976315 0
    outer loop
      vertex 5.51036 21.424 -5.72205e-07
      vertex 5.44222 21.4089 6.6
      vertex 5.51036 21.424 6.6
    endloop
  endfacet
  facet normal -0.216354 0.976315 0
    outer loop
      vertex 5.44222 21.4089 6.6
      vertex 5.51036 21.424 -5.72205e-07
      vertex 5.44222 21.4089 -5.72205e-07
    endloop
  endfacet
  facet normal -0.976325 0.216309 0
    outer loop
      vertex 6.07604 21.9896 -5.72205e-07
      vertex 6.09115 22.0578 6.6
      vertex 6.09115 22.0578 -5.72205e-07
    endloop
  endfacet
  facet normal -0.976325 0.216309 0
    outer loop
      vertex 6.09115 22.0578 6.6
      vertex 6.07604 21.9896 -5.72205e-07
      vertex 6.07604 21.9896 6.6
    endloop
  endfacet
  facet normal 0.99905 0.0435741 0
    outer loop
      vertex 4.50634 22.127 6.6
      vertex 4.5033 22.1967 -5.72205e-07
      vertex 4.5033 22.1967 6.6
    endloop
  endfacet
  facet normal 0.99905 0.0435741 0
    outer loop
      vertex 4.5033 22.1967 -5.72205e-07
      vertex 4.50634 22.127 6.6
      vertex 4.50634 22.127 -5.72205e-07
    endloop
  endfacet
  facet normal -0.73757 -0.675271 0
    outer loop
      vertex 5.91614 22.7109 -5.72205e-07
      vertex 5.86899 22.7624 6.6
      vertex 5.86899 22.7624 -5.72205e-07
    endloop
  endfacet
  facet normal -0.73757 -0.675271 0
    outer loop
      vertex 5.86899 22.7624 6.6
      vertex 5.91614 22.7109 -5.72205e-07
      vertex 5.91614 22.7109 6.6
    endloop
  endfacet
  facet normal -0.131788 -0.991278 0
    outer loop
      vertex 5.37302 22.9937 -5.72205e-07
      vertex 5.44222 22.9845 6.6
      vertex 5.37302 22.9937 6.6
    endloop
  endfacet
  facet normal -0.131788 -0.991278 -0
    outer loop
      vertex 5.44222 22.9845 6.6
      vertex 5.37302 22.9937 -5.72205e-07
      vertex 5.44222 22.9845 -5.72205e-07
    endloop
  endfacet
  facet normal 0.991446 0.130521 0
    outer loop
      vertex 4.51545 22.0578 6.6
      vertex 4.50634 22.127 -5.72205e-07
      vertex 4.50634 22.127 6.6
    endloop
  endfacet
  facet normal 0.991446 0.130521 0
    outer loop
      vertex 4.50634 22.127 -5.72205e-07
      vertex 4.51545 22.0578 6.6
      vertex 4.51545 22.0578 -5.72205e-07
    endloop
  endfacet
  facet normal 0.131788 -0.991278 0
    outer loop
      vertex 5.16438 22.9845 -5.72205e-07
      vertex 5.23358 22.9937 6.6
      vertex 5.16438 22.9845 6.6
    endloop
  endfacet
  facet normal 0.131788 -0.991278 0
    outer loop
      vertex 5.23358 22.9937 6.6
      vertex 5.16438 22.9845 -5.72205e-07
      vertex 5.23358 22.9937 -5.72205e-07
    endloop
  endfacet
  facet normal 0.461429 -0.887177 0
    outer loop
      vertex 4.9033 22.8895 -5.72205e-07
      vertex 4.96521 22.9217 6.6
      vertex 4.9033 22.8895 6.6
    endloop
  endfacet
  facet normal 0.461429 -0.887177 0
    outer loop
      vertex 4.96521 22.9217 6.6
      vertex 4.9033 22.8895 -5.72205e-07
      vertex 4.96521 22.9217 -5.72205e-07
    endloop
  endfacet
  facet normal -0.843544 -0.537061 0
    outer loop
      vertex 5.99612 22.5967 -5.72205e-07
      vertex 5.95862 22.6556 6.6
      vertex 5.95862 22.6556 -5.72205e-07
    endloop
  endfacet
  facet normal -0.843544 -0.537061 0
    outer loop
      vertex 5.95862 22.6556 6.6
      vertex 5.99612 22.5967 -5.72205e-07
      vertex 5.99612 22.5967 6.6
    endloop
  endfacet
  facet normal 0.99905 -0.0435741 0
    outer loop
      vertex 4.5033 22.1967 6.6
      vertex 4.50634 22.2664 -5.72205e-07
      vertex 4.50634 22.2664 6.6
    endloop
  endfacet
  facet normal 0.99905 -0.0435741 0
    outer loop
      vertex 4.50634 22.2664 -5.72205e-07
      vertex 4.5033 22.1967 6.6
      vertex 4.5033 22.1967 -5.72205e-07
    endloop
  endfacet
  facet normal 0.675166 -0.737666 0
    outer loop
      vertex 4.73761 22.7624 -5.72205e-07
      vertex 4.78907 22.8095 6.6
      vertex 4.73761 22.7624 6.6
    endloop
  endfacet
  facet normal 0.675166 -0.737666 0
    outer loop
      vertex 4.78907 22.8095 6.6
      vertex 4.73761 22.7624 -5.72205e-07
      vertex 4.78907 22.8095 -5.72205e-07
    endloop
  endfacet
  facet normal 0.53732 -0.843378 0
    outer loop
      vertex 4.84444 22.852 -5.72205e-07
      vertex 4.9033 22.8895 6.6
      vertex 4.84444 22.852 6.6
    endloop
  endfacet
  facet normal 0.53732 -0.843378 0
    outer loop
      vertex 4.9033 22.8895 6.6
      vertex 4.84444 22.852 -5.72205e-07
      vertex 4.9033 22.8895 -5.72205e-07
    endloop
  endfacet
  facet normal 0.953624 0.301001 0
    outer loop
      vertex 4.55155 21.9231 6.6
      vertex 4.53056 21.9896 -5.72205e-07
      vertex 4.53056 21.9896 6.6
    endloop
  endfacet
  facet normal 0.953624 0.301001 0
    outer loop
      vertex 4.53056 21.9896 -5.72205e-07
      vertex 4.55155 21.9231 6.6
      vertex 4.55155 21.9231 -5.72205e-07
    endloop
  endfacet
  facet normal 0.976325 0.216309 0
    outer loop
      vertex 4.53056 21.9896 6.6
      vertex 4.51545 22.0578 -5.72205e-07
      vertex 4.51545 22.0578 6.6
    endloop
  endfacet
  facet normal 0.976325 0.216309 0
    outer loop
      vertex 4.51545 22.0578 -5.72205e-07
      vertex 4.53056 21.9896 6.6
      vertex 4.53056 21.9896 -5.72205e-07
    endloop
  endfacet
  facet normal -0.0429895 0.999076 0
    outer loop
      vertex 5.37302 21.3997 -5.72205e-07
      vertex 5.3033 21.3967 6.6
      vertex 5.37302 21.3997 6.6
    endloop
  endfacet
  facet normal -0.0429895 0.999076 0
    outer loop
      vertex 5.3033 21.3967 6.6
      vertex 5.37302 21.3997 -5.72205e-07
      vertex 5.3033 21.3967 -5.72205e-07
    endloop
  endfacet
  facet normal -0.131788 0.991278 0
    outer loop
      vertex 5.44222 21.4089 -5.72205e-07
      vertex 5.37302 21.3997 6.6
      vertex 5.44222 21.4089 6.6
    endloop
  endfacet
  facet normal -0.131788 0.991278 0
    outer loop
      vertex 5.37302 21.3997 6.6
      vertex 5.44222 21.4089 -5.72205e-07
      vertex 5.37302 21.3997 -5.72205e-07
    endloop
  endfacet
  facet normal -0.53732 -0.843378 0
    outer loop
      vertex 5.7033 22.8895 -5.72205e-07
      vertex 5.76216 22.852 6.6
      vertex 5.7033 22.8895 6.6
    endloop
  endfacet
  facet normal -0.53732 -0.843378 -0
    outer loop
      vertex 5.76216 22.852 6.6
      vertex 5.7033 22.8895 -5.72205e-07
      vertex 5.76216 22.852 -5.72205e-07
    endloop
  endfacet
  facet normal -0.953624 0.301001 0
    outer loop
      vertex 6.05505 21.9231 -5.72205e-07
      vertex 6.07604 21.9896 6.6
      vertex 6.07604 21.9896 -5.72205e-07
    endloop
  endfacet
  facet normal -0.953624 0.301001 0
    outer loop
      vertex 6.07604 21.9896 6.6
      vertex 6.05505 21.9231 -5.72205e-07
      vertex 6.05505 21.9231 6.6
    endloop
  endfacet
  facet normal -0.461429 -0.887177 0
    outer loop
      vertex 5.64139 22.9217 -5.72205e-07
      vertex 5.7033 22.8895 6.6
      vertex 5.64139 22.9217 6.6
    endloop
  endfacet
  facet normal -0.461429 -0.887177 -0
    outer loop
      vertex 5.7033 22.8895 6.6
      vertex 5.64139 22.9217 -5.72205e-07
      vertex 5.7033 22.8895 -5.72205e-07
    endloop
  endfacet
  facet normal -0.461429 0.887177 0
    outer loop
      vertex 5.7033 21.5039 -5.72205e-07
      vertex 5.64139 21.4717 6.6
      vertex 5.7033 21.5039 6.6
    endloop
  endfacet
  facet normal -0.461429 0.887177 0
    outer loop
      vertex 5.64139 21.4717 6.6
      vertex 5.7033 21.5039 -5.72205e-07
      vertex 5.64139 21.4717 -5.72205e-07
    endloop
  endfacet
  facet normal 0.88697 -0.461826 0
    outer loop
      vertex 4.57825 22.5348 6.6
      vertex 4.61048 22.5967 -5.72205e-07
      vertex 4.61048 22.5967 6.6
    endloop
  endfacet
  facet normal 0.88697 -0.461826 0
    outer loop
      vertex 4.61048 22.5967 -5.72205e-07
      vertex 4.57825 22.5348 6.6
      vertex 4.57825 22.5348 -5.72205e-07
    endloop
  endfacet
  facet normal -0.216354 -0.976315 0
    outer loop
      vertex 5.44222 22.9845 -5.72205e-07
      vertex 5.51036 22.9694 6.6
      vertex 5.44222 22.9845 6.6
    endloop
  endfacet
  facet normal -0.216354 -0.976315 -0
    outer loop
      vertex 5.51036 22.9694 6.6
      vertex 5.44222 22.9845 -5.72205e-07
      vertex 5.51036 22.9694 -5.72205e-07
    endloop
  endfacet
  facet normal 0.383852 0.923394 -0
    outer loop
      vertex 5.02968 21.4449 -5.72205e-07
      vertex 4.96521 21.4717 6.6
      vertex 5.02968 21.4449 6.6
    endloop
  endfacet
  facet normal 0.383852 0.923394 0
    outer loop
      vertex 4.96521 21.4717 6.6
      vertex 5.02968 21.4449 -5.72205e-07
      vertex 4.96521 21.4717 -5.72205e-07
    endloop
  endfacet
  facet normal 0.216354 0.976315 -0
    outer loop
      vertex 5.16438 21.4089 -5.72205e-07
      vertex 5.09624 21.424 6.6
      vertex 5.16438 21.4089 6.6
    endloop
  endfacet
  facet normal 0.216354 0.976315 0
    outer loop
      vertex 5.09624 21.424 6.6
      vertex 5.16438 21.4089 -5.72205e-07
      vertex 5.09624 21.424 -5.72205e-07
    endloop
  endfacet
  facet normal 0.923964 -0.382478 0
    outer loop
      vertex 4.55155 22.4703 6.6
      vertex 4.57825 22.5348 -5.72205e-07
      vertex 4.57825 22.5348 6.6
    endloop
  endfacet
  facet normal 0.923964 -0.382478 0
    outer loop
      vertex 4.57825 22.5348 -5.72205e-07
      vertex 4.55155 22.4703 6.6
      vertex 4.55155 22.4703 -5.72205e-07
    endloop
  endfacet
  facet normal 0.991446 -0.130521 0
    outer loop
      vertex 4.50634 22.2664 6.6
      vertex 4.51545 22.3356 -5.72205e-07
      vertex 4.51545 22.3356 6.6
    endloop
  endfacet
  facet normal 0.991446 -0.130521 0
    outer loop
      vertex 4.51545 22.3356 -5.72205e-07
      vertex 4.50634 22.2664 6.6
      vertex 4.50634 22.2664 -5.72205e-07
    endloop
  endfacet
  facet normal 0.73757 -0.675271 0
    outer loop
      vertex 4.69046 22.7109 6.6
      vertex 4.73761 22.7624 -5.72205e-07
      vertex 4.73761 22.7624 6.6
    endloop
  endfacet
  facet normal 0.73757 -0.675271 0
    outer loop
      vertex 4.73761 22.7624 -5.72205e-07
      vertex 4.69046 22.7109 6.6
      vertex 4.69046 22.7109 -5.72205e-07
    endloop
  endfacet
  facet normal 0.461429 0.887177 -0
    outer loop
      vertex 4.96521 21.4717 -5.72205e-07
      vertex 4.9033 21.5039 6.6
      vertex 4.96521 21.4717 6.6
    endloop
  endfacet
  facet normal 0.461429 0.887177 0
    outer loop
      vertex 4.9033 21.5039 6.6
      vertex 4.96521 21.4717 -5.72205e-07
      vertex 4.9033 21.5039 -5.72205e-07
    endloop
  endfacet
  facet normal 0.53732 0.843378 -0
    outer loop
      vertex 4.9033 21.5039 -5.72205e-07
      vertex 4.84444 21.5414 6.6
      vertex 4.9033 21.5039 6.6
    endloop
  endfacet
  facet normal 0.53732 0.843378 0
    outer loop
      vertex 4.84444 21.5414 6.6
      vertex 4.9033 21.5039 -5.72205e-07
      vertex 4.84444 21.5414 -5.72205e-07
    endloop
  endfacet
  facet normal 0.131788 0.991278 -0
    outer loop
      vertex 5.23358 21.3997 -5.72205e-07
      vertex 5.16438 21.4089 6.6
      vertex 5.23358 21.3997 6.6
    endloop
  endfacet
  facet normal 0.131788 0.991278 0
    outer loop
      vertex 5.16438 21.4089 6.6
      vertex 5.23358 21.3997 -5.72205e-07
      vertex 5.16438 21.4089 -5.72205e-07
    endloop
  endfacet
  facet normal 0.0429895 0.999076 -0
    outer loop
      vertex 5.3033 21.3967 -5.72205e-07
      vertex 5.23358 21.3997 6.6
      vertex 5.3033 21.3967 6.6
    endloop
  endfacet
  facet normal 0.0429895 0.999076 0
    outer loop
      vertex 5.23358 21.3997 6.6
      vertex 5.3033 21.3967 -5.72205e-07
      vertex 5.23358 21.3997 -5.72205e-07
    endloop
  endfacet
  facet normal 0.793029 -0.609184 0
    outer loop
      vertex 4.64798 22.6556 6.6
      vertex 4.69046 22.7109 -5.72205e-07
      vertex 4.69046 22.7109 6.6
    endloop
  endfacet
  facet normal 0.793029 -0.609184 0
    outer loop
      vertex 4.69046 22.7109 -5.72205e-07
      vertex 4.64798 22.6556 6.6
      vertex 4.64798 22.6556 -5.72205e-07
    endloop
  endfacet
  facet normal 0.60888 0.793263 -0
    outer loop
      vertex 4.84444 21.5414 -5.72205e-07
      vertex 4.78907 21.5839 6.6
      vertex 4.84444 21.5414 6.6
    endloop
  endfacet
  facet normal 0.60888 0.793263 0
    outer loop
      vertex 4.78907 21.5839 6.6
      vertex 4.84444 21.5414 -5.72205e-07
      vertex 4.78907 21.5839 -5.72205e-07
    endloop
  endfacet
  facet normal 0.675166 0.737666 -0
    outer loop
      vertex 4.78907 21.5839 -5.72205e-07
      vertex 4.73761 21.631 6.6
      vertex 4.78907 21.5839 6.6
    endloop
  endfacet
  facet normal 0.675166 0.737666 0
    outer loop
      vertex 4.73761 21.631 6.6
      vertex 4.78907 21.5839 -5.72205e-07
      vertex 4.73761 21.631 -5.72205e-07
    endloop
  endfacet
  facet normal -0.382654 0.923892 0
    outer loop
      vertex -5.64333 43.0049 -5.72205e-07
      vertex -6.9732 42.4541 8.6
      vertex -5.64333 43.0049 8.6
    endloop
  endfacet
  facet normal -0.382654 0.923892 0
    outer loop
      vertex -6.9732 42.4541 8.6
      vertex -5.64333 43.0049 -5.72205e-07
      vertex -6.9732 42.4541 -5.72205e-07
    endloop
  endfacet
  facet normal 0.991443 0.130539 0
    outer loop
      vertex 16.4372 28.9381 8.6
      vertex 16.2493 30.3652 -5.72205e-07
      vertex 16.2493 30.3652 8.6
    endloop
  endfacet
  facet normal 0.991443 0.130539 0
    outer loop
      vertex 16.2493 30.3652 -5.72205e-07
      vertex 16.4372 28.9381 8.6
      vertex 16.4372 28.9381 -5.72205e-07
    endloop
  endfacet
  facet normal 0.999048 0.0436272 0
    outer loop
      vertex 16.5 27.5 8.6
      vertex 16.4372 28.9381 -5.72205e-07
      vertex 16.4372 28.9381 8.6
    endloop
  endfacet
  facet normal 0.999048 0.0436272 0
    outer loop
      vertex 16.4372 28.9381 -5.72205e-07
      vertex 16.5 27.5 8.6
      vertex 16.5 27.5 -5.72205e-07
    endloop
  endfacet
  facet normal -0.737313 -0.675552 0
    outer loop
      vertex -11.6673 15.8327 -5.72205e-07
      vertex -12.6397 16.894 8.6
      vertex -12.6397 16.894 -5.72205e-07
    endloop
  endfacet
  facet normal -0.737313 -0.675552 0
    outer loop
      vertex -12.6397 16.894 8.6
      vertex -11.6673 15.8327 -5.72205e-07
      vertex -11.6673 15.8327 8.6
    endloop
  endfacet
  facet normal 0.976303 -0.216408 0
    outer loop
      vertex 15.9378 23.2295 8.6
      vertex 16.2493 24.6348 -5.72205e-07
      vertex 16.2493 24.6348 8.6
    endloop
  endfacet
  facet normal 0.976303 -0.216408 0
    outer loop
      vertex 16.2493 24.6348 -5.72205e-07
      vertex 15.9378 23.2295 8.6
      vertex 15.9378 23.2295 -5.72205e-07
    endloop
  endfacet
  facet normal -0.60877 -0.793347 0
    outer loop
      vertex -10.606 14.8603 -5.72205e-07
      vertex -9.46401 13.984 8.6
      vertex -10.606 14.8603 8.6
    endloop
  endfacet
  facet normal -0.60877 -0.793347 -0
    outer loop
      vertex -9.46401 13.984 8.6
      vertex -10.606 14.8603 -5.72205e-07
      vertex -9.46401 13.984 -5.72205e-07
    endloop
  endfacet
  facet normal -0.923895 -0.382646 0
    outer loop
      vertex -14.9541 20.5268 -5.72205e-07
      vertex -15.5049 21.8567 8.6
      vertex -15.5049 21.8567 -5.72205e-07
    endloop
  endfacet
  facet normal -0.923895 -0.382646 0
    outer loop
      vertex -15.5049 21.8567 8.6
      vertex -14.9541 20.5268 -5.72205e-07
      vertex -14.9541 20.5268 8.6
    endloop
  endfacet
  facet normal -0.216405 0.976304 0
    outer loop
      vertex -2.86519 43.7493 -5.72205e-07
      vertex -4.27051 43.4378 8.6
      vertex -2.86519 43.7493 8.6
    endloop
  endfacet
  facet normal -0.216405 0.976304 0
    outer loop
      vertex -4.27051 43.4378 8.6
      vertex -2.86519 43.7493 -5.72205e-07
      vertex -4.27051 43.4378 -5.72205e-07
    endloop
  endfacet
  facet normal -0.991443 0.130539 0
    outer loop
      vertex -16.4372 28.9381 -5.72205e-07
      vertex -16.2493 30.3652 8.6
      vertex -16.2493 30.3652 -5.72205e-07
    endloop
  endfacet
  facet normal -0.991443 0.130539 0
    outer loop
      vertex -16.2493 30.3652 8.6
      vertex -16.4372 28.9381 -5.72205e-07
      vertex -16.4372 28.9381 8.6
    endloop
  endfacet
  facet normal -0.130537 -0.991443 0
    outer loop
      vertex -2.86519 11.2507 -5.72205e-07
      vertex -1.43807 11.0628 8.6
      vertex -2.86519 11.2507 8.6
    endloop
  endfacet
  facet normal -0.130537 -0.991443 -0
    outer loop
      vertex -1.43807 11.0628 8.6
      vertex -2.86519 11.2507 -5.72205e-07
      vertex -1.43807 11.0628 -5.72205e-07
    endloop
  endfacet
  facet normal 0.130537 0.991443 -0
    outer loop
      vertex 2.86519 43.7493 -5.72205e-07
      vertex 1.43807 43.9372 8.6
      vertex 2.86519 43.7493 8.6
    endloop
  endfacet
  facet normal 0.130537 0.991443 0
    outer loop
      vertex 1.43807 43.9372 8.6
      vertex 2.86519 43.7493 -5.72205e-07
      vertex 1.43807 43.9372 -5.72205e-07
    endloop
  endfacet
  facet normal -0.675552 0.737313 0
    outer loop
      vertex -10.606 40.1397 -5.72205e-07
      vertex -11.6673 39.1673 8.6
      vertex -10.606 40.1397 8.6
    endloop
  endfacet
  facet normal -0.675552 0.737313 0
    outer loop
      vertex -11.6673 39.1673 8.6
      vertex -10.606 40.1397 -5.72205e-07
      vertex -11.6673 39.1673 -5.72205e-07
    endloop
  endfacet
  facet normal -0.953705 -0.300742 0
    outer loop
      vertex -15.5049 21.8567 -5.72205e-07
      vertex -15.9378 23.2295 8.6
      vertex -15.9378 23.2295 -5.72205e-07
    endloop
  endfacet
  facet normal -0.953705 -0.300742 0
    outer loop
      vertex -15.9378 23.2295 8.6
      vertex -15.5049 21.8567 -5.72205e-07
      vertex -15.5049 21.8567 8.6
    endloop
  endfacet
  facet normal 0.976303 0.216408 0
    outer loop
      vertex 16.2493 30.3652 8.6
      vertex 15.9378 31.7705 -5.72205e-07
      vertex 15.9378 31.7705 8.6
    endloop
  endfacet
  facet normal 0.976303 0.216408 0
    outer loop
      vertex 15.9378 31.7705 -5.72205e-07
      vertex 16.2493 30.3652 8.6
      vertex 16.2493 30.3652 -5.72205e-07
    endloop
  endfacet
  facet normal -0.46177 -0.886999 0
    outer loop
      vertex -8.25 13.2106 -5.72205e-07
      vertex -6.9732 12.5459 8.6
      vertex -8.25 13.2106 8.6
    endloop
  endfacet
  facet normal -0.46177 -0.886999 -0
    outer loop
      vertex -6.9732 12.5459 8.6
      vertex -8.25 13.2106 -5.72205e-07
      vertex -6.9732 12.5459 -5.72205e-07
    endloop
  endfacet
  facet normal 0.300738 -0.953707 0
    outer loop
      vertex 4.27051 11.5622 -5.72205e-07
      vertex 5.64333 11.9951 8.6
      vertex 4.27051 11.5622 8.6
    endloop
  endfacet
  facet normal 0.300738 -0.953707 0
    outer loop
      vertex 5.64333 11.9951 8.6
      vertex 4.27051 11.5622 -5.72205e-07
      vertex 5.64333 11.9951 -5.72205e-07
    endloop
  endfacet
  facet normal -0.84337 0.537333 0
    outer loop
      vertex -13.7741 36.5589 -5.72205e-07
      vertex -13.516 36.964 8.6
      vertex -13.516 36.964 -5.72205e-07
    endloop
  endfacet
  facet normal -0.84337 0.537333 0
    outer loop
      vertex -13.516 36.964 8.6
      vertex -13.7741 36.5589 -5.72205e-07
      vertex -13.7741 36.5589 8.6
    endloop
  endfacet
  facet normal -0.923895 0.382646 0
    outer loop
      vertex -15.5049 33.1433 -5.72205e-07
      vertex -14.9541 34.4732 8.6
      vertex -14.9541 34.4732 -5.72205e-07
    endloop
  endfacet
  facet normal -0.923895 0.382646 0
    outer loop
      vertex -14.9541 34.4732 8.6
      vertex -15.5049 33.1433 -5.72205e-07
      vertex -15.5049 33.1433 8.6
    endloop
  endfacet
  facet normal -0.84337 -0.537333 0
    outer loop
      vertex -13.516 18.036 -5.72205e-07
      vertex -13.7741 18.4411 8.6
      vertex -13.7741 18.4411 -5.72205e-07
    endloop
  endfacet
  facet normal -0.84337 -0.537333 0
    outer loop
      vertex -13.7741 18.4411 8.6
      vertex -13.516 18.036 -5.72205e-07
      vertex -13.516 18.036 8.6
    endloop
  endfacet
  facet normal 0.0437169 -0.999044 0
    outer loop
      vertex 0.958166 11.0418 -5.72205e-07
      vertex 1.43807 11.0628 8.6
      vertex 0.958166 11.0418 8.6
    endloop
  endfacet
  facet normal 0.0437169 -0.999044 0
    outer loop
      vertex 1.43807 11.0628 8.6
      vertex 0.958166 11.0418 -5.72205e-07
      vertex 1.43807 11.0628 -5.72205e-07
    endloop
  endfacet
  facet normal 0.793349 0.608767 0
    outer loop
      vertex 13.516 36.964 8.6
      vertex 12.6397 38.106 -5.72205e-07
      vertex 12.6397 38.106 8.6
    endloop
  endfacet
  facet normal 0.793349 0.608767 0
    outer loop
      vertex 12.6397 38.106 -5.72205e-07
      vertex 13.516 36.964 8.6
      vertex 13.516 36.964 -5.72205e-07
    endloop
  endfacet
  facet normal -0.953705 0.300742 0
    outer loop
      vertex -15.9378 31.7705 -5.72205e-07
      vertex -15.5049 33.1433 8.6
      vertex -15.5049 33.1433 -5.72205e-07
    endloop
  endfacet
  facet normal -0.953705 0.300742 0
    outer loop
      vertex -15.5049 33.1433 8.6
      vertex -15.9378 31.7705 -5.72205e-07
      vertex -15.9378 31.7705 8.6
    endloop
  endfacet
  facet normal 0.216405 -0.976304 0
    outer loop
      vertex 2.86519 11.2507 -5.72205e-07
      vertex 4.27051 11.5622 8.6
      vertex 2.86519 11.2507 8.6
    endloop
  endfacet
  facet normal 0.216405 -0.976304 0
    outer loop
      vertex 4.27051 11.5622 8.6
      vertex 2.86519 11.2507 -5.72205e-07
      vertex 4.27051 11.5622 -5.72205e-07
    endloop
  endfacet
  facet normal 0.130537 -0.991443 0
    outer loop
      vertex 1.43807 11.0628 -5.72205e-07
      vertex 2.86519 11.2507 8.6
      vertex 1.43807 11.0628 8.6
    endloop
  endfacet
  facet normal 0.130537 -0.991443 0
    outer loop
      vertex 2.86519 11.2507 8.6
      vertex 1.43807 11.0628 -5.72205e-07
      vertex 2.86519 11.2507 -5.72205e-07
    endloop
  endfacet
  facet normal 0.999048 -0.0436272 0
    outer loop
      vertex 16.4372 26.0619 8.6
      vertex 16.5 27.5 -5.72205e-07
      vertex 16.5 27.5 8.6
    endloop
  endfacet
  facet normal 0.999048 -0.0436272 0
    outer loop
      vertex 16.5 27.5 -5.72205e-07
      vertex 16.4372 26.0619 8.6
      vertex 16.4372 26.0619 -5.72205e-07
    endloop
  endfacet
  facet normal 0.953705 0.300742 0
    outer loop
      vertex 15.9378 31.7705 8.6
      vertex 15.5049 33.1433 -5.72205e-07
      vertex 15.5049 33.1433 8.6
    endloop
  endfacet
  facet normal 0.953705 0.300742 0
    outer loop
      vertex 15.5049 33.1433 -5.72205e-07
      vertex 15.9378 31.7705 8.6
      vertex 15.9378 31.7705 -5.72205e-07
    endloop
  endfacet
  facet normal -0.46177 0.886999 0
    outer loop
      vertex -6.9732 42.4541 -5.72205e-07
      vertex -8.25 41.7894 8.6
      vertex -6.9732 42.4541 8.6
    endloop
  endfacet
  facet normal -0.46177 0.886999 0
    outer loop
      vertex -8.25 41.7894 8.6
      vertex -6.9732 42.4541 -5.72205e-07
      vertex -8.25 41.7894 -5.72205e-07
    endloop
  endfacet
  facet normal -0.991443 -0.130539 0
    outer loop
      vertex -16.2493 24.6348 -5.72205e-07
      vertex -16.4372 26.0619 8.6
      vertex -16.4372 26.0619 -5.72205e-07
    endloop
  endfacet
  facet normal -0.991443 -0.130539 0
    outer loop
      vertex -16.4372 26.0619 8.6
      vertex -16.2493 24.6348 -5.72205e-07
      vertex -16.2493 24.6348 8.6
    endloop
  endfacet
  facet normal 0.843392 -0.537298 0
    outer loop
      vertex 13.516 18.036 8.6
      vertex 14.2894 19.25 -5.72205e-07
      vertex 14.2894 19.25 8.6
    endloop
  endfacet
  facet normal 0.843392 -0.537298 0
    outer loop
      vertex 14.2894 19.25 -5.72205e-07
      vertex 13.516 18.036 8.6
      vertex 13.516 18.036 -5.72205e-07
    endloop
  endfacet
  facet normal 0.923895 0.382646 0
    outer loop
      vertex 15.5049 33.1433 8.6
      vertex 14.9541 34.4732 -5.72205e-07
      vertex 14.9541 34.4732 8.6
    endloop
  endfacet
  facet normal 0.923895 0.382646 0
    outer loop
      vertex 14.9541 34.4732 -5.72205e-07
      vertex 15.5049 33.1433 8.6
      vertex 15.5049 33.1433 -5.72205e-07
    endloop
  endfacet
  facet normal -0.60877 0.793347 0
    outer loop
      vertex -9.46401 41.016 -5.72205e-07
      vertex -10.606 40.1397 8.6
      vertex -9.46401 41.016 8.6
    endloop
  endfacet
  facet normal -0.60877 0.793347 0
    outer loop
      vertex -10.606 40.1397 8.6
      vertex -9.46401 41.016 -5.72205e-07
      vertex -10.606 40.1397 -5.72205e-07
    endloop
  endfacet
  facet normal -0.300738 0.953707 0
    outer loop
      vertex -4.27051 43.4378 -5.72205e-07
      vertex -5.64333 43.0049 8.6
      vertex -4.27051 43.4378 8.6
    endloop
  endfacet
  facet normal -0.300738 0.953707 0
    outer loop
      vertex -5.64333 43.0049 8.6
      vertex -4.27051 43.4378 -5.72205e-07
      vertex -5.64333 43.0049 -5.72205e-07
    endloop
  endfacet
  facet normal 0.886999 0.46177 0
    outer loop
      vertex 14.9541 34.4732 8.6
      vertex 14.2894 35.75 -5.72205e-07
      vertex 14.2894 35.75 8.6
    endloop
  endfacet
  facet normal 0.886999 0.46177 0
    outer loop
      vertex 14.2894 35.75 -5.72205e-07
      vertex 14.9541 34.4732 8.6
      vertex 14.9541 34.4732 -5.72205e-07
    endloop
  endfacet
  facet normal 0.737313 0.675552 0
    outer loop
      vertex 12.6397 38.106 8.6
      vertex 11.6673 39.1673 -5.72205e-07
      vertex 11.6673 39.1673 8.6
    endloop
  endfacet
  facet normal 0.737313 0.675552 0
    outer loop
      vertex 11.6673 39.1673 -5.72205e-07
      vertex 12.6397 38.106 8.6
      vertex 12.6397 38.106 -5.72205e-07
    endloop
  endfacet
  facet normal 0.793349 -0.608767 0
    outer loop
      vertex 12.6397 16.894 8.6
      vertex 13.516 18.036 -5.72205e-07
      vertex 13.516 18.036 8.6
    endloop
  endfacet
  facet normal 0.793349 -0.608767 0
    outer loop
      vertex 13.516 18.036 -5.72205e-07
      vertex 12.6397 16.894 8.6
      vertex 12.6397 16.894 -5.72205e-07
    endloop
  endfacet
  facet normal 0.953705 -0.300742 0
    outer loop
      vertex 15.5049 21.8567 8.6
      vertex 15.9378 23.2295 -5.72205e-07
      vertex 15.9378 23.2295 8.6
    endloop
  endfacet
  facet normal 0.953705 -0.300742 0
    outer loop
      vertex 15.9378 23.2295 -5.72205e-07
      vertex 15.5049 21.8567 8.6
      vertex 15.5049 21.8567 -5.72205e-07
    endloop
  endfacet
  facet normal 0.843392 0.537298 0
    outer loop
      vertex 14.2894 35.75 8.6
      vertex 13.516 36.964 -5.72205e-07
      vertex 13.516 36.964 8.6
    endloop
  endfacet
  facet normal 0.843392 0.537298 0
    outer loop
      vertex 13.516 36.964 -5.72205e-07
      vertex 14.2894 35.75 8.6
      vertex 14.2894 35.75 -5.72205e-07
    endloop
  endfacet
  facet normal 0.537295 0.843394 -0
    outer loop
      vertex 9.46401 41.016 -5.72205e-07
      vertex 8.25 41.7894 8.6
      vertex 9.46401 41.016 8.6
    endloop
  endfacet
  facet normal 0.537295 0.843394 0
    outer loop
      vertex 8.25 41.7894 8.6
      vertex 9.46401 41.016 -5.72205e-07
      vertex 8.25 41.7894 -5.72205e-07
    endloop
  endfacet
  facet normal 0.537295 -0.843394 0
    outer loop
      vertex 8.25 13.2106 -5.72205e-07
      vertex 9.46401 13.984 8.6
      vertex 8.25 13.2106 8.6
    endloop
  endfacet
  facet normal 0.537295 -0.843394 0
    outer loop
      vertex 9.46401 13.984 8.6
      vertex 8.25 13.2106 -5.72205e-07
      vertex 9.46401 13.984 -5.72205e-07
    endloop
  endfacet
  facet normal 0.382654 0.923892 -0
    outer loop
      vertex 6.9732 42.4541 -5.72205e-07
      vertex 5.64333 43.0049 8.6
      vertex 6.9732 42.4541 8.6
    endloop
  endfacet
  facet normal 0.382654 0.923892 0
    outer loop
      vertex 5.64333 43.0049 8.6
      vertex 6.9732 42.4541 -5.72205e-07
      vertex 5.64333 43.0049 -5.72205e-07
    endloop
  endfacet
  facet normal 0.60877 0.793347 -0
    outer loop
      vertex 10.606 40.1397 -5.72205e-07
      vertex 9.46401 41.016 8.6
      vertex 10.606 40.1397 8.6
    endloop
  endfacet
  facet normal 0.60877 0.793347 0
    outer loop
      vertex 9.46401 41.016 8.6
      vertex 10.606 40.1397 -5.72205e-07
      vertex 9.46401 41.016 -5.72205e-07
    endloop
  endfacet
  facet normal -0.887022 0.461726 0
    outer loop
      vertex -14.9541 34.4732 -5.72205e-07
      vertex -14.7323 34.8993 8.6
      vertex -14.7323 34.8993 -5.72205e-07
    endloop
  endfacet
  facet normal -0.887022 0.461726 0
    outer loop
      vertex -14.7323 34.8993 8.6
      vertex -14.9541 34.4732 -5.72205e-07
      vertex -14.9541 34.4732 8.6
    endloop
  endfacet
  facet normal -0.793349 0.608767 0
    outer loop
      vertex -13.516 36.964 -5.72205e-07
      vertex -12.6397 38.106 8.6
      vertex -12.6397 38.106 -5.72205e-07
    endloop
  endfacet
  facet normal -0.793349 0.608767 0
    outer loop
      vertex -12.6397 38.106 8.6
      vertex -13.516 36.964 -5.72205e-07
      vertex -13.516 36.964 8.6
    endloop
  endfacet
  facet normal 0.46177 0.886999 -0
    outer loop
      vertex 8.25 41.7894 -5.72205e-07
      vertex 6.9732 42.4541 8.6
      vertex 8.25 41.7894 8.6
    endloop
  endfacet
  facet normal 0.46177 0.886999 0
    outer loop
      vertex 6.9732 42.4541 8.6
      vertex 8.25 41.7894 -5.72205e-07
      vertex 6.9732 42.4541 -5.72205e-07
    endloop
  endfacet
  facet normal -0.216405 -0.976304 0
    outer loop
      vertex -4.27051 11.5622 -5.72205e-07
      vertex -2.86519 11.2507 8.6
      vertex -4.27051 11.5622 8.6
    endloop
  endfacet
  facet normal -0.216405 -0.976304 -0
    outer loop
      vertex -2.86519 11.2507 8.6
      vertex -4.27051 11.5622 -5.72205e-07
      vertex -2.86519 11.2507 -5.72205e-07
    endloop
  endfacet
  facet normal -0.300738 -0.953707 0
    outer loop
      vertex -5.64333 11.9951 -5.72205e-07
      vertex -4.27051 11.5622 8.6
      vertex -5.64333 11.9951 8.6
    endloop
  endfacet
  facet normal -0.300738 -0.953707 -0
    outer loop
      vertex -4.27051 11.5622 8.6
      vertex -5.64333 11.9951 -5.72205e-07
      vertex -4.27051 11.5622 -5.72205e-07
    endloop
  endfacet
  facet normal 0.675552 -0.737313 0
    outer loop
      vertex 10.606 14.8603 -5.72205e-07
      vertex 11.6673 15.8327 8.6
      vertex 10.606 14.8603 8.6
    endloop
  endfacet
  facet normal 0.675552 -0.737313 0
    outer loop
      vertex 11.6673 15.8327 8.6
      vertex 10.606 14.8603 -5.72205e-07
      vertex 11.6673 15.8327 -5.72205e-07
    endloop
  endfacet
  facet normal -0.737313 0.675552 0
    outer loop
      vertex -12.6397 38.106 -5.72205e-07
      vertex -11.6673 39.1673 8.6
      vertex -11.6673 39.1673 -5.72205e-07
    endloop
  endfacet
  facet normal -0.737313 0.675552 0
    outer loop
      vertex -11.6673 39.1673 8.6
      vertex -12.6397 38.106 -5.72205e-07
      vertex -12.6397 38.106 8.6
    endloop
  endfacet
  facet normal 0.923895 -0.382646 0
    outer loop
      vertex 14.9541 20.5268 8.6
      vertex 15.5049 21.8567 -5.72205e-07
      vertex 15.5049 21.8567 8.6
    endloop
  endfacet
  facet normal 0.923895 -0.382646 0
    outer loop
      vertex 15.5049 21.8567 -5.72205e-07
      vertex 14.9541 20.5268 8.6
      vertex 14.9541 20.5268 -5.72205e-07
    endloop
  endfacet
  facet normal 0.675552 0.737313 -0
    outer loop
      vertex 11.6673 39.1673 -5.72205e-07
      vertex 10.606 40.1397 8.6
      vertex 11.6673 39.1673 8.6
    endloop
  endfacet
  facet normal 0.675552 0.737313 0
    outer loop
      vertex 10.606 40.1397 8.6
      vertex 11.6673 39.1673 -5.72205e-07
      vertex 10.606 40.1397 -5.72205e-07
    endloop
  endfacet
  facet normal -0.537295 0.843394 0
    outer loop
      vertex -8.25 41.7894 -5.72205e-07
      vertex -9.46401 41.016 8.6
      vertex -8.25 41.7894 8.6
    endloop
  endfacet
  facet normal -0.537295 0.843394 0
    outer loop
      vertex -9.46401 41.016 8.6
      vertex -8.25 41.7894 -5.72205e-07
      vertex -9.46401 41.016 -5.72205e-07
    endloop
  endfacet
  facet normal 0 0 -1
    outer loop
      vertex -5.99612 22.5967 -5.72205e-07
      vertex -16.2493 24.6348 -5.72205e-07
      vertex -5.95862 22.6556 -5.72205e-07
    endloop
  endfacet
  facet normal 0 0 -1
    outer loop
      vertex -5.95862 22.6556 -5.72205e-07
      vertex -16.4372 26.0619 -5.72205e-07
      vertex -5.91614 22.7109 -5.72205e-07
    endloop
  endfacet
  facet normal 0 0 -1
    outer loop
      vertex -16.4372 26.0619 -5.72205e-07
      vertex -5.95862 22.6556 -5.72205e-07
      vertex -16.2493 24.6348 -5.72205e-07
    endloop
  endfacet
  facet normal 0 0 -1
    outer loop
      vertex -16.5 27.5 -5.72205e-07
      vertex -5.91614 22.7109 -5.72205e-07
      vertex -16.4372 26.0619 -5.72205e-07
    endloop
  endfacet
  facet normal 0 -0 -1
    outer loop
      vertex -14.9541 34.4732 -5.72205e-07
      vertex -13.4234 35.25 -5.72205e-07
      vertex -15.5049 33.1433 -5.72205e-07
    endloop
  endfacet
  facet normal 0 0 -1
    outer loop
      vertex -13.4234 35.25 -5.72205e-07
      vertex -14.9541 34.4732 -5.72205e-07
      vertex -14.7323 34.8993 -5.72205e-07
    endloop
  endfacet
  facet normal 0 0 -1
    outer loop
      vertex -5.91614 22.7109 -5.72205e-07
      vertex -16.5 27.5 -5.72205e-07
      vertex -5.91614 32.2891 -5.72205e-07
    endloop
  endfacet
  facet normal 0 0 -1
    outer loop
      vertex -13.4234 35.25 -5.72205e-07
      vertex -15.9378 31.7705 -5.72205e-07
      vertex -15.5049 33.1433 -5.72205e-07
    endloop
  endfacet
  facet normal 0 -0 -1
    outer loop
      vertex -16.4372 28.9381 -5.72205e-07
      vertex -5.91614 32.2891 -5.72205e-07
      vertex -16.5 27.5 -5.72205e-07
    endloop
  endfacet
  facet normal -0 0 -1
    outer loop
      vertex -5.95862 32.3444 -5.72205e-07
      vertex -15.9378 31.7705 -5.72205e-07
      vertex -13.4234 35.25 -5.72205e-07
    endloop
  endfacet
  facet normal -0 0 -1
    outer loop
      vertex -5.91614 32.2891 -5.72205e-07
      vertex -16.4372 28.9381 -5.72205e-07
      vertex -5.95862 32.3444 -5.72205e-07
    endloop
  endfacet
  facet normal 0 -0 -1
    outer loop
      vertex -15.9378 31.7705 -5.72205e-07
      vertex -5.95862 32.3444 -5.72205e-07
      vertex -16.2493 30.3652 -5.72205e-07
    endloop
  endfacet
  facet normal 0 -0 -1
    outer loop
      vertex -16.2493 30.3652 -5.72205e-07
      vertex -5.95862 32.3444 -5.72205e-07
      vertex -16.4372 28.9381 -5.72205e-07
    endloop
  endfacet
  facet normal 0 0 -1
    outer loop
      vertex -5.95862 33.2622 -5.72205e-07
      vertex -13.4234 35.25 -5.72205e-07
      vertex -12.6397 38.106 -5.72205e-07
    endloop
  endfacet
  facet normal 0 0 -1
    outer loop
      vertex -13.4234 35.25 -5.72205e-07
      vertex -13.516 36.964 -5.72205e-07
      vertex -12.6397 38.106 -5.72205e-07
    endloop
  endfacet
  facet normal 0 -0 -1
    outer loop
      vertex -13.516 36.964 -5.72205e-07
      vertex -13.4234 35.25 -5.72205e-07
      vertex -13.7741 36.5589 -5.72205e-07
    endloop
  endfacet
  facet normal -0 0 -1
    outer loop
      vertex -2.12132 25.3787 -5.72205e-07
      vertex -4.78907 22.8095 -5.72205e-07
      vertex -2.29813 25.5716 -5.72205e-07
    endloop
  endfacet
  facet normal 0 0 -1
    outer loop
      vertex -3 27.5 -5.72205e-07
      vertex -4.50634 32.7336 -5.72205e-07
      vertex -4.5033 32.8033 -5.72205e-07
    endloop
  endfacet
  facet normal 0 0 -1
    outer loop
      vertex -4.84444 22.852 -5.72205e-07
      vertex -2.29813 25.5716 -5.72205e-07
      vertex -4.78907 22.8095 -5.72205e-07
    endloop
  endfacet
  facet normal 0 0 -1
    outer loop
      vertex -3 27.5 -5.72205e-07
      vertex -4.51545 32.6644 -5.72205e-07
      vertex -4.50634 32.7336 -5.72205e-07
    endloop
  endfacet
  facet normal 0 0 -1
    outer loop
      vertex -4.9033 22.8895 -5.72205e-07
      vertex -2.29813 25.5716 -5.72205e-07
      vertex -4.84444 22.852 -5.72205e-07
    endloop
  endfacet
  facet normal 0 0 -1
    outer loop
      vertex -3 27.5 -5.72205e-07
      vertex -4.53056 32.5962 -5.72205e-07
      vertex -4.51545 32.6644 -5.72205e-07
    endloop
  endfacet
  facet normal -0 0 -1
    outer loop
      vertex -2.29813 25.5716 -5.72205e-07
      vertex -4.9033 22.8895 -5.72205e-07
      vertex -2.45746 25.7793 -5.72205e-07
    endloop
  endfacet
  facet normal 0 0 -1
    outer loop
      vertex -3 27.5 -5.72205e-07
      vertex -4.55155 32.5297 -5.72205e-07
      vertex -4.53056 32.5962 -5.72205e-07
    endloop
  endfacet
  facet normal 0 0 -1
    outer loop
      vertex -4.96521 22.9217 -5.72205e-07
      vertex -2.45746 25.7793 -5.72205e-07
      vertex -4.9033 22.8895 -5.72205e-07
    endloop
  endfacet
  facet normal 0 0 -1
    outer loop
      vertex -3 27.5 -5.72205e-07
      vertex -4.57825 32.4652 -5.72205e-07
      vertex -4.55155 32.5297 -5.72205e-07
    endloop
  endfacet
  facet normal -0 0 -1
    outer loop
      vertex -2.45746 25.7793 -5.72205e-07
      vertex -4.96521 22.9217 -5.72205e-07
      vertex -2.59808 26 -5.72205e-07
    endloop
  endfacet
  facet normal 0 0 -1
    outer loop
      vertex -3 27.5 -5.72205e-07
      vertex -4.61048 32.4033 -5.72205e-07
      vertex -4.57825 32.4652 -5.72205e-07
    endloop
  endfacet
  facet normal 0 0 -1
    outer loop
      vertex -5.02968 22.9485 -5.72205e-07
      vertex -2.59808 26 -5.72205e-07
      vertex -4.96521 22.9217 -5.72205e-07
    endloop
  endfacet
  facet normal 0 0 -1
    outer loop
      vertex -3 27.5 -5.72205e-07
      vertex -4.64798 32.3444 -5.72205e-07
      vertex -4.61048 32.4033 -5.72205e-07
    endloop
  endfacet
  facet normal 0 0 -1
    outer loop
      vertex -5.09624 22.9694 -5.72205e-07
      vertex -2.59808 26 -5.72205e-07
      vertex -5.02968 22.9485 -5.72205e-07
    endloop
  endfacet
  facet normal 0 0 -1
    outer loop
      vertex -3 27.5 -5.72205e-07
      vertex -4.69046 32.2891 -5.72205e-07
      vertex -4.64798 32.3444 -5.72205e-07
    endloop
  endfacet
  facet normal -0 0 -1
    outer loop
      vertex -2.59808 26 -5.72205e-07
      vertex -5.09624 22.9694 -5.72205e-07
      vertex -2.71892 26.2321 -5.72205e-07
    endloop
  endfacet
  facet normal 0 0 -1
    outer loop
      vertex -3 27.5 -5.72205e-07
      vertex -4.73761 32.2376 -5.72205e-07
      vertex -4.69046 32.2891 -5.72205e-07
    endloop
  endfacet
  facet normal 0 0 -1
    outer loop
      vertex -5.16438 22.9845 -5.72205e-07
      vertex -2.71892 26.2321 -5.72205e-07
      vertex -5.09624 22.9694 -5.72205e-07
    endloop
  endfacet
  facet normal 0 0 -1
    outer loop
      vertex -3 27.5 -5.72205e-07
      vertex -4.78907 32.1905 -5.72205e-07
      vertex -4.73761 32.2376 -5.72205e-07
    endloop
  endfacet
  facet normal 0 0 -1
    outer loop
      vertex -5.23358 22.9937 -5.72205e-07
      vertex -2.71892 26.2321 -5.72205e-07
      vertex -5.16438 22.9845 -5.72205e-07
    endloop
  endfacet
  facet normal 0 0 -1
    outer loop
      vertex -3 27.5 -5.72205e-07
      vertex -4.84444 32.148 -5.72205e-07
      vertex -4.78907 32.1905 -5.72205e-07
    endloop
  endfacet
  facet normal -0 0 -1
    outer loop
      vertex -2.71892 26.2321 -5.72205e-07
      vertex -5.23358 22.9937 -5.72205e-07
      vertex -2.81908 26.4739 -5.72205e-07
    endloop
  endfacet
  facet normal 0 0 -1
    outer loop
      vertex -3 27.5 -5.72205e-07
      vertex -4.9033 32.1105 -5.72205e-07
      vertex -4.84444 32.148 -5.72205e-07
    endloop
  endfacet
  facet normal 0 0 -1
    outer loop
      vertex -5.3033 22.9967 -5.72205e-07
      vertex -2.81908 26.4739 -5.72205e-07
      vertex -5.23358 22.9937 -5.72205e-07
    endloop
  endfacet
  facet normal 0 0 -1
    outer loop
      vertex -3 27.5 -5.72205e-07
      vertex -4.96521 32.0783 -5.72205e-07
      vertex -4.9033 32.1105 -5.72205e-07
    endloop
  endfacet
  facet normal 0 0 -1
    outer loop
      vertex -5.37302 22.9937 -5.72205e-07
      vertex -2.81908 26.4739 -5.72205e-07
      vertex -5.3033 22.9967 -5.72205e-07
    endloop
  endfacet
  facet normal 0 0 -1
    outer loop
      vertex -3 27.5 -5.72205e-07
      vertex -5.02968 32.0515 -5.72205e-07
      vertex -4.96521 32.0783 -5.72205e-07
    endloop
  endfacet
  facet normal -0 0 -1
    outer loop
      vertex -2.81908 26.4739 -5.72205e-07
      vertex -5.37302 22.9937 -5.72205e-07
      vertex -2.89778 26.7235 -5.72205e-07
    endloop
  endfacet
  facet normal 0 0 -1
    outer loop
      vertex -3 27.5 -5.72205e-07
      vertex -5.09624 32.0306 -5.72205e-07
      vertex -5.02968 32.0515 -5.72205e-07
    endloop
  endfacet
  facet normal 0 0 -1
    outer loop
      vertex -5.44222 22.9845 -5.72205e-07
      vertex -2.89778 26.7235 -5.72205e-07
      vertex -5.37302 22.9937 -5.72205e-07
    endloop
  endfacet
  facet normal 0 0 -1
    outer loop
      vertex -3 27.5 -5.72205e-07
      vertex -5.16438 32.0155 -5.72205e-07
      vertex -5.09624 32.0306 -5.72205e-07
    endloop
  endfacet
  facet normal -0 0 -1
    outer loop
      vertex -2.89778 26.7235 -5.72205e-07
      vertex -5.44222 22.9845 -5.72205e-07
      vertex -2.95442 26.9791 -5.72205e-07
    endloop
  endfacet
  facet normal 0 0 -1
    outer loop
      vertex -3 27.5 -5.72205e-07
      vertex -5.23358 32.0063 -5.72205e-07
      vertex -5.16438 32.0155 -5.72205e-07
    endloop
  endfacet
  facet normal 0 0 -1
    outer loop
      vertex -5.51036 22.9694 -5.72205e-07
      vertex -2.95442 26.9791 -5.72205e-07
      vertex -5.44222 22.9845 -5.72205e-07
    endloop
  endfacet
  facet normal 0 0 -1
    outer loop
      vertex -3 27.5 -5.72205e-07
      vertex -5.3033 32.0033 -5.72205e-07
      vertex -5.23358 32.0063 -5.72205e-07
    endloop
  endfacet
  facet normal 0 0 -1
    outer loop
      vertex -5.57692 22.9485 -5.72205e-07
      vertex -2.95442 26.9791 -5.72205e-07
      vertex -5.51036 22.9694 -5.72205e-07
    endloop
  endfacet
  facet normal 0 0 -1
    outer loop
      vertex -3 27.5 -5.72205e-07
      vertex -5.37302 32.0063 -5.72205e-07
      vertex -5.3033 32.0033 -5.72205e-07
    endloop
  endfacet
  facet normal -0 0 -1
    outer loop
      vertex -2.95442 26.9791 -5.72205e-07
      vertex -5.57692 22.9485 -5.72205e-07
      vertex -2.98858 27.2385 -5.72205e-07
    endloop
  endfacet
  facet normal 0 0 -1
    outer loop
      vertex -3 27.5 -5.72205e-07
      vertex -5.44222 32.0155 -5.72205e-07
      vertex -5.37302 32.0063 -5.72205e-07
    endloop
  endfacet
  facet normal 0 0 -1
    outer loop
      vertex -5.64139 22.9217 -5.72205e-07
      vertex -2.98858 27.2385 -5.72205e-07
      vertex -5.57692 22.9485 -5.72205e-07
    endloop
  endfacet
  facet normal 0 0 -1
    outer loop
      vertex -3 27.5 -5.72205e-07
      vertex -5.51036 32.0306 -5.72205e-07
      vertex -5.44222 32.0155 -5.72205e-07
    endloop
  endfacet
  facet normal -0 0 -1
    outer loop
      vertex -2.98858 27.2385 -5.72205e-07
      vertex -5.64139 22.9217 -5.72205e-07
      vertex -3 27.5 -5.72205e-07
    endloop
  endfacet
  facet normal 0 0 -1
    outer loop
      vertex -3 27.5 -5.72205e-07
      vertex -5.57692 32.0515 -5.72205e-07
      vertex -5.51036 32.0306 -5.72205e-07
    endloop
  endfacet
  facet normal 0 0 -1
    outer loop
      vertex -5.7033 22.8895 -5.72205e-07
      vertex -3 27.5 -5.72205e-07
      vertex -5.64139 22.9217 -5.72205e-07
    endloop
  endfacet
  facet normal 0 0 -1
    outer loop
      vertex -3 27.5 -5.72205e-07
      vertex -5.64139 32.0783 -5.72205e-07
      vertex -5.57692 32.0515 -5.72205e-07
    endloop
  endfacet
  facet normal 0 0 -1
    outer loop
      vertex -5.7033 32.1105 -5.72205e-07
      vertex -3 27.5 -5.72205e-07
      vertex -5.7033 22.8895 -5.72205e-07
    endloop
  endfacet
  facet normal 0 0 -1
    outer loop
      vertex -3 27.5 -5.72205e-07
      vertex -5.7033 32.1105 -5.72205e-07
      vertex -5.64139 32.0783 -5.72205e-07
    endloop
  endfacet
  facet normal 0 0 -1
    outer loop
      vertex -5.76216 22.852 -5.72205e-07
      vertex -5.7033 32.1105 -5.72205e-07
      vertex -5.7033 22.8895 -5.72205e-07
    endloop
  endfacet
  facet normal 0 0 -1
    outer loop
      vertex -5.76216 22.852 -5.72205e-07
      vertex -5.76216 32.148 -5.72205e-07
      vertex -5.7033 32.1105 -5.72205e-07
    endloop
  endfacet
  facet normal 0 0 -1
    outer loop
      vertex -5.81753 22.8095 -5.72205e-07
      vertex -5.76216 32.148 -5.72205e-07
      vertex -5.76216 22.852 -5.72205e-07
    endloop
  endfacet
  facet normal 0 0 -1
    outer loop
      vertex -5.81753 22.8095 -5.72205e-07
      vertex -5.81753 32.1905 -5.72205e-07
      vertex -5.76216 32.148 -5.72205e-07
    endloop
  endfacet
  facet normal 0 0 -1
    outer loop
      vertex -5.86899 22.7624 -5.72205e-07
      vertex -5.81753 32.1905 -5.72205e-07
      vertex -5.81753 22.8095 -5.72205e-07
    endloop
  endfacet
  facet normal 0 0 -1
    outer loop
      vertex -5.86899 22.7624 -5.72205e-07
      vertex -5.86899 32.2376 -5.72205e-07
      vertex -5.81753 32.1905 -5.72205e-07
    endloop
  endfacet
  facet normal 0 0 -1
    outer loop
      vertex -5.91614 22.7109 -5.72205e-07
      vertex -5.86899 32.2376 -5.72205e-07
      vertex -5.86899 22.7624 -5.72205e-07
    endloop
  endfacet
  facet normal 0 0 -1
    outer loop
      vertex -5.91614 22.7109 -5.72205e-07
      vertex -5.91614 32.2891 -5.72205e-07
      vertex -5.86899 32.2376 -5.72205e-07
    endloop
  endfacet
  facet normal 0 0 -1
    outer loop
      vertex -6.02835 22.5348 -5.72205e-07
      vertex -15.9378 23.2295 -5.72205e-07
      vertex -5.99612 22.5967 -5.72205e-07
    endloop
  endfacet
  facet normal 0 0 -1
    outer loop
      vertex -16.2493 24.6348 -5.72205e-07
      vertex -5.99612 22.5967 -5.72205e-07
      vertex -15.9378 23.2295 -5.72205e-07
    endloop
  endfacet
  facet normal 0 0 -1
    outer loop
      vertex -15.5049 21.8567 -5.72205e-07
      vertex -13.4234 19.75 -5.72205e-07
      vertex -14.9541 20.5268 -5.72205e-07
    endloop
  endfacet
  facet normal 0 0 -1
    outer loop
      vertex -14.9541 20.5268 -5.72205e-07
      vertex -13.4234 19.75 -5.72205e-07
      vertex -14.7323 20.1007 -5.72205e-07
    endloop
  endfacet
  facet normal 0 0 -1
    outer loop
      vertex -13.4234 19.75 -5.72205e-07
      vertex -15.9378 23.2295 -5.72205e-07
      vertex -6.05505 22.4703 -5.72205e-07
    endloop
  endfacet
  facet normal 0 0 -1
    outer loop
      vertex -6.05505 22.4703 -5.72205e-07
      vertex -15.9378 23.2295 -5.72205e-07
      vertex -6.02835 22.5348 -5.72205e-07
    endloop
  endfacet
  facet normal 0 0 -1
    outer loop
      vertex -15.9378 23.2295 -5.72205e-07
      vertex -13.4234 19.75 -5.72205e-07
      vertex -15.5049 21.8567 -5.72205e-07
    endloop
  endfacet
  facet normal 0 0 -1
    outer loop
      vertex -5.95862 32.3444 -5.72205e-07
      vertex -13.4234 35.25 -5.72205e-07
      vertex -5.99612 32.4033 -5.72205e-07
    endloop
  endfacet
  facet normal 0 0 -1
    outer loop
      vertex -13.4234 19.75 -5.72205e-07
      vertex -6.05505 22.4703 -5.72205e-07
      vertex -6.07604 22.4038 -5.72205e-07
    endloop
  endfacet
  facet normal 0 0 -1
    outer loop
      vertex -5.99612 32.4033 -5.72205e-07
      vertex -13.4234 35.25 -5.72205e-07
      vertex -6.02835 32.4652 -5.72205e-07
    endloop
  endfacet
  facet normal 0 0 -1
    outer loop
      vertex -13.4234 19.75 -5.72205e-07
      vertex -6.07604 22.4038 -5.72205e-07
      vertex -6.09115 22.3356 -5.72205e-07
    endloop
  endfacet
  facet normal 0 0 -1
    outer loop
      vertex -6.02835 32.4652 -5.72205e-07
      vertex -13.4234 35.25 -5.72205e-07
      vertex -6.05505 32.5297 -5.72205e-07
    endloop
  endfacet
  facet normal 0 0 -1
    outer loop
      vertex -13.4234 19.75 -5.72205e-07
      vertex -6.09115 22.3356 -5.72205e-07
      vertex -6.10026 22.2664 -5.72205e-07
    endloop
  endfacet
  facet normal 0 0 -1
    outer loop
      vertex -13.4234 35.25 -5.72205e-07
      vertex -6.07604 32.5962 -5.72205e-07
      vertex -6.05505 32.5297 -5.72205e-07
    endloop
  endfacet
  facet normal 0 0 -1
    outer loop
      vertex -13.4234 19.75 -5.72205e-07
      vertex -6.10026 22.2664 -5.72205e-07
      vertex -6.1033 22.1967 -5.72205e-07
    endloop
  endfacet
  facet normal 0 0 -1
    outer loop
      vertex -13.4234 35.25 -5.72205e-07
      vertex -6.09115 32.6644 -5.72205e-07
      vertex -6.07604 32.5962 -5.72205e-07
    endloop
  endfacet
  facet normal -0 0 -1
    outer loop
      vertex -1.4913 37.3702 -5.72205e-07
      vertex -4.78907 33.4161 -5.72205e-07
      vertex -1.67125 37.5083 -5.72205e-07
    endloop
  endfacet
  facet normal 0 0 -1
    outer loop
      vertex -4.84444 33.4586 -5.72205e-07
      vertex -1.67125 37.5083 -5.72205e-07
      vertex -4.78907 33.4161 -5.72205e-07
    endloop
  endfacet
  facet normal 0 0 -1
    outer loop
      vertex -4.9033 33.4961 -5.72205e-07
      vertex -1.67125 37.5083 -5.72205e-07
      vertex -4.84444 33.4586 -5.72205e-07
    endloop
  endfacet
  facet normal -0 0 -1
    outer loop
      vertex -1.67125 37.5083 -5.72205e-07
      vertex -4.9033 33.4961 -5.72205e-07
      vertex -1.83848 37.6615 -5.72205e-07
    endloop
  endfacet
  facet normal 0 0 -1
    outer loop
      vertex -4.96521 33.5283 -5.72205e-07
      vertex -1.83848 37.6615 -5.72205e-07
      vertex -4.9033 33.4961 -5.72205e-07
    endloop
  endfacet
  facet normal -0 0 -1
    outer loop
      vertex -1.83848 37.6615 -5.72205e-07
      vertex -4.96521 33.5283 -5.72205e-07
      vertex -1.99172 37.8288 -5.72205e-07
    endloop
  endfacet
  facet normal 0 0 -1
    outer loop
      vertex -5.02968 33.5551 -5.72205e-07
      vertex -1.99172 37.8288 -5.72205e-07
      vertex -4.96521 33.5283 -5.72205e-07
    endloop
  endfacet
  facet normal 0 0 -1
    outer loop
      vertex -5.09624 33.576 -5.72205e-07
      vertex -1.99172 37.8288 -5.72205e-07
      vertex -5.02968 33.5551 -5.72205e-07
    endloop
  endfacet
  facet normal -0 0 -1
    outer loop
      vertex -1.99172 37.8288 -5.72205e-07
      vertex -5.09624 33.576 -5.72205e-07
      vertex -2.1298 38.0087 -5.72205e-07
    endloop
  endfacet
  facet normal 0 0 -1
    outer loop
      vertex -5.16438 33.5911 -5.72205e-07
      vertex -2.1298 38.0087 -5.72205e-07
      vertex -5.09624 33.576 -5.72205e-07
    endloop
  endfacet
  facet normal -0 0 -1
    outer loop
      vertex -2.1298 38.0087 -5.72205e-07
      vertex -5.16438 33.5911 -5.72205e-07
      vertex -2.25167 38.2 -5.72205e-07
    endloop
  endfacet
  facet normal 0 0 -1
    outer loop
      vertex -5.23358 33.6003 -5.72205e-07
      vertex -2.25167 38.2 -5.72205e-07
      vertex -5.16438 33.5911 -5.72205e-07
    endloop
  endfacet
  facet normal -0 0 -1
    outer loop
      vertex -2.25167 38.2 -5.72205e-07
      vertex -5.23358 33.6003 -5.72205e-07
      vertex -2.3564 38.4012 -5.72205e-07
    endloop
  endfacet
  facet normal 0 0 -1
    outer loop
      vertex -5.3033 33.6033 -5.72205e-07
      vertex -2.3564 38.4012 -5.72205e-07
      vertex -5.23358 33.6003 -5.72205e-07
    endloop
  endfacet
  facet normal 0 0 -1
    outer loop
      vertex -5.37302 33.6003 -5.72205e-07
      vertex -2.3564 38.4012 -5.72205e-07
      vertex -5.3033 33.6033 -5.72205e-07
    endloop
  endfacet
  facet normal -0 0 -1
    outer loop
      vertex -2.3564 38.4012 -5.72205e-07
      vertex -5.37302 33.6003 -5.72205e-07
      vertex -2.4432 38.6107 -5.72205e-07
    endloop
  endfacet
  facet normal 0 0 -1
    outer loop
      vertex -5.44222 33.5911 -5.72205e-07
      vertex -2.4432 38.6107 -5.72205e-07
      vertex -5.37302 33.6003 -5.72205e-07
    endloop
  endfacet
  facet normal -0 0 -1
    outer loop
      vertex -2.4432 38.6107 -5.72205e-07
      vertex -5.44222 33.5911 -5.72205e-07
      vertex -2.51141 38.8271 -5.72205e-07
    endloop
  endfacet
  facet normal 0 0 -1
    outer loop
      vertex -5.51036 33.576 -5.72205e-07
      vertex -2.51141 38.8271 -5.72205e-07
      vertex -5.44222 33.5911 -5.72205e-07
    endloop
  endfacet
  facet normal 0 0 -1
    outer loop
      vertex -9.46401 41.016 -5.72205e-07
      vertex -2.51141 38.8271 -5.72205e-07
      vertex -5.51036 33.576 -5.72205e-07
    endloop
  endfacet
  facet normal 0 -0 -1
    outer loop
      vertex -8.25 41.7894 -5.72205e-07
      vertex -2.51141 38.8271 -5.72205e-07
      vertex -9.46401 41.016 -5.72205e-07
    endloop
  endfacet
  facet normal 0 0 -1
    outer loop
      vertex -2.51141 38.8271 -5.72205e-07
      vertex -8.25 41.7894 -5.72205e-07
      vertex -2.5605 39.0485 -5.72205e-07
    endloop
  endfacet
  facet normal 0 0 -1
    outer loop
      vertex -9.46401 41.016 -5.72205e-07
      vertex -5.51036 33.576 -5.72205e-07
      vertex -5.57692 33.5551 -5.72205e-07
    endloop
  endfacet
  facet normal 0 0 -1
    outer loop
      vertex -9.46401 41.016 -5.72205e-07
      vertex -5.57692 33.5551 -5.72205e-07
      vertex -5.64139 33.5283 -5.72205e-07
    endloop
  endfacet
  facet normal 0 0 -1
    outer loop
      vertex -2.59011 39.2734 -5.72205e-07
      vertex -5.64333 43.0049 -5.72205e-07
      vertex -4.27051 43.4378 -5.72205e-07
    endloop
  endfacet
  facet normal 0 0 -1
    outer loop
      vertex -10.606 40.1397 -5.72205e-07
      vertex -5.64139 33.5283 -5.72205e-07
      vertex -5.7033 33.4961 -5.72205e-07
    endloop
  endfacet
  facet normal 0 0 -1
    outer loop
      vertex -10.606 40.1397 -5.72205e-07
      vertex -5.7033 33.4961 -5.72205e-07
      vertex -5.76216 33.4586 -5.72205e-07
    endloop
  endfacet
  facet normal 0 0 -1
    outer loop
      vertex -10.606 40.1397 -5.72205e-07
      vertex -5.76216 33.4586 -5.72205e-07
      vertex -5.81753 33.4161 -5.72205e-07
    endloop
  endfacet
  facet normal 0 0 -1
    outer loop
      vertex -11.6673 39.1673 -5.72205e-07
      vertex -5.81753 33.4161 -5.72205e-07
      vertex -5.86899 33.369 -5.72205e-07
    endloop
  endfacet
  facet normal 0 0 -1
    outer loop
      vertex -11.6673 39.1673 -5.72205e-07
      vertex -5.86899 33.369 -5.72205e-07
      vertex -5.91614 33.3175 -5.72205e-07
    endloop
  endfacet
  facet normal 0 0 -1
    outer loop
      vertex -12.6397 38.106 -5.72205e-07
      vertex -5.91614 33.3175 -5.72205e-07
      vertex -5.95862 33.2622 -5.72205e-07
    endloop
  endfacet
  facet normal 0 0 -1
    outer loop
      vertex -13.4234 35.25 -5.72205e-07
      vertex -5.95862 33.2622 -5.72205e-07
      vertex -5.99612 33.2033 -5.72205e-07
    endloop
  endfacet
  facet normal 0 0 -1
    outer loop
      vertex -13.4234 35.25 -5.72205e-07
      vertex -5.99612 33.2033 -5.72205e-07
      vertex -6.02835 33.1414 -5.72205e-07
    endloop
  endfacet
  facet normal 0 0 -1
    outer loop
      vertex -13.4234 35.25 -5.72205e-07
      vertex -6.02835 33.1414 -5.72205e-07
      vertex -6.05505 33.0769 -5.72205e-07
    endloop
  endfacet
  facet normal 0 0 -1
    outer loop
      vertex -13.4234 35.25 -5.72205e-07
      vertex -6.05505 33.0769 -5.72205e-07
      vertex -6.07604 33.0104 -5.72205e-07
    endloop
  endfacet
  facet normal 0 0 -1
    outer loop
      vertex -13.4234 35.25 -5.72205e-07
      vertex -6.07604 33.0104 -5.72205e-07
      vertex -6.09115 32.9422 -5.72205e-07
    endloop
  endfacet
  facet normal 0 0 -1
    outer loop
      vertex -13.4234 35.25 -5.72205e-07
      vertex -6.09115 32.9422 -5.72205e-07
      vertex -6.10026 32.873 -5.72205e-07
    endloop
  endfacet
  facet normal 0 0 -1
    outer loop
      vertex -2.59011 39.2734 -5.72205e-07
      vertex -6.9732 42.4541 -5.72205e-07
      vertex -5.64333 43.0049 -5.72205e-07
    endloop
  endfacet
  facet normal 0 0 -1
    outer loop
      vertex -13.4234 35.25 -5.72205e-07
      vertex -6.10026 32.873 -5.72205e-07
      vertex -6.1033 32.8033 -5.72205e-07
    endloop
  endfacet
  facet normal -0 0 -1
    outer loop
      vertex -6.02835 21.8586 -5.72205e-07
      vertex -13.4234 19.75 -5.72205e-07
      vertex -6.05505 21.9231 -5.72205e-07
    endloop
  endfacet
  facet normal 0 0 -1
    outer loop
      vertex -13.4234 35.25 -5.72205e-07
      vertex -6.10026 32.7336 -5.72205e-07
      vertex -6.09115 32.6644 -5.72205e-07
    endloop
  endfacet
  facet normal 0 0 -1
    outer loop
      vertex -13.4234 35.25 -5.72205e-07
      vertex -6.1033 32.8033 -5.72205e-07
      vertex -6.10026 32.7336 -5.72205e-07
    endloop
  endfacet
  facet normal -0 0 -1
    outer loop
      vertex -6.05505 21.9231 -5.72205e-07
      vertex -13.4234 19.75 -5.72205e-07
      vertex -6.07604 21.9896 -5.72205e-07
    endloop
  endfacet
  facet normal 0 0 -1
    outer loop
      vertex -2.59011 39.2734 -5.72205e-07
      vertex -8.25 41.7894 -5.72205e-07
      vertex -6.9732 42.4541 -5.72205e-07
    endloop
  endfacet
  facet normal -0 0 -1
    outer loop
      vertex -6.07604 21.9896 -5.72205e-07
      vertex -13.4234 19.75 -5.72205e-07
      vertex -6.09115 22.0578 -5.72205e-07
    endloop
  endfacet
  facet normal 0 0 -1
    outer loop
      vertex -2.5605 39.0485 -5.72205e-07
      vertex -8.25 41.7894 -5.72205e-07
      vertex -2.59011 39.2734 -5.72205e-07
    endloop
  endfacet
  facet normal -0 0 -1
    outer loop
      vertex -6.09115 22.0578 -5.72205e-07
      vertex -13.4234 19.75 -5.72205e-07
      vertex -6.10026 22.127 -5.72205e-07
    endloop
  endfacet
  facet normal 0 0 -1
    outer loop
      vertex -5.64139 33.5283 -5.72205e-07
      vertex -10.606 40.1397 -5.72205e-07
      vertex -9.46401 41.016 -5.72205e-07
    endloop
  endfacet
  facet normal -0 0 -1
    outer loop
      vertex -6.10026 22.127 -5.72205e-07
      vertex -13.4234 19.75 -5.72205e-07
      vertex -6.1033 22.1967 -5.72205e-07
    endloop
  endfacet
  facet normal 0 0 -1
    outer loop
      vertex -5.81753 33.4161 -5.72205e-07
      vertex -11.6673 39.1673 -5.72205e-07
      vertex -10.606 40.1397 -5.72205e-07
    endloop
  endfacet
  facet normal 0 0 -1
    outer loop
      vertex -5.91614 33.3175 -5.72205e-07
      vertex -12.6397 38.106 -5.72205e-07
      vertex -11.6673 39.1673 -5.72205e-07
    endloop
  endfacet
  facet normal 0 0 -1
    outer loop
      vertex -13.516 18.036 -5.72205e-07
      vertex -13.4234 19.75 -5.72205e-07
      vertex -12.6397 16.894 -5.72205e-07
    endloop
  endfacet
  facet normal 0 0 -1
    outer loop
      vertex -13.4234 19.75 -5.72205e-07
      vertex -13.516 18.036 -5.72205e-07
      vertex -13.7741 18.4411 -5.72205e-07
    endloop
  endfacet
  facet normal -0 0 -1
    outer loop
      vertex 4.55155 32.5297 -5.72205e-07
      vertex 1.5 30.0981 -5.72205e-07
      vertex 4.53056 32.5962 -5.72205e-07
    endloop
  endfacet
  facet normal 0 0 -1
    outer loop
      vertex 4.51545 32.9422 -5.72205e-07
      vertex 2.59011 39.2734 -5.72205e-07
      vertex 2.6 39.5 -5.72205e-07
    endloop
  endfacet
  facet normal 0 0 -1
    outer loop
      vertex 4.51545 32.9422 -5.72205e-07
      vertex 2.5605 39.0485 -5.72205e-07
      vertex 2.59011 39.2734 -5.72205e-07
    endloop
  endfacet
  facet normal 0 0 -1
    outer loop
      vertex 4.51545 32.9422 -5.72205e-07
      vertex 2.51141 38.8271 -5.72205e-07
      vertex 2.5605 39.0485 -5.72205e-07
    endloop
  endfacet
  facet normal 0 0 -1
    outer loop
      vertex 1.26785 30.2189 -5.72205e-07
      vertex 4.53056 32.5962 -5.72205e-07
      vertex 1.5 30.0981 -5.72205e-07
    endloop
  endfacet
  facet normal 0 0 -1
    outer loop
      vertex 4.51545 32.9422 -5.72205e-07
      vertex 2.4432 38.6107 -5.72205e-07
      vertex 2.51141 38.8271 -5.72205e-07
    endloop
  endfacet
  facet normal 0 0 -1
    outer loop
      vertex 4.51545 32.9422 -5.72205e-07
      vertex 2.3564 38.4012 -5.72205e-07
      vertex 2.4432 38.6107 -5.72205e-07
    endloop
  endfacet
  facet normal -0 0 -1
    outer loop
      vertex 4.53056 32.5962 -5.72205e-07
      vertex 1.26785 30.2189 -5.72205e-07
      vertex 4.51545 32.6644 -5.72205e-07
    endloop
  endfacet
  facet normal 0 0 -1
    outer loop
      vertex 4.51545 32.9422 -5.72205e-07
      vertex 2.25167 38.2 -5.72205e-07
      vertex 2.3564 38.4012 -5.72205e-07
    endloop
  endfacet
  facet normal 0 0 -1
    outer loop
      vertex 4.51545 32.9422 -5.72205e-07
      vertex 2.1298 38.0087 -5.72205e-07
      vertex 2.25167 38.2 -5.72205e-07
    endloop
  endfacet
  facet normal -0 0 -1
    outer loop
      vertex 4.51545 32.6644 -5.72205e-07
      vertex 1.26785 30.2189 -5.72205e-07
      vertex 4.50634 32.7336 -5.72205e-07
    endloop
  endfacet
  facet normal 0 0 -1
    outer loop
      vertex 4.51545 32.9422 -5.72205e-07
      vertex 1.99172 37.8288 -5.72205e-07
      vertex 2.1298 38.0087 -5.72205e-07
    endloop
  endfacet
  facet normal 0 0 -1
    outer loop
      vertex 1.02606 30.3191 -5.72205e-07
      vertex 4.50634 32.7336 -5.72205e-07
      vertex 1.26785 30.2189 -5.72205e-07
    endloop
  endfacet
  facet normal 0 0 -1
    outer loop
      vertex 4.51545 32.9422 -5.72205e-07
      vertex 1.83848 37.6615 -5.72205e-07
      vertex 1.99172 37.8288 -5.72205e-07
    endloop
  endfacet
  facet normal -0 0 -1
    outer loop
      vertex 4.50634 32.7336 -5.72205e-07
      vertex 1.02606 30.3191 -5.72205e-07
      vertex 4.5033 32.8033 -5.72205e-07
    endloop
  endfacet
  facet normal 0 0 -1
    outer loop
      vertex 4.51545 32.9422 -5.72205e-07
      vertex 1.67125 37.5083 -5.72205e-07
      vertex 1.83848 37.6615 -5.72205e-07
    endloop
  endfacet
  facet normal -0 0 -1
    outer loop
      vertex 4.5033 32.8033 -5.72205e-07
      vertex 1.02606 30.3191 -5.72205e-07
      vertex 4.50634 32.873 -5.72205e-07
    endloop
  endfacet
  facet normal 0 0 -1
    outer loop
      vertex 4.51545 32.9422 -5.72205e-07
      vertex 1.4913 37.3702 -5.72205e-07
      vertex 1.67125 37.5083 -5.72205e-07
    endloop
  endfacet
  facet normal 0 0 -1
    outer loop
      vertex 4.51545 32.9422 -5.72205e-07
      vertex 1.3 37.2483 -5.72205e-07
      vertex 1.4913 37.3702 -5.72205e-07
    endloop
  endfacet
  facet normal 0 0 -1
    outer loop
      vertex 0.776457 30.3978 -5.72205e-07
      vertex 4.50634 32.873 -5.72205e-07
      vertex 1.02606 30.3191 -5.72205e-07
    endloop
  endfacet
  facet normal 0 0 -1
    outer loop
      vertex 4.51545 32.9422 -5.72205e-07
      vertex 1.09881 37.1436 -5.72205e-07
      vertex 1.3 37.2483 -5.72205e-07
    endloop
  endfacet
  facet normal -0 0 -1
    outer loop
      vertex 4.50634 32.873 -5.72205e-07
      vertex 0.776457 30.3978 -5.72205e-07
      vertex 4.51545 32.9422 -5.72205e-07
    endloop
  endfacet
  facet normal 0 0 -1
    outer loop
      vertex 4.51545 32.9422 -5.72205e-07
      vertex 0.889252 37.0568 -5.72205e-07
      vertex 1.09881 37.1436 -5.72205e-07
    endloop
  endfacet
  facet normal 0 0 -1
    outer loop
      vertex 0.520944 30.4544 -5.72205e-07
      vertex 4.51545 32.9422 -5.72205e-07
      vertex 0.776457 30.3978 -5.72205e-07
    endloop
  endfacet
  facet normal 0 0 -1
    outer loop
      vertex 4.51545 32.9422 -5.72205e-07
      vertex 0.672929 36.9886 -5.72205e-07
      vertex 0.889252 37.0568 -5.72205e-07
    endloop
  endfacet
  facet normal -0 0 -1
    outer loop
      vertex 4.51545 32.9422 -5.72205e-07
      vertex 0.520944 30.4544 -5.72205e-07
      vertex 0.672929 36.9886 -5.72205e-07
    endloop
  endfacet
  facet normal 0 0 -1
    outer loop
      vertex 0.520944 30.4544 -5.72205e-07
      vertex 0.451485 36.9395 -5.72205e-07
      vertex 0.672929 36.9886 -5.72205e-07
    endloop
  endfacet
  facet normal 0 0 -1
    outer loop
      vertex 0.261467 30.4886 -5.72205e-07
      vertex 0.451485 36.9395 -5.72205e-07
      vertex 0.520944 30.4544 -5.72205e-07
    endloop
  endfacet
  facet normal 0 0 -1
    outer loop
      vertex 0.261467 30.4886 -5.72205e-07
      vertex 0.226604 36.9099 -5.72205e-07
      vertex 0.451485 36.9395 -5.72205e-07
    endloop
  endfacet
  facet normal 0 0 -1
    outer loop
      vertex 0 30.5 -5.72205e-07
      vertex 0.226604 36.9099 -5.72205e-07
      vertex 0.261467 30.4886 -5.72205e-07
    endloop
  endfacet
  facet normal 0 0 -1
    outer loop
      vertex 0 30.5 -5.72205e-07
      vertex 0 36.9 -5.72205e-07
      vertex 0.226604 36.9099 -5.72205e-07
    endloop
  endfacet
  facet normal 0 0 -1
    outer loop
      vertex 0 30.5 -5.72205e-07
      vertex -0.226604 36.9099 -5.72205e-07
      vertex 0 36.9 -5.72205e-07
    endloop
  endfacet
  facet normal 0 0 -1
    outer loop
      vertex -0.261467 30.4886 -5.72205e-07
      vertex -0.226604 36.9099 -5.72205e-07
      vertex 0 30.5 -5.72205e-07
    endloop
  endfacet
  facet normal 0 0 -1
    outer loop
      vertex -0.261467 30.4886 -5.72205e-07
      vertex -0.451485 36.9395 -5.72205e-07
      vertex -0.226604 36.9099 -5.72205e-07
    endloop
  endfacet
  facet normal 0 0 -1
    outer loop
      vertex -0.520944 30.4544 -5.72205e-07
      vertex -0.451485 36.9395 -5.72205e-07
      vertex -0.261467 30.4886 -5.72205e-07
    endloop
  endfacet
  facet normal 0 0 -1
    outer loop
      vertex -0.520944 30.4544 -5.72205e-07
      vertex -0.672929 36.9886 -5.72205e-07
      vertex -0.451485 36.9395 -5.72205e-07
    endloop
  endfacet
  facet normal 0 0 -1
    outer loop
      vertex -1.02606 30.3191 -5.72205e-07
      vertex -4.50634 32.873 -5.72205e-07
      vertex -0.776457 30.3978 -5.72205e-07
    endloop
  endfacet
  facet normal 0 0 -1
    outer loop
      vertex -4.51545 32.9422 -5.72205e-07
      vertex -0.776457 30.3978 -5.72205e-07
      vertex -4.50634 32.873 -5.72205e-07
    endloop
  endfacet
  facet normal 0 0 -1
    outer loop
      vertex -4.50634 32.873 -5.72205e-07
      vertex -1.02606 30.3191 -5.72205e-07
      vertex -4.5033 32.8033 -5.72205e-07
    endloop
  endfacet
  facet normal 0 0 -1
    outer loop
      vertex -0.776457 30.3978 -5.72205e-07
      vertex -4.51545 32.9422 -5.72205e-07
      vertex -0.520944 30.4544 -5.72205e-07
    endloop
  endfacet
  facet normal 0 0 -1
    outer loop
      vertex -4.5033 32.8033 -5.72205e-07
      vertex -1.02606 30.3191 -5.72205e-07
      vertex -1.26785 30.2189 -5.72205e-07
    endloop
  endfacet
  facet normal 0 0 -1
    outer loop
      vertex -0.520944 30.4544 -5.72205e-07
      vertex -4.51545 32.9422 -5.72205e-07
      vertex -0.672929 36.9886 -5.72205e-07
    endloop
  endfacet
  facet normal 0 0 -1
    outer loop
      vertex -4.5033 32.8033 -5.72205e-07
      vertex -1.26785 30.2189 -5.72205e-07
      vertex -1.5 30.0981 -5.72205e-07
    endloop
  endfacet
  facet normal 0 0 -1
    outer loop
      vertex -4.53056 33.0104 -5.72205e-07
      vertex -0.672929 36.9886 -5.72205e-07
      vertex -4.51545 32.9422 -5.72205e-07
    endloop
  endfacet
  facet normal 0 0 -1
    outer loop
      vertex -4.5033 32.8033 -5.72205e-07
      vertex -1.5 30.0981 -5.72205e-07
      vertex -1.72073 29.9575 -5.72205e-07
    endloop
  endfacet
  facet normal 0 0 -1
    outer loop
      vertex -4.55155 33.0769 -5.72205e-07
      vertex -0.672929 36.9886 -5.72205e-07
      vertex -4.53056 33.0104 -5.72205e-07
    endloop
  endfacet
  facet normal 0 0 -1
    outer loop
      vertex -4.5033 32.8033 -5.72205e-07
      vertex -1.72073 29.9575 -5.72205e-07
      vertex -1.92836 29.7981 -5.72205e-07
    endloop
  endfacet
  facet normal -0 0 -1
    outer loop
      vertex -0.672929 36.9886 -5.72205e-07
      vertex -4.55155 33.0769 -5.72205e-07
      vertex -0.889252 37.0568 -5.72205e-07
    endloop
  endfacet
  facet normal 0 0 -1
    outer loop
      vertex -4.5033 32.8033 -5.72205e-07
      vertex -1.92836 29.7981 -5.72205e-07
      vertex -2.12132 29.6213 -5.72205e-07
    endloop
  endfacet
  facet normal 0 0 -1
    outer loop
      vertex -4.57825 33.1414 -5.72205e-07
      vertex -0.889252 37.0568 -5.72205e-07
      vertex -4.55155 33.0769 -5.72205e-07
    endloop
  endfacet
  facet normal 0 0 -1
    outer loop
      vertex -4.5033 32.8033 -5.72205e-07
      vertex -2.12132 29.6213 -5.72205e-07
      vertex -2.29813 29.4284 -5.72205e-07
    endloop
  endfacet
  facet normal -0 0 -1
    outer loop
      vertex -0.889252 37.0568 -5.72205e-07
      vertex -4.57825 33.1414 -5.72205e-07
      vertex -1.09881 37.1436 -5.72205e-07
    endloop
  endfacet
  facet normal 0 0 -1
    outer loop
      vertex -4.5033 32.8033 -5.72205e-07
      vertex -2.29813 29.4284 -5.72205e-07
      vertex -2.45746 29.2207 -5.72205e-07
    endloop
  endfacet
  facet normal 0 0 -1
    outer loop
      vertex -4.61048 33.2033 -5.72205e-07
      vertex -1.09881 37.1436 -5.72205e-07
      vertex -4.57825 33.1414 -5.72205e-07
    endloop
  endfacet
  facet normal 0 0 -1
    outer loop
      vertex -4.5033 32.8033 -5.72205e-07
      vertex -2.45746 29.2207 -5.72205e-07
      vertex -2.59808 29 -5.72205e-07
    endloop
  endfacet
  facet normal 0 0 -1
    outer loop
      vertex -4.64798 33.2622 -5.72205e-07
      vertex -1.09881 37.1436 -5.72205e-07
      vertex -4.61048 33.2033 -5.72205e-07
    endloop
  endfacet
  facet normal 0 0 -1
    outer loop
      vertex -4.5033 32.8033 -5.72205e-07
      vertex -2.59808 29 -5.72205e-07
      vertex -2.71892 28.7679 -5.72205e-07
    endloop
  endfacet
  facet normal -0 0 -1
    outer loop
      vertex -1.09881 37.1436 -5.72205e-07
      vertex -4.64798 33.2622 -5.72205e-07
      vertex -1.3 37.2483 -5.72205e-07
    endloop
  endfacet
  facet normal 0 0 -1
    outer loop
      vertex -4.5033 32.8033 -5.72205e-07
      vertex -2.71892 28.7679 -5.72205e-07
      vertex -2.81908 28.5261 -5.72205e-07
    endloop
  endfacet
  facet normal 0 0 -1
    outer loop
      vertex -4.69046 33.3175 -5.72205e-07
      vertex -1.3 37.2483 -5.72205e-07
      vertex -4.64798 33.2622 -5.72205e-07
    endloop
  endfacet
  facet normal -0 0 -1
    outer loop
      vertex -1.3 37.2483 -5.72205e-07
      vertex -4.69046 33.3175 -5.72205e-07
      vertex -1.4913 37.3702 -5.72205e-07
    endloop
  endfacet
  facet normal 0 0 -1
    outer loop
      vertex -4.73761 33.369 -5.72205e-07
      vertex -1.4913 37.3702 -5.72205e-07
      vertex -4.69046 33.3175 -5.72205e-07
    endloop
  endfacet
  facet normal -0 0 -1
    outer loop
      vertex 4.64798 32.3444 -5.72205e-07
      vertex 1.92836 29.7981 -5.72205e-07
      vertex 4.61048 32.4033 -5.72205e-07
    endloop
  endfacet
  facet normal 0 0 -1
    outer loop
      vertex 1.72073 29.9575 -5.72205e-07
      vertex 4.61048 32.4033 -5.72205e-07
      vertex 1.92836 29.7981 -5.72205e-07
    endloop
  endfacet
  facet normal -0 0 -1
    outer loop
      vertex 4.61048 32.4033 -5.72205e-07
      vertex 1.72073 29.9575 -5.72205e-07
      vertex 4.57825 32.4652 -5.72205e-07
    endloop
  endfacet
  facet normal -0 0 -1
    outer loop
      vertex 4.57825 32.4652 -5.72205e-07
      vertex 1.72073 29.9575 -5.72205e-07
      vertex 4.55155 32.5297 -5.72205e-07
    endloop
  endfacet
  facet normal 0 0 -1
    outer loop
      vertex 4.51545 32.9422 -5.72205e-07
      vertex 2.6 39.5 -5.72205e-07
      vertex 4.27051 43.4378 -5.72205e-07
    endloop
  endfacet
  facet normal 0 0 -1
    outer loop
      vertex 1.5 30.0981 -5.72205e-07
      vertex 4.55155 32.5297 -5.72205e-07
      vertex 1.72073 29.9575 -5.72205e-07
    endloop
  endfacet
  facet normal 0 0 -1
    outer loop
      vertex 2.59011 39.7266 -5.72205e-07
      vertex 4.27051 43.4378 -5.72205e-07
      vertex 2.6 39.5 -5.72205e-07
    endloop
  endfacet
  facet normal 0 0 -1
    outer loop
      vertex 2.5605 39.9515 -5.72205e-07
      vertex 4.27051 43.4378 -5.72205e-07
      vertex 2.59011 39.7266 -5.72205e-07
    endloop
  endfacet
  facet normal 0 0 -1
    outer loop
      vertex 2.51141 40.1729 -5.72205e-07
      vertex 4.27051 43.4378 -5.72205e-07
      vertex 2.5605 39.9515 -5.72205e-07
    endloop
  endfacet
  facet normal 0 0 -1
    outer loop
      vertex 2.4432 40.3893 -5.72205e-07
      vertex 4.27051 43.4378 -5.72205e-07
      vertex 2.51141 40.1729 -5.72205e-07
    endloop
  endfacet
  facet normal 0 0 -1
    outer loop
      vertex 2.3564 40.5988 -5.72205e-07
      vertex 4.27051 43.4378 -5.72205e-07
      vertex 2.4432 40.3893 -5.72205e-07
    endloop
  endfacet
  facet normal 0 0 -1
    outer loop
      vertex 2.25167 40.8 -5.72205e-07
      vertex 4.27051 43.4378 -5.72205e-07
      vertex 2.3564 40.5988 -5.72205e-07
    endloop
  endfacet
  facet normal 0 0 -1
    outer loop
      vertex 2.1298 40.9913 -5.72205e-07
      vertex 4.27051 43.4378 -5.72205e-07
      vertex 2.25167 40.8 -5.72205e-07
    endloop
  endfacet
  facet normal 0 0 -1
    outer loop
      vertex 1.99172 41.1712 -5.72205e-07
      vertex 4.27051 43.4378 -5.72205e-07
      vertex 2.1298 40.9913 -5.72205e-07
    endloop
  endfacet
  facet normal -0 0 -1
    outer loop
      vertex 4.27051 43.4378 -5.72205e-07
      vertex 1.99172 41.1712 -5.72205e-07
      vertex 2.86519 43.7493 -5.72205e-07
    endloop
  endfacet
  facet normal 0 0 -1
    outer loop
      vertex 1.83848 41.3385 -5.72205e-07
      vertex 2.86519 43.7493 -5.72205e-07
      vertex 1.99172 41.1712 -5.72205e-07
    endloop
  endfacet
  facet normal 0 0 -1
    outer loop
      vertex 1.67125 41.4917 -5.72205e-07
      vertex 2.86519 43.7493 -5.72205e-07
      vertex 1.83848 41.3385 -5.72205e-07
    endloop
  endfacet
  facet normal 0 0 -1
    outer loop
      vertex 1.4913 41.6298 -5.72205e-07
      vertex 2.86519 43.7493 -5.72205e-07
      vertex 1.67125 41.4917 -5.72205e-07
    endloop
  endfacet
  facet normal 0 0 -1
    outer loop
      vertex 1.3 41.7517 -5.72205e-07
      vertex 2.86519 43.7493 -5.72205e-07
      vertex 1.4913 41.6298 -5.72205e-07
    endloop
  endfacet
  facet normal -0 0 -1
    outer loop
      vertex 2.86519 43.7493 -5.72205e-07
      vertex 1.3 41.7517 -5.72205e-07
      vertex 1.43807 43.9372 -5.72205e-07
    endloop
  endfacet
  facet normal 0 0 -1
    outer loop
      vertex 1.09881 41.8564 -5.72205e-07
      vertex 1.43807 43.9372 -5.72205e-07
      vertex 1.3 41.7517 -5.72205e-07
    endloop
  endfacet
  facet normal 0 0 -1
    outer loop
      vertex 0.889252 41.9432 -5.72205e-07
      vertex 1.43807 43.9372 -5.72205e-07
      vertex 1.09881 41.8564 -5.72205e-07
    endloop
  endfacet
  facet normal -0 0 -1
    outer loop
      vertex 1.43807 43.9372 -5.72205e-07
      vertex 0.889252 41.9432 -5.72205e-07
      vertex 0.958165 43.9582 -5.72205e-07
    endloop
  endfacet
  facet normal 0 0 -1
    outer loop
      vertex 0.672929 42.0114 -5.72205e-07
      vertex 0.958165 43.9582 -5.72205e-07
      vertex 0.889252 41.9432 -5.72205e-07
    endloop
  endfacet
  facet normal 0 0 -1
    outer loop
      vertex 0 43 -5.72205e-07
      vertex 0.672929 42.0114 -5.72205e-07
      vertex 0.451485 42.0605 -5.72205e-07
    endloop
  endfacet
  facet normal 0 0 -1
    outer loop
      vertex 0 43 -5.72205e-07
      vertex 0.451485 42.0605 -5.72205e-07
      vertex 0.226604 42.0901 -5.72205e-07
    endloop
  endfacet
  facet normal 0 0 -1
    outer loop
      vertex 0 43 -5.72205e-07
      vertex 0.226604 42.0901 -5.72205e-07
      vertex 0 42.1 -5.72205e-07
    endloop
  endfacet
  facet normal 0 0 -1
    outer loop
      vertex 0.672929 42.0114 -5.72205e-07
      vertex 0 43 -5.72205e-07
      vertex 0.958165 43.9582 -5.72205e-07
    endloop
  endfacet
  facet normal 0 0 -1
    outer loop
      vertex -0.226604 42.0901 -5.72205e-07
      vertex 0 43 -5.72205e-07
      vertex 0 42.1 -5.72205e-07
    endloop
  endfacet
  facet normal 0 0 -1
    outer loop
      vertex -0.451485 42.0605 -5.72205e-07
      vertex 0 43 -5.72205e-07
      vertex -0.226604 42.0901 -5.72205e-07
    endloop
  endfacet
  facet normal 0 0 -1
    outer loop
      vertex -0.672929 42.0114 -5.72205e-07
      vertex 0 43 -5.72205e-07
      vertex -0.451485 42.0605 -5.72205e-07
    endloop
  endfacet
  facet normal 0 0 -1
    outer loop
      vertex -0.958165 43.9582 -5.72205e-07
      vertex -0.672929 42.0114 -5.72205e-07
      vertex -0.889252 41.9432 -5.72205e-07
    endloop
  endfacet
  facet normal 0 0 -1
    outer loop
      vertex -0.672929 42.0114 -5.72205e-07
      vertex -0.958165 43.9582 -5.72205e-07
      vertex 0 43 -5.72205e-07
    endloop
  endfacet
  facet normal 0 0 -1
    outer loop
      vertex -1.43807 43.9372 -5.72205e-07
      vertex -0.889252 41.9432 -5.72205e-07
      vertex -1.09881 41.8564 -5.72205e-07
    endloop
  endfacet
  facet normal 0 0 -1
    outer loop
      vertex -1.43807 43.9372 -5.72205e-07
      vertex -1.09881 41.8564 -5.72205e-07
      vertex -1.3 41.7517 -5.72205e-07
    endloop
  endfacet
  facet normal 0 0 -1
    outer loop
      vertex -0.889252 41.9432 -5.72205e-07
      vertex -1.43807 43.9372 -5.72205e-07
      vertex -0.958165 43.9582 -5.72205e-07
    endloop
  endfacet
  facet normal 0 0 -1
    outer loop
      vertex -2.86519 43.7493 -5.72205e-07
      vertex -1.3 41.7517 -5.72205e-07
      vertex -1.4913 41.6298 -5.72205e-07
    endloop
  endfacet
  facet normal 0 0 -1
    outer loop
      vertex -2.86519 43.7493 -5.72205e-07
      vertex -1.4913 41.6298 -5.72205e-07
      vertex -1.67125 41.4917 -5.72205e-07
    endloop
  endfacet
  facet normal 0 0 -1
    outer loop
      vertex -2.86519 43.7493 -5.72205e-07
      vertex -1.67125 41.4917 -5.72205e-07
      vertex -1.83848 41.3385 -5.72205e-07
    endloop
  endfacet
  facet normal 0 0 -1
    outer loop
      vertex -2.86519 43.7493 -5.72205e-07
      vertex -1.83848 41.3385 -5.72205e-07
      vertex -1.99172 41.1712 -5.72205e-07
    endloop
  endfacet
  facet normal 0 0 -1
    outer loop
      vertex -4.27051 43.4378 -5.72205e-07
      vertex -1.99172 41.1712 -5.72205e-07
      vertex -2.1298 40.9913 -5.72205e-07
    endloop
  endfacet
  facet normal 0 0 -1
    outer loop
      vertex -4.27051 43.4378 -5.72205e-07
      vertex -2.1298 40.9913 -5.72205e-07
      vertex -2.25167 40.8 -5.72205e-07
    endloop
  endfacet
  facet normal 0 0 -1
    outer loop
      vertex -4.27051 43.4378 -5.72205e-07
      vertex -2.25167 40.8 -5.72205e-07
      vertex -2.3564 40.5988 -5.72205e-07
    endloop
  endfacet
  facet normal 0 0 -1
    outer loop
      vertex -4.27051 43.4378 -5.72205e-07
      vertex -2.3564 40.5988 -5.72205e-07
      vertex -2.4432 40.3893 -5.72205e-07
    endloop
  endfacet
  facet normal 0 0 -1
    outer loop
      vertex -4.27051 43.4378 -5.72205e-07
      vertex -2.4432 40.3893 -5.72205e-07
      vertex -2.51141 40.1729 -5.72205e-07
    endloop
  endfacet
  facet normal 0 0 -1
    outer loop
      vertex -4.78907 33.4161 -5.72205e-07
      vertex -1.4913 37.3702 -5.72205e-07
      vertex -4.73761 33.369 -5.72205e-07
    endloop
  endfacet
  facet normal 0 0 -1
    outer loop
      vertex -1.3 41.7517 -5.72205e-07
      vertex -2.86519 43.7493 -5.72205e-07
      vertex -1.43807 43.9372 -5.72205e-07
    endloop
  endfacet
  facet normal 0 0 -1
    outer loop
      vertex -4.27051 43.4378 -5.72205e-07
      vertex -2.51141 40.1729 -5.72205e-07
      vertex -2.5605 39.9515 -5.72205e-07
    endloop
  endfacet
  facet normal 0 0 -1
    outer loop
      vertex -4.27051 43.4378 -5.72205e-07
      vertex -2.5605 39.9515 -5.72205e-07
      vertex -2.59011 39.7266 -5.72205e-07
    endloop
  endfacet
  facet normal 0 0 -1
    outer loop
      vertex -4.27051 43.4378 -5.72205e-07
      vertex -2.59011 39.7266 -5.72205e-07
      vertex -2.6 39.5 -5.72205e-07
    endloop
  endfacet
  facet normal 0 0 -1
    outer loop
      vertex -2.59011 39.2734 -5.72205e-07
      vertex -4.27051 43.4378 -5.72205e-07
      vertex -2.6 39.5 -5.72205e-07
    endloop
  endfacet
  facet normal 0 0 -1
    outer loop
      vertex -4.5033 32.8033 -5.72205e-07
      vertex -2.81908 28.5261 -5.72205e-07
      vertex -2.89778 28.2765 -5.72205e-07
    endloop
  endfacet
  facet normal 0 0 -1
    outer loop
      vertex -4.5033 32.8033 -5.72205e-07
      vertex -2.89778 28.2765 -5.72205e-07
      vertex -2.95442 28.0209 -5.72205e-07
    endloop
  endfacet
  facet normal 0 0 -1
    outer loop
      vertex -3 27.5 -5.72205e-07
      vertex -4.5033 32.8033 -5.72205e-07
      vertex -2.98858 27.7615 -5.72205e-07
    endloop
  endfacet
  facet normal 0 0 -1
    outer loop
      vertex -4.78907 22.8095 -5.72205e-07
      vertex -2.12132 25.3787 -5.72205e-07
      vertex -4.73761 22.7624 -5.72205e-07
    endloop
  endfacet
  facet normal 0 0 -1
    outer loop
      vertex -4.69046 22.7109 -5.72205e-07
      vertex -1.92836 25.2019 -5.72205e-07
      vertex -4.64798 22.6556 -5.72205e-07
    endloop
  endfacet
  facet normal 0 0 -1
    outer loop
      vertex -2.98858 27.7615 -5.72205e-07
      vertex -4.5033 32.8033 -5.72205e-07
      vertex -2.95442 28.0209 -5.72205e-07
    endloop
  endfacet
  facet normal 0 0 -1
    outer loop
      vertex -1.99172 41.1712 -5.72205e-07
      vertex -4.27051 43.4378 -5.72205e-07
      vertex -2.86519 43.7493 -5.72205e-07
    endloop
  endfacet
  facet normal 0 0 -1
    outer loop
      vertex -4.73761 22.7624 -5.72205e-07
      vertex -2.12132 25.3787 -5.72205e-07
      vertex -4.69046 22.7109 -5.72205e-07
    endloop
  endfacet
  facet normal -0 0 -1
    outer loop
      vertex -1.92836 25.2019 -5.72205e-07
      vertex -4.69046 22.7109 -5.72205e-07
      vertex -2.12132 25.3787 -5.72205e-07
    endloop
  endfacet
  facet normal 0 0 -1
    outer loop
      vertex -4.27051 11.5622 -5.72205e-07
      vertex -4.53056 21.9896 -5.72205e-07
      vertex -4.51545 22.0578 -5.72205e-07
    endloop
  endfacet
  facet normal 0 0 -1
    outer loop
      vertex -4.27051 11.5622 -5.72205e-07
      vertex -4.55155 21.9231 -5.72205e-07
      vertex -4.53056 21.9896 -5.72205e-07
    endloop
  endfacet
  facet normal 0 0 -1
    outer loop
      vertex -4.27051 11.5622 -5.72205e-07
      vertex -4.57825 21.8586 -5.72205e-07
      vertex -4.55155 21.9231 -5.72205e-07
    endloop
  endfacet
  facet normal 0 0 -1
    outer loop
      vertex -4.27051 11.5622 -5.72205e-07
      vertex -4.61048 21.7967 -5.72205e-07
      vertex -4.57825 21.8586 -5.72205e-07
    endloop
  endfacet
  facet normal 0 0 -1
    outer loop
      vertex -4.27051 11.5622 -5.72205e-07
      vertex -4.64798 21.7378 -5.72205e-07
      vertex -4.61048 21.7967 -5.72205e-07
    endloop
  endfacet
  facet normal 0 0 -1
    outer loop
      vertex -4.27051 11.5622 -5.72205e-07
      vertex -4.69046 21.6825 -5.72205e-07
      vertex -4.64798 21.7378 -5.72205e-07
    endloop
  endfacet
  facet normal 0 0 -1
    outer loop
      vertex -4.27051 11.5622 -5.72205e-07
      vertex -4.73761 21.631 -5.72205e-07
      vertex -4.69046 21.6825 -5.72205e-07
    endloop
  endfacet
  facet normal 0 0 -1
    outer loop
      vertex -4.27051 11.5622 -5.72205e-07
      vertex -4.78907 21.5839 -5.72205e-07
      vertex -4.73761 21.631 -5.72205e-07
    endloop
  endfacet
  facet normal 0 0 -1
    outer loop
      vertex -4.27051 11.5622 -5.72205e-07
      vertex -4.84444 21.5414 -5.72205e-07
      vertex -4.78907 21.5839 -5.72205e-07
    endloop
  endfacet
  facet normal 0 0 -1
    outer loop
      vertex -4.27051 11.5622 -5.72205e-07
      vertex -4.9033 21.5039 -5.72205e-07
      vertex -4.84444 21.5414 -5.72205e-07
    endloop
  endfacet
  facet normal 0 0 -1
    outer loop
      vertex -4.27051 11.5622 -5.72205e-07
      vertex -4.96521 21.4717 -5.72205e-07
      vertex -4.9033 21.5039 -5.72205e-07
    endloop
  endfacet
  facet normal 0 0 -1
    outer loop
      vertex -4.27051 11.5622 -5.72205e-07
      vertex -5.02968 21.4449 -5.72205e-07
      vertex -4.96521 21.4717 -5.72205e-07
    endloop
  endfacet
  facet normal 0 0 -1
    outer loop
      vertex -5.64333 11.9951 -5.72205e-07
      vertex -5.02968 21.4449 -5.72205e-07
      vertex -4.27051 11.5622 -5.72205e-07
    endloop
  endfacet
  facet normal 0 0 -1
    outer loop
      vertex -5.02968 21.4449 -5.72205e-07
      vertex -5.64333 11.9951 -5.72205e-07
      vertex -5.09624 21.424 -5.72205e-07
    endloop
  endfacet
  facet normal 0 0 -1
    outer loop
      vertex -5.09624 21.424 -5.72205e-07
      vertex -5.64333 11.9951 -5.72205e-07
      vertex -5.16438 21.4089 -5.72205e-07
    endloop
  endfacet
  facet normal 0 0 -1
    outer loop
      vertex -6.9732 12.5459 -5.72205e-07
      vertex -5.16438 21.4089 -5.72205e-07
      vertex -5.64333 11.9951 -5.72205e-07
    endloop
  endfacet
  facet normal 0 0 -1
    outer loop
      vertex -5.16438 21.4089 -5.72205e-07
      vertex -6.9732 12.5459 -5.72205e-07
      vertex -5.23358 21.3997 -5.72205e-07
    endloop
  endfacet
  facet normal 0 0 -1
    outer loop
      vertex -5.23358 21.3997 -5.72205e-07
      vertex -6.9732 12.5459 -5.72205e-07
      vertex -5.3033 21.3967 -5.72205e-07
    endloop
  endfacet
  facet normal -0 0 -1
    outer loop
      vertex -5.3033 21.3967 -5.72205e-07
      vertex -6.9732 12.5459 -5.72205e-07
      vertex -5.37302 21.3997 -5.72205e-07
    endloop
  endfacet
  facet normal 0 0 -1
    outer loop
      vertex -8.25 13.2106 -5.72205e-07
      vertex -5.37302 21.3997 -5.72205e-07
      vertex -6.9732 12.5459 -5.72205e-07
    endloop
  endfacet
  facet normal -0 0 -1
    outer loop
      vertex -5.37302 21.3997 -5.72205e-07
      vertex -8.25 13.2106 -5.72205e-07
      vertex -5.44222 21.4089 -5.72205e-07
    endloop
  endfacet
  facet normal -0 0 -1
    outer loop
      vertex -5.44222 21.4089 -5.72205e-07
      vertex -8.25 13.2106 -5.72205e-07
      vertex -5.51036 21.424 -5.72205e-07
    endloop
  endfacet
  facet normal 0 0 -1
    outer loop
      vertex -9.46401 13.984 -5.72205e-07
      vertex -5.51036 21.424 -5.72205e-07
      vertex -8.25 13.2106 -5.72205e-07
    endloop
  endfacet
  facet normal -0 0 -1
    outer loop
      vertex -5.51036 21.424 -5.72205e-07
      vertex -9.46401 13.984 -5.72205e-07
      vertex -5.57692 21.4449 -5.72205e-07
    endloop
  endfacet
  facet normal -0 0 -1
    outer loop
      vertex -5.57692 21.4449 -5.72205e-07
      vertex -9.46401 13.984 -5.72205e-07
      vertex -5.64139 21.4717 -5.72205e-07
    endloop
  endfacet
  facet normal 0 0 -1
    outer loop
      vertex -10.606 14.8603 -5.72205e-07
      vertex -5.64139 21.4717 -5.72205e-07
      vertex -9.46401 13.984 -5.72205e-07
    endloop
  endfacet
  facet normal -0 0 -1
    outer loop
      vertex -5.64139 21.4717 -5.72205e-07
      vertex -10.606 14.8603 -5.72205e-07
      vertex -5.7033 21.5039 -5.72205e-07
    endloop
  endfacet
  facet normal -0 0 -1
    outer loop
      vertex -5.7033 21.5039 -5.72205e-07
      vertex -10.606 14.8603 -5.72205e-07
      vertex -5.76216 21.5414 -5.72205e-07
    endloop
  endfacet
  facet normal -0 0 -1
    outer loop
      vertex -5.76216 21.5414 -5.72205e-07
      vertex -10.606 14.8603 -5.72205e-07
      vertex -5.81753 21.5839 -5.72205e-07
    endloop
  endfacet
  facet normal 0 0 -1
    outer loop
      vertex -11.6673 15.8327 -5.72205e-07
      vertex -5.81753 21.5839 -5.72205e-07
      vertex -10.606 14.8603 -5.72205e-07
    endloop
  endfacet
  facet normal -0 0 -1
    outer loop
      vertex -5.81753 21.5839 -5.72205e-07
      vertex -11.6673 15.8327 -5.72205e-07
      vertex -5.86899 21.631 -5.72205e-07
    endloop
  endfacet
  facet normal -0 0 -1
    outer loop
      vertex -5.86899 21.631 -5.72205e-07
      vertex -11.6673 15.8327 -5.72205e-07
      vertex -5.91614 21.6825 -5.72205e-07
    endloop
  endfacet
  facet normal 0 0 -1
    outer loop
      vertex -12.6397 16.894 -5.72205e-07
      vertex -5.91614 21.6825 -5.72205e-07
      vertex -11.6673 15.8327 -5.72205e-07
    endloop
  endfacet
  facet normal -0 0 -1
    outer loop
      vertex -5.91614 21.6825 -5.72205e-07
      vertex -12.6397 16.894 -5.72205e-07
      vertex -5.95862 21.7378 -5.72205e-07
    endloop
  endfacet
  facet normal -0 0 -1
    outer loop
      vertex -5.99612 21.7967 -5.72205e-07
      vertex -13.4234 19.75 -5.72205e-07
      vertex -6.02835 21.8586 -5.72205e-07
    endloop
  endfacet
  facet normal -0 0 -1
    outer loop
      vertex -5.95862 21.7378 -5.72205e-07
      vertex -13.4234 19.75 -5.72205e-07
      vertex -5.99612 21.7967 -5.72205e-07
    endloop
  endfacet
  facet normal 0 0 -1
    outer loop
      vertex -13.4234 19.75 -5.72205e-07
      vertex -5.95862 21.7378 -5.72205e-07
      vertex -12.6397 16.894 -5.72205e-07
    endloop
  endfacet
  facet normal 0 0 -1
    outer loop
      vertex 2.51141 16.1729 -5.72205e-07
      vertex 4.27051 11.5622 -5.72205e-07
      vertex 2.5605 15.9515 -5.72205e-07
    endloop
  endfacet
  facet normal 0 0 -1
    outer loop
      vertex 4.27051 11.5622 -5.72205e-07
      vertex 2.51141 16.1729 -5.72205e-07
      vertex 2.81908 26.4739 -5.72205e-07
    endloop
  endfacet
  facet normal 0 0 -1
    outer loop
      vertex 2.4432 16.3893 -5.72205e-07
      vertex 2.81908 26.4739 -5.72205e-07
      vertex 2.51141 16.1729 -5.72205e-07
    endloop
  endfacet
  facet normal 0 0 -1
    outer loop
      vertex 2.81908 26.4739 -5.72205e-07
      vertex 2.4432 16.3893 -5.72205e-07
      vertex 2.71892 26.2321 -5.72205e-07
    endloop
  endfacet
  facet normal 0 0 -1
    outer loop
      vertex 2.3564 16.5988 -5.72205e-07
      vertex 2.71892 26.2321 -5.72205e-07
      vertex 2.4432 16.3893 -5.72205e-07
    endloop
  endfacet
  facet normal 0 0 -1
    outer loop
      vertex 2.71892 26.2321 -5.72205e-07
      vertex 2.3564 16.5988 -5.72205e-07
      vertex 2.59808 26 -5.72205e-07
    endloop
  endfacet
  facet normal 0 0 -1
    outer loop
      vertex 2.25167 16.8 -5.72205e-07
      vertex 2.59808 26 -5.72205e-07
      vertex 2.3564 16.5988 -5.72205e-07
    endloop
  endfacet
  facet normal 0 0 -1
    outer loop
      vertex 2.59808 26 -5.72205e-07
      vertex 2.25167 16.8 -5.72205e-07
      vertex 2.45746 25.7793 -5.72205e-07
    endloop
  endfacet
  facet normal 0 0 -1
    outer loop
      vertex 2.1298 16.9913 -5.72205e-07
      vertex 2.45746 25.7793 -5.72205e-07
      vertex 2.25167 16.8 -5.72205e-07
    endloop
  endfacet
  facet normal 0 0 -1
    outer loop
      vertex 2.45746 25.7793 -5.72205e-07
      vertex 2.1298 16.9913 -5.72205e-07
      vertex 2.29813 25.5716 -5.72205e-07
    endloop
  endfacet
  facet normal 0 0 -1
    outer loop
      vertex 1.99172 17.1712 -5.72205e-07
      vertex 2.29813 25.5716 -5.72205e-07
      vertex 2.1298 16.9913 -5.72205e-07
    endloop
  endfacet
  facet normal 0 0 -1
    outer loop
      vertex 2.29813 25.5716 -5.72205e-07
      vertex 1.99172 17.1712 -5.72205e-07
      vertex 2.12132 25.3787 -5.72205e-07
    endloop
  endfacet
  facet normal 0 0 -1
    outer loop
      vertex 1.83848 17.3385 -5.72205e-07
      vertex 2.12132 25.3787 -5.72205e-07
      vertex 1.99172 17.1712 -5.72205e-07
    endloop
  endfacet
  facet normal 0 0 -1
    outer loop
      vertex 2.12132 25.3787 -5.72205e-07
      vertex 1.83848 17.3385 -5.72205e-07
      vertex 1.92836 25.2019 -5.72205e-07
    endloop
  endfacet
  facet normal 0 0 -1
    outer loop
      vertex 1.67125 17.4917 -5.72205e-07
      vertex 1.92836 25.2019 -5.72205e-07
      vertex 1.83848 17.3385 -5.72205e-07
    endloop
  endfacet
  facet normal 0 0 -1
    outer loop
      vertex 1.92836 25.2019 -5.72205e-07
      vertex 1.67125 17.4917 -5.72205e-07
      vertex 1.72073 25.0425 -5.72205e-07
    endloop
  endfacet
  facet normal 0 0 -1
    outer loop
      vertex 1.4913 17.6298 -5.72205e-07
      vertex 1.72073 25.0425 -5.72205e-07
      vertex 1.67125 17.4917 -5.72205e-07
    endloop
  endfacet
  facet normal 0 0 -1
    outer loop
      vertex 1.72073 25.0425 -5.72205e-07
      vertex 1.4913 17.6298 -5.72205e-07
      vertex 1.5 24.9019 -5.72205e-07
    endloop
  endfacet
  facet normal 0 0 -1
    outer loop
      vertex 1.3 17.7517 -5.72205e-07
      vertex 1.5 24.9019 -5.72205e-07
      vertex 1.4913 17.6298 -5.72205e-07
    endloop
  endfacet
  facet normal 0 0 -1
    outer loop
      vertex 1.3 17.7517 -5.72205e-07
      vertex 1.26785 24.7811 -5.72205e-07
      vertex 1.5 24.9019 -5.72205e-07
    endloop
  endfacet
  facet normal 0 0 -1
    outer loop
      vertex 1.09881 17.8564 -5.72205e-07
      vertex 1.26785 24.7811 -5.72205e-07
      vertex 1.3 17.7517 -5.72205e-07
    endloop
  endfacet
  facet normal 0 0 -1
    outer loop
      vertex 1.09881 17.8564 -5.72205e-07
      vertex 1.02606 24.6809 -5.72205e-07
      vertex 1.26785 24.7811 -5.72205e-07
    endloop
  endfacet
  facet normal 0 0 -1
    outer loop
      vertex 0.889252 17.9432 -5.72205e-07
      vertex 1.02606 24.6809 -5.72205e-07
      vertex 1.09881 17.8564 -5.72205e-07
    endloop
  endfacet
  facet normal 0 0 -1
    outer loop
      vertex 0.889252 17.9432 -5.72205e-07
      vertex 0.776457 24.6022 -5.72205e-07
      vertex 1.02606 24.6809 -5.72205e-07
    endloop
  endfacet
  facet normal 0 0 -1
    outer loop
      vertex 0.672929 18.0114 -5.72205e-07
      vertex 0.776457 24.6022 -5.72205e-07
      vertex 0.889252 17.9432 -5.72205e-07
    endloop
  endfacet
  facet normal 0 0 -1
    outer loop
      vertex 0.672929 18.0114 -5.72205e-07
      vertex 0.520944 24.5456 -5.72205e-07
      vertex 0.776457 24.6022 -5.72205e-07
    endloop
  endfacet
  facet normal 0 0 -1
    outer loop
      vertex 0.451485 18.0605 -5.72205e-07
      vertex 0.520944 24.5456 -5.72205e-07
      vertex 0.672929 18.0114 -5.72205e-07
    endloop
  endfacet
  facet normal 0 0 -1
    outer loop
      vertex 0.451485 18.0605 -5.72205e-07
      vertex 0.261467 24.5114 -5.72205e-07
      vertex 0.520944 24.5456 -5.72205e-07
    endloop
  endfacet
  facet normal 0 0 -1
    outer loop
      vertex 0.226604 18.0901 -5.72205e-07
      vertex 0.261467 24.5114 -5.72205e-07
      vertex 0.451485 18.0605 -5.72205e-07
    endloop
  endfacet
  facet normal 0 0 -1
    outer loop
      vertex 0 18.1 -5.72205e-07
      vertex 0.261467 24.5114 -5.72205e-07
      vertex 0.226604 18.0901 -5.72205e-07
    endloop
  endfacet
  facet normal 0 0 -1
    outer loop
      vertex 0 18.1 -5.72205e-07
      vertex 0 24.5 -5.72205e-07
      vertex 0.261467 24.5114 -5.72205e-07
    endloop
  endfacet
  facet normal 0 0 -1
    outer loop
      vertex -0.226604 18.0901 -5.72205e-07
      vertex 0 24.5 -5.72205e-07
      vertex 0 18.1 -5.72205e-07
    endloop
  endfacet
  facet normal 0 0 -1
    outer loop
      vertex -0.226604 18.0901 -5.72205e-07
      vertex -0.261467 24.5114 -5.72205e-07
      vertex 0 24.5 -5.72205e-07
    endloop
  endfacet
  facet normal 0 0 -1
    outer loop
      vertex -0.451485 18.0605 -5.72205e-07
      vertex -0.261467 24.5114 -5.72205e-07
      vertex -0.226604 18.0901 -5.72205e-07
    endloop
  endfacet
  facet normal 0 0 -1
    outer loop
      vertex -0.451485 18.0605 -5.72205e-07
      vertex -0.520944 24.5456 -5.72205e-07
      vertex -0.261467 24.5114 -5.72205e-07
    endloop
  endfacet
  facet normal 0 0 -1
    outer loop
      vertex -0.672929 18.0114 -5.72205e-07
      vertex -0.520944 24.5456 -5.72205e-07
      vertex -0.451485 18.0605 -5.72205e-07
    endloop
  endfacet
  facet normal 0 0 -1
    outer loop
      vertex -4.51545 22.0578 -5.72205e-07
      vertex -0.520944 24.5456 -5.72205e-07
      vertex -0.672929 18.0114 -5.72205e-07
    endloop
  endfacet
  facet normal 0 0 -1
    outer loop
      vertex -4.51545 22.0578 -5.72205e-07
      vertex -0.672929 18.0114 -5.72205e-07
      vertex -0.889252 17.9432 -5.72205e-07
    endloop
  endfacet
  facet normal -0 0 -1
    outer loop
      vertex -0.520944 24.5456 -5.72205e-07
      vertex -4.51545 22.0578 -5.72205e-07
      vertex -0.776457 24.6022 -5.72205e-07
    endloop
  endfacet
  facet normal 0 0 -1
    outer loop
      vertex -4.51545 22.0578 -5.72205e-07
      vertex -0.889252 17.9432 -5.72205e-07
      vertex -1.09881 17.8564 -5.72205e-07
    endloop
  endfacet
  facet normal 0 -0 -1
    outer loop
      vertex -4.50634 22.127 -5.72205e-07
      vertex -0.776457 24.6022 -5.72205e-07
      vertex -4.51545 22.0578 -5.72205e-07
    endloop
  endfacet
  facet normal 0 0 -1
    outer loop
      vertex -4.51545 22.0578 -5.72205e-07
      vertex -1.09881 17.8564 -5.72205e-07
      vertex -1.3 17.7517 -5.72205e-07
    endloop
  endfacet
  facet normal 0 0 -1
    outer loop
      vertex -4.51545 22.0578 -5.72205e-07
      vertex -1.3 17.7517 -5.72205e-07
      vertex -1.4913 17.6298 -5.72205e-07
    endloop
  endfacet
  facet normal -0 0 -1
    outer loop
      vertex -0.776457 24.6022 -5.72205e-07
      vertex -4.50634 22.127 -5.72205e-07
      vertex -1.02606 24.6809 -5.72205e-07
    endloop
  endfacet
  facet normal 0 0 -1
    outer loop
      vertex -4.51545 22.0578 -5.72205e-07
      vertex -1.4913 17.6298 -5.72205e-07
      vertex -1.67125 17.4917 -5.72205e-07
    endloop
  endfacet
  facet normal 0 -0 -1
    outer loop
      vertex -4.5033 22.1967 -5.72205e-07
      vertex -1.02606 24.6809 -5.72205e-07
      vertex -4.50634 22.127 -5.72205e-07
    endloop
  endfacet
  facet normal 0 0 -1
    outer loop
      vertex -4.51545 22.0578 -5.72205e-07
      vertex -1.67125 17.4917 -5.72205e-07
      vertex -1.83848 17.3385 -5.72205e-07
    endloop
  endfacet
  facet normal 0 0 -1
    outer loop
      vertex -4.50634 22.2664 -5.72205e-07
      vertex -1.02606 24.6809 -5.72205e-07
      vertex -4.5033 22.1967 -5.72205e-07
    endloop
  endfacet
  facet normal 0 0 -1
    outer loop
      vertex -4.51545 22.0578 -5.72205e-07
      vertex -1.83848 17.3385 -5.72205e-07
      vertex -1.99172 17.1712 -5.72205e-07
    endloop
  endfacet
  facet normal -0 0 -1
    outer loop
      vertex -1.02606 24.6809 -5.72205e-07
      vertex -4.50634 22.2664 -5.72205e-07
      vertex -1.26785 24.7811 -5.72205e-07
    endloop
  endfacet
  facet normal 0 0 -1
    outer loop
      vertex -4.51545 22.0578 -5.72205e-07
      vertex -1.99172 17.1712 -5.72205e-07
      vertex -2.1298 16.9913 -5.72205e-07
    endloop
  endfacet
  facet normal 0 0 -1
    outer loop
      vertex -4.51545 22.0578 -5.72205e-07
      vertex -2.1298 16.9913 -5.72205e-07
      vertex -2.25167 16.8 -5.72205e-07
    endloop
  endfacet
  facet normal 0 0 -1
    outer loop
      vertex -4.51545 22.3356 -5.72205e-07
      vertex -1.26785 24.7811 -5.72205e-07
      vertex -4.50634 22.2664 -5.72205e-07
    endloop
  endfacet
  facet normal 0 0 -1
    outer loop
      vertex -4.51545 22.0578 -5.72205e-07
      vertex -2.25167 16.8 -5.72205e-07
      vertex -2.3564 16.5988 -5.72205e-07
    endloop
  endfacet
  facet normal 0 0 -1
    outer loop
      vertex -4.51545 22.0578 -5.72205e-07
      vertex -2.3564 16.5988 -5.72205e-07
      vertex -2.4432 16.3893 -5.72205e-07
    endloop
  endfacet
  facet normal 0 0 -1
    outer loop
      vertex -4.53056 22.4038 -5.72205e-07
      vertex -1.26785 24.7811 -5.72205e-07
      vertex -4.51545 22.3356 -5.72205e-07
    endloop
  endfacet
  facet normal 0 0 -1
    outer loop
      vertex -4.51545 22.0578 -5.72205e-07
      vertex -2.4432 16.3893 -5.72205e-07
      vertex -2.51141 16.1729 -5.72205e-07
    endloop
  endfacet
  facet normal 0 0 -1
    outer loop
      vertex -2.59011 15.7266 -5.72205e-07
      vertex -4.51545 22.0578 -5.72205e-07
      vertex -2.5605 15.9515 -5.72205e-07
    endloop
  endfacet
  facet normal 0 0 -1
    outer loop
      vertex -4.51545 22.0578 -5.72205e-07
      vertex -2.59011 15.7266 -5.72205e-07
      vertex -4.27051 11.5622 -5.72205e-07
    endloop
  endfacet
  facet normal -0 0 -1
    outer loop
      vertex -1.26785 24.7811 -5.72205e-07
      vertex -4.53056 22.4038 -5.72205e-07
      vertex -1.5 24.9019 -5.72205e-07
    endloop
  endfacet
  facet normal 0 0 -1
    outer loop
      vertex -4.27051 11.5622 -5.72205e-07
      vertex -2.59011 15.7266 -5.72205e-07
      vertex -2.6 15.5 -5.72205e-07
    endloop
  endfacet
  facet normal 0 0 -1
    outer loop
      vertex -4.55155 22.4703 -5.72205e-07
      vertex -1.5 24.9019 -5.72205e-07
      vertex -4.53056 22.4038 -5.72205e-07
    endloop
  endfacet
  facet normal 0 0 -1
    outer loop
      vertex 5.95862 22.6556 -5.72205e-07
      vertex 8.14064 22.8 -5.72205e-07
      vertex 5.99612 22.5967 -5.72205e-07
    endloop
  endfacet
  facet normal 0 0 -1
    outer loop
      vertex 8.72106 31.5083 -5.72205e-07
      vertex 6.10026 32.7336 -5.72205e-07
      vertex 6.1033 32.8033 -5.72205e-07
    endloop
  endfacet
  facet normal 0 0 -1
    outer loop
      vertex 5.91614 22.7109 -5.72205e-07
      vertex 8.14064 22.8 -5.72205e-07
      vertex 5.95862 22.6556 -5.72205e-07
    endloop
  endfacet
  facet normal 0 0 -1
    outer loop
      vertex 8.72106 31.5083 -5.72205e-07
      vertex 6.09115 32.6644 -5.72205e-07
      vertex 6.10026 32.7336 -5.72205e-07
    endloop
  endfacet
  facet normal -0 0 -1
    outer loop
      vertex 8.14064 22.8 -5.72205e-07
      vertex 5.91614 22.7109 -5.72205e-07
      vertex 8.26251 22.9913 -5.72205e-07
    endloop
  endfacet
  facet normal 0 0 -1
    outer loop
      vertex 8.72106 31.5083 -5.72205e-07
      vertex 6.07604 32.5962 -5.72205e-07
      vertex 6.09115 32.6644 -5.72205e-07
    endloop
  endfacet
  facet normal 0 0 -1
    outer loop
      vertex 5.86899 22.7624 -5.72205e-07
      vertex 8.26251 22.9913 -5.72205e-07
      vertex 5.91614 22.7109 -5.72205e-07
    endloop
  endfacet
  facet normal 0 0 -1
    outer loop
      vertex 8.72106 31.5083 -5.72205e-07
      vertex 6.05505 32.5297 -5.72205e-07
      vertex 6.07604 32.5962 -5.72205e-07
    endloop
  endfacet
  facet normal 0 0 -1
    outer loop
      vertex 5.81753 22.8095 -5.72205e-07
      vertex 8.26251 22.9913 -5.72205e-07
      vertex 5.86899 22.7624 -5.72205e-07
    endloop
  endfacet
  facet normal 0 0 -1
    outer loop
      vertex 8.72106 31.5083 -5.72205e-07
      vertex 6.02835 32.4652 -5.72205e-07
      vertex 6.05505 32.5297 -5.72205e-07
    endloop
  endfacet
  facet normal -0 0 -1
    outer loop
      vertex 8.26251 22.9913 -5.72205e-07
      vertex 5.81753 22.8095 -5.72205e-07
      vertex 8.40059 23.1712 -5.72205e-07
    endloop
  endfacet
  facet normal 0 0 -1
    outer loop
      vertex 8.72106 31.5083 -5.72205e-07
      vertex 5.99612 32.4033 -5.72205e-07
      vertex 6.02835 32.4652 -5.72205e-07
    endloop
  endfacet
  facet normal 0 0 -1
    outer loop
      vertex 5.76216 22.852 -5.72205e-07
      vertex 8.40059 23.1712 -5.72205e-07
      vertex 5.81753 22.8095 -5.72205e-07
    endloop
  endfacet
  facet normal 0 0 -1
    outer loop
      vertex 8.72106 31.5083 -5.72205e-07
      vertex 5.95862 32.3444 -5.72205e-07
      vertex 5.99612 32.4033 -5.72205e-07
    endloop
  endfacet
  facet normal 0 0 -1
    outer loop
      vertex 5.7033 22.8895 -5.72205e-07
      vertex 8.40059 23.1712 -5.72205e-07
      vertex 5.76216 22.852 -5.72205e-07
    endloop
  endfacet
  facet normal 0 0 -1
    outer loop
      vertex 8.72106 31.5083 -5.72205e-07
      vertex 5.91614 32.2891 -5.72205e-07
      vertex 5.95862 32.3444 -5.72205e-07
    endloop
  endfacet
  facet normal -0 0 -1
    outer loop
      vertex 8.40059 23.1712 -5.72205e-07
      vertex 5.7033 22.8895 -5.72205e-07
      vertex 8.55383 23.3385 -5.72205e-07
    endloop
  endfacet
  facet normal 0 0 -1
    outer loop
      vertex 8.72106 31.5083 -5.72205e-07
      vertex 5.86899 32.2376 -5.72205e-07
      vertex 5.91614 32.2891 -5.72205e-07
    endloop
  endfacet
  facet normal 0 0 -1
    outer loop
      vertex 5.64139 22.9217 -5.72205e-07
      vertex 8.55383 23.3385 -5.72205e-07
      vertex 5.7033 22.8895 -5.72205e-07
    endloop
  endfacet
  facet normal 0 0 -1
    outer loop
      vertex 8.72106 31.5083 -5.72205e-07
      vertex 5.81753 32.1905 -5.72205e-07
      vertex 5.86899 32.2376 -5.72205e-07
    endloop
  endfacet
  facet normal -0 0 -1
    outer loop
      vertex 8.55383 23.3385 -5.72205e-07
      vertex 5.64139 22.9217 -5.72205e-07
      vertex 8.72106 23.4917 -5.72205e-07
    endloop
  endfacet
  facet normal 0 0 -1
    outer loop
      vertex 8.72106 31.5083 -5.72205e-07
      vertex 5.76216 32.148 -5.72205e-07
      vertex 5.81753 32.1905 -5.72205e-07
    endloop
  endfacet
  facet normal 0 0 -1
    outer loop
      vertex 5.57692 22.9485 -5.72205e-07
      vertex 8.72106 23.4917 -5.72205e-07
      vertex 5.64139 22.9217 -5.72205e-07
    endloop
  endfacet
  facet normal 0 0 -1
    outer loop
      vertex 8.72106 31.5083 -5.72205e-07
      vertex 5.7033 32.1105 -5.72205e-07
      vertex 5.76216 32.148 -5.72205e-07
    endloop
  endfacet
  facet normal 0 -0 -1
    outer loop
      vertex 3 27.5 -5.72205e-07
      vertex 8.72106 23.4917 -5.72205e-07
      vertex 2.98858 27.2385 -5.72205e-07
    endloop
  endfacet
  facet normal 0 0 -1
    outer loop
      vertex 2.98858 27.7615 -5.72205e-07
      vertex 8.72106 31.5083 -5.72205e-07
      vertex 3 27.5 -5.72205e-07
    endloop
  endfacet
  facet normal 0 0 -1
    outer loop
      vertex 5.51036 22.9694 -5.72205e-07
      vertex 8.72106 23.4917 -5.72205e-07
      vertex 5.57692 22.9485 -5.72205e-07
    endloop
  endfacet
  facet normal 0 0 -1
    outer loop
      vertex 8.72106 31.5083 -5.72205e-07
      vertex 5.64139 32.0783 -5.72205e-07
      vertex 5.7033 32.1105 -5.72205e-07
    endloop
  endfacet
  facet normal -0 0 -1
    outer loop
      vertex 8.72106 23.4917 -5.72205e-07
      vertex 5.51036 22.9694 -5.72205e-07
      vertex 2.95442 26.9791 -5.72205e-07
    endloop
  endfacet
  facet normal 0 0 -1
    outer loop
      vertex 8.72106 31.5083 -5.72205e-07
      vertex 5.57692 32.0515 -5.72205e-07
      vertex 5.64139 32.0783 -5.72205e-07
    endloop
  endfacet
  facet normal 0 0 -1
    outer loop
      vertex 2.95442 26.9791 -5.72205e-07
      vertex 5.51036 22.9694 -5.72205e-07
      vertex 5.44222 22.9845 -5.72205e-07
    endloop
  endfacet
  facet normal 0 0 -1
    outer loop
      vertex 8.72106 31.5083 -5.72205e-07
      vertex 5.51036 32.0306 -5.72205e-07
      vertex 5.57692 32.0515 -5.72205e-07
    endloop
  endfacet
  facet normal 0 0 -1
    outer loop
      vertex 2.95442 26.9791 -5.72205e-07
      vertex 5.44222 22.9845 -5.72205e-07
      vertex 5.37302 22.9937 -5.72205e-07
    endloop
  endfacet
  facet normal 0 0 -1
    outer loop
      vertex 2.95442 28.0209 -5.72205e-07
      vertex 8.72106 31.5083 -5.72205e-07
      vertex 2.98858 27.7615 -5.72205e-07
    endloop
  endfacet
  facet normal 0 0 -1
    outer loop
      vertex 2.95442 26.9791 -5.72205e-07
      vertex 5.37302 22.9937 -5.72205e-07
      vertex 5.3033 22.9967 -5.72205e-07
    endloop
  endfacet
  facet normal -0 0 -1
    outer loop
      vertex 8.72106 31.5083 -5.72205e-07
      vertex 2.95442 28.0209 -5.72205e-07
      vertex 5.51036 32.0306 -5.72205e-07
    endloop
  endfacet
  facet normal 0 0 -1
    outer loop
      vertex 2.95442 26.9791 -5.72205e-07
      vertex 5.3033 22.9967 -5.72205e-07
      vertex 5.23358 22.9937 -5.72205e-07
    endloop
  endfacet
  facet normal 0 0 -1
    outer loop
      vertex 5.51036 32.0306 -5.72205e-07
      vertex 2.95442 28.0209 -5.72205e-07
      vertex 5.44222 32.0155 -5.72205e-07
    endloop
  endfacet
  facet normal 0 0 -1
    outer loop
      vertex 2.95442 26.9791 -5.72205e-07
      vertex 5.23358 22.9937 -5.72205e-07
      vertex 5.16438 22.9845 -5.72205e-07
    endloop
  endfacet
  facet normal 0 0 -1
    outer loop
      vertex 2.89778 28.2765 -5.72205e-07
      vertex 5.44222 32.0155 -5.72205e-07
      vertex 2.95442 28.0209 -5.72205e-07
    endloop
  endfacet
  facet normal 0 0 -1
    outer loop
      vertex 2.95442 26.9791 -5.72205e-07
      vertex 5.16438 22.9845 -5.72205e-07
      vertex 5.09624 22.9694 -5.72205e-07
    endloop
  endfacet
  facet normal 0 0 -1
    outer loop
      vertex 5.44222 32.0155 -5.72205e-07
      vertex 2.89778 28.2765 -5.72205e-07
      vertex 5.37302 32.0063 -5.72205e-07
    endloop
  endfacet
  facet normal 0 0 -1
    outer loop
      vertex 2.95442 26.9791 -5.72205e-07
      vertex 5.09624 22.9694 -5.72205e-07
      vertex 5.02968 22.9485 -5.72205e-07
    endloop
  endfacet
  facet normal 0 0 -1
    outer loop
      vertex 2.81908 28.5261 -5.72205e-07
      vertex 5.37302 32.0063 -5.72205e-07
      vertex 2.89778 28.2765 -5.72205e-07
    endloop
  endfacet
  facet normal 0 0 -1
    outer loop
      vertex 2.95442 26.9791 -5.72205e-07
      vertex 5.02968 22.9485 -5.72205e-07
      vertex 4.96521 22.9217 -5.72205e-07
    endloop
  endfacet
  facet normal 0 0 -1
    outer loop
      vertex 5.37302 32.0063 -5.72205e-07
      vertex 2.81908 28.5261 -5.72205e-07
      vertex 5.3033 32.0033 -5.72205e-07
    endloop
  endfacet
  facet normal 0 0 -1
    outer loop
      vertex 2.95442 26.9791 -5.72205e-07
      vertex 4.96521 22.9217 -5.72205e-07
      vertex 4.9033 22.8895 -5.72205e-07
    endloop
  endfacet
  facet normal -0 0 -1
    outer loop
      vertex 5.3033 32.0033 -5.72205e-07
      vertex 2.81908 28.5261 -5.72205e-07
      vertex 5.23358 32.0063 -5.72205e-07
    endloop
  endfacet
  facet normal 0 0 -1
    outer loop
      vertex 2.95442 26.9791 -5.72205e-07
      vertex 4.9033 22.8895 -5.72205e-07
      vertex 4.84444 22.852 -5.72205e-07
    endloop
  endfacet
  facet normal 0 0 -1
    outer loop
      vertex 2.71892 28.7679 -5.72205e-07
      vertex 5.23358 32.0063 -5.72205e-07
      vertex 2.81908 28.5261 -5.72205e-07
    endloop
  endfacet
  facet normal 0 0 -1
    outer loop
      vertex 2.95442 26.9791 -5.72205e-07
      vertex 4.84444 22.852 -5.72205e-07
      vertex 4.78907 22.8095 -5.72205e-07
    endloop
  endfacet
  facet normal -0 0 -1
    outer loop
      vertex 5.23358 32.0063 -5.72205e-07
      vertex 2.71892 28.7679 -5.72205e-07
      vertex 5.16438 32.0155 -5.72205e-07
    endloop
  endfacet
  facet normal 0 0 -1
    outer loop
      vertex 2.95442 26.9791 -5.72205e-07
      vertex 4.78907 22.8095 -5.72205e-07
      vertex 4.73761 22.7624 -5.72205e-07
    endloop
  endfacet
  facet normal -0 0 -1
    outer loop
      vertex 5.16438 32.0155 -5.72205e-07
      vertex 2.71892 28.7679 -5.72205e-07
      vertex 5.09624 32.0306 -5.72205e-07
    endloop
  endfacet
  facet normal 0 0 -1
    outer loop
      vertex 2.95442 26.9791 -5.72205e-07
      vertex 4.73761 22.7624 -5.72205e-07
      vertex 4.69046 22.7109 -5.72205e-07
    endloop
  endfacet
  facet normal 0 0 -1
    outer loop
      vertex 2.59808 29 -5.72205e-07
      vertex 5.09624 32.0306 -5.72205e-07
      vertex 2.71892 28.7679 -5.72205e-07
    endloop
  endfacet
  facet normal 0 0 -1
    outer loop
      vertex 2.95442 26.9791 -5.72205e-07
      vertex 4.69046 22.7109 -5.72205e-07
      vertex 4.64798 22.6556 -5.72205e-07
    endloop
  endfacet
  facet normal -0 0 -1
    outer loop
      vertex 5.09624 32.0306 -5.72205e-07
      vertex 2.59808 29 -5.72205e-07
      vertex 5.02968 32.0515 -5.72205e-07
    endloop
  endfacet
  facet normal 0 0 -1
    outer loop
      vertex 2.95442 26.9791 -5.72205e-07
      vertex 4.64798 22.6556 -5.72205e-07
      vertex 4.61048 22.5967 -5.72205e-07
    endloop
  endfacet
  facet normal -0 0 -1
    outer loop
      vertex 5.02968 32.0515 -5.72205e-07
      vertex 2.59808 29 -5.72205e-07
      vertex 4.96521 32.0783 -5.72205e-07
    endloop
  endfacet
  facet normal 0 0 -1
    outer loop
      vertex 2.95442 26.9791 -5.72205e-07
      vertex 4.61048 22.5967 -5.72205e-07
      vertex 4.57825 22.5348 -5.72205e-07
    endloop
  endfacet
  facet normal 0 0 -1
    outer loop
      vertex 2.45746 29.2207 -5.72205e-07
      vertex 4.96521 32.0783 -5.72205e-07
      vertex 2.59808 29 -5.72205e-07
    endloop
  endfacet
  facet normal 0 0 -1
    outer loop
      vertex 2.95442 26.9791 -5.72205e-07
      vertex 4.57825 22.5348 -5.72205e-07
      vertex 4.55155 22.4703 -5.72205e-07
    endloop
  endfacet
  facet normal -0 0 -1
    outer loop
      vertex 4.96521 32.0783 -5.72205e-07
      vertex 2.45746 29.2207 -5.72205e-07
      vertex 4.9033 32.1105 -5.72205e-07
    endloop
  endfacet
  facet normal 0 0 -1
    outer loop
      vertex 2.95442 26.9791 -5.72205e-07
      vertex 4.55155 22.4703 -5.72205e-07
      vertex 4.53056 22.4038 -5.72205e-07
    endloop
  endfacet
  facet normal 0 0 -1
    outer loop
      vertex 2.29813 29.4284 -5.72205e-07
      vertex 4.9033 32.1105 -5.72205e-07
      vertex 2.45746 29.2207 -5.72205e-07
    endloop
  endfacet
  facet normal 0 0 -1
    outer loop
      vertex 2.95442 26.9791 -5.72205e-07
      vertex 4.53056 22.4038 -5.72205e-07
      vertex 4.51545 22.3356 -5.72205e-07
    endloop
  endfacet
  facet normal -0 0 -1
    outer loop
      vertex 4.9033 32.1105 -5.72205e-07
      vertex 2.29813 29.4284 -5.72205e-07
      vertex 4.84444 32.148 -5.72205e-07
    endloop
  endfacet
  facet normal 0 0 -1
    outer loop
      vertex 2.95442 26.9791 -5.72205e-07
      vertex 4.51545 22.3356 -5.72205e-07
      vertex 4.50634 22.2664 -5.72205e-07
    endloop
  endfacet
  facet normal -0 0 -1
    outer loop
      vertex 4.84444 32.148 -5.72205e-07
      vertex 2.29813 29.4284 -5.72205e-07
      vertex 4.78907 32.1905 -5.72205e-07
    endloop
  endfacet
  facet normal 0 0 -1
    outer loop
      vertex 2.95442 26.9791 -5.72205e-07
      vertex 4.50634 22.2664 -5.72205e-07
      vertex 4.5033 22.1967 -5.72205e-07
    endloop
  endfacet
  facet normal 0 0 -1
    outer loop
      vertex 2.12132 29.6213 -5.72205e-07
      vertex 4.78907 32.1905 -5.72205e-07
      vertex 2.29813 29.4284 -5.72205e-07
    endloop
  endfacet
  facet normal -0 0 -1
    outer loop
      vertex 7.7923 33.5 -5.72205e-07
      vertex 5.99612 33.2033 -5.72205e-07
      vertex 7.8022 33.7266 -5.72205e-07
    endloop
  endfacet
  facet normal 0 0 -1
    outer loop
      vertex 5.95862 33.2622 -5.72205e-07
      vertex 7.8022 33.7266 -5.72205e-07
      vertex 5.99612 33.2033 -5.72205e-07
    endloop
  endfacet
  facet normal 0 0 -1
    outer loop
      vertex 5.91614 33.3175 -5.72205e-07
      vertex 7.8022 33.7266 -5.72205e-07
      vertex 5.95862 33.2622 -5.72205e-07
    endloop
  endfacet
  facet normal -0 0 -1
    outer loop
      vertex 7.8022 33.7266 -5.72205e-07
      vertex 5.91614 33.3175 -5.72205e-07
      vertex 7.8318 33.9515 -5.72205e-07
    endloop
  endfacet
  facet normal 0 0 -1
    outer loop
      vertex 5.86899 33.369 -5.72205e-07
      vertex 7.8318 33.9515 -5.72205e-07
      vertex 5.91614 33.3175 -5.72205e-07
    endloop
  endfacet
  facet normal 0 0 -1
    outer loop
      vertex 5.81753 33.4161 -5.72205e-07
      vertex 7.8318 33.9515 -5.72205e-07
      vertex 5.86899 33.369 -5.72205e-07
    endloop
  endfacet
  facet normal -0 0 -1
    outer loop
      vertex 7.8318 33.9515 -5.72205e-07
      vertex 5.81753 33.4161 -5.72205e-07
      vertex 7.8809 34.1729 -5.72205e-07
    endloop
  endfacet
  facet normal 0 0 -1
    outer loop
      vertex 5.76216 33.4586 -5.72205e-07
      vertex 7.8809 34.1729 -5.72205e-07
      vertex 5.81753 33.4161 -5.72205e-07
    endloop
  endfacet
  facet normal -0 0 -1
    outer loop
      vertex 7.8809 34.1729 -5.72205e-07
      vertex 5.76216 33.4586 -5.72205e-07
      vertex 7.9491 34.3893 -5.72205e-07
    endloop
  endfacet
  facet normal 0 0 -1
    outer loop
      vertex 5.7033 33.4961 -5.72205e-07
      vertex 7.9491 34.3893 -5.72205e-07
      vertex 5.76216 33.4586 -5.72205e-07
    endloop
  endfacet
  facet normal 0 0 -1
    outer loop
      vertex 5.64139 33.5283 -5.72205e-07
      vertex 7.9491 34.3893 -5.72205e-07
      vertex 5.7033 33.4961 -5.72205e-07
    endloop
  endfacet
  facet normal -0 0 -1
    outer loop
      vertex 7.9491 34.3893 -5.72205e-07
      vertex 5.64139 33.5283 -5.72205e-07
      vertex 8.0359 34.5988 -5.72205e-07
    endloop
  endfacet
  facet normal 0 0 -1
    outer loop
      vertex 5.57692 33.5551 -5.72205e-07
      vertex 8.0359 34.5988 -5.72205e-07
      vertex 5.64139 33.5283 -5.72205e-07
    endloop
  endfacet
  facet normal 0 0 -1
    outer loop
      vertex 5.51036 33.576 -5.72205e-07
      vertex 8.0359 34.5988 -5.72205e-07
      vertex 5.57692 33.5551 -5.72205e-07
    endloop
  endfacet
  facet normal -0 0 -1
    outer loop
      vertex 8.0359 34.5988 -5.72205e-07
      vertex 5.51036 33.576 -5.72205e-07
      vertex 8.14064 34.8 -5.72205e-07
    endloop
  endfacet
  facet normal 0 0 -1
    outer loop
      vertex 5.44222 33.5911 -5.72205e-07
      vertex 8.14064 34.8 -5.72205e-07
      vertex 5.51036 33.576 -5.72205e-07
    endloop
  endfacet
  facet normal 0 0 -1
    outer loop
      vertex 5.37302 33.6003 -5.72205e-07
      vertex 8.14064 34.8 -5.72205e-07
      vertex 5.44222 33.5911 -5.72205e-07
    endloop
  endfacet
  facet normal 0 0 -1
    outer loop
      vertex 5.3033 33.6033 -5.72205e-07
      vertex 8.14064 34.8 -5.72205e-07
      vertex 5.37302 33.6003 -5.72205e-07
    endloop
  endfacet
  facet normal 0 0 -1
    outer loop
      vertex 5.23358 33.6003 -5.72205e-07
      vertex 8.14064 34.8 -5.72205e-07
      vertex 5.3033 33.6033 -5.72205e-07
    endloop
  endfacet
  facet normal -0 0 -1
    outer loop
      vertex 8.14064 34.8 -5.72205e-07
      vertex 5.23358 33.6003 -5.72205e-07
      vertex 6.9732 42.4541 -5.72205e-07
    endloop
  endfacet
  facet normal 0 0 -1
    outer loop
      vertex 5.16438 33.5911 -5.72205e-07
      vertex 6.9732 42.4541 -5.72205e-07
      vertex 5.23358 33.6003 -5.72205e-07
    endloop
  endfacet
  facet normal -0 0 -1
    outer loop
      vertex 6.9732 42.4541 -5.72205e-07
      vertex 5.16438 33.5911 -5.72205e-07
      vertex 5.64333 43.0049 -5.72205e-07
    endloop
  endfacet
  facet normal 0 0 -1
    outer loop
      vertex 5.09624 33.576 -5.72205e-07
      vertex 5.64333 43.0049 -5.72205e-07
      vertex 5.16438 33.5911 -5.72205e-07
    endloop
  endfacet
  facet normal 0 0 -1
    outer loop
      vertex 5.02968 33.5551 -5.72205e-07
      vertex 5.64333 43.0049 -5.72205e-07
      vertex 5.09624 33.576 -5.72205e-07
    endloop
  endfacet
  facet normal 0 0 -1
    outer loop
      vertex 4.27051 43.4378 -5.72205e-07
      vertex 5.02968 33.5551 -5.72205e-07
      vertex 4.96521 33.5283 -5.72205e-07
    endloop
  endfacet
  facet normal 0 0 -1
    outer loop
      vertex 4.27051 43.4378 -5.72205e-07
      vertex 4.96521 33.5283 -5.72205e-07
      vertex 4.9033 33.4961 -5.72205e-07
    endloop
  endfacet
  facet normal 0 0 -1
    outer loop
      vertex 4.27051 43.4378 -5.72205e-07
      vertex 4.9033 33.4961 -5.72205e-07
      vertex 4.84444 33.4586 -5.72205e-07
    endloop
  endfacet
  facet normal 0 0 -1
    outer loop
      vertex 4.27051 43.4378 -5.72205e-07
      vertex 4.84444 33.4586 -5.72205e-07
      vertex 4.78907 33.4161 -5.72205e-07
    endloop
  endfacet
  facet normal 0 0 -1
    outer loop
      vertex 4.27051 43.4378 -5.72205e-07
      vertex 4.78907 33.4161 -5.72205e-07
      vertex 4.73761 33.369 -5.72205e-07
    endloop
  endfacet
  facet normal 0 0 -1
    outer loop
      vertex 4.27051 43.4378 -5.72205e-07
      vertex 4.73761 33.369 -5.72205e-07
      vertex 4.69046 33.3175 -5.72205e-07
    endloop
  endfacet
  facet normal 0 0 -1
    outer loop
      vertex 4.27051 43.4378 -5.72205e-07
      vertex 4.69046 33.3175 -5.72205e-07
      vertex 4.64798 33.2622 -5.72205e-07
    endloop
  endfacet
  facet normal 0 0 -1
    outer loop
      vertex 4.27051 43.4378 -5.72205e-07
      vertex 4.64798 33.2622 -5.72205e-07
      vertex 4.61048 33.2033 -5.72205e-07
    endloop
  endfacet
  facet normal 0 0 -1
    outer loop
      vertex 4.27051 43.4378 -5.72205e-07
      vertex 4.61048 33.2033 -5.72205e-07
      vertex 4.57825 33.1414 -5.72205e-07
    endloop
  endfacet
  facet normal 0 0 -1
    outer loop
      vertex 4.27051 43.4378 -5.72205e-07
      vertex 4.57825 33.1414 -5.72205e-07
      vertex 4.55155 33.0769 -5.72205e-07
    endloop
  endfacet
  facet normal 0 0 -1
    outer loop
      vertex 4.27051 43.4378 -5.72205e-07
      vertex 4.55155 33.0769 -5.72205e-07
      vertex 4.53056 33.0104 -5.72205e-07
    endloop
  endfacet
  facet normal 0 0 -1
    outer loop
      vertex 4.27051 43.4378 -5.72205e-07
      vertex 4.53056 33.0104 -5.72205e-07
      vertex 4.51545 32.9422 -5.72205e-07
    endloop
  endfacet
  facet normal 0 0 -1
    outer loop
      vertex 1.92836 29.7981 -5.72205e-07
      vertex 4.69046 32.2891 -5.72205e-07
      vertex 2.12132 29.6213 -5.72205e-07
    endloop
  endfacet
  facet normal 0 0 -1
    outer loop
      vertex 5.02968 33.5551 -5.72205e-07
      vertex 4.27051 43.4378 -5.72205e-07
      vertex 5.64333 43.0049 -5.72205e-07
    endloop
  endfacet
  facet normal -0 0 -1
    outer loop
      vertex 4.73761 32.2376 -5.72205e-07
      vertex 2.12132 29.6213 -5.72205e-07
      vertex 4.69046 32.2891 -5.72205e-07
    endloop
  endfacet
  facet normal 0 0 -1
    outer loop
      vertex 8.72106 23.4917 -5.72205e-07
      vertex 2.95442 26.9791 -5.72205e-07
      vertex 2.98858 27.2385 -5.72205e-07
    endloop
  endfacet
  facet normal -0 0 -1
    outer loop
      vertex 4.69046 32.2891 -5.72205e-07
      vertex 1.92836 29.7981 -5.72205e-07
      vertex 4.64798 32.3444 -5.72205e-07
    endloop
  endfacet
  facet normal -0 0 -1
    outer loop
      vertex 4.78907 32.1905 -5.72205e-07
      vertex 2.12132 29.6213 -5.72205e-07
      vertex 4.73761 32.2376 -5.72205e-07
    endloop
  endfacet
  facet normal 0 0 -1
    outer loop
      vertex 8.72106 23.4917 -5.72205e-07
      vertex 3 27.5 -5.72205e-07
      vertex 8.72106 31.5083 -5.72205e-07
    endloop
  endfacet
  facet normal 0 0 -1
    outer loop
      vertex 4.27051 11.5622 -5.72205e-07
      vertex 2.89778 26.7235 -5.72205e-07
      vertex 2.95442 26.9791 -5.72205e-07
    endloop
  endfacet
  facet normal 0 0 -1
    outer loop
      vertex 1.99172 13.8288 -5.72205e-07
      vertex 4.27051 11.5622 -5.72205e-07
      vertex 2.86519 11.2507 -5.72205e-07
    endloop
  endfacet
  facet normal 0 0 -1
    outer loop
      vertex 2.59011 15.7266 -5.72205e-07
      vertex 4.27051 11.5622 -5.72205e-07
      vertex 2.6 15.5 -5.72205e-07
    endloop
  endfacet
  facet normal 0 0 -1
    outer loop
      vertex 4.27051 11.5622 -5.72205e-07
      vertex 2.81908 26.4739 -5.72205e-07
      vertex 2.89778 26.7235 -5.72205e-07
    endloop
  endfacet
  facet normal 0 0 -1
    outer loop
      vertex 2.5605 15.9515 -5.72205e-07
      vertex 4.27051 11.5622 -5.72205e-07
      vertex 2.59011 15.7266 -5.72205e-07
    endloop
  endfacet
  facet normal 0 0 -1
    outer loop
      vertex 4.27051 11.5622 -5.72205e-07
      vertex 2.59011 15.2734 -5.72205e-07
      vertex 2.6 15.5 -5.72205e-07
    endloop
  endfacet
  facet normal 0 0 -1
    outer loop
      vertex 4.27051 11.5622 -5.72205e-07
      vertex 2.5605 15.0485 -5.72205e-07
      vertex 2.59011 15.2734 -5.72205e-07
    endloop
  endfacet
  facet normal 0 0 -1
    outer loop
      vertex 4.27051 11.5622 -5.72205e-07
      vertex 2.51141 14.8271 -5.72205e-07
      vertex 2.5605 15.0485 -5.72205e-07
    endloop
  endfacet
  facet normal 0 0 -1
    outer loop
      vertex 4.27051 11.5622 -5.72205e-07
      vertex 2.4432 14.6107 -5.72205e-07
      vertex 2.51141 14.8271 -5.72205e-07
    endloop
  endfacet
  facet normal 0 0 -1
    outer loop
      vertex 4.27051 11.5622 -5.72205e-07
      vertex 2.3564 14.4012 -5.72205e-07
      vertex 2.4432 14.6107 -5.72205e-07
    endloop
  endfacet
  facet normal 0 0 -1
    outer loop
      vertex 4.27051 11.5622 -5.72205e-07
      vertex 2.25167 14.2 -5.72205e-07
      vertex 2.3564 14.4012 -5.72205e-07
    endloop
  endfacet
  facet normal 0 0 -1
    outer loop
      vertex 4.27051 11.5622 -5.72205e-07
      vertex 2.1298 14.0087 -5.72205e-07
      vertex 2.25167 14.2 -5.72205e-07
    endloop
  endfacet
  facet normal 0 0 -1
    outer loop
      vertex 4.27051 11.5622 -5.72205e-07
      vertex 1.99172 13.8288 -5.72205e-07
      vertex 2.1298 14.0087 -5.72205e-07
    endloop
  endfacet
  facet normal 0 0 -1
    outer loop
      vertex 2.86519 11.2507 -5.72205e-07
      vertex 1.83848 13.6615 -5.72205e-07
      vertex 1.99172 13.8288 -5.72205e-07
    endloop
  endfacet
  facet normal 0 0 -1
    outer loop
      vertex 2.86519 11.2507 -5.72205e-07
      vertex 1.67125 13.5083 -5.72205e-07
      vertex 1.83848 13.6615 -5.72205e-07
    endloop
  endfacet
  facet normal 0 0 -1
    outer loop
      vertex 2.86519 11.2507 -5.72205e-07
      vertex 1.4913 13.3702 -5.72205e-07
      vertex 1.67125 13.5083 -5.72205e-07
    endloop
  endfacet
  facet normal 0 0 -1
    outer loop
      vertex 1.3 13.2483 -5.72205e-07
      vertex 2.86519 11.2507 -5.72205e-07
      vertex 1.43807 11.0628 -5.72205e-07
    endloop
  endfacet
  facet normal 0 0 -1
    outer loop
      vertex 2.86519 11.2507 -5.72205e-07
      vertex 1.3 13.2483 -5.72205e-07
      vertex 1.4913 13.3702 -5.72205e-07
    endloop
  endfacet
  facet normal 0 0 -1
    outer loop
      vertex 1.43807 11.0628 -5.72205e-07
      vertex 1.09881 13.1436 -5.72205e-07
      vertex 1.3 13.2483 -5.72205e-07
    endloop
  endfacet
  facet normal 0 0 -1
    outer loop
      vertex 0.889252 13.0568 -5.72205e-07
      vertex 1.43807 11.0628 -5.72205e-07
      vertex 0.958166 11.0418 -5.72205e-07
    endloop
  endfacet
  facet normal 0 0 -1
    outer loop
      vertex 1.43807 11.0628 -5.72205e-07
      vertex 0.889252 13.0568 -5.72205e-07
      vertex 1.09881 13.1436 -5.72205e-07
    endloop
  endfacet
  facet normal 0 0 -1
    outer loop
      vertex 0.958166 11.0418 -5.72205e-07
      vertex 0.672929 12.9886 -5.72205e-07
      vertex 0.889252 13.0568 -5.72205e-07
    endloop
  endfacet
  facet normal 0 0 -1
    outer loop
      vertex 0 12 -5.72205e-07
      vertex 0.672929 12.9886 -5.72205e-07
      vertex 0.958166 11.0418 -5.72205e-07
    endloop
  endfacet
  facet normal 0 0 -1
    outer loop
      vertex 0.672929 12.9886 -5.72205e-07
      vertex 0 12 -5.72205e-07
      vertex 0.451485 12.9395 -5.72205e-07
    endloop
  endfacet
  facet normal 0 0 -1
    outer loop
      vertex 0.451485 12.9395 -5.72205e-07
      vertex 0 12 -5.72205e-07
      vertex 0.226604 12.9099 -5.72205e-07
    endloop
  endfacet
  facet normal 0 0 -1
    outer loop
      vertex 0 12 -5.72205e-07
      vertex 0 12.9 -5.72205e-07
      vertex 0.226604 12.9099 -5.72205e-07
    endloop
  endfacet
  facet normal 0 0 -1
    outer loop
      vertex 0 12 -5.72205e-07
      vertex -0.226604 12.9099 -5.72205e-07
      vertex 0 12.9 -5.72205e-07
    endloop
  endfacet
  facet normal 0 0 -1
    outer loop
      vertex 0 12 -5.72205e-07
      vertex -0.451485 12.9395 -5.72205e-07
      vertex -0.226604 12.9099 -5.72205e-07
    endloop
  endfacet
  facet normal 0 0 -1
    outer loop
      vertex 0 12 -5.72205e-07
      vertex -0.672929 12.9886 -5.72205e-07
      vertex -0.451485 12.9395 -5.72205e-07
    endloop
  endfacet
  facet normal 0 0 -1
    outer loop
      vertex -0.958166 11.0418 -5.72205e-07
      vertex -0.672929 12.9886 -5.72205e-07
      vertex 0 12 -5.72205e-07
    endloop
  endfacet
  facet normal -0 0 -1
    outer loop
      vertex -0.672929 12.9886 -5.72205e-07
      vertex -0.958166 11.0418 -5.72205e-07
      vertex -0.889252 13.0568 -5.72205e-07
    endloop
  endfacet
  facet normal 0 0 -1
    outer loop
      vertex -1.43807 11.0628 -5.72205e-07
      vertex -0.889252 13.0568 -5.72205e-07
      vertex -0.958166 11.0418 -5.72205e-07
    endloop
  endfacet
  facet normal -0 0 -1
    outer loop
      vertex -0.889252 13.0568 -5.72205e-07
      vertex -1.43807 11.0628 -5.72205e-07
      vertex -1.09881 13.1436 -5.72205e-07
    endloop
  endfacet
  facet normal -0 0 -1
    outer loop
      vertex -1.09881 13.1436 -5.72205e-07
      vertex -1.43807 11.0628 -5.72205e-07
      vertex -1.3 13.2483 -5.72205e-07
    endloop
  endfacet
  facet normal 0 0 -1
    outer loop
      vertex -2.86519 11.2507 -5.72205e-07
      vertex -1.3 13.2483 -5.72205e-07
      vertex -1.43807 11.0628 -5.72205e-07
    endloop
  endfacet
  facet normal -0 0 -1
    outer loop
      vertex -1.3 13.2483 -5.72205e-07
      vertex -2.86519 11.2507 -5.72205e-07
      vertex -1.4913 13.3702 -5.72205e-07
    endloop
  endfacet
  facet normal -0 0 -1
    outer loop
      vertex -1.4913 13.3702 -5.72205e-07
      vertex -2.86519 11.2507 -5.72205e-07
      vertex -1.67125 13.5083 -5.72205e-07
    endloop
  endfacet
  facet normal -0 0 -1
    outer loop
      vertex -1.67125 13.5083 -5.72205e-07
      vertex -2.86519 11.2507 -5.72205e-07
      vertex -1.83848 13.6615 -5.72205e-07
    endloop
  endfacet
  facet normal -0 0 -1
    outer loop
      vertex -1.83848 13.6615 -5.72205e-07
      vertex -2.86519 11.2507 -5.72205e-07
      vertex -1.99172 13.8288 -5.72205e-07
    endloop
  endfacet
  facet normal 0 0 -1
    outer loop
      vertex -4.27051 11.5622 -5.72205e-07
      vertex -1.99172 13.8288 -5.72205e-07
      vertex -2.86519 11.2507 -5.72205e-07
    endloop
  endfacet
  facet normal -0 0 -1
    outer loop
      vertex -1.99172 13.8288 -5.72205e-07
      vertex -4.27051 11.5622 -5.72205e-07
      vertex -2.1298 14.0087 -5.72205e-07
    endloop
  endfacet
  facet normal -0 0 -1
    outer loop
      vertex -2.1298 14.0087 -5.72205e-07
      vertex -4.27051 11.5622 -5.72205e-07
      vertex -2.25167 14.2 -5.72205e-07
    endloop
  endfacet
  facet normal -0 0 -1
    outer loop
      vertex -2.25167 14.2 -5.72205e-07
      vertex -4.27051 11.5622 -5.72205e-07
      vertex -2.3564 14.4012 -5.72205e-07
    endloop
  endfacet
  facet normal -0 0 -1
    outer loop
      vertex -1.5 24.9019 -5.72205e-07
      vertex -4.55155 22.4703 -5.72205e-07
      vertex -1.72073 25.0425 -5.72205e-07
    endloop
  endfacet
  facet normal -0 0 -1
    outer loop
      vertex -2.3564 14.4012 -5.72205e-07
      vertex -4.27051 11.5622 -5.72205e-07
      vertex -2.4432 14.6107 -5.72205e-07
    endloop
  endfacet
  facet normal -0 0 -1
    outer loop
      vertex -2.4432 14.6107 -5.72205e-07
      vertex -4.27051 11.5622 -5.72205e-07
      vertex -2.51141 14.8271 -5.72205e-07
    endloop
  endfacet
  facet normal -0 0 -1
    outer loop
      vertex -2.51141 14.8271 -5.72205e-07
      vertex -4.27051 11.5622 -5.72205e-07
      vertex -2.5605 15.0485 -5.72205e-07
    endloop
  endfacet
  facet normal -0 0 -1
    outer loop
      vertex -2.5605 15.0485 -5.72205e-07
      vertex -4.27051 11.5622 -5.72205e-07
      vertex -2.59011 15.2734 -5.72205e-07
    endloop
  endfacet
  facet normal -0 0 -1
    outer loop
      vertex -2.59011 15.2734 -5.72205e-07
      vertex -4.27051 11.5622 -5.72205e-07
      vertex -2.6 15.5 -5.72205e-07
    endloop
  endfacet
  facet normal 0 0 -1
    outer loop
      vertex -2.5605 15.9515 -5.72205e-07
      vertex -4.51545 22.0578 -5.72205e-07
      vertex -2.51141 16.1729 -5.72205e-07
    endloop
  endfacet
  facet normal 0 0 -1
    outer loop
      vertex -4.57825 22.5348 -5.72205e-07
      vertex -1.72073 25.0425 -5.72205e-07
      vertex -4.55155 22.4703 -5.72205e-07
    endloop
  endfacet
  facet normal 0 0 -1
    outer loop
      vertex -4.61048 22.5967 -5.72205e-07
      vertex -1.72073 25.0425 -5.72205e-07
      vertex -4.57825 22.5348 -5.72205e-07
    endloop
  endfacet
  facet normal -0 0 -1
    outer loop
      vertex -1.72073 25.0425 -5.72205e-07
      vertex -4.61048 22.5967 -5.72205e-07
      vertex -1.92836 25.2019 -5.72205e-07
    endloop
  endfacet
  facet normal 0 0 -1
    outer loop
      vertex -4.64798 22.6556 -5.72205e-07
      vertex -1.92836 25.2019 -5.72205e-07
      vertex -4.61048 22.5967 -5.72205e-07
    endloop
  endfacet
  facet normal 0 0 -1
    outer loop
      vertex 12.7487 22.5988 -5.72205e-07
      vertex 15.9378 23.2295 -5.72205e-07
      vertex 12.8355 22.3893 -5.72205e-07
    endloop
  endfacet
  facet normal 0 0 -1
    outer loop
      vertex 16.5 27.5 -5.72205e-07
      vertex 12.9824 33.2734 -5.72205e-07
      vertex 12.9923 33.5 -5.72205e-07
    endloop
  endfacet
  facet normal 0 0 -1
    outer loop
      vertex 12.644 22.8 -5.72205e-07
      vertex 15.9378 23.2295 -5.72205e-07
      vertex 12.7487 22.5988 -5.72205e-07
    endloop
  endfacet
  facet normal 0 0 -1
    outer loop
      vertex 16.5 27.5 -5.72205e-07
      vertex 12.9528 33.0485 -5.72205e-07
      vertex 12.9824 33.2734 -5.72205e-07
    endloop
  endfacet
  facet normal 0 0 -1
    outer loop
      vertex 12.5221 22.9913 -5.72205e-07
      vertex 15.9378 23.2295 -5.72205e-07
      vertex 12.644 22.8 -5.72205e-07
    endloop
  endfacet
  facet normal 0 0 -1
    outer loop
      vertex 16.5 27.5 -5.72205e-07
      vertex 12.9037 32.8271 -5.72205e-07
      vertex 12.9528 33.0485 -5.72205e-07
    endloop
  endfacet
  facet normal -0 0 -1
    outer loop
      vertex 15.9378 23.2295 -5.72205e-07
      vertex 12.5221 22.9913 -5.72205e-07
      vertex 16.2493 24.6348 -5.72205e-07
    endloop
  endfacet
  facet normal 0 0 -1
    outer loop
      vertex 16.5 27.5 -5.72205e-07
      vertex 12.8355 32.6107 -5.72205e-07
      vertex 12.9037 32.8271 -5.72205e-07
    endloop
  endfacet
  facet normal 0 0 -1
    outer loop
      vertex 12.384 23.1712 -5.72205e-07
      vertex 16.2493 24.6348 -5.72205e-07
      vertex 12.5221 22.9913 -5.72205e-07
    endloop
  endfacet
  facet normal 0 0 -1
    outer loop
      vertex 16.5 27.5 -5.72205e-07
      vertex 12.7487 32.4012 -5.72205e-07
      vertex 12.8355 32.6107 -5.72205e-07
    endloop
  endfacet
  facet normal 0 0 -1
    outer loop
      vertex 12.2308 23.3385 -5.72205e-07
      vertex 16.2493 24.6348 -5.72205e-07
      vertex 12.384 23.1712 -5.72205e-07
    endloop
  endfacet
  facet normal 0 0 -1
    outer loop
      vertex 16.5 27.5 -5.72205e-07
      vertex 12.644 32.2 -5.72205e-07
      vertex 12.7487 32.4012 -5.72205e-07
    endloop
  endfacet
  facet normal 0 0 -1
    outer loop
      vertex 12.0636 23.4917 -5.72205e-07
      vertex 16.2493 24.6348 -5.72205e-07
      vertex 12.2308 23.3385 -5.72205e-07
    endloop
  endfacet
  facet normal 0 0 -1
    outer loop
      vertex 16.5 27.5 -5.72205e-07
      vertex 12.5221 32.0087 -5.72205e-07
      vertex 12.644 32.2 -5.72205e-07
    endloop
  endfacet
  facet normal -0 0 -1
    outer loop
      vertex 16.2493 24.6348 -5.72205e-07
      vertex 12.0636 23.4917 -5.72205e-07
      vertex 16.4372 26.0619 -5.72205e-07
    endloop
  endfacet
  facet normal 0 0 -1
    outer loop
      vertex 16.5 27.5 -5.72205e-07
      vertex 12.384 31.8288 -5.72205e-07
      vertex 12.5221 32.0087 -5.72205e-07
    endloop
  endfacet
  facet normal 0 0 -1
    outer loop
      vertex 11.8836 23.6298 -5.72205e-07
      vertex 16.4372 26.0619 -5.72205e-07
      vertex 12.0636 23.4917 -5.72205e-07
    endloop
  endfacet
  facet normal 0 0 -1
    outer loop
      vertex 16.5 27.5 -5.72205e-07
      vertex 12.2308 31.6615 -5.72205e-07
      vertex 12.384 31.8288 -5.72205e-07
    endloop
  endfacet
  facet normal 0 0 -1
    outer loop
      vertex 11.6923 23.7517 -5.72205e-07
      vertex 16.4372 26.0619 -5.72205e-07
      vertex 11.8836 23.6298 -5.72205e-07
    endloop
  endfacet
  facet normal 0 0 -1
    outer loop
      vertex 16.5 27.5 -5.72205e-07
      vertex 12.0636 31.5083 -5.72205e-07
      vertex 12.2308 31.6615 -5.72205e-07
    endloop
  endfacet
  facet normal 0 0 -1
    outer loop
      vertex 11.4911 23.8564 -5.72205e-07
      vertex 16.4372 26.0619 -5.72205e-07
      vertex 11.6923 23.7517 -5.72205e-07
    endloop
  endfacet
  facet normal 0 0 -1
    outer loop
      vertex 16.5 27.5 -5.72205e-07
      vertex 11.8836 31.3702 -5.72205e-07
      vertex 12.0636 31.5083 -5.72205e-07
    endloop
  endfacet
  facet normal -0 0 -1
    outer loop
      vertex 16.4372 26.0619 -5.72205e-07
      vertex 11.4911 23.8564 -5.72205e-07
      vertex 16.5 27.5 -5.72205e-07
    endloop
  endfacet
  facet normal 0 0 -1
    outer loop
      vertex 16.5 27.5 -5.72205e-07
      vertex 11.6923 31.2483 -5.72205e-07
      vertex 11.8836 31.3702 -5.72205e-07
    endloop
  endfacet
  facet normal 0 0 -1
    outer loop
      vertex 11.2816 23.9432 -5.72205e-07
      vertex 16.5 27.5 -5.72205e-07
      vertex 11.4911 23.8564 -5.72205e-07
    endloop
  endfacet
  facet normal 0 0 -1
    outer loop
      vertex 16.5 27.5 -5.72205e-07
      vertex 11.4911 31.1436 -5.72205e-07
      vertex 11.6923 31.2483 -5.72205e-07
    endloop
  endfacet
  facet normal 0 0 -1
    outer loop
      vertex 11.2816 31.0568 -5.72205e-07
      vertex 16.5 27.5 -5.72205e-07
      vertex 11.2816 23.9432 -5.72205e-07
    endloop
  endfacet
  facet normal 0 0 -1
    outer loop
      vertex 16.5 27.5 -5.72205e-07
      vertex 11.2816 31.0568 -5.72205e-07
      vertex 11.4911 31.1436 -5.72205e-07
    endloop
  endfacet
  facet normal 0 0 -1
    outer loop
      vertex 11.0652 24.0114 -5.72205e-07
      vertex 11.2816 31.0568 -5.72205e-07
      vertex 11.2816 23.9432 -5.72205e-07
    endloop
  endfacet
  facet normal 0 0 -1
    outer loop
      vertex 11.0652 24.0114 -5.72205e-07
      vertex 11.0652 30.9886 -5.72205e-07
      vertex 11.2816 31.0568 -5.72205e-07
    endloop
  endfacet
  facet normal 0 0 -1
    outer loop
      vertex 10.8438 24.0605 -5.72205e-07
      vertex 11.0652 30.9886 -5.72205e-07
      vertex 11.0652 24.0114 -5.72205e-07
    endloop
  endfacet
  facet normal 0 0 -1
    outer loop
      vertex 10.8438 24.0605 -5.72205e-07
      vertex 10.8438 30.9395 -5.72205e-07
      vertex 11.0652 30.9886 -5.72205e-07
    endloop
  endfacet
  facet normal 0 0 -1
    outer loop
      vertex 10.6189 24.0901 -5.72205e-07
      vertex 10.8438 30.9395 -5.72205e-07
      vertex 10.8438 24.0605 -5.72205e-07
    endloop
  endfacet
  facet normal 0 0 -1
    outer loop
      vertex 10.6189 24.0901 -5.72205e-07
      vertex 10.6189 30.9099 -5.72205e-07
      vertex 10.8438 30.9395 -5.72205e-07
    endloop
  endfacet
  facet normal 0 0 -1
    outer loop
      vertex 10.3923 24.1 -5.72205e-07
      vertex 10.6189 30.9099 -5.72205e-07
      vertex 10.6189 24.0901 -5.72205e-07
    endloop
  endfacet
  facet normal 0 0 -1
    outer loop
      vertex 10.3923 24.1 -5.72205e-07
      vertex 10.3923 30.9 -5.72205e-07
      vertex 10.6189 30.9099 -5.72205e-07
    endloop
  endfacet
  facet normal 0 0 -1
    outer loop
      vertex 10.1657 24.0901 -5.72205e-07
      vertex 10.3923 30.9 -5.72205e-07
      vertex 10.3923 24.1 -5.72205e-07
    endloop
  endfacet
  facet normal 0 0 -1
    outer loop
      vertex 10.1657 24.0901 -5.72205e-07
      vertex 10.1657 30.9099 -5.72205e-07
      vertex 10.3923 30.9 -5.72205e-07
    endloop
  endfacet
  facet normal 0 0 -1
    outer loop
      vertex 9.94082 24.0605 -5.72205e-07
      vertex 10.1657 30.9099 -5.72205e-07
      vertex 10.1657 24.0901 -5.72205e-07
    endloop
  endfacet
  facet normal 0 0 -1
    outer loop
      vertex 9.94082 24.0605 -5.72205e-07
      vertex 9.94082 30.9395 -5.72205e-07
      vertex 10.1657 30.9099 -5.72205e-07
    endloop
  endfacet
  facet normal 0 0 -1
    outer loop
      vertex 9.71937 24.0114 -5.72205e-07
      vertex 9.94082 30.9395 -5.72205e-07
      vertex 9.94082 24.0605 -5.72205e-07
    endloop
  endfacet
  facet normal 0 0 -1
    outer loop
      vertex 9.71937 24.0114 -5.72205e-07
      vertex 9.71937 30.9886 -5.72205e-07
      vertex 9.94082 30.9395 -5.72205e-07
    endloop
  endfacet
  facet normal 0 0 -1
    outer loop
      vertex 9.50305 23.9432 -5.72205e-07
      vertex 9.71937 30.9886 -5.72205e-07
      vertex 9.71937 24.0114 -5.72205e-07
    endloop
  endfacet
  facet normal 0 0 -1
    outer loop
      vertex 9.50305 23.9432 -5.72205e-07
      vertex 9.50305 31.0568 -5.72205e-07
      vertex 9.71937 30.9886 -5.72205e-07
    endloop
  endfacet
  facet normal 0 0 -1
    outer loop
      vertex 9.2935 23.8564 -5.72205e-07
      vertex 9.50305 31.0568 -5.72205e-07
      vertex 9.50305 23.9432 -5.72205e-07
    endloop
  endfacet
  facet normal 0 0 -1
    outer loop
      vertex 9.2935 23.8564 -5.72205e-07
      vertex 9.2935 31.1436 -5.72205e-07
      vertex 9.50305 31.0568 -5.72205e-07
    endloop
  endfacet
  facet normal 0 0 -1
    outer loop
      vertex 9.0923 23.7517 -5.72205e-07
      vertex 9.2935 31.1436 -5.72205e-07
      vertex 9.2935 23.8564 -5.72205e-07
    endloop
  endfacet
  facet normal 0 0 -1
    outer loop
      vertex 9.0923 23.7517 -5.72205e-07
      vertex 9.0923 31.2483 -5.72205e-07
      vertex 9.2935 31.1436 -5.72205e-07
    endloop
  endfacet
  facet normal 0 0 -1
    outer loop
      vertex 8.90101 23.6298 -5.72205e-07
      vertex 9.0923 31.2483 -5.72205e-07
      vertex 9.0923 23.7517 -5.72205e-07
    endloop
  endfacet
  facet normal 0 0 -1
    outer loop
      vertex 8.90101 23.6298 -5.72205e-07
      vertex 8.90101 31.3702 -5.72205e-07
      vertex 9.0923 31.2483 -5.72205e-07
    endloop
  endfacet
  facet normal 0 0 -1
    outer loop
      vertex 8.72106 23.4917 -5.72205e-07
      vertex 8.90101 31.3702 -5.72205e-07
      vertex 8.90101 23.6298 -5.72205e-07
    endloop
  endfacet
  facet normal 0 0 -1
    outer loop
      vertex 8.72106 23.4917 -5.72205e-07
      vertex 8.72106 31.5083 -5.72205e-07
      vertex 8.90101 31.3702 -5.72205e-07
    endloop
  endfacet
  facet normal 0 0 -1
    outer loop
      vertex 6.02835 22.5348 -5.72205e-07
      vertex 8.0359 22.5988 -5.72205e-07
      vertex 6.05505 22.4703 -5.72205e-07
    endloop
  endfacet
  facet normal 0 0 -1
    outer loop
      vertex 5.99612 22.5967 -5.72205e-07
      vertex 8.0359 22.5988 -5.72205e-07
      vertex 6.02835 22.5348 -5.72205e-07
    endloop
  endfacet
  facet normal 0 0 -1
    outer loop
      vertex 7.9491 22.3893 -5.72205e-07
      vertex 6.05505 22.4703 -5.72205e-07
      vertex 8.0359 22.5988 -5.72205e-07
    endloop
  endfacet
  facet normal -0 0 -1
    outer loop
      vertex 8.0359 22.5988 -5.72205e-07
      vertex 5.99612 22.5967 -5.72205e-07
      vertex 8.14064 22.8 -5.72205e-07
    endloop
  endfacet
  facet normal 0 0 -1
    outer loop
      vertex 6.05505 22.4703 -5.72205e-07
      vertex 7.9491 22.3893 -5.72205e-07
      vertex 6.07604 22.4038 -5.72205e-07
    endloop
  endfacet
  facet normal 0 0 -1
    outer loop
      vertex 8.72106 31.5083 -5.72205e-07
      vertex 6.1033 32.8033 -5.72205e-07
      vertex 8.55383 31.6615 -5.72205e-07
    endloop
  endfacet
  facet normal 0 0 -1
    outer loop
      vertex 6.07604 22.4038 -5.72205e-07
      vertex 7.9491 22.3893 -5.72205e-07
      vertex 6.09115 22.3356 -5.72205e-07
    endloop
  endfacet
  facet normal 0 0 -1
    outer loop
      vertex 8.55383 31.6615 -5.72205e-07
      vertex 6.1033 32.8033 -5.72205e-07
      vertex 8.40059 31.8288 -5.72205e-07
    endloop
  endfacet
  facet normal 0 0 -1
    outer loop
      vertex 7.8809 22.1729 -5.72205e-07
      vertex 6.09115 22.3356 -5.72205e-07
      vertex 7.9491 22.3893 -5.72205e-07
    endloop
  endfacet
  facet normal 0 0 -1
    outer loop
      vertex 8.40059 31.8288 -5.72205e-07
      vertex 6.1033 32.8033 -5.72205e-07
      vertex 8.26251 32.0087 -5.72205e-07
    endloop
  endfacet
  facet normal 0 0 -1
    outer loop
      vertex 6.09115 22.3356 -5.72205e-07
      vertex 7.8809 22.1729 -5.72205e-07
      vertex 6.10026 22.2664 -5.72205e-07
    endloop
  endfacet
  facet normal 0 0 -1
    outer loop
      vertex 8.26251 32.0087 -5.72205e-07
      vertex 6.1033 32.8033 -5.72205e-07
      vertex 8.14064 32.2 -5.72205e-07
    endloop
  endfacet
  facet normal 0 0 -1
    outer loop
      vertex 6.10026 22.2664 -5.72205e-07
      vertex 7.8809 22.1729 -5.72205e-07
      vertex 6.1033 22.1967 -5.72205e-07
    endloop
  endfacet
  facet normal 0 0 -1
    outer loop
      vertex 8.14064 32.2 -5.72205e-07
      vertex 6.1033 32.8033 -5.72205e-07
      vertex 8.0359 32.4012 -5.72205e-07
    endloop
  endfacet
  facet normal 0 0 -1
    outer loop
      vertex 6.1033 22.1967 -5.72205e-07
      vertex 7.8809 22.1729 -5.72205e-07
      vertex 7.8318 21.9515 -5.72205e-07
    endloop
  endfacet
  facet normal 0 0 -1
    outer loop
      vertex 8.0359 32.4012 -5.72205e-07
      vertex 6.1033 32.8033 -5.72205e-07
      vertex 7.9491 32.6107 -5.72205e-07
    endloop
  endfacet
  facet normal 0 0 -1
    outer loop
      vertex 6.09115 22.0578 -5.72205e-07
      vertex 7.8318 21.9515 -5.72205e-07
      vertex 7.8022 21.7266 -5.72205e-07
    endloop
  endfacet
  facet normal 0 0 -1
    outer loop
      vertex 7.9491 32.6107 -5.72205e-07
      vertex 6.1033 32.8033 -5.72205e-07
      vertex 7.8809 32.8271 -5.72205e-07
    endloop
  endfacet
  facet normal 0 0 -1
    outer loop
      vertex 6.05505 21.9231 -5.72205e-07
      vertex 7.8022 21.7266 -5.72205e-07
      vertex 7.7923 21.5 -5.72205e-07
    endloop
  endfacet
  facet normal -0 0 -1
    outer loop
      vertex 7.8809 32.8271 -5.72205e-07
      vertex 6.1033 32.8033 -5.72205e-07
      vertex 7.8318 33.0485 -5.72205e-07
    endloop
  endfacet
  facet normal 0 0 -1
    outer loop
      vertex 12.8355 22.3893 -5.72205e-07
      vertex 15.5049 21.8567 -5.72205e-07
      vertex 12.9037 22.1729 -5.72205e-07
    endloop
  endfacet
  facet normal 0 0 -1
    outer loop
      vertex 12.9037 22.1729 -5.72205e-07
      vertex 15.5049 21.8567 -5.72205e-07
      vertex 12.9528 21.9515 -5.72205e-07
    endloop
  endfacet
  facet normal 0 0 -1
    outer loop
      vertex 15.5049 21.8567 -5.72205e-07
      vertex 12.8355 22.3893 -5.72205e-07
      vertex 15.9378 23.2295 -5.72205e-07
    endloop
  endfacet
  facet normal 0 0 -1
    outer loop
      vertex 12.9528 21.9515 -5.72205e-07
      vertex 15.5049 21.8567 -5.72205e-07
      vertex 12.9824 21.7266 -5.72205e-07
    endloop
  endfacet
  facet normal 0 0 -1
    outer loop
      vertex 16.5 27.5 -5.72205e-07
      vertex 12.9923 33.5 -5.72205e-07
      vertex 16.4372 28.9381 -5.72205e-07
    endloop
  endfacet
  facet normal 0 0 -1
    outer loop
      vertex 12.9824 21.7266 -5.72205e-07
      vertex 15.5049 21.8567 -5.72205e-07
      vertex 12.9923 21.5 -5.72205e-07
    endloop
  endfacet
  facet normal 0 0 -1
    outer loop
      vertex 16.4372 28.9381 -5.72205e-07
      vertex 12.9923 33.5 -5.72205e-07
      vertex 16.2493 30.3652 -5.72205e-07
    endloop
  endfacet
  facet normal 0 0 -1
    outer loop
      vertex 12.9923 21.5 -5.72205e-07
      vertex 15.5049 21.8567 -5.72205e-07
      vertex 14.9541 20.5268 -5.72205e-07
    endloop
  endfacet
  facet normal 0 0 -1
    outer loop
      vertex 16.2493 30.3652 -5.72205e-07
      vertex 12.9923 33.5 -5.72205e-07
      vertex 15.9378 31.7705 -5.72205e-07
    endloop
  endfacet
  facet normal 0 0 -1
    outer loop
      vertex 12.8355 20.6107 -5.72205e-07
      vertex 14.9541 20.5268 -5.72205e-07
      vertex 14.2894 19.25 -5.72205e-07
    endloop
  endfacet
  facet normal 0 0 -1
    outer loop
      vertex 15.9378 31.7705 -5.72205e-07
      vertex 12.9923 33.5 -5.72205e-07
      vertex 15.5049 33.1433 -5.72205e-07
    endloop
  endfacet
  facet normal 0 0 -1
    outer loop
      vertex 12.384 19.8288 -5.72205e-07
      vertex 14.2894 19.25 -5.72205e-07
      vertex 13.516 18.036 -5.72205e-07
    endloop
  endfacet
  facet normal 0 0 -1
    outer loop
      vertex 15.5049 33.1433 -5.72205e-07
      vertex 12.9923 33.5 -5.72205e-07
      vertex 14.9541 34.4732 -5.72205e-07
    endloop
  endfacet
  facet normal 0 0 -1
    outer loop
      vertex 12.9824 33.7266 -5.72205e-07
      vertex 14.9541 34.4732 -5.72205e-07
      vertex 12.9923 33.5 -5.72205e-07
    endloop
  endfacet
  facet normal 0 0 -1
    outer loop
      vertex 14.9541 20.5268 -5.72205e-07
      vertex 12.9824 21.2734 -5.72205e-07
      vertex 12.9923 21.5 -5.72205e-07
    endloop
  endfacet
  facet normal 0 0 -1
    outer loop
      vertex 14.9541 20.5268 -5.72205e-07
      vertex 12.9528 21.0485 -5.72205e-07
      vertex 12.9824 21.2734 -5.72205e-07
    endloop
  endfacet
  facet normal 0 0 -1
    outer loop
      vertex 14.9541 20.5268 -5.72205e-07
      vertex 12.9037 20.8271 -5.72205e-07
      vertex 12.9528 21.0485 -5.72205e-07
    endloop
  endfacet
  facet normal 0 0 -1
    outer loop
      vertex 14.9541 20.5268 -5.72205e-07
      vertex 12.8355 20.6107 -5.72205e-07
      vertex 12.9037 20.8271 -5.72205e-07
    endloop
  endfacet
  facet normal 0 0 -1
    outer loop
      vertex 14.2894 19.25 -5.72205e-07
      vertex 12.7487 20.4012 -5.72205e-07
      vertex 12.8355 20.6107 -5.72205e-07
    endloop
  endfacet
  facet normal 0 0 -1
    outer loop
      vertex 14.2894 19.25 -5.72205e-07
      vertex 12.644 20.2 -5.72205e-07
      vertex 12.7487 20.4012 -5.72205e-07
    endloop
  endfacet
  facet normal 0 0 -1
    outer loop
      vertex 11.6923 19.2483 -5.72205e-07
      vertex 13.516 18.036 -5.72205e-07
      vertex 12.6397 16.894 -5.72205e-07
    endloop
  endfacet
  facet normal 0 0 -1
    outer loop
      vertex 14.2894 19.25 -5.72205e-07
      vertex 12.5221 20.0087 -5.72205e-07
      vertex 12.644 20.2 -5.72205e-07
    endloop
  endfacet
  facet normal 0 0 -1
    outer loop
      vertex 14.2894 19.25 -5.72205e-07
      vertex 12.384 19.8288 -5.72205e-07
      vertex 12.5221 20.0087 -5.72205e-07
    endloop
  endfacet
  facet normal 0 0 -1
    outer loop
      vertex 13.516 18.036 -5.72205e-07
      vertex 12.2308 19.6615 -5.72205e-07
      vertex 12.384 19.8288 -5.72205e-07
    endloop
  endfacet
  facet normal 0 0 -1
    outer loop
      vertex 13.516 18.036 -5.72205e-07
      vertex 12.0636 19.5083 -5.72205e-07
      vertex 12.2308 19.6615 -5.72205e-07
    endloop
  endfacet
  facet normal 0 0 -1
    outer loop
      vertex 13.516 18.036 -5.72205e-07
      vertex 11.8836 19.3702 -5.72205e-07
      vertex 12.0636 19.5083 -5.72205e-07
    endloop
  endfacet
  facet normal 0 0 -1
    outer loop
      vertex 13.516 18.036 -5.72205e-07
      vertex 11.6923 19.2483 -5.72205e-07
      vertex 11.8836 19.3702 -5.72205e-07
    endloop
  endfacet
  facet normal 0 0 -1
    outer loop
      vertex 10.8438 18.9395 -5.72205e-07
      vertex 12.6397 16.894 -5.72205e-07
      vertex 11.6673 15.8327 -5.72205e-07
    endloop
  endfacet
  facet normal 0 0 -1
    outer loop
      vertex 12.6397 16.894 -5.72205e-07
      vertex 11.4911 19.1436 -5.72205e-07
      vertex 11.6923 19.2483 -5.72205e-07
    endloop
  endfacet
  facet normal 0 0 -1
    outer loop
      vertex 12.6397 16.894 -5.72205e-07
      vertex 11.2816 19.0568 -5.72205e-07
      vertex 11.4911 19.1436 -5.72205e-07
    endloop
  endfacet
  facet normal 0 0 -1
    outer loop
      vertex 12.6397 16.894 -5.72205e-07
      vertex 11.0652 18.9886 -5.72205e-07
      vertex 11.2816 19.0568 -5.72205e-07
    endloop
  endfacet
  facet normal 0 0 -1
    outer loop
      vertex 12.6397 16.894 -5.72205e-07
      vertex 10.8438 18.9395 -5.72205e-07
      vertex 11.0652 18.9886 -5.72205e-07
    endloop
  endfacet
  facet normal 0 0 -1
    outer loop
      vertex 11.6673 15.8327 -5.72205e-07
      vertex 10.6189 18.9099 -5.72205e-07
      vertex 10.8438 18.9395 -5.72205e-07
    endloop
  endfacet
  facet normal 0 0 -1
    outer loop
      vertex 10.1657 18.9099 -5.72205e-07
      vertex 11.6673 15.8327 -5.72205e-07
      vertex 10.606 14.8603 -5.72205e-07
    endloop
  endfacet
  facet normal 0 0 -1
    outer loop
      vertex 11.6673 15.8327 -5.72205e-07
      vertex 10.3923 18.9 -5.72205e-07
      vertex 10.6189 18.9099 -5.72205e-07
    endloop
  endfacet
  facet normal 0 0 -1
    outer loop
      vertex 11.6673 15.8327 -5.72205e-07
      vertex 10.1657 18.9099 -5.72205e-07
      vertex 10.3923 18.9 -5.72205e-07
    endloop
  endfacet
  facet normal 0 0 -1
    outer loop
      vertex 10.606 14.8603 -5.72205e-07
      vertex 9.94082 18.9395 -5.72205e-07
      vertex 10.1657 18.9099 -5.72205e-07
    endloop
  endfacet
  facet normal 0 0 -1
    outer loop
      vertex 10.606 14.8603 -5.72205e-07
      vertex 9.71937 18.9886 -5.72205e-07
      vertex 9.94082 18.9395 -5.72205e-07
    endloop
  endfacet
  facet normal 0 0 -1
    outer loop
      vertex 10.606 14.8603 -5.72205e-07
      vertex 9.50305 19.0568 -5.72205e-07
      vertex 9.71937 18.9886 -5.72205e-07
    endloop
  endfacet
  facet normal 0 0 -1
    outer loop
      vertex 9.46401 13.984 -5.72205e-07
      vertex 9.50305 19.0568 -5.72205e-07
      vertex 10.606 14.8603 -5.72205e-07
    endloop
  endfacet
  facet normal 0 0 -1
    outer loop
      vertex 9.46401 13.984 -5.72205e-07
      vertex 9.2935 19.1436 -5.72205e-07
      vertex 9.50305 19.0568 -5.72205e-07
    endloop
  endfacet
  facet normal 0 0 -1
    outer loop
      vertex 9.46401 13.984 -5.72205e-07
      vertex 9.0923 19.2483 -5.72205e-07
      vertex 9.2935 19.1436 -5.72205e-07
    endloop
  endfacet
  facet normal 0 0 -1
    outer loop
      vertex 9.46401 13.984 -5.72205e-07
      vertex 8.90101 19.3702 -5.72205e-07
      vertex 9.0923 19.2483 -5.72205e-07
    endloop
  endfacet
  facet normal 0 0 -1
    outer loop
      vertex 8.25 13.2106 -5.72205e-07
      vertex 8.90101 19.3702 -5.72205e-07
      vertex 9.46401 13.984 -5.72205e-07
    endloop
  endfacet
  facet normal -0 0 -1
    outer loop
      vertex 8.90101 19.3702 -5.72205e-07
      vertex 8.25 13.2106 -5.72205e-07
      vertex 8.72106 19.5083 -5.72205e-07
    endloop
  endfacet
  facet normal -0 0 -1
    outer loop
      vertex 8.72106 19.5083 -5.72205e-07
      vertex 8.25 13.2106 -5.72205e-07
      vertex 8.55383 19.6615 -5.72205e-07
    endloop
  endfacet
  facet normal 0 0 -1
    outer loop
      vertex 6.9732 12.5459 -5.72205e-07
      vertex 8.55383 19.6615 -5.72205e-07
      vertex 8.25 13.2106 -5.72205e-07
    endloop
  endfacet
  facet normal -0 0 -1
    outer loop
      vertex 8.55383 19.6615 -5.72205e-07
      vertex 6.9732 12.5459 -5.72205e-07
      vertex 8.40059 19.8288 -5.72205e-07
    endloop
  endfacet
  facet normal 0 0 -1
    outer loop
      vertex 5.23358 21.3997 -5.72205e-07
      vertex 8.40059 19.8288 -5.72205e-07
      vertex 6.9732 12.5459 -5.72205e-07
    endloop
  endfacet
  facet normal -0 -0 -1
    outer loop
      vertex 5.3033 21.3967 -5.72205e-07
      vertex 8.40059 19.8288 -5.72205e-07
      vertex 5.23358 21.3997 -5.72205e-07
    endloop
  endfacet
  facet normal 0 0 -1
    outer loop
      vertex 8.40059 19.8288 -5.72205e-07
      vertex 5.3033 21.3967 -5.72205e-07
      vertex 8.26251 20.0087 -5.72205e-07
    endloop
  endfacet
  facet normal 0 0 -1
    outer loop
      vertex 8.26251 20.0087 -5.72205e-07
      vertex 5.37302 21.3997 -5.72205e-07
      vertex 8.14064 20.2 -5.72205e-07
    endloop
  endfacet
  facet normal 0 -0 -1
    outer loop
      vertex 5.64139 21.4717 -5.72205e-07
      vertex 8.0359 20.4012 -5.72205e-07
      vertex 5.57692 21.4449 -5.72205e-07
    endloop
  endfacet
  facet normal 0 0 -1
    outer loop
      vertex 8.0359 20.4012 -5.72205e-07
      vertex 5.64139 21.4717 -5.72205e-07
      vertex 7.9491 20.6107 -5.72205e-07
    endloop
  endfacet
  facet normal 0 0 -1
    outer loop
      vertex 7.9491 20.6107 -5.72205e-07
      vertex 5.7033 21.5039 -5.72205e-07
      vertex 7.8809 20.8271 -5.72205e-07
    endloop
  endfacet
  facet normal 0 -0 -1
    outer loop
      vertex 5.7033 21.5039 -5.72205e-07
      vertex 7.9491 20.6107 -5.72205e-07
      vertex 5.64139 21.4717 -5.72205e-07
    endloop
  endfacet
  facet normal 0 -0 -1
    outer loop
      vertex 5.44222 21.4089 -5.72205e-07
      vertex 8.14064 20.2 -5.72205e-07
      vertex 5.37302 21.3997 -5.72205e-07
    endloop
  endfacet
  facet normal 0 0 -1
    outer loop
      vertex 12.9528 33.9515 -5.72205e-07
      vertex 14.9541 34.4732 -5.72205e-07
      vertex 12.9824 33.7266 -5.72205e-07
    endloop
  endfacet
  facet normal 0 0 -1
    outer loop
      vertex 12.9037 34.1729 -5.72205e-07
      vertex 14.9541 34.4732 -5.72205e-07
      vertex 12.9528 33.9515 -5.72205e-07
    endloop
  endfacet
  facet normal 0 0 -1
    outer loop
      vertex 12.8355 34.3893 -5.72205e-07
      vertex 14.9541 34.4732 -5.72205e-07
      vertex 12.9037 34.1729 -5.72205e-07
    endloop
  endfacet
  facet normal -0 0 -1
    outer loop
      vertex 14.9541 34.4732 -5.72205e-07
      vertex 12.8355 34.3893 -5.72205e-07
      vertex 14.2894 35.75 -5.72205e-07
    endloop
  endfacet
  facet normal 0 0 -1
    outer loop
      vertex 12.7487 34.5988 -5.72205e-07
      vertex 14.2894 35.75 -5.72205e-07
      vertex 12.8355 34.3893 -5.72205e-07
    endloop
  endfacet
  facet normal 0 0 -1
    outer loop
      vertex 12.644 34.8 -5.72205e-07
      vertex 14.2894 35.75 -5.72205e-07
      vertex 12.7487 34.5988 -5.72205e-07
    endloop
  endfacet
  facet normal 0 0 -1
    outer loop
      vertex 12.5221 34.9913 -5.72205e-07
      vertex 14.2894 35.75 -5.72205e-07
      vertex 12.644 34.8 -5.72205e-07
    endloop
  endfacet
  facet normal 0 0 -1
    outer loop
      vertex 12.384 35.1712 -5.72205e-07
      vertex 14.2894 35.75 -5.72205e-07
      vertex 12.5221 34.9913 -5.72205e-07
    endloop
  endfacet
  facet normal -0 0 -1
    outer loop
      vertex 14.2894 35.75 -5.72205e-07
      vertex 12.384 35.1712 -5.72205e-07
      vertex 13.516 36.964 -5.72205e-07
    endloop
  endfacet
  facet normal 0 0 -1
    outer loop
      vertex 12.2308 35.3385 -5.72205e-07
      vertex 13.516 36.964 -5.72205e-07
      vertex 12.384 35.1712 -5.72205e-07
    endloop
  endfacet
  facet normal 0 0 -1
    outer loop
      vertex 12.0636 35.4917 -5.72205e-07
      vertex 13.516 36.964 -5.72205e-07
      vertex 12.2308 35.3385 -5.72205e-07
    endloop
  endfacet
  facet normal 0 0 -1
    outer loop
      vertex 11.8836 35.6298 -5.72205e-07
      vertex 13.516 36.964 -5.72205e-07
      vertex 12.0636 35.4917 -5.72205e-07
    endloop
  endfacet
  facet normal 0 0 -1
    outer loop
      vertex 11.6923 35.7517 -5.72205e-07
      vertex 13.516 36.964 -5.72205e-07
      vertex 11.8836 35.6298 -5.72205e-07
    endloop
  endfacet
  facet normal -0 0 -1
    outer loop
      vertex 13.516 36.964 -5.72205e-07
      vertex 11.6923 35.7517 -5.72205e-07
      vertex 12.6397 38.106 -5.72205e-07
    endloop
  endfacet
  facet normal 0 0 -1
    outer loop
      vertex 11.4911 35.8564 -5.72205e-07
      vertex 12.6397 38.106 -5.72205e-07
      vertex 11.6923 35.7517 -5.72205e-07
    endloop
  endfacet
  facet normal 0 0 -1
    outer loop
      vertex 11.2816 35.9432 -5.72205e-07
      vertex 12.6397 38.106 -5.72205e-07
      vertex 11.4911 35.8564 -5.72205e-07
    endloop
  endfacet
  facet normal 0 0 -1
    outer loop
      vertex 11.0652 36.0114 -5.72205e-07
      vertex 12.6397 38.106 -5.72205e-07
      vertex 11.2816 35.9432 -5.72205e-07
    endloop
  endfacet
  facet normal 0 0 -1
    outer loop
      vertex 10.8438 36.0605 -5.72205e-07
      vertex 12.6397 38.106 -5.72205e-07
      vertex 11.0652 36.0114 -5.72205e-07
    endloop
  endfacet
  facet normal -0 0 -1
    outer loop
      vertex 12.6397 38.106 -5.72205e-07
      vertex 10.8438 36.0605 -5.72205e-07
      vertex 11.6673 39.1673 -5.72205e-07
    endloop
  endfacet
  facet normal 0 0 -1
    outer loop
      vertex 10.6189 36.0901 -5.72205e-07
      vertex 11.6673 39.1673 -5.72205e-07
      vertex 10.8438 36.0605 -5.72205e-07
    endloop
  endfacet
  facet normal 0 0 -1
    outer loop
      vertex 10.3923 36.1 -5.72205e-07
      vertex 11.6673 39.1673 -5.72205e-07
      vertex 10.6189 36.0901 -5.72205e-07
    endloop
  endfacet
  facet normal 0 0 -1
    outer loop
      vertex 10.1657 36.0901 -5.72205e-07
      vertex 11.6673 39.1673 -5.72205e-07
      vertex 10.3923 36.1 -5.72205e-07
    endloop
  endfacet
  facet normal -0 0 -1
    outer loop
      vertex 11.6673 39.1673 -5.72205e-07
      vertex 10.1657 36.0901 -5.72205e-07
      vertex 10.606 40.1397 -5.72205e-07
    endloop
  endfacet
  facet normal 0 0 -1
    outer loop
      vertex 9.94082 36.0605 -5.72205e-07
      vertex 10.606 40.1397 -5.72205e-07
      vertex 10.1657 36.0901 -5.72205e-07
    endloop
  endfacet
  facet normal 0 0 -1
    outer loop
      vertex 9.71937 36.0114 -5.72205e-07
      vertex 10.606 40.1397 -5.72205e-07
      vertex 9.94082 36.0605 -5.72205e-07
    endloop
  endfacet
  facet normal 0 0 -1
    outer loop
      vertex 9.50305 35.9432 -5.72205e-07
      vertex 10.606 40.1397 -5.72205e-07
      vertex 9.71937 36.0114 -5.72205e-07
    endloop
  endfacet
  facet normal 0 0 -1
    outer loop
      vertex 9.50305 35.9432 -5.72205e-07
      vertex 9.46401 41.016 -5.72205e-07
      vertex 10.606 40.1397 -5.72205e-07
    endloop
  endfacet
  facet normal 0 0 -1
    outer loop
      vertex 9.2935 35.8564 -5.72205e-07
      vertex 9.46401 41.016 -5.72205e-07
      vertex 9.50305 35.9432 -5.72205e-07
    endloop
  endfacet
  facet normal 0 0 -1
    outer loop
      vertex 9.0923 35.7517 -5.72205e-07
      vertex 9.46401 41.016 -5.72205e-07
      vertex 9.2935 35.8564 -5.72205e-07
    endloop
  endfacet
  facet normal 0 0 -1
    outer loop
      vertex 8.90101 35.6298 -5.72205e-07
      vertex 9.46401 41.016 -5.72205e-07
      vertex 9.0923 35.7517 -5.72205e-07
    endloop
  endfacet
  facet normal 0 0 -1
    outer loop
      vertex 8.25 41.7894 -5.72205e-07
      vertex 8.90101 35.6298 -5.72205e-07
      vertex 8.72106 35.4917 -5.72205e-07
    endloop
  endfacet
  facet normal 0 0 -1
    outer loop
      vertex 8.25 41.7894 -5.72205e-07
      vertex 8.72106 35.4917 -5.72205e-07
      vertex 8.55383 35.3385 -5.72205e-07
    endloop
  endfacet
  facet normal 0 0 -1
    outer loop
      vertex 6.9732 42.4541 -5.72205e-07
      vertex 8.55383 35.3385 -5.72205e-07
      vertex 8.40059 35.1712 -5.72205e-07
    endloop
  endfacet
  facet normal 0 0 -1
    outer loop
      vertex 6.9732 42.4541 -5.72205e-07
      vertex 8.40059 35.1712 -5.72205e-07
      vertex 8.26251 34.9913 -5.72205e-07
    endloop
  endfacet
  facet normal 0 0 -1
    outer loop
      vertex 8.90101 35.6298 -5.72205e-07
      vertex 8.25 41.7894 -5.72205e-07
      vertex 9.46401 41.016 -5.72205e-07
    endloop
  endfacet
  facet normal 0 0 -1
    outer loop
      vertex 6.9732 42.4541 -5.72205e-07
      vertex 8.26251 34.9913 -5.72205e-07
      vertex 8.14064 34.8 -5.72205e-07
    endloop
  endfacet
  facet normal 0 0 -1
    outer loop
      vertex 5.99612 33.2033 -5.72205e-07
      vertex 7.7923 33.5 -5.72205e-07
      vertex 6.02835 33.1414 -5.72205e-07
    endloop
  endfacet
  facet normal 0 0 -1
    outer loop
      vertex 6.02835 33.1414 -5.72205e-07
      vertex 7.7923 33.5 -5.72205e-07
      vertex 6.05505 33.0769 -5.72205e-07
    endloop
  endfacet
  facet normal -0 0 -1
    outer loop
      vertex 7.8022 33.2734 -5.72205e-07
      vertex 6.05505 33.0769 -5.72205e-07
      vertex 7.7923 33.5 -5.72205e-07
    endloop
  endfacet
  facet normal 0 0 -1
    outer loop
      vertex 6.05505 33.0769 -5.72205e-07
      vertex 7.8022 33.2734 -5.72205e-07
      vertex 6.07604 33.0104 -5.72205e-07
    endloop
  endfacet
  facet normal 0 0 -1
    outer loop
      vertex 6.07604 33.0104 -5.72205e-07
      vertex 7.8022 33.2734 -5.72205e-07
      vertex 6.09115 32.9422 -5.72205e-07
    endloop
  endfacet
  facet normal 0 0 -1
    outer loop
      vertex 8.55383 35.3385 -5.72205e-07
      vertex 6.9732 42.4541 -5.72205e-07
      vertex 8.25 41.7894 -5.72205e-07
    endloop
  endfacet
  facet normal -0 0 -1
    outer loop
      vertex 7.8318 33.0485 -5.72205e-07
      vertex 6.09115 32.9422 -5.72205e-07
      vertex 7.8022 33.2734 -5.72205e-07
    endloop
  endfacet
  facet normal 0 0 -1
    outer loop
      vertex 6.10026 32.873 -5.72205e-07
      vertex 7.8318 33.0485 -5.72205e-07
      vertex 6.1033 32.8033 -5.72205e-07
    endloop
  endfacet
  facet normal 0 0 -1
    outer loop
      vertex 6.09115 32.9422 -5.72205e-07
      vertex 7.8318 33.0485 -5.72205e-07
      vertex 6.10026 32.873 -5.72205e-07
    endloop
  endfacet
  facet normal 0 0 -1
    outer loop
      vertex 7.8318 21.9515 -5.72205e-07
      vertex 6.10026 22.127 -5.72205e-07
      vertex 6.1033 22.1967 -5.72205e-07
    endloop
  endfacet
  facet normal 0 0 -1
    outer loop
      vertex 7.8318 21.9515 -5.72205e-07
      vertex 6.09115 22.0578 -5.72205e-07
      vertex 6.10026 22.127 -5.72205e-07
    endloop
  endfacet
  facet normal 0 0 -1
    outer loop
      vertex 7.8022 21.7266 -5.72205e-07
      vertex 6.07604 21.9896 -5.72205e-07
      vertex 6.09115 22.0578 -5.72205e-07
    endloop
  endfacet
  facet normal 0 0 -1
    outer loop
      vertex 7.8022 21.7266 -5.72205e-07
      vertex 6.05505 21.9231 -5.72205e-07
      vertex 6.07604 21.9896 -5.72205e-07
    endloop
  endfacet
  facet normal 0 0 -1
    outer loop
      vertex 7.7923 21.5 -5.72205e-07
      vertex 6.02835 21.8586 -5.72205e-07
      vertex 6.05505 21.9231 -5.72205e-07
    endloop
  endfacet
  facet normal 0 0 -1
    outer loop
      vertex 7.7923 21.5 -5.72205e-07
      vertex 5.99612 21.7967 -5.72205e-07
      vertex 6.02835 21.8586 -5.72205e-07
    endloop
  endfacet
  facet normal 0 0 -1
    outer loop
      vertex 7.8022 21.2734 -5.72205e-07
      vertex 5.99612 21.7967 -5.72205e-07
      vertex 7.7923 21.5 -5.72205e-07
    endloop
  endfacet
  facet normal 0 -0 -1
    outer loop
      vertex 5.99612 21.7967 -5.72205e-07
      vertex 7.8022 21.2734 -5.72205e-07
      vertex 5.95862 21.7378 -5.72205e-07
    endloop
  endfacet
  facet normal 0 -0 -1
    outer loop
      vertex 5.95862 21.7378 -5.72205e-07
      vertex 7.8022 21.2734 -5.72205e-07
      vertex 5.91614 21.6825 -5.72205e-07
    endloop
  endfacet
  facet normal 0 0 -1
    outer loop
      vertex 7.8318 21.0485 -5.72205e-07
      vertex 5.91614 21.6825 -5.72205e-07
      vertex 7.8022 21.2734 -5.72205e-07
    endloop
  endfacet
  facet normal 0 -0 -1
    outer loop
      vertex 5.91614 21.6825 -5.72205e-07
      vertex 7.8318 21.0485 -5.72205e-07
      vertex 5.86899 21.631 -5.72205e-07
    endloop
  endfacet
  facet normal 0 -0 -1
    outer loop
      vertex 5.86899 21.631 -5.72205e-07
      vertex 7.8318 21.0485 -5.72205e-07
      vertex 5.81753 21.5839 -5.72205e-07
    endloop
  endfacet
  facet normal 0 0 -1
    outer loop
      vertex 5.16438 21.4089 -5.72205e-07
      vertex 6.9732 12.5459 -5.72205e-07
      vertex 5.64333 11.9951 -5.72205e-07
    endloop
  endfacet
  facet normal 0 0 -1
    outer loop
      vertex 7.8809 20.8271 -5.72205e-07
      vertex 5.81753 21.5839 -5.72205e-07
      vertex 7.8318 21.0485 -5.72205e-07
    endloop
  endfacet
  facet normal 0 -0 -1
    outer loop
      vertex 5.81753 21.5839 -5.72205e-07
      vertex 7.8809 20.8271 -5.72205e-07
      vertex 5.76216 21.5414 -5.72205e-07
    endloop
  endfacet
  facet normal 0 -0 -1
    outer loop
      vertex 5.76216 21.5414 -5.72205e-07
      vertex 7.8809 20.8271 -5.72205e-07
      vertex 5.7033 21.5039 -5.72205e-07
    endloop
  endfacet
  facet normal 0 -0 -1
    outer loop
      vertex 5.57692 21.4449 -5.72205e-07
      vertex 8.0359 20.4012 -5.72205e-07
      vertex 5.51036 21.424 -5.72205e-07
    endloop
  endfacet
  facet normal 0 0 -1
    outer loop
      vertex 8.14064 20.2 -5.72205e-07
      vertex 5.51036 21.424 -5.72205e-07
      vertex 8.0359 20.4012 -5.72205e-07
    endloop
  endfacet
  facet normal 0 -0 -1
    outer loop
      vertex 5.51036 21.424 -5.72205e-07
      vertex 8.14064 20.2 -5.72205e-07
      vertex 5.44222 21.4089 -5.72205e-07
    endloop
  endfacet
  facet normal 0 -0 -1
    outer loop
      vertex 5.37302 21.3997 -5.72205e-07
      vertex 8.26251 20.0087 -5.72205e-07
      vertex 5.3033 21.3967 -5.72205e-07
    endloop
  endfacet
  facet normal 0 0 -1
    outer loop
      vertex 6.9732 12.5459 -5.72205e-07
      vertex 5.16438 21.4089 -5.72205e-07
      vertex 5.23358 21.3997 -5.72205e-07
    endloop
  endfacet
  facet normal 0 0 -1
    outer loop
      vertex 5.64333 11.9951 -5.72205e-07
      vertex 5.09624 21.424 -5.72205e-07
      vertex 5.16438 21.4089 -5.72205e-07
    endloop
  endfacet
  facet normal 0 0 -1
    outer loop
      vertex 5.64333 11.9951 -5.72205e-07
      vertex 5.02968 21.4449 -5.72205e-07
      vertex 5.09624 21.424 -5.72205e-07
    endloop
  endfacet
  facet normal 0 0 -1
    outer loop
      vertex 4.27051 11.5622 -5.72205e-07
      vertex 5.02968 21.4449 -5.72205e-07
      vertex 5.64333 11.9951 -5.72205e-07
    endloop
  endfacet
  facet normal -0 0 -1
    outer loop
      vertex 5.02968 21.4449 -5.72205e-07
      vertex 4.27051 11.5622 -5.72205e-07
      vertex 4.96521 21.4717 -5.72205e-07
    endloop
  endfacet
  facet normal -0 0 -1
    outer loop
      vertex 4.96521 21.4717 -5.72205e-07
      vertex 4.27051 11.5622 -5.72205e-07
      vertex 4.9033 21.5039 -5.72205e-07
    endloop
  endfacet
  facet normal -0 0 -1
    outer loop
      vertex 4.9033 21.5039 -5.72205e-07
      vertex 4.27051 11.5622 -5.72205e-07
      vertex 4.84444 21.5414 -5.72205e-07
    endloop
  endfacet
  facet normal -0 0 -1
    outer loop
      vertex 4.84444 21.5414 -5.72205e-07
      vertex 4.27051 11.5622 -5.72205e-07
      vertex 4.78907 21.5839 -5.72205e-07
    endloop
  endfacet
  facet normal -0 0 -1
    outer loop
      vertex 4.78907 21.5839 -5.72205e-07
      vertex 4.27051 11.5622 -5.72205e-07
      vertex 4.73761 21.631 -5.72205e-07
    endloop
  endfacet
  facet normal -0 0 -1
    outer loop
      vertex 4.73761 21.631 -5.72205e-07
      vertex 4.27051 11.5622 -5.72205e-07
      vertex 4.69046 21.6825 -5.72205e-07
    endloop
  endfacet
  facet normal -0 0 -1
    outer loop
      vertex 4.69046 21.6825 -5.72205e-07
      vertex 4.27051 11.5622 -5.72205e-07
      vertex 4.64798 21.7378 -5.72205e-07
    endloop
  endfacet
  facet normal -0 0 -1
    outer loop
      vertex 4.64798 21.7378 -5.72205e-07
      vertex 4.27051 11.5622 -5.72205e-07
      vertex 4.61048 21.7967 -5.72205e-07
    endloop
  endfacet
  facet normal -0 0 -1
    outer loop
      vertex 4.61048 21.7967 -5.72205e-07
      vertex 4.27051 11.5622 -5.72205e-07
      vertex 4.57825 21.8586 -5.72205e-07
    endloop
  endfacet
  facet normal -0 0 -1
    outer loop
      vertex 4.57825 21.8586 -5.72205e-07
      vertex 4.27051 11.5622 -5.72205e-07
      vertex 4.55155 21.9231 -5.72205e-07
    endloop
  endfacet
  facet normal -0 0 -1
    outer loop
      vertex 4.55155 21.9231 -5.72205e-07
      vertex 4.27051 11.5622 -5.72205e-07
      vertex 4.53056 21.9896 -5.72205e-07
    endloop
  endfacet
  facet normal -0 0 -1
    outer loop
      vertex 4.53056 21.9896 -5.72205e-07
      vertex 4.27051 11.5622 -5.72205e-07
      vertex 4.51545 22.0578 -5.72205e-07
    endloop
  endfacet
  facet normal 0 0 -1
    outer loop
      vertex 4.50634 22.127 -5.72205e-07
      vertex 2.95442 26.9791 -5.72205e-07
      vertex 4.5033 22.1967 -5.72205e-07
    endloop
  endfacet
  facet normal 0 0 -1
    outer loop
      vertex 4.51545 22.0578 -5.72205e-07
      vertex 2.95442 26.9791 -5.72205e-07
      vertex 4.50634 22.127 -5.72205e-07
    endloop
  endfacet
  facet normal 0 0 -1
    outer loop
      vertex 2.95442 26.9791 -5.72205e-07
      vertex 4.51545 22.0578 -5.72205e-07
      vertex 4.27051 11.5622 -5.72205e-07
    endloop
  endfacet
  facet normal -0.130537 0.991443 0
    outer loop
      vertex -1.43807 43.9372 -5.72205e-07
      vertex -2.86519 43.7493 8.6
      vertex -1.43807 43.9372 8.6
    endloop
  endfacet
  facet normal -0.130537 0.991443 0
    outer loop
      vertex -2.86519 43.7493 8.6
      vertex -1.43807 43.9372 -5.72205e-07
      vertex -2.86519 43.7493 -5.72205e-07
    endloop
  endfacet
  facet normal -0.999048 -0.0436272 0
    outer loop
      vertex -16.4372 26.0619 -5.72205e-07
      vertex -16.5 27.5 8.6
      vertex -16.5 27.5 -5.72205e-07
    endloop
  endfacet
  facet normal -0.999048 -0.0436272 0
    outer loop
      vertex -16.5 27.5 8.6
      vertex -16.4372 26.0619 -5.72205e-07
      vertex -16.4372 26.0619 8.6
    endloop
  endfacet
  facet normal -0.675552 -0.737313 0
    outer loop
      vertex -11.6673 15.8327 -5.72205e-07
      vertex -10.606 14.8603 8.6
      vertex -11.6673 15.8327 8.6
    endloop
  endfacet
  facet normal -0.675552 -0.737313 -0
    outer loop
      vertex -10.606 14.8603 8.6
      vertex -11.6673 15.8327 -5.72205e-07
      vertex -10.606 14.8603 -5.72205e-07
    endloop
  endfacet
  facet normal 0.300738 0.953707 -0
    outer loop
      vertex 5.64333 43.0049 -5.72205e-07
      vertex 4.27051 43.4378 8.6
      vertex 5.64333 43.0049 8.6
    endloop
  endfacet
  facet normal 0.300738 0.953707 0
    outer loop
      vertex 4.27051 43.4378 8.6
      vertex 5.64333 43.0049 -5.72205e-07
      vertex 4.27051 43.4378 -5.72205e-07
    endloop
  endfacet
  facet normal -0.976303 -0.216408 0
    outer loop
      vertex -15.9378 23.2295 -5.72205e-07
      vertex -16.2493 24.6348 8.6
      vertex -16.2493 24.6348 -5.72205e-07
    endloop
  endfacet
  facet normal -0.976303 -0.216408 0
    outer loop
      vertex -16.2493 24.6348 8.6
      vertex -15.9378 23.2295 -5.72205e-07
      vertex -15.9378 23.2295 8.6
    endloop
  endfacet
  facet normal -0.0437169 -0.999044 0
    outer loop
      vertex -1.43807 11.0628 -5.72205e-07
      vertex -0.958166 11.0418 8.6
      vertex -1.43807 11.0628 8.6
    endloop
  endfacet
  facet normal -0.0437169 -0.999044 -0
    outer loop
      vertex -0.958166 11.0418 8.6
      vertex -1.43807 11.0628 -5.72205e-07
      vertex -0.958166 11.0418 -5.72205e-07
    endloop
  endfacet
  facet normal -0.793349 -0.608767 0
    outer loop
      vertex -12.6397 16.894 -5.72205e-07
      vertex -13.516 18.036 8.6
      vertex -13.516 18.036 -5.72205e-07
    endloop
  endfacet
  facet normal -0.793349 -0.608767 0
    outer loop
      vertex -13.516 18.036 8.6
      vertex -12.6397 16.894 -5.72205e-07
      vertex -12.6397 16.894 8.6
    endloop
  endfacet
  facet normal 0.0437168 0.999044 -0
    outer loop
      vertex 1.43807 43.9372 -5.72205e-07
      vertex 0.958165 43.9582 8.6
      vertex 1.43807 43.9372 8.6
    endloop
  endfacet
  facet normal 0.0437168 0.999044 0
    outer loop
      vertex 0.958165 43.9582 8.6
      vertex 1.43807 43.9372 -5.72205e-07
      vertex 0.958165 43.9582 -5.72205e-07
    endloop
  endfacet
  facet normal 0.46177 -0.886999 0
    outer loop
      vertex 6.9732 12.5459 -5.72205e-07
      vertex 8.25 13.2106 8.6
      vertex 6.9732 12.5459 8.6
    endloop
  endfacet
  facet normal 0.46177 -0.886999 0
    outer loop
      vertex 8.25 13.2106 8.6
      vertex 6.9732 12.5459 -5.72205e-07
      vertex 8.25 13.2106 -5.72205e-07
    endloop
  endfacet
  facet normal -0.0437168 0.999044 0
    outer loop
      vertex -0.958165 43.9582 -5.72205e-07
      vertex -1.43807 43.9372 8.6
      vertex -0.958165 43.9582 8.6
    endloop
  endfacet
  facet normal -0.0437168 0.999044 0
    outer loop
      vertex -1.43807 43.9372 8.6
      vertex -0.958165 43.9582 -5.72205e-07
      vertex -1.43807 43.9372 -5.72205e-07
    endloop
  endfacet
  facet normal 0 0 1
    outer loop
      vertex -10.3354 30.2694 8.6
      vertex -15.9378 31.7705 8.6
      vertex -10.5374 29.358 8.6
    endloop
  endfacet
  facet normal 0 0 1
    outer loop
      vertex -10.5374 29.358 8.6
      vertex -16.2493 30.3652 8.6
      vertex -10.6593 28.4326 8.6
    endloop
  endfacet
  facet normal -0 0 1
    outer loop
      vertex -16.2493 30.3652 8.6
      vertex -10.5374 29.358 8.6
      vertex -15.9378 31.7705 8.6
    endloop
  endfacet
  facet normal -0 0 1
    outer loop
      vertex -16.4372 28.9381 8.6
      vertex -10.6593 28.4326 8.6
      vertex -16.2493 30.3652 8.6
    endloop
  endfacet
  facet normal -0 -0 1
    outer loop
      vertex -14.9541 20.5268 8.6
      vertex -13.4234 19.75 8.6
      vertex -15.5049 21.8567 8.6
    endloop
  endfacet
  facet normal 0 0 1
    outer loop
      vertex -13.4234 19.75 8.6
      vertex -14.9541 20.5268 8.6
      vertex -14.7323 20.1007 8.6
    endloop
  endfacet
  facet normal 0 0 1
    outer loop
      vertex -10.6593 28.4326 8.6
      vertex -16.4372 28.9381 8.6
      vertex -10.7 27.5 8.6
    endloop
  endfacet
  facet normal 0 0 1
    outer loop
      vertex -10.7 27.5 8.6
      vertex -15.5049 21.8567 8.6
      vertex -13.4234 19.75 8.6
    endloop
  endfacet
  facet normal 0 0 1
    outer loop
      vertex -16.5 27.5 8.6
      vertex -10.7 27.5 8.6
      vertex -16.4372 28.9381 8.6
    endloop
  endfacet
  facet normal 0 -0 1
    outer loop
      vertex -15.5049 21.8567 8.6
      vertex -10.7 27.5 8.6
      vertex -15.9378 23.2295 8.6
    endloop
  endfacet
  facet normal 0 -0 1
    outer loop
      vertex -16.4372 26.0619 8.6
      vertex -10.7 27.5 8.6
      vertex -16.5 27.5 8.6
    endloop
  endfacet
  facet normal 0 -0 1
    outer loop
      vertex -15.9378 23.2295 8.6
      vertex -10.7 27.5 8.6
      vertex -16.2493 24.6348 8.6
    endloop
  endfacet
  facet normal 0 -0 1
    outer loop
      vertex -16.2493 24.6348 8.6
      vertex -10.7 27.5 8.6
      vertex -16.4372 26.0619 8.6
    endloop
  endfacet
  facet normal 0 0 1
    outer loop
      vertex -8.19668 20.6222 8.6
      vertex -13.4234 19.75 8.6
      vertex -12.6397 16.894 8.6
    endloop
  endfacet
  facet normal 0 0 1
    outer loop
      vertex -13.4234 19.75 8.6
      vertex -13.516 18.036 8.6
      vertex -12.6397 16.894 8.6
    endloop
  endfacet
  facet normal 0 -0 1
    outer loop
      vertex -13.516 18.036 8.6
      vertex -13.4234 19.75 8.6
      vertex -13.7741 18.4411 8.6
    endloop
  endfacet
  facet normal 0 0 1
    outer loop
      vertex -2.76936 17.1646 8.6
      vertex -2.68468 17.05 8.6
      vertex -2.63119 17.134 8.6
    endloop
  endfacet
  facet normal 0 0 1
    outer loop
      vertex -2.76936 17.1646 8.6
      vertex -2.80955 16.8101 8.6
      vertex -2.68468 17.05 8.6
    endloop
  endfacet
  facet normal 0 0 1
    outer loop
      vertex -3.65962 17.4453 8.6
      vertex -2.80955 16.8101 8.6
      vertex -2.76936 17.1646 8.6
    endloop
  endfacet
  facet normal 0 0 1
    outer loop
      vertex -2.80955 16.8101 8.6
      vertex -3.65962 17.4453 8.6
      vertex -2.91305 16.5603 8.6
    endloop
  endfacet
  facet normal 0 0 1
    outer loop
      vertex -3.0529 16.0383 8.6
      vertex -4.52201 17.8025 8.6
      vertex -3.0882 15.7702 8.6
    endloop
  endfacet
  facet normal 0 0 1
    outer loop
      vertex -4.52201 17.8025 8.6
      vertex -3.0529 16.0383 8.6
      vertex -3.65962 17.4453 8.6
    endloop
  endfacet
  facet normal 0 0 1
    outer loop
      vertex -2.99437 16.3023 8.6
      vertex -3.65962 17.4453 8.6
      vertex -3.0529 16.0383 8.6
    endloop
  endfacet
  facet normal 0 0 1
    outer loop
      vertex -2.91305 16.5603 8.6
      vertex -3.65962 17.4453 8.6
      vertex -2.99437 16.3023 8.6
    endloop
  endfacet
  facet normal 0 0 1
    outer loop
      vertex 4.52201 17.8025 8.6
      vertex 3.0882 15.7702 8.6
      vertex 3.1 15.5 8.6
    endloop
  endfacet
  facet normal 0 0 1
    outer loop
      vertex 4.52201 17.8025 8.6
      vertex 3.0529 16.0383 8.6
      vertex 3.0882 15.7702 8.6
    endloop
  endfacet
  facet normal 0 0 1
    outer loop
      vertex 3.65962 17.4453 8.6
      vertex 2.99437 16.3023 8.6
      vertex 3.0529 16.0383 8.6
    endloop
  endfacet
  facet normal 0 0 1
    outer loop
      vertex 3.65962 17.4453 8.6
      vertex 2.91305 16.5603 8.6
      vertex 2.99437 16.3023 8.6
    endloop
  endfacet
  facet normal 0 0 1
    outer loop
      vertex 3.65962 17.4453 8.6
      vertex 2.80955 16.8101 8.6
      vertex 2.91305 16.5603 8.6
    endloop
  endfacet
  facet normal -0 0 1
    outer loop
      vertex 2.76936 17.1646 8.6
      vertex 2.80955 16.8101 8.6
      vertex 3.65962 17.4453 8.6
    endloop
  endfacet
  facet normal 0 0 1
    outer loop
      vertex 2.76936 17.1646 8.6
      vertex 2.68468 17.05 8.6
      vertex 2.80955 16.8101 8.6
    endloop
  endfacet
  facet normal 0 -0 1
    outer loop
      vertex 2.68468 17.05 8.6
      vertex 2.76936 17.1646 8.6
      vertex 2.63119 17.134 8.6
    endloop
  endfacet
  facet normal -0 0 1
    outer loop
      vertex 13.2019 32.1899 8.6
      vertex 15.9378 31.7705 8.6
      vertex 13.3054 32.4397 8.6
    endloop
  endfacet
  facet normal 0 0 1
    outer loop
      vertex 16.5 27.5 8.6
      vertex 13.4805 21.7702 8.6
      vertex 13.4923 21.5 8.6
    endloop
  endfacet
  facet normal -0 0 1
    outer loop
      vertex 13.077 31.95 8.6
      vertex 15.9378 31.7705 8.6
      vertex 13.2019 32.1899 8.6
    endloop
  endfacet
  facet normal 0 0 1
    outer loop
      vertex 16.5 27.5 8.6
      vertex 13.4452 22.0383 8.6
      vertex 13.4805 21.7702 8.6
    endloop
  endfacet
  facet normal 0 0 1
    outer loop
      vertex 12.9317 31.7219 8.6
      vertex 15.9378 31.7705 8.6
      vertex 13.077 31.95 8.6
    endloop
  endfacet
  facet normal 0 0 1
    outer loop
      vertex 16.5 27.5 8.6
      vertex 13.3867 22.3023 8.6
      vertex 13.4452 22.0383 8.6
    endloop
  endfacet
  facet normal 0 0 1
    outer loop
      vertex 15.9378 31.7705 8.6
      vertex 12.9317 31.7219 8.6
      vertex 16.2493 30.3652 8.6
    endloop
  endfacet
  facet normal 0 0 1
    outer loop
      vertex 16.5 27.5 8.6
      vertex 13.3054 22.5603 8.6
      vertex 13.3867 22.3023 8.6
    endloop
  endfacet
  facet normal -0 0 1
    outer loop
      vertex 12.767 31.5074 8.6
      vertex 16.2493 30.3652 8.6
      vertex 12.9317 31.7219 8.6
    endloop
  endfacet
  facet normal 0 0 1
    outer loop
      vertex 16.5 27.5 8.6
      vertex 13.2019 22.8101 8.6
      vertex 13.3054 22.5603 8.6
    endloop
  endfacet
  facet normal -0 0 1
    outer loop
      vertex 12.5843 31.308 8.6
      vertex 16.2493 30.3652 8.6
      vertex 12.767 31.5074 8.6
    endloop
  endfacet
  facet normal 0 0 1
    outer loop
      vertex 16.5 27.5 8.6
      vertex 13.077 23.05 8.6
      vertex 13.2019 22.8101 8.6
    endloop
  endfacet
  facet normal -0 0 1
    outer loop
      vertex 12.3849 31.1253 8.6
      vertex 16.2493 30.3652 8.6
      vertex 12.5843 31.308 8.6
    endloop
  endfacet
  facet normal 0 0 1
    outer loop
      vertex 16.5 27.5 8.6
      vertex 12.9317 23.2781 8.6
      vertex 13.077 23.05 8.6
    endloop
  endfacet
  facet normal 0 0 1
    outer loop
      vertex 16.2493 30.3652 8.6
      vertex 12.3849 31.1253 8.6
      vertex 16.4372 28.9381 8.6
    endloop
  endfacet
  facet normal 0 0 1
    outer loop
      vertex 16.5 27.5 8.6
      vertex 12.767 23.4926 8.6
      vertex 12.9317 23.2781 8.6
    endloop
  endfacet
  facet normal -0 0 1
    outer loop
      vertex 12.1704 30.9606 8.6
      vertex 16.4372 28.9381 8.6
      vertex 12.3849 31.1253 8.6
    endloop
  endfacet
  facet normal 0 0 1
    outer loop
      vertex 16.5 27.5 8.6
      vertex 12.5843 23.692 8.6
      vertex 12.767 23.4926 8.6
    endloop
  endfacet
  facet normal -0 0 1
    outer loop
      vertex 11.9423 30.8153 8.6
      vertex 16.4372 28.9381 8.6
      vertex 12.1704 30.9606 8.6
    endloop
  endfacet
  facet normal 0 0 1
    outer loop
      vertex 16.5 27.5 8.6
      vertex 12.3849 23.8747 8.6
      vertex 12.5843 23.692 8.6
    endloop
  endfacet
  facet normal 0 0 1
    outer loop
      vertex 16.4372 28.9381 8.6
      vertex 10.6593 28.4326 8.6
      vertex 16.5 27.5 8.6
    endloop
  endfacet
  facet normal 0 0 1
    outer loop
      vertex 10.6593 26.5674 8.6
      vertex 16.5 27.5 8.6
      vertex 10.7 27.5 8.6
    endloop
  endfacet
  facet normal 0 0 1
    outer loop
      vertex 16.4372 28.9381 8.6
      vertex 11.9423 30.8153 8.6
      vertex 10.6593 28.4326 8.6
    endloop
  endfacet
  facet normal 0 0 1
    outer loop
      vertex 16.5 27.5 8.6
      vertex 12.1704 24.0394 8.6
      vertex 12.3849 23.8747 8.6
    endloop
  endfacet
  facet normal 0 0 1
    outer loop
      vertex 10.6593 28.4326 8.6
      vertex 11.9423 30.8153 8.6
      vertex 11.7024 30.6904 8.6
    endloop
  endfacet
  facet normal 0 0 1
    outer loop
      vertex 16.5 27.5 8.6
      vertex 10.6593 26.5674 8.6
      vertex 12.1704 24.0394 8.6
    endloop
  endfacet
  facet normal 0 0 1
    outer loop
      vertex 10.6593 28.4326 8.6
      vertex 11.7024 30.6904 8.6
      vertex 11.4526 30.587 8.6
    endloop
  endfacet
  facet normal 0 0 1
    outer loop
      vertex 12.1704 24.0394 8.6
      vertex 10.6593 26.5674 8.6
      vertex 11.9423 24.1847 8.6
    endloop
  endfacet
  facet normal 0 0 1
    outer loop
      vertex 10.5374 29.358 8.6
      vertex 11.4526 30.587 8.6
      vertex 11.1946 30.5056 8.6
    endloop
  endfacet
  facet normal 0 0 1
    outer loop
      vertex 11.9423 24.1847 8.6
      vertex 10.6593 26.5674 8.6
      vertex 11.7024 24.3096 8.6
    endloop
  endfacet
  facet normal 0 0 1
    outer loop
      vertex 10.5374 29.358 8.6
      vertex 11.1946 30.5056 8.6
      vertex 10.9306 30.4471 8.6
    endloop
  endfacet
  facet normal 0 0 1
    outer loop
      vertex 11.7024 24.3096 8.6
      vertex 10.6593 26.5674 8.6
      vertex 11.4526 24.413 8.6
    endloop
  endfacet
  facet normal -0 0 1
    outer loop
      vertex 10.5374 25.642 8.6
      vertex 11.4526 24.413 8.6
      vertex 10.6593 26.5674 8.6
    endloop
  endfacet
  facet normal 0 0 1
    outer loop
      vertex 10.5374 29.358 8.6
      vertex 10.9306 30.4471 8.6
      vertex 10.6625 30.4118 8.6
    endloop
  endfacet
  facet normal 0 0 1
    outer loop
      vertex 16.5 27.5 8.6
      vertex 10.6593 28.4326 8.6
      vertex 10.7 27.5 8.6
    endloop
  endfacet
  facet normal 0 0 1
    outer loop
      vertex 11.4526 30.587 8.6
      vertex 10.5374 29.358 8.6
      vertex 10.6593 28.4326 8.6
    endloop
  endfacet
  facet normal 0 0 1
    outer loop
      vertex 10.3354 30.2694 8.6
      vertex 10.6625 30.4118 8.6
      vertex 10.3923 30.4 8.6
    endloop
  endfacet
  facet normal 0 0 1
    outer loop
      vertex 10.6625 30.4118 8.6
      vertex 10.3354 30.2694 8.6
      vertex 10.5374 29.358 8.6
    endloop
  endfacet
  facet normal 0 -0 1
    outer loop
      vertex 10.3354 30.2694 8.6
      vertex 10.3923 30.4 8.6
      vertex 10.2928 30.4043 8.6
    endloop
  endfacet
  facet normal 0 0 1
    outer loop
      vertex 13.3054 32.4397 8.6
      vertex 15.5049 33.1433 8.6
      vertex 13.3867 32.6977 8.6
    endloop
  endfacet
  facet normal 0 0 1
    outer loop
      vertex 13.3867 32.6977 8.6
      vertex 15.5049 33.1433 8.6
      vertex 13.4452 32.9617 8.6
    endloop
  endfacet
  facet normal 0 0 1
    outer loop
      vertex 15.5049 33.1433 8.6
      vertex 13.3054 32.4397 8.6
      vertex 15.9378 31.7705 8.6
    endloop
  endfacet
  facet normal 0 0 1
    outer loop
      vertex 13.4452 32.9617 8.6
      vertex 15.5049 33.1433 8.6
      vertex 13.4805 33.2298 8.6
    endloop
  endfacet
  facet normal 0 0 1
    outer loop
      vertex 16.5 27.5 8.6
      vertex 13.4923 21.5 8.6
      vertex 16.4372 26.0619 8.6
    endloop
  endfacet
  facet normal -0 0 1
    outer loop
      vertex 13.4805 33.2298 8.6
      vertex 15.5049 33.1433 8.6
      vertex 13.4923 33.5 8.6
    endloop
  endfacet
  facet normal 0 0 1
    outer loop
      vertex 16.4372 26.0619 8.6
      vertex 13.4923 21.5 8.6
      vertex 16.2493 24.6348 8.6
    endloop
  endfacet
  facet normal -0 0 1
    outer loop
      vertex 13.4923 33.5 8.6
      vertex 15.5049 33.1433 8.6
      vertex 14.9541 34.4732 8.6
    endloop
  endfacet
  facet normal 0 0 1
    outer loop
      vertex 16.2493 24.6348 8.6
      vertex 13.4923 21.5 8.6
      vertex 15.9378 23.2295 8.6
    endloop
  endfacet
  facet normal -0 0 1
    outer loop
      vertex 13.3054 34.5603 8.6
      vertex 14.9541 34.4732 8.6
      vertex 14.2894 35.75 8.6
    endloop
  endfacet
  facet normal 0 0 1
    outer loop
      vertex 15.9378 23.2295 8.6
      vertex 13.4923 21.5 8.6
      vertex 15.5049 21.8567 8.6
    endloop
  endfacet
  facet normal 0 0 1
    outer loop
      vertex 12.767 35.4926 8.6
      vertex 14.2894 35.75 8.6
      vertex 13.516 36.964 8.6
    endloop
  endfacet
  facet normal 0 0 1
    outer loop
      vertex 15.5049 21.8567 8.6
      vertex 13.4923 21.5 8.6
      vertex 14.9541 20.5268 8.6
    endloop
  endfacet
  facet normal -0 0 1
    outer loop
      vertex 13.4805 21.2298 8.6
      vertex 14.9541 20.5268 8.6
      vertex 13.4923 21.5 8.6
    endloop
  endfacet
  facet normal 0 0 1
    outer loop
      vertex 14.9541 34.4732 8.6
      vertex 13.4805 33.7702 8.6
      vertex 13.4923 33.5 8.6
    endloop
  endfacet
  facet normal 0 0 1
    outer loop
      vertex 14.9541 34.4732 8.6
      vertex 13.4452 34.0383 8.6
      vertex 13.4805 33.7702 8.6
    endloop
  endfacet
  facet normal 0 0 1
    outer loop
      vertex 14.9541 34.4732 8.6
      vertex 13.3867 34.3023 8.6
      vertex 13.4452 34.0383 8.6
    endloop
  endfacet
  facet normal 0 0 1
    outer loop
      vertex 14.9541 34.4732 8.6
      vertex 13.3054 34.5603 8.6
      vertex 13.3867 34.3023 8.6
    endloop
  endfacet
  facet normal 0 0 1
    outer loop
      vertex 14.2894 35.75 8.6
      vertex 13.2019 34.8101 8.6
      vertex 13.3054 34.5603 8.6
    endloop
  endfacet
  facet normal 0 0 1
    outer loop
      vertex 14.2894 35.75 8.6
      vertex 13.077 35.05 8.6
      vertex 13.2019 34.8101 8.6
    endloop
  endfacet
  facet normal 0 0 1
    outer loop
      vertex 14.2894 35.75 8.6
      vertex 12.9317 35.2781 8.6
      vertex 13.077 35.05 8.6
    endloop
  endfacet
  facet normal 0 0 1
    outer loop
      vertex 14.2894 35.75 8.6
      vertex 12.767 35.4926 8.6
      vertex 12.9317 35.2781 8.6
    endloop
  endfacet
  facet normal 0 0 1
    outer loop
      vertex 11.9423 36.1847 8.6
      vertex 13.516 36.964 8.6
      vertex 12.6397 38.106 8.6
    endloop
  endfacet
  facet normal 0 0 1
    outer loop
      vertex 13.516 36.964 8.6
      vertex 12.5843 35.692 8.6
      vertex 12.767 35.4926 8.6
    endloop
  endfacet
  facet normal 0 0 1
    outer loop
      vertex 13.516 36.964 8.6
      vertex 12.3849 35.8747 8.6
      vertex 12.5843 35.692 8.6
    endloop
  endfacet
  facet normal 0 0 1
    outer loop
      vertex 13.516 36.964 8.6
      vertex 12.1704 36.0394 8.6
      vertex 12.3849 35.8747 8.6
    endloop
  endfacet
  facet normal 0 0 1
    outer loop
      vertex 13.516 36.964 8.6
      vertex 11.9423 36.1847 8.6
      vertex 12.1704 36.0394 8.6
    endloop
  endfacet
  facet normal 0 0 1
    outer loop
      vertex 12.6397 38.106 8.6
      vertex 11.7024 36.3096 8.6
      vertex 11.9423 36.1847 8.6
    endloop
  endfacet
  facet normal 0 0 1
    outer loop
      vertex 10.9306 36.5529 8.6
      vertex 12.6397 38.106 8.6
      vertex 11.6673 39.1673 8.6
    endloop
  endfacet
  facet normal 0 0 1
    outer loop
      vertex 12.6397 38.106 8.6
      vertex 11.4526 36.413 8.6
      vertex 11.7024 36.3096 8.6
    endloop
  endfacet
  facet normal 0 0 1
    outer loop
      vertex 12.6397 38.106 8.6
      vertex 11.1946 36.4944 8.6
      vertex 11.4526 36.413 8.6
    endloop
  endfacet
  facet normal 0 0 1
    outer loop
      vertex 12.6397 38.106 8.6
      vertex 10.9306 36.5529 8.6
      vertex 11.1946 36.4944 8.6
    endloop
  endfacet
  facet normal 0 0 1
    outer loop
      vertex 11.6673 39.1673 8.6
      vertex 10.6625 36.5882 8.6
      vertex 10.9306 36.5529 8.6
    endloop
  endfacet
  facet normal 0 0 1
    outer loop
      vertex 10.1221 36.5882 8.6
      vertex 11.6673 39.1673 8.6
      vertex 10.606 40.1397 8.6
    endloop
  endfacet
  facet normal 0 0 1
    outer loop
      vertex 11.6673 39.1673 8.6
      vertex 10.3923 36.6 8.6
      vertex 10.6625 36.5882 8.6
    endloop
  endfacet
  facet normal 0 0 1
    outer loop
      vertex 11.6673 39.1673 8.6
      vertex 10.1221 36.5882 8.6
      vertex 10.3923 36.6 8.6
    endloop
  endfacet
  facet normal 0 0 1
    outer loop
      vertex 10.606 40.1397 8.6
      vertex 9.854 36.5529 8.6
      vertex 10.1221 36.5882 8.6
    endloop
  endfacet
  facet normal 0 0 1
    outer loop
      vertex 10.606 40.1397 8.6
      vertex 9.58996 36.4944 8.6
      vertex 9.854 36.5529 8.6
    endloop
  endfacet
  facet normal 0 0 1
    outer loop
      vertex 9.33204 36.413 8.6
      vertex 10.606 40.1397 8.6
      vertex 9.46401 41.016 8.6
    endloop
  endfacet
  facet normal 0 0 1
    outer loop
      vertex 10.606 40.1397 8.6
      vertex 9.33204 36.413 8.6
      vertex 9.58996 36.4944 8.6
    endloop
  endfacet
  facet normal 0 0 1
    outer loop
      vertex 9.46401 41.016 8.6
      vertex 9.08219 36.3096 8.6
      vertex 9.33204 36.413 8.6
    endloop
  endfacet
  facet normal 0 0 1
    outer loop
      vertex 9.46401 41.016 8.6
      vertex 8.8423 36.1847 8.6
      vertex 9.08219 36.3096 8.6
    endloop
  endfacet
  facet normal -0 0 1
    outer loop
      vertex 6.13727 36.2649 8.6
      vertex 8.8423 36.1847 8.6
      vertex 9.46401 41.016 8.6
    endloop
  endfacet
  facet normal 0 0 1
    outer loop
      vertex 8.8423 36.1847 8.6
      vertex 6.13727 36.2649 8.6
      vertex 8.61422 36.0394 8.6
    endloop
  endfacet
  facet normal 0 0 1
    outer loop
      vertex 6.13727 36.2649 8.6
      vertex 9.46401 41.016 8.6
      vertex 8.25 41.7894 8.6
    endloop
  endfacet
  facet normal 0 0 1
    outer loop
      vertex 8.61422 36.0394 8.6
      vertex 6.13727 36.2649 8.6
      vertex 8.39966 35.8747 8.6
    endloop
  endfacet
  facet normal 0 -0 1
    outer loop
      vertex 6.87783 35.6967 8.6
      vertex 8.39966 35.8747 8.6
      vertex 6.13727 36.2649 8.6
    endloop
  endfacet
  facet normal 0 0 1
    outer loop
      vertex 8.39966 35.8747 8.6
      vertex 6.87783 35.6967 8.6
      vertex 8.20027 35.692 8.6
    endloop
  endfacet
  facet normal 0 0 1
    outer loop
      vertex 8.01757 35.4926 8.6
      vertex 6.87783 35.6967 8.6
      vertex 7.85293 35.2781 8.6
    endloop
  endfacet
  facet normal 0 -0 1
    outer loop
      vertex 7.56604 35.066 8.6
      vertex 7.85293 35.2781 8.6
      vertex 6.87783 35.6967 8.6
    endloop
  endfacet
  facet normal 0 0 1
    outer loop
      vertex 7.70763 35.05 8.6
      vertex 7.56604 35.066 8.6
      vertex 7.66166 34.9617 8.6
    endloop
  endfacet
  facet normal 0 0 1
    outer loop
      vertex 5.35 36.7665 8.6
      vertex 8.25 41.7894 8.6
      vertex 6.9732 42.4541 8.6
    endloop
  endfacet
  facet normal 0 0 1
    outer loop
      vertex 7.85293 35.2781 8.6
      vertex 7.56604 35.066 8.6
      vertex 7.70763 35.05 8.6
    endloop
  endfacet
  facet normal 0 0 1
    outer loop
      vertex 8.20027 35.692 8.6
      vertex 6.87783 35.6967 8.6
      vertex 8.01757 35.4926 8.6
    endloop
  endfacet
  facet normal 0 0 1
    outer loop
      vertex 3.0529 40.0383 8.6
      vertex 6.9732 42.4541 8.6
      vertex 5.64333 43.0049 8.6
    endloop
  endfacet
  facet normal 0 0 1
    outer loop
      vertex 8.25 41.7894 8.6
      vertex 5.35 36.7665 8.6
      vertex 6.13727 36.2649 8.6
    endloop
  endfacet
  facet normal 0 0 1
    outer loop
      vertex 6.9732 42.4541 8.6
      vertex 4.52201 37.1975 8.6
      vertex 5.35 36.7665 8.6
    endloop
  endfacet
  facet normal 0 0 1
    outer loop
      vertex 2.80955 40.8101 8.6
      vertex 5.64333 43.0049 8.6
      vertex 4.27051 43.4378 8.6
    endloop
  endfacet
  facet normal 0 -0 1
    outer loop
      vertex 3.1 39.5 8.6
      vertex 6.9732 42.4541 8.6
      vertex 3.0882 39.7702 8.6
    endloop
  endfacet
  facet normal 0 0 1
    outer loop
      vertex 6.9732 42.4541 8.6
      vertex 3.1 39.5 8.6
      vertex 4.52201 37.1975 8.6
    endloop
  endfacet
  facet normal -0 0 1
    outer loop
      vertex 3.0882 39.2298 8.6
      vertex 4.52201 37.1975 8.6
      vertex 3.1 39.5 8.6
    endloop
  endfacet
  facet normal 0 0 1
    outer loop
      vertex 6.9732 42.4541 8.6
      vertex 3.0529 40.0383 8.6
      vertex 3.0882 39.7702 8.6
    endloop
  endfacet
  facet normal 0 0 1
    outer loop
      vertex 5.64333 43.0049 8.6
      vertex 2.99437 40.3023 8.6
      vertex 3.0529 40.0383 8.6
    endloop
  endfacet
  facet normal 0 0 1
    outer loop
      vertex 5.64333 43.0049 8.6
      vertex 2.91305 40.5603 8.6
      vertex 2.99437 40.3023 8.6
    endloop
  endfacet
  facet normal 0 0 1
    outer loop
      vertex 2.37474 41.4926 8.6
      vertex 4.27051 43.4378 8.6
      vertex 2.86519 43.7493 8.6
    endloop
  endfacet
  facet normal 0 0 1
    outer loop
      vertex 5.64333 43.0049 8.6
      vertex 2.80955 40.8101 8.6
      vertex 2.91305 40.5603 8.6
    endloop
  endfacet
  facet normal 0 0 1
    outer loop
      vertex 4.27051 43.4378 8.6
      vertex 2.68468 41.05 8.6
      vertex 2.80955 40.8101 8.6
    endloop
  endfacet
  facet normal 0 0 1
    outer loop
      vertex 4.27051 43.4378 8.6
      vertex 2.53937 41.2781 8.6
      vertex 2.68468 41.05 8.6
    endloop
  endfacet
  facet normal 0 0 1
    outer loop
      vertex 4.27051 43.4378 8.6
      vertex 2.37474 41.4926 8.6
      vertex 2.53937 41.2781 8.6
    endloop
  endfacet
  facet normal 0 0 1
    outer loop
      vertex 2.86519 43.7493 8.6
      vertex 2.19203 41.692 8.6
      vertex 2.37474 41.4926 8.6
    endloop
  endfacet
  facet normal 0 0 1
    outer loop
      vertex 2.86519 43.7493 8.6
      vertex 1.99264 41.8747 8.6
      vertex 2.19203 41.692 8.6
    endloop
  endfacet
  facet normal 0 0 1
    outer loop
      vertex 2.86519 43.7493 8.6
      vertex 1.77809 42.0394 8.6
      vertex 1.99264 41.8747 8.6
    endloop
  endfacet
  facet normal 0 0 1
    outer loop
      vertex 2.86519 43.7493 8.6
      vertex 1.55 42.1847 8.6
      vertex 1.77809 42.0394 8.6
    endloop
  endfacet
  facet normal 0 0 1
    outer loop
      vertex 1.43807 43.9372 8.6
      vertex 1.55 42.1847 8.6
      vertex 2.86519 43.7493 8.6
    endloop
  endfacet
  facet normal 0 0 1
    outer loop
      vertex 1.43807 43.9372 8.6
      vertex 1.31012 42.3096 8.6
      vertex 1.55 42.1847 8.6
    endloop
  endfacet
  facet normal 0 0 1
    outer loop
      vertex 1.43807 43.9372 8.6
      vertex 1.06026 42.413 8.6
      vertex 1.31012 42.3096 8.6
    endloop
  endfacet
  facet normal 0 0 1
    outer loop
      vertex 0.958165 43.9582 8.6
      vertex 1.06026 42.413 8.6
      vertex 1.43807 43.9372 8.6
    endloop
  endfacet
  facet normal 0 0 1
    outer loop
      vertex 0.958165 43.9582 8.6
      vertex 0.802339 42.4944 8.6
      vertex 1.06026 42.413 8.6
    endloop
  endfacet
  facet normal 0 0 1
    outer loop
      vertex 0.958165 43.9582 8.6
      vertex 0.538309 42.5529 8.6
      vertex 0.802339 42.4944 8.6
    endloop
  endfacet
  facet normal -0 0 1
    outer loop
      vertex 0 43 8.6
      vertex 0.538309 42.5529 8.6
      vertex 0.958165 43.9582 8.6
    endloop
  endfacet
  facet normal 0 0 1
    outer loop
      vertex 0.538309 42.5529 8.6
      vertex 0 43 8.6
      vertex 0.270183 42.5882 8.6
    endloop
  endfacet
  facet normal 0 0 1
    outer loop
      vertex 0 43 8.6
      vertex 0 42.6 8.6
      vertex 0.270183 42.5882 8.6
    endloop
  endfacet
  facet normal 0 0 1
    outer loop
      vertex 0 43 8.6
      vertex -0.270183 42.5882 8.6
      vertex 0 42.6 8.6
    endloop
  endfacet
  facet normal 0 0 1
    outer loop
      vertex 0 43 8.6
      vertex -0.538309 42.5529 8.6
      vertex -0.270183 42.5882 8.6
    endloop
  endfacet
  facet normal 0 0 1
    outer loop
      vertex -0.958165 43.9582 8.6
      vertex -0.538309 42.5529 8.6
      vertex 0 43 8.6
    endloop
  endfacet
  facet normal 0 0 1
    outer loop
      vertex -0.538309 42.5529 8.6
      vertex -0.958165 43.9582 8.6
      vertex -0.802339 42.4944 8.6
    endloop
  endfacet
  facet normal 0 0 1
    outer loop
      vertex -0.958165 43.9582 8.6
      vertex -1.06026 42.413 8.6
      vertex -0.802339 42.4944 8.6
    endloop
  endfacet
  facet normal -0 0 1
    outer loop
      vertex -1.43807 43.9372 8.6
      vertex -1.06026 42.413 8.6
      vertex -0.958165 43.9582 8.6
    endloop
  endfacet
  facet normal 0 0 1
    outer loop
      vertex -1.06026 42.413 8.6
      vertex -1.43807 43.9372 8.6
      vertex -1.31012 42.3096 8.6
    endloop
  endfacet
  facet normal 0 0 1
    outer loop
      vertex -1.43807 43.9372 8.6
      vertex -1.55 42.1847 8.6
      vertex -1.31012 42.3096 8.6
    endloop
  endfacet
  facet normal -0 0 1
    outer loop
      vertex -2.86519 43.7493 8.6
      vertex -1.55 42.1847 8.6
      vertex -1.43807 43.9372 8.6
    endloop
  endfacet
  facet normal 0 0 1
    outer loop
      vertex -1.55 42.1847 8.6
      vertex -2.86519 43.7493 8.6
      vertex -1.77809 42.0394 8.6
    endloop
  endfacet
  facet normal 0 0 1
    outer loop
      vertex -1.77809 42.0394 8.6
      vertex -2.86519 43.7493 8.6
      vertex -1.99264 41.8747 8.6
    endloop
  endfacet
  facet normal 0 0 1
    outer loop
      vertex -1.99264 41.8747 8.6
      vertex -2.86519 43.7493 8.6
      vertex -2.19203 41.692 8.6
    endloop
  endfacet
  facet normal 0 0 1
    outer loop
      vertex -2.19203 41.692 8.6
      vertex -2.86519 43.7493 8.6
      vertex -2.37474 41.4926 8.6
    endloop
  endfacet
  facet normal -0 0 1
    outer loop
      vertex -4.27051 43.4378 8.6
      vertex -2.37474 41.4926 8.6
      vertex -2.86519 43.7493 8.6
    endloop
  endfacet
  facet normal 0 0 1
    outer loop
      vertex -2.37474 41.4926 8.6
      vertex -4.27051 43.4378 8.6
      vertex -2.53937 41.2781 8.6
    endloop
  endfacet
  facet normal 0 0 1
    outer loop
      vertex -2.53937 41.2781 8.6
      vertex -4.27051 43.4378 8.6
      vertex -2.68468 41.05 8.6
    endloop
  endfacet
  facet normal 0 0 1
    outer loop
      vertex -2.68468 41.05 8.6
      vertex -4.27051 43.4378 8.6
      vertex -2.80955 40.8101 8.6
    endloop
  endfacet
  facet normal -0 0 1
    outer loop
      vertex -5.64333 43.0049 8.6
      vertex -2.80955 40.8101 8.6
      vertex -4.27051 43.4378 8.6
    endloop
  endfacet
  facet normal 0 0 1
    outer loop
      vertex -2.80955 40.8101 8.6
      vertex -5.64333 43.0049 8.6
      vertex -2.91305 40.5603 8.6
    endloop
  endfacet
  facet normal 0 0 1
    outer loop
      vertex -2.91305 40.5603 8.6
      vertex -5.64333 43.0049 8.6
      vertex -2.99437 40.3023 8.6
    endloop
  endfacet
  facet normal 0 0 1
    outer loop
      vertex -6.9732 42.4541 8.6
      vertex -3.1 39.5 8.6
      vertex -3.0882 39.7702 8.6
    endloop
  endfacet
  facet normal 0 0 1
    outer loop
      vertex -2.99437 40.3023 8.6
      vertex -5.64333 43.0049 8.6
      vertex -3.0529 40.0383 8.6
    endloop
  endfacet
  facet normal -0 0 1
    outer loop
      vertex -6.9732 42.4541 8.6
      vertex -3.0529 40.0383 8.6
      vertex -5.64333 43.0049 8.6
    endloop
  endfacet
  facet normal 0 0 1
    outer loop
      vertex -3.0529 40.0383 8.6
      vertex -6.9732 42.4541 8.6
      vertex -3.0882 39.7702 8.6
    endloop
  endfacet
  facet normal 0 0 1
    outer loop
      vertex -3.1 39.5 8.6
      vertex -4.52201 37.1975 8.6
      vertex -3.65962 37.5547 8.6
    endloop
  endfacet
  facet normal 0 0 1
    outer loop
      vertex -3.1 39.5 8.6
      vertex -6.9732 42.4541 8.6
      vertex -4.52201 37.1975 8.6
    endloop
  endfacet
  facet normal 0 0 1
    outer loop
      vertex -4.52201 37.1975 8.6
      vertex -6.9732 42.4541 8.6
      vertex -5.35 36.7665 8.6
    endloop
  endfacet
  facet normal -0 0 1
    outer loop
      vertex -8.25 41.7894 8.6
      vertex -5.35 36.7665 8.6
      vertex -6.9732 42.4541 8.6
    endloop
  endfacet
  facet normal 0 0 1
    outer loop
      vertex -5.35 36.7665 8.6
      vertex -8.25 41.7894 8.6
      vertex -6.13727 36.2649 8.6
    endloop
  endfacet
  facet normal -0 0 1
    outer loop
      vertex -9.46401 41.016 8.6
      vertex -6.13727 36.2649 8.6
      vertex -8.25 41.7894 8.6
    endloop
  endfacet
  facet normal 0 0 1
    outer loop
      vertex -6.13727 36.2649 8.6
      vertex -9.46401 41.016 8.6
      vertex -6.87783 35.6967 8.6
    endloop
  endfacet
  facet normal -0 0 1
    outer loop
      vertex -10.606 40.1397 8.6
      vertex -6.87783 35.6967 8.6
      vertex -9.46401 41.016 8.6
    endloop
  endfacet
  facet normal 0 0 1
    outer loop
      vertex -6.87783 35.6967 8.6
      vertex -10.606 40.1397 8.6
      vertex -7.56604 35.066 8.6
    endloop
  endfacet
  facet normal -0 0 1
    outer loop
      vertex -11.6673 39.1673 8.6
      vertex -7.56604 35.066 8.6
      vertex -10.606 40.1397 8.6
    endloop
  endfacet
  facet normal 0 0 1
    outer loop
      vertex -7.56604 35.066 8.6
      vertex -11.6673 39.1673 8.6
      vertex -8.19668 34.3778 8.6
    endloop
  endfacet
  facet normal -0 0 1
    outer loop
      vertex -12.6397 38.106 8.6
      vertex -8.19668 34.3778 8.6
      vertex -11.6673 39.1673 8.6
    endloop
  endfacet
  facet normal -0 0 1
    outer loop
      vertex -13.4234 35.25 8.6
      vertex -8.19668 34.3778 8.6
      vertex -12.6397 38.106 8.6
    endloop
  endfacet
  facet normal 0 0 1
    outer loop
      vertex -8.19668 34.3778 8.6
      vertex -13.4234 35.25 8.6
      vertex -8.76493 33.6373 8.6
    endloop
  endfacet
  facet normal 0 0 1
    outer loop
      vertex -8.76493 33.6373 8.6
      vertex -13.4234 35.25 8.6
      vertex -9.26647 32.85 8.6
    endloop
  endfacet
  facet normal 0 0 1
    outer loop
      vertex -9.26647 32.85 8.6
      vertex -13.4234 35.25 8.6
      vertex -9.69749 32.022 8.6
    endloop
  endfacet
  facet normal 0 0 1
    outer loop
      vertex -14.9541 34.4732 8.6
      vertex -13.4234 35.25 8.6
      vertex -14.7323 34.8993 8.6
    endloop
  endfacet
  facet normal 0 0 1
    outer loop
      vertex -13.4234 35.25 8.6
      vertex -15.5049 33.1433 8.6
      vertex -10.0547 31.1596 8.6
    endloop
  endfacet
  facet normal 0 0 1
    outer loop
      vertex -15.5049 33.1433 8.6
      vertex -13.4234 35.25 8.6
      vertex -14.9541 34.4732 8.6
    endloop
  endfacet
  facet normal -0 0 1
    outer loop
      vertex 13.4452 20.9617 8.6
      vertex 14.9541 20.5268 8.6
      vertex 13.4805 21.2298 8.6
    endloop
  endfacet
  facet normal -0 0 1
    outer loop
      vertex 13.3867 20.6977 8.6
      vertex 14.9541 20.5268 8.6
      vertex 13.4452 20.9617 8.6
    endloop
  endfacet
  facet normal 0 0 1
    outer loop
      vertex 13.3054 20.4397 8.6
      vertex 14.9541 20.5268 8.6
      vertex 13.3867 20.6977 8.6
    endloop
  endfacet
  facet normal 0 0 1
    outer loop
      vertex 14.9541 20.5268 8.6
      vertex 13.3054 20.4397 8.6
      vertex 14.2894 19.25 8.6
    endloop
  endfacet
  facet normal -0 0 1
    outer loop
      vertex 13.2019 20.1899 8.6
      vertex 14.2894 19.25 8.6
      vertex 13.3054 20.4397 8.6
    endloop
  endfacet
  facet normal -0 0 1
    outer loop
      vertex 13.077 19.95 8.6
      vertex 14.2894 19.25 8.6
      vertex 13.2019 20.1899 8.6
    endloop
  endfacet
  facet normal -0 0 1
    outer loop
      vertex 12.9317 19.7219 8.6
      vertex 14.2894 19.25 8.6
      vertex 13.077 19.95 8.6
    endloop
  endfacet
  facet normal -0 0 1
    outer loop
      vertex 12.767 19.5074 8.6
      vertex 14.2894 19.25 8.6
      vertex 12.9317 19.7219 8.6
    endloop
  endfacet
  facet normal 0 0 1
    outer loop
      vertex 14.2894 19.25 8.6
      vertex 12.767 19.5074 8.6
      vertex 13.516 18.036 8.6
    endloop
  endfacet
  facet normal -0 0 1
    outer loop
      vertex 12.5843 19.308 8.6
      vertex 13.516 18.036 8.6
      vertex 12.767 19.5074 8.6
    endloop
  endfacet
  facet normal -0 0 1
    outer loop
      vertex 12.3849 19.1253 8.6
      vertex 13.516 18.036 8.6
      vertex 12.5843 19.308 8.6
    endloop
  endfacet
  facet normal -0 0 1
    outer loop
      vertex 12.1704 18.9606 8.6
      vertex 13.516 18.036 8.6
      vertex 12.3849 19.1253 8.6
    endloop
  endfacet
  facet normal -0 0 1
    outer loop
      vertex 11.9423 18.8153 8.6
      vertex 13.516 18.036 8.6
      vertex 12.1704 18.9606 8.6
    endloop
  endfacet
  facet normal 0 0 1
    outer loop
      vertex 13.516 18.036 8.6
      vertex 11.9423 18.8153 8.6
      vertex 12.6397 16.894 8.6
    endloop
  endfacet
  facet normal -0 0 1
    outer loop
      vertex 11.7024 18.6904 8.6
      vertex 12.6397 16.894 8.6
      vertex 11.9423 18.8153 8.6
    endloop
  endfacet
  facet normal -0 0 1
    outer loop
      vertex 11.4526 18.587 8.6
      vertex 12.6397 16.894 8.6
      vertex 11.7024 18.6904 8.6
    endloop
  endfacet
  facet normal -0 0 1
    outer loop
      vertex 11.1946 18.5056 8.6
      vertex 12.6397 16.894 8.6
      vertex 11.4526 18.587 8.6
    endloop
  endfacet
  facet normal -0 0 1
    outer loop
      vertex 10.9306 18.4471 8.6
      vertex 12.6397 16.894 8.6
      vertex 11.1946 18.5056 8.6
    endloop
  endfacet
  facet normal 0 0 1
    outer loop
      vertex 12.6397 16.894 8.6
      vertex 10.9306 18.4471 8.6
      vertex 11.6673 15.8327 8.6
    endloop
  endfacet
  facet normal -0 0 1
    outer loop
      vertex 10.6625 18.4118 8.6
      vertex 11.6673 15.8327 8.6
      vertex 10.9306 18.4471 8.6
    endloop
  endfacet
  facet normal -0 0 1
    outer loop
      vertex 10.3923 18.4 8.6
      vertex 11.6673 15.8327 8.6
      vertex 10.6625 18.4118 8.6
    endloop
  endfacet
  facet normal 0 0 1
    outer loop
      vertex 10.1221 18.4118 8.6
      vertex 11.6673 15.8327 8.6
      vertex 10.3923 18.4 8.6
    endloop
  endfacet
  facet normal 0 0 1
    outer loop
      vertex 11.6673 15.8327 8.6
      vertex 10.1221 18.4118 8.6
      vertex 10.606 14.8603 8.6
    endloop
  endfacet
  facet normal 0 0 1
    outer loop
      vertex 9.854 18.4471 8.6
      vertex 10.606 14.8603 8.6
      vertex 10.1221 18.4118 8.6
    endloop
  endfacet
  facet normal 0 0 1
    outer loop
      vertex 9.58996 18.5056 8.6
      vertex 10.606 14.8603 8.6
      vertex 9.854 18.4471 8.6
    endloop
  endfacet
  facet normal 0 0 1
    outer loop
      vertex 9.33204 18.587 8.6
      vertex 10.606 14.8603 8.6
      vertex 9.58996 18.5056 8.6
    endloop
  endfacet
  facet normal 0 0 1
    outer loop
      vertex 10.606 14.8603 8.6
      vertex 9.33204 18.587 8.6
      vertex 9.46401 13.984 8.6
    endloop
  endfacet
  facet normal 0 0 1
    outer loop
      vertex 9.08219 18.6904 8.6
      vertex 9.46401 13.984 8.6
      vertex 9.33204 18.587 8.6
    endloop
  endfacet
  facet normal 0 0 1
    outer loop
      vertex 8.8423 18.8153 8.6
      vertex 9.46401 13.984 8.6
      vertex 9.08219 18.6904 8.6
    endloop
  endfacet
  facet normal 0 0 1
    outer loop
      vertex 6.13727 18.7351 8.6
      vertex 8.8423 18.8153 8.6
      vertex 8.61422 18.9606 8.6
    endloop
  endfacet
  facet normal 0 0 1
    outer loop
      vertex 6.13727 18.7351 8.6
      vertex 8.61422 18.9606 8.6
      vertex 8.39966 19.1253 8.6
    endloop
  endfacet
  facet normal 0 0 1
    outer loop
      vertex 8.8423 18.8153 8.6
      vertex 6.13727 18.7351 8.6
      vertex 9.46401 13.984 8.6
    endloop
  endfacet
  facet normal -0 0 1
    outer loop
      vertex 6.87783 19.3033 8.6
      vertex 8.39966 19.1253 8.6
      vertex 8.20027 19.308 8.6
    endloop
  endfacet
  facet normal 0 0 1
    outer loop
      vertex 6.87783 19.3033 8.6
      vertex 8.20027 19.308 8.6
      vertex 8.01757 19.5074 8.6
    endloop
  endfacet
  facet normal 0 0 1
    outer loop
      vertex 6.87783 19.3033 8.6
      vertex 8.01757 19.5074 8.6
      vertex 7.85293 19.7219 8.6
    endloop
  endfacet
  facet normal -0 0 1
    outer loop
      vertex 7.56604 19.934 8.6
      vertex 7.85293 19.7219 8.6
      vertex 7.70763 19.95 8.6
    endloop
  endfacet
  facet normal 0 0 1
    outer loop
      vertex 7.56604 19.934 8.6
      vertex 7.70763 19.95 8.6
      vertex 7.66166 20.0383 8.6
    endloop
  endfacet
  facet normal 0 0 1
    outer loop
      vertex 7.85293 19.7219 8.6
      vertex 7.56604 19.934 8.6
      vertex 6.87783 19.3033 8.6
    endloop
  endfacet
  facet normal 0 0 1
    outer loop
      vertex 8.39966 19.1253 8.6
      vertex 6.87783 19.3033 8.6
      vertex 6.13727 18.7351 8.6
    endloop
  endfacet
  facet normal 0 0 1
    outer loop
      vertex 9.46401 13.984 8.6
      vertex 6.13727 18.7351 8.6
      vertex 8.25 13.2106 8.6
    endloop
  endfacet
  facet normal -0 0 1
    outer loop
      vertex 5.35 18.2335 8.6
      vertex 8.25 13.2106 8.6
      vertex 6.13727 18.7351 8.6
    endloop
  endfacet
  facet normal 0 0 1
    outer loop
      vertex 8.25 13.2106 8.6
      vertex 5.35 18.2335 8.6
      vertex 6.9732 12.5459 8.6
    endloop
  endfacet
  facet normal -0 0 1
    outer loop
      vertex 4.52201 17.8025 8.6
      vertex 6.9732 12.5459 8.6
      vertex 5.35 18.2335 8.6
    endloop
  endfacet
  facet normal -0 0 1
    outer loop
      vertex 3.1 15.5 8.6
      vertex 6.9732 12.5459 8.6
      vertex 4.52201 17.8025 8.6
    endloop
  endfacet
  facet normal -0 0 1
    outer loop
      vertex 3.0529 14.9617 8.6
      vertex 6.9732 12.5459 8.6
      vertex 3.0882 15.2298 8.6
    endloop
  endfacet
  facet normal 0 0 1
    outer loop
      vertex 3.0529 16.0383 8.6
      vertex 4.52201 17.8025 8.6
      vertex 3.65962 17.4453 8.6
    endloop
  endfacet
  facet normal 0 0 1
    outer loop
      vertex 6.9732 12.5459 8.6
      vertex 3.1 15.5 8.6
      vertex 3.0882 15.2298 8.6
    endloop
  endfacet
  facet normal 0 0 1
    outer loop
      vertex 6.9732 12.5459 8.6
      vertex 3.0529 14.9617 8.6
      vertex 5.64333 11.9951 8.6
    endloop
  endfacet
  facet normal -0 0 1
    outer loop
      vertex 2.99437 14.6977 8.6
      vertex 5.64333 11.9951 8.6
      vertex 3.0529 14.9617 8.6
    endloop
  endfacet
  facet normal -0 0 1
    outer loop
      vertex 2.91305 14.4397 8.6
      vertex 5.64333 11.9951 8.6
      vertex 2.99437 14.6977 8.6
    endloop
  endfacet
  facet normal -0 0 1
    outer loop
      vertex 2.80955 14.1899 8.6
      vertex 5.64333 11.9951 8.6
      vertex 2.91305 14.4397 8.6
    endloop
  endfacet
  facet normal 0 0 1
    outer loop
      vertex 5.64333 11.9951 8.6
      vertex 2.80955 14.1899 8.6
      vertex 4.27051 11.5622 8.6
    endloop
  endfacet
  facet normal -0 0 1
    outer loop
      vertex 2.68468 13.95 8.6
      vertex 4.27051 11.5622 8.6
      vertex 2.80955 14.1899 8.6
    endloop
  endfacet
  facet normal -0 0 1
    outer loop
      vertex 2.53937 13.7219 8.6
      vertex 4.27051 11.5622 8.6
      vertex 2.68468 13.95 8.6
    endloop
  endfacet
  facet normal -0 0 1
    outer loop
      vertex 2.37474 13.5074 8.6
      vertex 4.27051 11.5622 8.6
      vertex 2.53937 13.7219 8.6
    endloop
  endfacet
  facet normal 0 0 1
    outer loop
      vertex 4.27051 11.5622 8.6
      vertex 2.37474 13.5074 8.6
      vertex 2.86519 11.2507 8.6
    endloop
  endfacet
  facet normal -0 0 1
    outer loop
      vertex 2.19203 13.308 8.6
      vertex 2.86519 11.2507 8.6
      vertex 2.37474 13.5074 8.6
    endloop
  endfacet
  facet normal -0 0 1
    outer loop
      vertex 1.99264 13.1253 8.6
      vertex 2.86519 11.2507 8.6
      vertex 2.19203 13.308 8.6
    endloop
  endfacet
  facet normal -0 0 1
    outer loop
      vertex 1.77809 12.9606 8.6
      vertex 2.86519 11.2507 8.6
      vertex 1.99264 13.1253 8.6
    endloop
  endfacet
  facet normal -0 0 1
    outer loop
      vertex 1.55 12.8153 8.6
      vertex 2.86519 11.2507 8.6
      vertex 1.77809 12.9606 8.6
    endloop
  endfacet
  facet normal 0 0 1
    outer loop
      vertex 1.55 12.8153 8.6
      vertex 1.43807 11.0628 8.6
      vertex 2.86519 11.2507 8.6
    endloop
  endfacet
  facet normal -0 0 1
    outer loop
      vertex 1.31012 12.6904 8.6
      vertex 1.43807 11.0628 8.6
      vertex 1.55 12.8153 8.6
    endloop
  endfacet
  facet normal -0 0 1
    outer loop
      vertex 1.06026 12.587 8.6
      vertex 1.43807 11.0628 8.6
      vertex 1.31012 12.6904 8.6
    endloop
  endfacet
  facet normal 0 0 1
    outer loop
      vertex 1.06026 12.587 8.6
      vertex 0.958166 11.0418 8.6
      vertex 1.43807 11.0628 8.6
    endloop
  endfacet
  facet normal -0 0 1
    outer loop
      vertex 0.802339 12.5056 8.6
      vertex 0.958166 11.0418 8.6
      vertex 1.06026 12.587 8.6
    endloop
  endfacet
  facet normal -0 0 1
    outer loop
      vertex 0.538309 12.4471 8.6
      vertex 0.958166 11.0418 8.6
      vertex 0.802339 12.5056 8.6
    endloop
  endfacet
  facet normal 0 0 1
    outer loop
      vertex 0 12 8.6
      vertex 0.538309 12.4471 8.6
      vertex 0.270183 12.4118 8.6
    endloop
  endfacet
  facet normal 0 0 1
    outer loop
      vertex 0 12 8.6
      vertex 0.270183 12.4118 8.6
      vertex 0 12.4 8.6
    endloop
  endfacet
  facet normal 0 0 1
    outer loop
      vertex 0.538309 12.4471 8.6
      vertex 0 12 8.6
      vertex 0.958166 11.0418 8.6
    endloop
  endfacet
  facet normal 0 0 1
    outer loop
      vertex -0.270183 12.4118 8.6
      vertex 0 12 8.6
      vertex 0 12.4 8.6
    endloop
  endfacet
  facet normal 0 0 1
    outer loop
      vertex -0.538309 12.4471 8.6
      vertex 0 12 8.6
      vertex -0.270183 12.4118 8.6
    endloop
  endfacet
  facet normal 0 0 1
    outer loop
      vertex -0.958166 11.0418 8.6
      vertex -0.538309 12.4471 8.6
      vertex -0.802339 12.5056 8.6
    endloop
  endfacet
  facet normal 0 0 1
    outer loop
      vertex -0.538309 12.4471 8.6
      vertex -0.958166 11.0418 8.6
      vertex 0 12 8.6
    endloop
  endfacet
  facet normal 0 0 1
    outer loop
      vertex -1.06026 12.587 8.6
      vertex -0.958166 11.0418 8.6
      vertex -0.802339 12.5056 8.6
    endloop
  endfacet
  facet normal 0 0 1
    outer loop
      vertex -1.43807 11.0628 8.6
      vertex -1.06026 12.587 8.6
      vertex -1.31012 12.6904 8.6
    endloop
  endfacet
  facet normal 0 0 1
    outer loop
      vertex -1.06026 12.587 8.6
      vertex -1.43807 11.0628 8.6
      vertex -0.958166 11.0418 8.6
    endloop
  endfacet
  facet normal 0 0 1
    outer loop
      vertex -1.55 12.8153 8.6
      vertex -1.43807 11.0628 8.6
      vertex -1.31012 12.6904 8.6
    endloop
  endfacet
  facet normal 0 0 1
    outer loop
      vertex -2.86519 11.2507 8.6
      vertex -1.55 12.8153 8.6
      vertex -1.77809 12.9606 8.6
    endloop
  endfacet
  facet normal 0 0 1
    outer loop
      vertex -2.86519 11.2507 8.6
      vertex -1.77809 12.9606 8.6
      vertex -1.99264 13.1253 8.6
    endloop
  endfacet
  facet normal 0 0 1
    outer loop
      vertex -2.86519 11.2507 8.6
      vertex -1.99264 13.1253 8.6
      vertex -2.19203 13.308 8.6
    endloop
  endfacet
  facet normal 0 0 1
    outer loop
      vertex -2.86519 11.2507 8.6
      vertex -2.19203 13.308 8.6
      vertex -2.37474 13.5074 8.6
    endloop
  endfacet
  facet normal 0 0 1
    outer loop
      vertex -4.27051 11.5622 8.6
      vertex -2.37474 13.5074 8.6
      vertex -2.53937 13.7219 8.6
    endloop
  endfacet
  facet normal 0 0 1
    outer loop
      vertex -4.27051 11.5622 8.6
      vertex -2.53937 13.7219 8.6
      vertex -2.68468 13.95 8.6
    endloop
  endfacet
  facet normal 0 0 1
    outer loop
      vertex -4.27051 11.5622 8.6
      vertex -2.68468 13.95 8.6
      vertex -2.80955 14.1899 8.6
    endloop
  endfacet
  facet normal 0 0 1
    outer loop
      vertex -1.55 12.8153 8.6
      vertex -2.86519 11.2507 8.6
      vertex -1.43807 11.0628 8.6
    endloop
  endfacet
  facet normal 0 0 1
    outer loop
      vertex -5.64333 11.9951 8.6
      vertex -2.80955 14.1899 8.6
      vertex -2.91305 14.4397 8.6
    endloop
  endfacet
  facet normal 0 0 1
    outer loop
      vertex -5.64333 11.9951 8.6
      vertex -2.91305 14.4397 8.6
      vertex -2.99437 14.6977 8.6
    endloop
  endfacet
  facet normal 0 0 1
    outer loop
      vertex -5.64333 11.9951 8.6
      vertex -2.99437 14.6977 8.6
      vertex -3.0529 14.9617 8.6
    endloop
  endfacet
  facet normal 0 0 1
    outer loop
      vertex -6.9732 12.5459 8.6
      vertex -3.0529 14.9617 8.6
      vertex -3.0882 15.2298 8.6
    endloop
  endfacet
  facet normal 0 0 1
    outer loop
      vertex -3.0882 15.7702 8.6
      vertex -4.52201 17.8025 8.6
      vertex -3.1 15.5 8.6
    endloop
  endfacet
  facet normal 0 0 1
    outer loop
      vertex -6.9732 12.5459 8.6
      vertex -3.1 15.5 8.6
      vertex -4.52201 17.8025 8.6
    endloop
  endfacet
  facet normal 0 0 1
    outer loop
      vertex -2.37474 13.5074 8.6
      vertex -4.27051 11.5622 8.6
      vertex -2.86519 11.2507 8.6
    endloop
  endfacet
  facet normal 0 0 1
    outer loop
      vertex -3.1 15.5 8.6
      vertex -6.9732 12.5459 8.6
      vertex -3.0882 15.2298 8.6
    endloop
  endfacet
  facet normal 0 0 1
    outer loop
      vertex -6.9732 12.5459 8.6
      vertex -4.52201 17.8025 8.6
      vertex -5.35 18.2335 8.6
    endloop
  endfacet
  facet normal 0 0 1
    outer loop
      vertex -2.80955 14.1899 8.6
      vertex -5.64333 11.9951 8.6
      vertex -4.27051 11.5622 8.6
    endloop
  endfacet
  facet normal 0 0 1
    outer loop
      vertex -8.25 13.2106 8.6
      vertex -5.35 18.2335 8.6
      vertex -6.13727 18.7351 8.6
    endloop
  endfacet
  facet normal 0 0 1
    outer loop
      vertex -9.46401 13.984 8.6
      vertex -6.13727 18.7351 8.6
      vertex -6.87783 19.3033 8.6
    endloop
  endfacet
  facet normal 0 0 1
    outer loop
      vertex -3.0529 14.9617 8.6
      vertex -6.9732 12.5459 8.6
      vertex -5.64333 11.9951 8.6
    endloop
  endfacet
  facet normal 0 0 1
    outer loop
      vertex -10.606 14.8603 8.6
      vertex -6.87783 19.3033 8.6
      vertex -7.56604 19.934 8.6
    endloop
  endfacet
  facet normal 0 0 1
    outer loop
      vertex -11.6673 15.8327 8.6
      vertex -7.56604 19.934 8.6
      vertex -8.19668 20.6222 8.6
    endloop
  endfacet
  facet normal 0 0 1
    outer loop
      vertex -5.35 18.2335 8.6
      vertex -8.25 13.2106 8.6
      vertex -6.9732 12.5459 8.6
    endloop
  endfacet
  facet normal 0 0 1
    outer loop
      vertex -13.4234 19.75 8.6
      vertex -8.19668 20.6222 8.6
      vertex -8.76493 21.3627 8.6
    endloop
  endfacet
  facet normal 0 0 1
    outer loop
      vertex -13.4234 19.75 8.6
      vertex -8.76493 21.3627 8.6
      vertex -9.26647 22.15 8.6
    endloop
  endfacet
  facet normal 0 0 1
    outer loop
      vertex -6.13727 18.7351 8.6
      vertex -9.46401 13.984 8.6
      vertex -8.25 13.2106 8.6
    endloop
  endfacet
  facet normal 0 0 1
    outer loop
      vertex -13.4234 19.75 8.6
      vertex -9.26647 22.15 8.6
      vertex -9.69749 22.978 8.6
    endloop
  endfacet
  facet normal 0 0 1
    outer loop
      vertex -13.4234 19.75 8.6
      vertex -9.69749 22.978 8.6
      vertex -10.0547 23.8404 8.6
    endloop
  endfacet
  facet normal 0 0 1
    outer loop
      vertex -13.4234 19.75 8.6
      vertex -10.0547 23.8404 8.6
      vertex -10.3354 24.7306 8.6
    endloop
  endfacet
  facet normal 0 0 1
    outer loop
      vertex -13.4234 19.75 8.6
      vertex -10.3354 24.7306 8.6
      vertex -10.5374 25.642 8.6
    endloop
  endfacet
  facet normal 0 0 1
    outer loop
      vertex -6.87783 19.3033 8.6
      vertex -10.606 14.8603 8.6
      vertex -9.46401 13.984 8.6
    endloop
  endfacet
  facet normal 0 0 1
    outer loop
      vertex -13.4234 19.75 8.6
      vertex -10.5374 25.642 8.6
      vertex -10.6593 26.5674 8.6
    endloop
  endfacet
  facet normal -0 0 1
    outer loop
      vertex -15.9378 31.7705 8.6
      vertex -10.3354 30.2694 8.6
      vertex -15.5049 33.1433 8.6
    endloop
  endfacet
  facet normal 0 0 1
    outer loop
      vertex -10.0547 31.1596 8.6
      vertex -15.5049 33.1433 8.6
      vertex -10.3354 30.2694 8.6
    endloop
  endfacet
  facet normal 0 0 1
    outer loop
      vertex -10.7 27.5 8.6
      vertex -13.4234 19.75 8.6
      vertex -10.6593 26.5674 8.6
    endloop
  endfacet
  facet normal 0 0 1
    outer loop
      vertex -9.69749 32.022 8.6
      vertex -13.4234 35.25 8.6
      vertex -10.0547 31.1596 8.6
    endloop
  endfacet
  facet normal 0 0 1
    outer loop
      vertex -7.56604 19.934 8.6
      vertex -11.6673 15.8327 8.6
      vertex -10.606 14.8603 8.6
    endloop
  endfacet
  facet normal 0 0 1
    outer loop
      vertex -8.19668 20.6222 8.6
      vertex -12.6397 16.894 8.6
      vertex -11.6673 15.8327 8.6
    endloop
  endfacet
  facet normal -0 0 1
    outer loop
      vertex -13.516 36.964 8.6
      vertex -13.4234 35.25 8.6
      vertex -12.6397 38.106 8.6
    endloop
  endfacet
  facet normal 0 0 1
    outer loop
      vertex -13.4234 35.25 8.6
      vertex -13.516 36.964 8.6
      vertex -13.7741 36.5589 8.6
    endloop
  endfacet
  facet normal 0 0 1
    outer loop
      vertex 11.4526 24.413 8.6
      vertex 10.5374 25.642 8.6
      vertex 11.1946 24.4944 8.6
    endloop
  endfacet
  facet normal 0 0 1
    outer loop
      vertex 11.1946 24.4944 8.6
      vertex 10.5374 25.642 8.6
      vertex 10.9306 24.5529 8.6
    endloop
  endfacet
  facet normal 0 0 1
    outer loop
      vertex 10.9306 24.5529 8.6
      vertex 10.5374 25.642 8.6
      vertex 10.6625 24.5882 8.6
    endloop
  endfacet
  facet normal -0 0 1
    outer loop
      vertex 10.3354 24.7306 8.6
      vertex 10.6625 24.5882 8.6
      vertex 10.5374 25.642 8.6
    endloop
  endfacet
  facet normal 0 0 1
    outer loop
      vertex 10.6625 24.5882 8.6
      vertex 10.3354 24.7306 8.6
      vertex 10.3923 24.6 8.6
    endloop
  endfacet
  facet normal 0 0 1
    outer loop
      vertex 10.3923 24.6 8.6
      vertex 10.3354 24.7306 8.6
      vertex 10.2928 24.5957 8.6
    endloop
  endfacet
  facet normal -0 0 1
    outer loop
      vertex 3.0529 38.9617 8.6
      vertex 4.52201 37.1975 8.6
      vertex 3.0882 39.2298 8.6
    endloop
  endfacet
  facet normal 0 0 1
    outer loop
      vertex 4.52201 37.1975 8.6
      vertex 3.0529 38.9617 8.6
      vertex 3.65962 37.5547 8.6
    endloop
  endfacet
  facet normal -0 0 1
    outer loop
      vertex 2.99437 38.6977 8.6
      vertex 3.65962 37.5547 8.6
      vertex 3.0529 38.9617 8.6
    endloop
  endfacet
  facet normal -0 0 1
    outer loop
      vertex 2.91305 38.4397 8.6
      vertex 3.65962 37.5547 8.6
      vertex 2.99437 38.6977 8.6
    endloop
  endfacet
  facet normal -0 0 1
    outer loop
      vertex 2.80955 38.1899 8.6
      vertex 3.65962 37.5547 8.6
      vertex 2.91305 38.4397 8.6
    endloop
  endfacet
  facet normal 0 0 1
    outer loop
      vertex 2.80955 38.1899 8.6
      vertex 2.76936 37.8354 8.6
      vertex 3.65962 37.5547 8.6
    endloop
  endfacet
  facet normal -0 0 1
    outer loop
      vertex 2.68468 37.95 8.6
      vertex 2.76936 37.8354 8.6
      vertex 2.80955 38.1899 8.6
    endloop
  endfacet
  facet normal 0 0 1
    outer loop
      vertex 2.76936 37.8354 8.6
      vertex 2.68468 37.95 8.6
      vertex 2.63119 37.866 8.6
    endloop
  endfacet
  facet normal 0 0 1
    outer loop
      vertex -2.68468 37.95 8.6
      vertex -2.76936 37.8354 8.6
      vertex -2.63119 37.866 8.6
    endloop
  endfacet
  facet normal 0 0 1
    outer loop
      vertex -2.80955 38.1899 8.6
      vertex -2.76936 37.8354 8.6
      vertex -2.68468 37.95 8.6
    endloop
  endfacet
  facet normal 0 0 1
    outer loop
      vertex -3.65962 37.5547 8.6
      vertex -2.80955 38.1899 8.6
      vertex -2.91305 38.4397 8.6
    endloop
  endfacet
  facet normal 0 0 1
    outer loop
      vertex -3.65962 37.5547 8.6
      vertex -2.91305 38.4397 8.6
      vertex -2.99437 38.6977 8.6
    endloop
  endfacet
  facet normal 0 0 1
    outer loop
      vertex -2.80955 38.1899 8.6
      vertex -3.65962 37.5547 8.6
      vertex -2.76936 37.8354 8.6
    endloop
  endfacet
  facet normal 0 0 1
    outer loop
      vertex -3.0529 38.9617 8.6
      vertex -3.65962 37.5547 8.6
      vertex -2.99437 38.6977 8.6
    endloop
  endfacet
  facet normal 0 0 1
    outer loop
      vertex -3.0882 39.2298 8.6
      vertex -3.65962 37.5547 8.6
      vertex -3.0529 38.9617 8.6
    endloop
  endfacet
  facet normal 0 0 1
    outer loop
      vertex -3.65962 37.5547 8.6
      vertex -3.0882 39.2298 8.6
      vertex -3.1 39.5 8.6
    endloop
  endfacet
  facet normal 0.60877 -0.793347 0
    outer loop
      vertex 9.46401 13.984 -5.72205e-07
      vertex 10.606 14.8603 8.6
      vertex 9.46401 13.984 8.6
    endloop
  endfacet
  facet normal 0.60877 -0.793347 0
    outer loop
      vertex 10.606 14.8603 8.6
      vertex 9.46401 13.984 -5.72205e-07
      vertex 10.606 14.8603 -5.72205e-07
    endloop
  endfacet
  facet normal -0.999048 0.0436272 0
    outer loop
      vertex -16.5 27.5 -5.72205e-07
      vertex -16.4372 28.9381 8.6
      vertex -16.4372 28.9381 -5.72205e-07
    endloop
  endfacet
  facet normal -0.999048 0.0436272 0
    outer loop
      vertex -16.4372 28.9381 8.6
      vertex -16.5 27.5 -5.72205e-07
      vertex -16.5 27.5 8.6
    endloop
  endfacet
  facet normal -0.887022 -0.461726 0
    outer loop
      vertex -14.7323 20.1007 -5.72205e-07
      vertex -14.9541 20.5268 8.6
      vertex -14.9541 20.5268 -5.72205e-07
    endloop
  endfacet
  facet normal -0.887022 -0.461726 0
    outer loop
      vertex -14.9541 20.5268 8.6
      vertex -14.7323 20.1007 -5.72205e-07
      vertex -14.7323 20.1007 8.6
    endloop
  endfacet
  facet normal 0.737313 -0.675552 0
    outer loop
      vertex 11.6673 15.8327 8.6
      vertex 12.6397 16.894 -5.72205e-07
      vertex 12.6397 16.894 8.6
    endloop
  endfacet
  facet normal 0.737313 -0.675552 0
    outer loop
      vertex 12.6397 16.894 -5.72205e-07
      vertex 11.6673 15.8327 8.6
      vertex 11.6673 15.8327 -5.72205e-07
    endloop
  endfacet
  facet normal -0.976303 0.216408 0
    outer loop
      vertex -16.2493 30.3652 -5.72205e-07
      vertex -15.9378 31.7705 8.6
      vertex -15.9378 31.7705 -5.72205e-07
    endloop
  endfacet
  facet normal -0.976303 0.216408 0
    outer loop
      vertex -15.9378 31.7705 8.6
      vertex -16.2493 30.3652 -5.72205e-07
      vertex -16.2493 30.3652 8.6
    endloop
  endfacet
  facet normal 0.382654 -0.923892 0
    outer loop
      vertex 5.64333 11.9951 -5.72205e-07
      vertex 6.9732 12.5459 8.6
      vertex 5.64333 11.9951 8.6
    endloop
  endfacet
  facet normal 0.382654 -0.923892 0
    outer loop
      vertex 6.9732 12.5459 8.6
      vertex 5.64333 11.9951 -5.72205e-07
      vertex 6.9732 12.5459 -5.72205e-07
    endloop
  endfacet
  facet normal 0.991443 -0.130539 0
    outer loop
      vertex 16.2493 24.6348 8.6
      vertex 16.4372 26.0619 -5.72205e-07
      vertex 16.4372 26.0619 8.6
    endloop
  endfacet
  facet normal 0.991443 -0.130539 0
    outer loop
      vertex 16.4372 26.0619 -5.72205e-07
      vertex 16.2493 24.6348 8.6
      vertex 16.2493 24.6348 -5.72205e-07
    endloop
  endfacet
  facet normal 0.886999 -0.46177 0
    outer loop
      vertex 14.2894 19.25 8.6
      vertex 14.9541 20.5268 -5.72205e-07
      vertex 14.9541 20.5268 8.6
    endloop
  endfacet
  facet normal 0.886999 -0.46177 0
    outer loop
      vertex 14.9541 20.5268 -5.72205e-07
      vertex 14.2894 19.25 8.6
      vertex 14.2894 19.25 -5.72205e-07
    endloop
  endfacet
  facet normal -0.382654 -0.923892 0
    outer loop
      vertex -6.9732 12.5459 -5.72205e-07
      vertex -5.64333 11.9951 8.6
      vertex -6.9732 12.5459 8.6
    endloop
  endfacet
  facet normal -0.382654 -0.923892 -0
    outer loop
      vertex -5.64333 11.9951 8.6
      vertex -6.9732 12.5459 -5.72205e-07
      vertex -5.64333 11.9951 -5.72205e-07
    endloop
  endfacet
  facet normal 0.216405 0.976304 -0
    outer loop
      vertex 4.27051 43.4378 -5.72205e-07
      vertex 2.86519 43.7493 8.6
      vertex 4.27051 43.4378 8.6
    endloop
  endfacet
  facet normal 0.216405 0.976304 0
    outer loop
      vertex 2.86519 43.7493 8.6
      vertex 4.27051 43.4378 -5.72205e-07
      vertex 2.86519 43.7493 -5.72205e-07
    endloop
  endfacet
  facet normal -0.537295 -0.843394 0
    outer loop
      vertex -9.46401 13.984 -5.72205e-07
      vertex -8.25 13.2106 8.6
      vertex -9.46401 13.984 8.6
    endloop
  endfacet
  facet normal -0.537295 -0.843394 -0
    outer loop
      vertex -8.25 13.2106 8.6
      vertex -9.46401 13.984 -5.72205e-07
      vertex -8.25 13.2106 -5.72205e-07
    endloop
  endfacet
  facet normal -0.382671 0.923885 0
    outer loop
      vertex 4.52201 17.8025 6.6
      vertex 3.65962 17.4453 8.6
      vertex 4.52201 17.8025 8.6
    endloop
  endfacet
  facet normal -0.382671 0.923885 0
    outer loop
      vertex 3.65962 17.4453 8.6
      vertex 4.52201 17.8025 6.6
      vertex 3.65962 17.4453 6.6
    endloop
  endfacet
  facet normal -0.991435 -0.130599 0
    outer loop
      vertex 10.6593 28.4326 6.6
      vertex 10.5374 29.358 8.6
      vertex 10.5374 29.358 6.6
    endloop
  endfacet
  facet normal -0.991435 -0.130599 0
    outer loop
      vertex 10.5374 29.358 8.6
      vertex 10.6593 28.4326 6.6
      vertex 10.6593 28.4326 8.6
    endloop
  endfacet
  facet normal -0.999049 -0.0435999 0
    outer loop
      vertex 10.7 27.5 6.6
      vertex 10.6593 28.4326 8.6
      vertex 10.6593 28.4326 6.6
    endloop
  endfacet
  facet normal -0.999049 -0.0435999 0
    outer loop
      vertex 10.6593 28.4326 8.6
      vertex 10.7 27.5 6.6
      vertex 10.7 27.5 8.6
    endloop
  endfacet
  facet normal -0.976308 -0.216386 0
    outer loop
      vertex 10.5374 29.358 6.6
      vertex 10.3354 30.2694 8.6
      vertex 10.3354 30.2694 6.6
    endloop
  endfacet
  facet normal -0.976308 -0.216386 0
    outer loop
      vertex 10.3354 30.2694 8.6
      vertex 10.5374 29.358 6.6
      vertex 10.5374 29.358 8.6
    endloop
  endfacet
  facet normal 0.79333 -0.608791 0
    outer loop
      vertex -8.76493 33.6373 8.6
      vertex -8.19668 34.3778 6.6
      vertex -8.19668 34.3778 8.6
    endloop
  endfacet
  facet normal 0.79333 -0.608791 0
    outer loop
      vertex -8.19668 34.3778 6.6
      vertex -8.76493 33.6373 8.6
      vertex -8.76493 33.6373 6.6
    endloop
  endfacet
  facet normal 0.216227 -0.976343 0
    outer loop
      vertex -2.76936 37.8354 8.6
      vertex -2.63119 37.866 7.4
      vertex -2.63119 37.866 8.6
    endloop
  endfacet
  facet normal 0.216227 -0.976343 0
    outer loop
      vertex -2.76936 37.8354 6.6
      vertex -2.63119 37.866 7.4
      vertex -2.76936 37.8354 8.6
    endloop
  endfacet
  facet normal 0.216483 -0.976286 -4.6302e-05
    outer loop
      vertex -2.10913 37.9818 6.6
      vertex -2.63119 37.866 7.4
      vertex -2.76936 37.8354 6.6
    endloop
  endfacet
  facet normal 0.21655 -0.976271 0
    outer loop
      vertex -2.63119 37.866 7.4
      vertex -2.10913 37.9818 6.6
      vertex -2.10913 37.9818 7.4
    endloop
  endfacet
  facet normal 0.976308 -0.216386 0
    outer loop
      vertex -10.5374 29.358 8.6
      vertex -10.3354 30.2694 6.6
      vertex -10.3354 30.2694 8.6
    endloop
  endfacet
  facet normal 0.976308 -0.216386 0
    outer loop
      vertex -10.3354 30.2694 6.6
      vertex -10.5374 29.358 8.6
      vertex -10.5374 29.358 6.6
    endloop
  endfacet
  facet normal 0.382671 -0.923885 0
    outer loop
      vertex -4.52201 37.1975 6.6
      vertex -3.65962 37.5547 8.6
      vertex -4.52201 37.1975 8.6
    endloop
  endfacet
  facet normal 0.382671 -0.923885 0
    outer loop
      vertex -3.65962 37.5547 8.6
      vertex -4.52201 37.1975 6.6
      vertex -3.65962 37.5547 6.6
    endloop
  endfacet
  facet normal 0.608727 -0.79338 0
    outer loop
      vertex -6.87783 35.6967 6.6
      vertex -6.13727 36.2649 8.6
      vertex -6.87783 35.6967 8.6
    endloop
  endfacet
  facet normal 0.608727 -0.79338 0
    outer loop
      vertex -6.13727 36.2649 8.6
      vertex -6.87783 35.6967 6.6
      vertex -6.13727 36.2649 6.6
    endloop
  endfacet
  facet normal 0.675632 0.737239 -0
    outer loop
      vertex -6.87783 19.3033 6.6
      vertex -7.56604 19.934 8.6
      vertex -6.87783 19.3033 8.6
    endloop
  endfacet
  facet normal 0.675632 0.737239 0
    outer loop
      vertex -7.56604 19.934 8.6
      vertex -6.87783 19.3033 6.6
      vertex -7.56604 19.934 6.6
    endloop
  endfacet
  facet normal 0.737266 0.675602 0
    outer loop
      vertex -7.56604 19.934 8.6
      vertex -8.19668 20.6222 6.6
      vertex -8.19668 20.6222 8.6
    endloop
  endfacet
  facet normal 0.737266 0.675602 0
    outer loop
      vertex -8.19668 20.6222 6.6
      vertex -7.56604 19.934 8.6
      vertex -7.56604 19.934 6.6
    endloop
  endfacet
  facet normal -0.953772 -0.300532 0
    outer loop
      vertex 10.1321 30.9143 6.6
      vertex 10.2928 30.4043 7.4
      vertex 10.1321 30.9143 7.4
    endloop
  endfacet
  facet normal -0.953732 -0.300657 -8.79381e-05
    outer loop
      vertex 10.3354 30.2694 6.6
      vertex 10.2928 30.4043 7.4
      vertex 10.1321 30.9143 6.6
    endloop
  endfacet
  facet normal -0.953583 -0.301131 -0
    outer loop
      vertex 10.3354 30.2694 8.6
      vertex 10.2928 30.4043 7.4
      vertex 10.3354 30.2694 6.6
    endloop
  endfacet
  facet normal -0.953583 -0.301131 0
    outer loop
      vertex 10.2928 30.4043 7.4
      vertex 10.3354 30.2694 8.6
      vertex 10.2928 30.4043 8.6
    endloop
  endfacet
  facet normal -0.300708 0.953716 0
    outer loop
      vertex 3.65962 17.4453 6.6
      vertex 2.76936 17.1646 8.6
      vertex 3.65962 17.4453 8.6
    endloop
  endfacet
  facet normal -0.300708 0.953716 0
    outer loop
      vertex 2.76936 17.1646 8.6
      vertex 3.65962 17.4453 6.6
      vertex 2.76936 17.1646 6.6
    endloop
  endfacet
  facet normal 0.79333 0.608791 0
    outer loop
      vertex -8.19668 20.6222 8.6
      vertex -8.76493 21.3627 6.6
      vertex -8.76493 21.3627 8.6
    endloop
  endfacet
  facet normal 0.79333 0.608791 0
    outer loop
      vertex -8.76493 21.3627 6.6
      vertex -8.19668 20.6222 8.6
      vertex -8.19668 20.6222 6.6
    endloop
  endfacet
  facet normal -0.216227 0.976343 0
    outer loop
      vertex 2.76936 17.1646 8.6
      vertex 2.63119 17.134 7.4
      vertex 2.63119 17.134 8.6
    endloop
  endfacet
  facet normal -0.216227 0.976343 0
    outer loop
      vertex 2.76936 17.1646 6.6
      vertex 2.63119 17.134 7.4
      vertex 2.76936 17.1646 8.6
    endloop
  endfacet
  facet normal -0.216483 0.976286 -4.6302e-05
    outer loop
      vertex 2.10913 17.0182 6.6
      vertex 2.63119 17.134 7.4
      vertex 2.76936 17.1646 6.6
    endloop
  endfacet
  facet normal -0.21655 0.976271 0
    outer loop
      vertex 2.63119 17.134 7.4
      vertex 2.10913 17.0182 6.6
      vertex 2.10913 17.0182 7.4
    endloop
  endfacet
  facet normal 0.461728 -0.887022 0
    outer loop
      vertex -5.35 36.7665 6.6
      vertex -4.52201 37.1975 8.6
      vertex -5.35 36.7665 8.6
    endloop
  endfacet
  facet normal 0.461728 -0.887022 0
    outer loop
      vertex -4.52201 37.1975 8.6
      vertex -5.35 36.7665 6.6
      vertex -4.52201 37.1975 6.6
    endloop
  endfacet
  facet normal -0.382671 -0.923885 0
    outer loop
      vertex 3.65962 37.5547 6.6
      vertex 4.52201 37.1975 8.6
      vertex 3.65962 37.5547 8.6
    endloop
  endfacet
  facet normal -0.382671 -0.923885 -0
    outer loop
      vertex 4.52201 37.1975 8.6
      vertex 3.65962 37.5547 6.6
      vertex 4.52201 37.1975 6.6
    endloop
  endfacet
  facet normal -0.999049 0.0435999 0
    outer loop
      vertex 10.6593 26.5674 6.6
      vertex 10.7 27.5 8.6
      vertex 10.7 27.5 6.6
    endloop
  endfacet
  facet normal -0.999049 0.0435999 0
    outer loop
      vertex 10.7 27.5 8.6
      vertex 10.6593 26.5674 6.6
      vertex 10.6593 26.5674 8.6
    endloop
  endfacet
  facet normal -0.300708 -0.953716 0
    outer loop
      vertex 2.76936 37.8354 6.6
      vertex 3.65962 37.5547 8.6
      vertex 2.76936 37.8354 8.6
    endloop
  endfacet
  facet normal -0.300708 -0.953716 -0
    outer loop
      vertex 3.65962 37.5547 8.6
      vertex 2.76936 37.8354 6.6
      vertex 3.65962 37.5547 6.6
    endloop
  endfacet
  facet normal -0.461728 0.887022 0
    outer loop
      vertex 5.35 18.2335 6.6
      vertex 4.52201 17.8025 8.6
      vertex 5.35 18.2335 8.6
    endloop
  endfacet
  facet normal -0.461728 0.887022 0
    outer loop
      vertex 4.52201 17.8025 8.6
      vertex 5.35 18.2335 6.6
      vertex 4.52201 17.8025 6.6
    endloop
  endfacet
  facet normal -0.991435 0.130599 0
    outer loop
      vertex 10.5374 25.642 6.6
      vertex 10.6593 26.5674 8.6
      vertex 10.6593 26.5674 6.6
    endloop
  endfacet
  facet normal -0.991435 0.130599 0
    outer loop
      vertex 10.6593 26.5674 8.6
      vertex 10.5374 25.642 6.6
      vertex 10.5374 25.642 8.6
    endloop
  endfacet
  facet normal -0.608727 -0.79338 0
    outer loop
      vertex 6.13727 36.2649 6.6
      vertex 6.87783 35.6967 8.6
      vertex 6.13727 36.2649 8.6
    endloop
  endfacet
  facet normal -0.608727 -0.79338 -0
    outer loop
      vertex 6.87783 35.6967 8.6
      vertex 6.13727 36.2649 6.6
      vertex 6.87783 35.6967 6.6
    endloop
  endfacet
  facet normal 0.300708 0.953716 -0
    outer loop
      vertex -2.76936 17.1646 6.6
      vertex -3.65962 17.4453 8.6
      vertex -2.76936 17.1646 8.6
    endloop
  endfacet
  facet normal 0.300708 0.953716 0
    outer loop
      vertex -3.65962 17.4453 8.6
      vertex -2.76936 17.1646 6.6
      vertex -3.65962 17.4453 6.6
    endloop
  endfacet
  facet normal 0.976308 0.216386 0
    outer loop
      vertex -10.3354 24.7306 8.6
      vertex -10.5374 25.642 6.6
      vertex -10.5374 25.642 8.6
    endloop
  endfacet
  facet normal 0.976308 0.216386 0
    outer loop
      vertex -10.5374 25.642 6.6
      vertex -10.3354 24.7306 8.6
      vertex -10.3354 24.7306 6.6
    endloop
  endfacet
  facet normal -0.737113 -0.675769 0
    outer loop
      vertex 7.56604 35.066 6.6
      vertex 7.66166 34.9617 7.4
      vertex 7.56604 35.066 8.6
    endloop
  endfacet
  facet normal -0.737212 -0.675662 2.58542e-05
    outer loop
      vertex 8.02292 34.5675 6.6
      vertex 7.66166 34.9617 7.4
      vertex 7.56604 35.066 6.6
    endloop
  endfacet
  facet normal -0.737238 -0.675633 0
    outer loop
      vertex 7.66166 34.9617 7.4
      vertex 8.02292 34.5675 6.6
      vertex 8.02292 34.5675 7.4
    endloop
  endfacet
  facet normal -0.737113 -0.675769 0
    outer loop
      vertex 7.56604 35.066 8.6
      vertex 7.66166 34.9617 7.4
      vertex 7.66166 34.9617 8.6
    endloop
  endfacet
  facet normal -0.976308 0.216386 0
    outer loop
      vertex 10.3354 24.7306 6.6
      vertex 10.5374 25.642 8.6
      vertex 10.5374 25.642 6.6
    endloop
  endfacet
  facet normal -0.976308 0.216386 0
    outer loop
      vertex 10.5374 25.642 8.6
      vertex 10.3354 24.7306 6.6
      vertex 10.3354 24.7306 8.6
    endloop
  endfacet
  facet normal -0.608727 0.79338 0
    outer loop
      vertex 6.87783 19.3033 6.6
      vertex 6.13727 18.7351 8.6
      vertex 6.87783 19.3033 8.6
    endloop
  endfacet
  facet normal -0.608727 0.79338 0
    outer loop
      vertex 6.13727 18.7351 8.6
      vertex 6.87783 19.3033 6.6
      vertex 6.13727 18.7351 6.6
    endloop
  endfacet
  facet normal 0.991435 -0.130599 0
    outer loop
      vertex -10.6593 28.4326 8.6
      vertex -10.5374 29.358 6.6
      vertex -10.5374 29.358 8.6
    endloop
  endfacet
  facet normal 0.991435 -0.130599 0
    outer loop
      vertex -10.5374 29.358 6.6
      vertex -10.6593 28.4326 8.6
      vertex -10.6593 28.4326 6.6
    endloop
  endfacet
  facet normal 0.991435 0.130599 0
    outer loop
      vertex -10.5374 25.642 8.6
      vertex -10.6593 26.5674 6.6
      vertex -10.6593 26.5674 8.6
    endloop
  endfacet
  facet normal 0.991435 0.130599 0
    outer loop
      vertex -10.6593 26.5674 6.6
      vertex -10.5374 25.642 8.6
      vertex -10.5374 25.642 6.6
    endloop
  endfacet
  facet normal 0.675632 -0.737239 0
    outer loop
      vertex -7.56604 35.066 6.6
      vertex -6.87783 35.6967 8.6
      vertex -7.56604 35.066 8.6
    endloop
  endfacet
  facet normal 0.675632 -0.737239 0
    outer loop
      vertex -6.87783 35.6967 8.6
      vertex -7.56604 35.066 6.6
      vertex -6.87783 35.6967 6.6
    endloop
  endfacet
  facet normal 0.843404 -0.53728 0
    outer loop
      vertex -9.26647 32.85 8.6
      vertex -8.76493 33.6373 6.6
      vertex -8.76493 33.6373 8.6
    endloop
  endfacet
  facet normal 0.843404 -0.53728 0
    outer loop
      vertex -8.76493 33.6373 6.6
      vertex -9.26647 32.85 8.6
      vertex -9.26647 32.85 6.6
    endloop
  endfacet
  facet normal 0.887015 -0.461741 0
    outer loop
      vertex -9.69749 32.022 8.6
      vertex -9.26647 32.85 6.6
      vertex -9.26647 32.85 8.6
    endloop
  endfacet
  facet normal 0.887015 -0.461741 0
    outer loop
      vertex -9.26647 32.85 6.6
      vertex -9.69749 32.022 8.6
      vertex -9.69749 32.022 6.6
    endloop
  endfacet
  facet normal -0.953583 0.301131 0
    outer loop
      vertex 10.3354 24.7306 6.6
      vertex 10.2928 24.5957 7.4
      vertex 10.3354 24.7306 8.6
    endloop
  endfacet
  facet normal -0.953732 0.300657 -8.79381e-05
    outer loop
      vertex 10.1321 24.0857 6.6
      vertex 10.2928 24.5957 7.4
      vertex 10.3354 24.7306 6.6
    endloop
  endfacet
  facet normal -0.953772 0.300532 0
    outer loop
      vertex 10.2928 24.5957 7.4
      vertex 10.1321 24.0857 6.6
      vertex 10.1321 24.0857 7.4
    endloop
  endfacet
  facet normal -0.953583 0.301131 0
    outer loop
      vertex 10.3354 24.7306 8.6
      vertex 10.2928 24.5957 7.4
      vertex 10.2928 24.5957 8.6
    endloop
  endfacet
  facet normal -0.461728 -0.887022 0
    outer loop
      vertex 4.52201 37.1975 6.6
      vertex 5.35 36.7665 8.6
      vertex 4.52201 37.1975 8.6
    endloop
  endfacet
  facet normal -0.461728 -0.887022 -0
    outer loop
      vertex 5.35 36.7665 8.6
      vertex 4.52201 37.1975 6.6
      vertex 5.35 36.7665 6.6
    endloop
  endfacet
  facet normal 0.608727 0.79338 -0
    outer loop
      vertex -6.13727 18.7351 6.6
      vertex -6.87783 19.3033 8.6
      vertex -6.13727 18.7351 8.6
    endloop
  endfacet
  facet normal 0.608727 0.79338 0
    outer loop
      vertex -6.87783 19.3033 8.6
      vertex -6.13727 18.7351 6.6
      vertex -6.87783 19.3033 6.6
    endloop
  endfacet
  facet normal -0.675632 -0.737239 0
    outer loop
      vertex 6.87783 35.6967 6.6
      vertex 7.56604 35.066 8.6
      vertex 6.87783 35.6967 8.6
    endloop
  endfacet
  facet normal -0.675632 -0.737239 -0
    outer loop
      vertex 7.56604 35.066 8.6
      vertex 6.87783 35.6967 6.6
      vertex 7.56604 35.066 6.6
    endloop
  endfacet
  facet normal 0.887015 0.461741 0
    outer loop
      vertex -9.26647 22.15 8.6
      vertex -9.69749 22.978 6.6
      vertex -9.69749 22.978 8.6
    endloop
  endfacet
  facet normal 0.887015 0.461741 0
    outer loop
      vertex -9.69749 22.978 6.6
      vertex -9.26647 22.15 8.6
      vertex -9.26647 22.15 6.6
    endloop
  endfacet
  facet normal 0.300708 -0.953716 0
    outer loop
      vertex -3.65962 37.5547 6.6
      vertex -2.76936 37.8354 8.6
      vertex -3.65962 37.5547 8.6
    endloop
  endfacet
  facet normal 0.300708 -0.953716 0
    outer loop
      vertex -2.76936 37.8354 8.6
      vertex -3.65962 37.5547 6.6
      vertex -2.76936 37.8354 6.6
    endloop
  endfacet
  facet normal -0.737238 0.675633 0
    outer loop
      vertex 8.02292 20.4325 6.6
      vertex 7.66166 20.0383 7.4
      vertex 8.02292 20.4325 7.4
    endloop
  endfacet
  facet normal -0.737212 0.675662 2.58542e-05
    outer loop
      vertex 7.56604 19.934 6.6
      vertex 7.66166 20.0383 7.4
      vertex 8.02292 20.4325 6.6
    endloop
  endfacet
  facet normal -0.737113 0.675769 0
    outer loop
      vertex 7.56604 19.934 8.6
      vertex 7.66166 20.0383 7.4
      vertex 7.56604 19.934 6.6
    endloop
  endfacet
  facet normal -0.737113 0.675769 0
    outer loop
      vertex 7.66166 20.0383 7.4
      vertex 7.56604 19.934 8.6
      vertex 7.66166 20.0383 8.6
    endloop
  endfacet
  facet normal -0.21655 -0.976271 -0
    outer loop
      vertex 2.10913 37.9818 7.4
      vertex 2.10913 37.9818 6.6
      vertex 2.63119 37.866 7.4
    endloop
  endfacet
  facet normal -0.216227 -0.976343 0
    outer loop
      vertex 2.63119 37.866 7.4
      vertex 2.76936 37.8354 8.6
      vertex 2.63119 37.866 8.6
    endloop
  endfacet
  facet normal -0.216227 -0.976343 0
    outer loop
      vertex 2.63119 37.866 7.4
      vertex 2.76936 37.8354 6.6
      vertex 2.76936 37.8354 8.6
    endloop
  endfacet
  facet normal -0.216483 -0.976286 -4.6302e-05
    outer loop
      vertex 2.76936 37.8354 6.6
      vertex 2.63119 37.866 7.4
      vertex 2.10913 37.9818 6.6
    endloop
  endfacet
  facet normal 0.95371 0.300726 0
    outer loop
      vertex -10.0547 23.8404 8.6
      vertex -10.3354 24.7306 6.6
      vertex -10.3354 24.7306 8.6
    endloop
  endfacet
  facet normal 0.95371 0.300726 0
    outer loop
      vertex -10.3354 24.7306 6.6
      vertex -10.0547 23.8404 8.6
      vertex -10.0547 23.8404 6.6
    endloop
  endfacet
  facet normal 0.923882 -0.382676 0
    outer loop
      vertex -10.0547 31.1596 8.6
      vertex -9.69749 32.022 6.6
      vertex -9.69749 32.022 8.6
    endloop
  endfacet
  facet normal 0.923882 -0.382676 0
    outer loop
      vertex -9.69749 32.022 6.6
      vertex -10.0547 31.1596 8.6
      vertex -10.0547 31.1596 6.6
    endloop
  endfacet
  facet normal -0.537341 -0.843365 0
    outer loop
      vertex 5.35 36.7665 6.6
      vertex 6.13727 36.2649 8.6
      vertex 5.35 36.7665 8.6
    endloop
  endfacet
  facet normal -0.537341 -0.843365 -0
    outer loop
      vertex 6.13727 36.2649 8.6
      vertex 5.35 36.7665 6.6
      vertex 6.13727 36.2649 6.6
    endloop
  endfacet
  facet normal 0.999049 0.0435999 0
    outer loop
      vertex -10.6593 26.5674 8.6
      vertex -10.7 27.5 6.6
      vertex -10.7 27.5 8.6
    endloop
  endfacet
  facet normal 0.999049 0.0435999 0
    outer loop
      vertex -10.7 27.5 6.6
      vertex -10.6593 26.5674 8.6
      vertex -10.6593 26.5674 6.6
    endloop
  endfacet
  facet normal 0.737266 -0.675602 0
    outer loop
      vertex -8.19668 34.3778 8.6
      vertex -7.56604 35.066 6.6
      vertex -7.56604 35.066 8.6
    endloop
  endfacet
  facet normal 0.737266 -0.675602 0
    outer loop
      vertex -7.56604 35.066 6.6
      vertex -8.19668 34.3778 8.6
      vertex -8.19668 34.3778 6.6
    endloop
  endfacet
  facet normal 0.923882 0.382676 0
    outer loop
      vertex -9.69749 22.978 8.6
      vertex -10.0547 23.8404 6.6
      vertex -10.0547 23.8404 8.6
    endloop
  endfacet
  facet normal 0.923882 0.382676 0
    outer loop
      vertex -10.0547 23.8404 6.6
      vertex -9.69749 22.978 8.6
      vertex -9.69749 22.978 6.6
    endloop
  endfacet
  facet normal 0.461728 0.887022 -0
    outer loop
      vertex -4.52201 17.8025 6.6
      vertex -5.35 18.2335 8.6
      vertex -4.52201 17.8025 8.6
    endloop
  endfacet
  facet normal 0.461728 0.887022 0
    outer loop
      vertex -5.35 18.2335 8.6
      vertex -4.52201 17.8025 6.6
      vertex -5.35 18.2335 6.6
    endloop
  endfacet
  facet normal -0.675632 0.737239 0
    outer loop
      vertex 7.56604 19.934 6.6
      vertex 6.87783 19.3033 8.6
      vertex 7.56604 19.934 8.6
    endloop
  endfacet
  facet normal -0.675632 0.737239 0
    outer loop
      vertex 6.87783 19.3033 8.6
      vertex 7.56604 19.934 6.6
      vertex 6.87783 19.3033 6.6
    endloop
  endfacet
  facet normal 0.999049 -0.0435999 0
    outer loop
      vertex -10.7 27.5 8.6
      vertex -10.6593 28.4326 6.6
      vertex -10.6593 28.4326 8.6
    endloop
  endfacet
  facet normal 0.999049 -0.0435999 0
    outer loop
      vertex -10.6593 28.4326 6.6
      vertex -10.7 27.5 8.6
      vertex -10.7 27.5 6.6
    endloop
  endfacet
  facet normal 0.537341 -0.843365 0
    outer loop
      vertex -6.13727 36.2649 6.6
      vertex -5.35 36.7665 8.6
      vertex -6.13727 36.2649 8.6
    endloop
  endfacet
  facet normal 0.537341 -0.843365 0
    outer loop
      vertex -5.35 36.7665 8.6
      vertex -6.13727 36.2649 6.6
      vertex -5.35 36.7665 6.6
    endloop
  endfacet
  facet normal 0.382671 0.923885 -0
    outer loop
      vertex -3.65962 17.4453 6.6
      vertex -4.52201 17.8025 8.6
      vertex -3.65962 17.4453 8.6
    endloop
  endfacet
  facet normal 0.382671 0.923885 0
    outer loop
      vertex -4.52201 17.8025 8.6
      vertex -3.65962 17.4453 6.6
      vertex -4.52201 17.8025 6.6
    endloop
  endfacet
  facet normal -0.537341 0.843365 0
    outer loop
      vertex 6.13727 18.7351 6.6
      vertex 5.35 18.2335 8.6
      vertex 6.13727 18.7351 8.6
    endloop
  endfacet
  facet normal -0.537341 0.843365 0
    outer loop
      vertex 5.35 18.2335 8.6
      vertex 6.13727 18.7351 6.6
      vertex 5.35 18.2335 6.6
    endloop
  endfacet
  facet normal 0.537341 0.843365 -0
    outer loop
      vertex -5.35 18.2335 6.6
      vertex -6.13727 18.7351 8.6
      vertex -5.35 18.2335 8.6
    endloop
  endfacet
  facet normal 0.537341 0.843365 0
    outer loop
      vertex -6.13727 18.7351 8.6
      vertex -5.35 18.2335 6.6
      vertex -6.13727 18.7351 6.6
    endloop
  endfacet
  facet normal 0.21655 0.976271 0
    outer loop
      vertex -2.10913 17.0182 7.4
      vertex -2.10913 17.0182 6.6
      vertex -2.63119 17.134 7.4
    endloop
  endfacet
  facet normal 0.216227 0.976343 -0
    outer loop
      vertex -2.63119 17.134 7.4
      vertex -2.76936 17.1646 8.6
      vertex -2.63119 17.134 8.6
    endloop
  endfacet
  facet normal 0.216227 0.976343 0
    outer loop
      vertex -2.63119 17.134 7.4
      vertex -2.76936 17.1646 6.6
      vertex -2.76936 17.1646 8.6
    endloop
  endfacet
  facet normal 0.216483 0.976286 -4.6302e-05
    outer loop
      vertex -2.76936 17.1646 6.6
      vertex -2.63119 17.134 7.4
      vertex -2.10913 17.0182 6.6
    endloop
  endfacet
  facet normal 0.95371 -0.300726 0
    outer loop
      vertex -10.3354 30.2694 8.6
      vertex -10.0547 31.1596 6.6
      vertex -10.0547 31.1596 8.6
    endloop
  endfacet
  facet normal 0.95371 -0.300726 0
    outer loop
      vertex -10.0547 31.1596 6.6
      vertex -10.3354 30.2694 8.6
      vertex -10.3354 30.2694 6.6
    endloop
  endfacet
  facet normal -0 0 1
    outer loop
      vertex 2.98858 27.2385 6.6
      vertex 10.6593 26.5674 6.6
      vertex 3 27.5 6.6
    endloop
  endfacet
  facet normal 0 0 1
    outer loop
      vertex 7.8318 33.9515 6.6
      vertex 6.02835 32.4652 6.6
      vertex 7.8022 33.7266 6.6
    endloop
  endfacet
  facet normal 0 0 1
    outer loop
      vertex 6.02835 32.4652 6.6
      vertex 7.8318 33.9515 6.6
      vertex 7.56604 35.066 6.6
    endloop
  endfacet
  facet normal 0 0 1
    outer loop
      vertex 7.8809 34.1729 6.6
      vertex 7.56604 35.066 6.6
      vertex 7.8318 33.9515 6.6
    endloop
  endfacet
  facet normal 0 0 1
    outer loop
      vertex 7.9491 34.3893 6.6
      vertex 7.56604 35.066 6.6
      vertex 7.8809 34.1729 6.6
    endloop
  endfacet
  facet normal 0 0 1
    outer loop
      vertex 7.56604 35.066 6.6
      vertex 7.9491 34.3893 6.6
      vertex 8.02292 34.5675 6.6
    endloop
  endfacet
  facet normal 0 0 1
    outer loop
      vertex 8.55383 31.6615 6.6
      vertex 5.64139 32.0783 6.6
      vertex 8.72106 31.5083 6.6
    endloop
  endfacet
  facet normal 0 0 1
    outer loop
      vertex 9.0923 31.2483 6.6
      vertex 10.6593 28.4326 6.6
      vertex 10.5374 29.358 6.6
    endloop
  endfacet
  facet normal 0 0 1
    outer loop
      vertex 8.26251 32.0087 6.6
      vertex 5.81753 32.1905 6.6
      vertex 8.40059 31.8288 6.6
    endloop
  endfacet
  facet normal 0 0 1
    outer loop
      vertex 9.50305 31.0568 6.6
      vertex 10.5374 29.358 6.6
      vertex 10.3354 30.2694 6.6
    endloop
  endfacet
  facet normal 0 0 1
    outer loop
      vertex 10.6593 28.4326 6.6
      vertex 9.0923 31.2483 6.6
      vertex 8.90101 31.3702 6.6
    endloop
  endfacet
  facet normal 0 0 1
    outer loop
      vertex 9.94082 30.9395 6.6
      vertex 10.3354 30.2694 6.6
      vertex 10.1321 30.9143 6.6
    endloop
  endfacet
  facet normal 0 0 1
    outer loop
      vertex 9.71937 30.9886 6.6
      vertex 10.3354 30.2694 6.6
      vertex 9.94082 30.9395 6.6
    endloop
  endfacet
  facet normal 0 0 1
    outer loop
      vertex 9.50305 31.0568 6.6
      vertex 10.3354 30.2694 6.6
      vertex 9.71937 30.9886 6.6
    endloop
  endfacet
  facet normal 0 0 1
    outer loop
      vertex 10.3354 24.7306 6.6
      vertex 9.94082 24.0605 6.6
      vertex 10.1321 24.0857 6.6
    endloop
  endfacet
  facet normal 0 0 1
    outer loop
      vertex 10.5374 29.358 6.6
      vertex 9.50305 31.0568 6.6
      vertex 9.2935 31.1436 6.6
    endloop
  endfacet
  facet normal 0 0 1
    outer loop
      vertex 10.3354 24.7306 6.6
      vertex 9.71937 24.0114 6.6
      vertex 9.94082 24.0605 6.6
    endloop
  endfacet
  facet normal 0 0 1
    outer loop
      vertex 10.5374 29.358 6.6
      vertex 9.2935 31.1436 6.6
      vertex 9.0923 31.2483 6.6
    endloop
  endfacet
  facet normal 0 0 1
    outer loop
      vertex 10.3354 24.7306 6.6
      vertex 9.50305 23.9432 6.6
      vertex 9.71937 24.0114 6.6
    endloop
  endfacet
  facet normal 0 -0 1
    outer loop
      vertex 3 27.5 6.6
      vertex 10.7 27.5 6.6
      vertex 2.98858 27.7615 6.6
    endloop
  endfacet
  facet normal 0 0 1
    outer loop
      vertex 10.5374 25.642 6.6
      vertex 9.50305 23.9432 6.6
      vertex 10.3354 24.7306 6.6
    endloop
  endfacet
  facet normal 0 -0 1
    outer loop
      vertex 9.2935 23.8564 6.6
      vertex 10.5374 25.642 6.6
      vertex 9.0923 23.7517 6.6
    endloop
  endfacet
  facet normal 0 -0 1
    outer loop
      vertex 9.50305 23.9432 6.6
      vertex 10.5374 25.642 6.6
      vertex 9.2935 23.8564 6.6
    endloop
  endfacet
  facet normal 0 -0 1
    outer loop
      vertex 9.0923 23.7517 6.6
      vertex 10.6593 26.5674 6.6
      vertex 8.90101 23.6298 6.6
    endloop
  endfacet
  facet normal 0 0 1
    outer loop
      vertex 10.6593 26.5674 6.6
      vertex 9.0923 23.7517 6.6
      vertex 10.5374 25.642 6.6
    endloop
  endfacet
  facet normal -0 0 1
    outer loop
      vertex 5.86899 32.2376 6.6
      vertex 8.26251 32.0087 6.6
      vertex 5.91614 32.2891 6.6
    endloop
  endfacet
  facet normal 0 0 1
    outer loop
      vertex 10.7 27.5 6.6
      vertex 3 27.5 6.6
      vertex 10.6593 26.5674 6.6
    endloop
  endfacet
  facet normal 0 0 1
    outer loop
      vertex 8.14064 32.2 6.6
      vertex 5.91614 32.2891 6.6
      vertex 8.26251 32.0087 6.6
    endloop
  endfacet
  facet normal -0 0 1
    outer loop
      vertex 5.81753 32.1905 6.6
      vertex 8.26251 32.0087 6.6
      vertex 5.86899 32.2376 6.6
    endloop
  endfacet
  facet normal -0 0 1
    outer loop
      vertex 5.91614 32.2891 6.6
      vertex 8.14064 32.2 6.6
      vertex 5.95862 32.3444 6.6
    endloop
  endfacet
  facet normal -0 0 1
    outer loop
      vertex 5.76216 32.148 6.6
      vertex 8.40059 31.8288 6.6
      vertex 5.81753 32.1905 6.6
    endloop
  endfacet
  facet normal -0 0 1
    outer loop
      vertex 5.95862 32.3444 6.6
      vertex 8.14064 32.2 6.6
      vertex 5.99612 32.4033 6.6
    endloop
  endfacet
  facet normal -0 0 1
    outer loop
      vertex 5.7033 32.1105 6.6
      vertex 8.40059 31.8288 6.6
      vertex 5.76216 32.148 6.6
    endloop
  endfacet
  facet normal 0 0 1
    outer loop
      vertex 8.0359 32.4012 6.6
      vertex 5.99612 32.4033 6.6
      vertex 8.14064 32.2 6.6
    endloop
  endfacet
  facet normal 0 0 1
    outer loop
      vertex 8.40059 31.8288 6.6
      vertex 5.7033 32.1105 6.6
      vertex 8.55383 31.6615 6.6
    endloop
  endfacet
  facet normal -0 0 1
    outer loop
      vertex 5.99612 32.4033 6.6
      vertex 8.0359 32.4012 6.6
      vertex 6.02835 32.4652 6.6
    endloop
  endfacet
  facet normal -0 0 1
    outer loop
      vertex 5.64139 32.0783 6.6
      vertex 8.55383 31.6615 6.6
      vertex 5.7033 32.1105 6.6
    endloop
  endfacet
  facet normal -0 0 1
    outer loop
      vertex 6.02835 32.4652 6.6
      vertex 8.0359 32.4012 6.6
      vertex 7.9491 32.6107 6.6
    endloop
  endfacet
  facet normal 0 0 1
    outer loop
      vertex 8.72106 31.5083 6.6
      vertex 5.64139 32.0783 6.6
      vertex 8.90101 31.3702 6.6
    endloop
  endfacet
  facet normal 0 0 1
    outer loop
      vertex 6.02835 32.4652 6.6
      vertex 7.9491 32.6107 6.6
      vertex 7.8809 32.8271 6.6
    endloop
  endfacet
  facet normal 0 0 1
    outer loop
      vertex 2.98858 27.7615 6.6
      vertex 8.90101 31.3702 6.6
      vertex 5.64139 32.0783 6.6
    endloop
  endfacet
  facet normal 0 0 1
    outer loop
      vertex 6.02835 32.4652 6.6
      vertex 7.8809 32.8271 6.6
      vertex 7.8318 33.0485 6.6
    endloop
  endfacet
  facet normal 0 0 1
    outer loop
      vertex 8.90101 31.3702 6.6
      vertex 2.98858 27.7615 6.6
      vertex 10.6593 28.4326 6.6
    endloop
  endfacet
  facet normal 0 0 1
    outer loop
      vertex 6.02835 32.4652 6.6
      vertex 7.8318 33.0485 6.6
      vertex 7.8022 33.2734 6.6
    endloop
  endfacet
  facet normal 0 0 1
    outer loop
      vertex 10.6593 28.4326 6.6
      vertex 2.98858 27.7615 6.6
      vertex 10.7 27.5 6.6
    endloop
  endfacet
  facet normal 0 0 1
    outer loop
      vertex 7.8022 33.7266 6.6
      vertex 6.02835 32.4652 6.6
      vertex 7.7923 33.5 6.6
    endloop
  endfacet
  facet normal 0 0 1
    outer loop
      vertex 7.7923 33.5 6.6
      vertex 6.02835 32.4652 6.6
      vertex 7.8022 33.2734 6.6
    endloop
  endfacet
  facet normal 0 0 1
    outer loop
      vertex 7.9491 20.6107 6.6
      vertex 7.56604 19.934 6.6
      vertex 8.02292 20.4325 6.6
    endloop
  endfacet
  facet normal 0 0 1
    outer loop
      vertex 7.8809 20.8271 6.6
      vertex 7.56604 19.934 6.6
      vertex 7.9491 20.6107 6.6
    endloop
  endfacet
  facet normal 0 0 1
    outer loop
      vertex 7.8318 21.0485 6.6
      vertex 7.56604 19.934 6.6
      vertex 7.8809 20.8271 6.6
    endloop
  endfacet
  facet normal 0 0 1
    outer loop
      vertex 5.91614 21.6825 6.6
      vertex 7.8318 21.0485 6.6
      vertex 7.8022 21.2734 6.6
    endloop
  endfacet
  facet normal 0 0 1
    outer loop
      vertex 5.99612 21.7967 6.6
      vertex 7.8022 21.2734 6.6
      vertex 7.7923 21.5 6.6
    endloop
  endfacet
  facet normal 0 0 1
    outer loop
      vertex 10.6593 26.5674 6.6
      vertex 2.98858 27.2385 6.6
      vertex 8.90101 23.6298 6.6
    endloop
  endfacet
  facet normal 0 0 1
    outer loop
      vertex 5.76216 33.4586 6.6
      vertex 7.56604 35.066 6.6
      vertex 6.87783 35.6967 6.6
    endloop
  endfacet
  facet normal 0 0 1
    outer loop
      vertex 6.07604 32.5962 6.6
      vertex 7.56604 35.066 6.6
      vertex 6.09115 32.6644 6.6
    endloop
  endfacet
  facet normal 0 0 1
    outer loop
      vertex 5.44222 33.5911 6.6
      vertex 6.87783 35.6967 6.6
      vertex 6.13727 36.2649 6.6
    endloop
  endfacet
  facet normal 0 0 1
    outer loop
      vertex 7.56604 35.066 6.6
      vertex 6.1033 32.8033 6.6
      vertex 6.10026 32.7336 6.6
    endloop
  endfacet
  facet normal 0 0 1
    outer loop
      vertex 7.56604 35.066 6.6
      vertex 6.10026 32.7336 6.6
      vertex 6.09115 32.6644 6.6
    endloop
  endfacet
  facet normal 0 0 1
    outer loop
      vertex 7.56604 35.066 6.6
      vertex 6.10026 32.873 6.6
      vertex 6.1033 32.8033 6.6
    endloop
  endfacet
  facet normal 0 0 1
    outer loop
      vertex 7.56604 35.066 6.6
      vertex 6.09115 32.9422 6.6
      vertex 6.10026 32.873 6.6
    endloop
  endfacet
  facet normal 0 0 1
    outer loop
      vertex 7.56604 35.066 6.6
      vertex 6.07604 33.0104 6.6
      vertex 6.09115 32.9422 6.6
    endloop
  endfacet
  facet normal 0 0 1
    outer loop
      vertex 7.56604 35.066 6.6
      vertex 6.05505 33.0769 6.6
      vertex 6.07604 33.0104 6.6
    endloop
  endfacet
  facet normal 0 0 1
    outer loop
      vertex 7.56604 35.066 6.6
      vertex 6.02835 33.1414 6.6
      vertex 6.05505 33.0769 6.6
    endloop
  endfacet
  facet normal 0 0 1
    outer loop
      vertex 7.56604 35.066 6.6
      vertex 5.99612 33.2033 6.6
      vertex 6.02835 33.1414 6.6
    endloop
  endfacet
  facet normal 0 0 1
    outer loop
      vertex 7.56604 35.066 6.6
      vertex 5.95862 33.2622 6.6
      vertex 5.99612 33.2033 6.6
    endloop
  endfacet
  facet normal 0 0 1
    outer loop
      vertex 7.56604 35.066 6.6
      vertex 5.91614 33.3175 6.6
      vertex 5.95862 33.2622 6.6
    endloop
  endfacet
  facet normal 0 0 1
    outer loop
      vertex 7.56604 35.066 6.6
      vertex 5.86899 33.369 6.6
      vertex 5.91614 33.3175 6.6
    endloop
  endfacet
  facet normal 0 0 1
    outer loop
      vertex 7.56604 35.066 6.6
      vertex 5.81753 33.4161 6.6
      vertex 5.86899 33.369 6.6
    endloop
  endfacet
  facet normal 0 0 1
    outer loop
      vertex 7.56604 35.066 6.6
      vertex 5.76216 33.4586 6.6
      vertex 5.81753 33.4161 6.6
    endloop
  endfacet
  facet normal 0 0 1
    outer loop
      vertex 6.87783 35.6967 6.6
      vertex 5.7033 33.4961 6.6
      vertex 5.76216 33.4586 6.6
    endloop
  endfacet
  facet normal 0 0 1
    outer loop
      vertex 6.87783 35.6967 6.6
      vertex 5.64139 33.5283 6.6
      vertex 5.7033 33.4961 6.6
    endloop
  endfacet
  facet normal 0 0 1
    outer loop
      vertex 6.87783 35.6967 6.6
      vertex 5.57692 33.5551 6.6
      vertex 5.64139 33.5283 6.6
    endloop
  endfacet
  facet normal 0 0 1
    outer loop
      vertex 6.87783 35.6967 6.6
      vertex 5.51036 33.576 6.6
      vertex 5.57692 33.5551 6.6
    endloop
  endfacet
  facet normal 0 0 1
    outer loop
      vertex 6.87783 35.6967 6.6
      vertex 5.44222 33.5911 6.6
      vertex 5.51036 33.576 6.6
    endloop
  endfacet
  facet normal 0 0 1
    outer loop
      vertex 6.13727 36.2649 6.6
      vertex 5.37302 33.6003 6.6
      vertex 5.44222 33.5911 6.6
    endloop
  endfacet
  facet normal 0 0 1
    outer loop
      vertex 5.16438 33.5911 6.6
      vertex 6.13727 36.2649 6.6
      vertex 5.35 36.7665 6.6
    endloop
  endfacet
  facet normal 0 0 1
    outer loop
      vertex 6.13727 36.2649 6.6
      vertex 5.3033 33.6033 6.6
      vertex 5.37302 33.6003 6.6
    endloop
  endfacet
  facet normal 0 0 1
    outer loop
      vertex 6.13727 36.2649 6.6
      vertex 5.23358 33.6003 6.6
      vertex 5.3033 33.6033 6.6
    endloop
  endfacet
  facet normal 0 0 1
    outer loop
      vertex 6.13727 36.2649 6.6
      vertex 5.16438 33.5911 6.6
      vertex 5.23358 33.6003 6.6
    endloop
  endfacet
  facet normal 0 0 1
    outer loop
      vertex 5.35 36.7665 6.6
      vertex 5.09624 33.576 6.6
      vertex 5.16438 33.5911 6.6
    endloop
  endfacet
  facet normal 0 0 1
    outer loop
      vertex 5.35 36.7665 6.6
      vertex 5.02968 33.5551 6.6
      vertex 5.09624 33.576 6.6
    endloop
  endfacet
  facet normal 0 0 1
    outer loop
      vertex 5.35 36.7665 6.6
      vertex 4.96521 33.5283 6.6
      vertex 5.02968 33.5551 6.6
    endloop
  endfacet
  facet normal 0 0 1
    outer loop
      vertex 4.52201 37.1975 6.6
      vertex 4.96521 33.5283 6.6
      vertex 5.35 36.7665 6.6
    endloop
  endfacet
  facet normal 0 0 1
    outer loop
      vertex 4.96521 33.5283 6.6
      vertex 4.52201 37.1975 6.6
      vertex 4.9033 33.4961 6.6
    endloop
  endfacet
  facet normal 0 0 1
    outer loop
      vertex 4.9033 33.4961 6.6
      vertex 4.52201 37.1975 6.6
      vertex 4.84444 33.4586 6.6
    endloop
  endfacet
  facet normal 0 0 1
    outer loop
      vertex 4.84444 33.4586 6.6
      vertex 4.52201 37.1975 6.6
      vertex 4.78907 33.4161 6.6
    endloop
  endfacet
  facet normal 0 0 1
    outer loop
      vertex 3.65962 37.5547 6.6
      vertex 4.78907 33.4161 6.6
      vertex 4.52201 37.1975 6.6
    endloop
  endfacet
  facet normal 0 0 1
    outer loop
      vertex 4.78907 33.4161 6.6
      vertex 3.65962 37.5547 6.6
      vertex 4.73761 33.369 6.6
    endloop
  endfacet
  facet normal 0 0 1
    outer loop
      vertex 4.73761 33.369 6.6
      vertex 3.65962 37.5547 6.6
      vertex 4.69046 33.3175 6.6
    endloop
  endfacet
  facet normal 0 0 1
    outer loop
      vertex 4.69046 33.3175 6.6
      vertex 3.65962 37.5547 6.6
      vertex 4.64798 33.2622 6.6
    endloop
  endfacet
  facet normal 0 0 1
    outer loop
      vertex 4.64798 33.2622 6.6
      vertex 3.65962 37.5547 6.6
      vertex 4.61048 33.2033 6.6
    endloop
  endfacet
  facet normal 0 0 1
    outer loop
      vertex 4.61048 33.2033 6.6
      vertex 3.65962 37.5547 6.6
      vertex 4.57825 33.1414 6.6
    endloop
  endfacet
  facet normal 0 0 1
    outer loop
      vertex 4.57825 33.1414 6.6
      vertex 3.65962 37.5547 6.6
      vertex 4.55155 33.0769 6.6
    endloop
  endfacet
  facet normal 0 0 1
    outer loop
      vertex 4.55155 33.0769 6.6
      vertex 3.65962 37.5547 6.6
      vertex 4.53056 33.0104 6.6
    endloop
  endfacet
  facet normal 0 0 1
    outer loop
      vertex 4.53056 33.0104 6.6
      vertex 3.65962 37.5547 6.6
      vertex 4.51545 32.9422 6.6
    endloop
  endfacet
  facet normal 0 0 1
    outer loop
      vertex 4.51545 32.9422 6.6
      vertex 3.65962 37.5547 6.6
      vertex 4.50634 32.873 6.6
    endloop
  endfacet
  facet normal 0 0 1
    outer loop
      vertex 4.84444 22.852 6.6
      vertex 2.29813 25.5716 6.6
      vertex 4.78907 22.8095 6.6
    endloop
  endfacet
  facet normal 0 0 1
    outer loop
      vertex 4.50634 32.873 6.6
      vertex 3.65962 37.5547 6.6
      vertex 4.5033 32.8033 6.6
    endloop
  endfacet
  facet normal 0 0 1
    outer loop
      vertex -2.12132 29.6213 6.6
      vertex -4.78907 32.1905 6.6
      vertex -2.29813 29.4284 6.6
    endloop
  endfacet
  facet normal 0 0 1
    outer loop
      vertex -3 27.5 6.6
      vertex -4.50634 22.2664 6.6
      vertex -4.5033 22.1967 6.6
    endloop
  endfacet
  facet normal -0 0 1
    outer loop
      vertex -4.84444 32.148 6.6
      vertex -2.29813 29.4284 6.6
      vertex -4.78907 32.1905 6.6
    endloop
  endfacet
  facet normal 0 0 1
    outer loop
      vertex -3 27.5 6.6
      vertex -4.51545 22.3356 6.6
      vertex -4.50634 22.2664 6.6
    endloop
  endfacet
  facet normal -0 0 1
    outer loop
      vertex -4.9033 32.1105 6.6
      vertex -2.29813 29.4284 6.6
      vertex -4.84444 32.148 6.6
    endloop
  endfacet
  facet normal 0 0 1
    outer loop
      vertex -3 27.5 6.6
      vertex -4.53056 22.4038 6.6
      vertex -4.51545 22.3356 6.6
    endloop
  endfacet
  facet normal 0 0 1
    outer loop
      vertex -2.29813 29.4284 6.6
      vertex -4.9033 32.1105 6.6
      vertex -2.45746 29.2207 6.6
    endloop
  endfacet
  facet normal 0 0 1
    outer loop
      vertex -3 27.5 6.6
      vertex -4.55155 22.4703 6.6
      vertex -4.53056 22.4038 6.6
    endloop
  endfacet
  facet normal -0 0 1
    outer loop
      vertex -4.96521 32.0783 6.6
      vertex -2.45746 29.2207 6.6
      vertex -4.9033 32.1105 6.6
    endloop
  endfacet
  facet normal 0 0 1
    outer loop
      vertex -3 27.5 6.6
      vertex -4.57825 22.5348 6.6
      vertex -4.55155 22.4703 6.6
    endloop
  endfacet
  facet normal 0 0 1
    outer loop
      vertex -2.45746 29.2207 6.6
      vertex -4.96521 32.0783 6.6
      vertex -2.59808 29 6.6
    endloop
  endfacet
  facet normal 0 0 1
    outer loop
      vertex -3 27.5 6.6
      vertex -4.61048 22.5967 6.6
      vertex -4.57825 22.5348 6.6
    endloop
  endfacet
  facet normal -0 0 1
    outer loop
      vertex -5.02968 32.0515 6.6
      vertex -2.59808 29 6.6
      vertex -4.96521 32.0783 6.6
    endloop
  endfacet
  facet normal 0 0 1
    outer loop
      vertex -3 27.5 6.6
      vertex -4.64798 22.6556 6.6
      vertex -4.61048 22.5967 6.6
    endloop
  endfacet
  facet normal -0 0 1
    outer loop
      vertex -5.09624 32.0306 6.6
      vertex -2.59808 29 6.6
      vertex -5.02968 32.0515 6.6
    endloop
  endfacet
  facet normal 0 0 1
    outer loop
      vertex -3 27.5 6.6
      vertex -4.69046 22.7109 6.6
      vertex -4.64798 22.6556 6.6
    endloop
  endfacet
  facet normal 0 0 1
    outer loop
      vertex -2.59808 29 6.6
      vertex -5.09624 32.0306 6.6
      vertex -2.71892 28.7679 6.6
    endloop
  endfacet
  facet normal 0 0 1
    outer loop
      vertex -3 27.5 6.6
      vertex -4.73761 22.7624 6.6
      vertex -4.69046 22.7109 6.6
    endloop
  endfacet
  facet normal -0 0 1
    outer loop
      vertex -5.16438 32.0155 6.6
      vertex -2.71892 28.7679 6.6
      vertex -5.09624 32.0306 6.6
    endloop
  endfacet
  facet normal 0 0 1
    outer loop
      vertex -3 27.5 6.6
      vertex -4.78907 22.8095 6.6
      vertex -4.73761 22.7624 6.6
    endloop
  endfacet
  facet normal -0 0 1
    outer loop
      vertex -5.23358 32.0063 6.6
      vertex -2.71892 28.7679 6.6
      vertex -5.16438 32.0155 6.6
    endloop
  endfacet
  facet normal 0 0 1
    outer loop
      vertex -3 27.5 6.6
      vertex -4.84444 22.852 6.6
      vertex -4.78907 22.8095 6.6
    endloop
  endfacet
  facet normal 0 0 1
    outer loop
      vertex -2.71892 28.7679 6.6
      vertex -5.23358 32.0063 6.6
      vertex -2.81908 28.5261 6.6
    endloop
  endfacet
  facet normal 0 0 1
    outer loop
      vertex -3 27.5 6.6
      vertex -4.9033 22.8895 6.6
      vertex -4.84444 22.852 6.6
    endloop
  endfacet
  facet normal -0 0 1
    outer loop
      vertex -5.3033 32.0033 6.6
      vertex -2.81908 28.5261 6.6
      vertex -5.23358 32.0063 6.6
    endloop
  endfacet
  facet normal 0 0 1
    outer loop
      vertex -3 27.5 6.6
      vertex -4.96521 22.9217 6.6
      vertex -4.9033 22.8895 6.6
    endloop
  endfacet
  facet normal 0 0 1
    outer loop
      vertex -5.37302 32.0063 6.6
      vertex -2.81908 28.5261 6.6
      vertex -5.3033 32.0033 6.6
    endloop
  endfacet
  facet normal 0 0 1
    outer loop
      vertex -3 27.5 6.6
      vertex -5.02968 22.9485 6.6
      vertex -4.96521 22.9217 6.6
    endloop
  endfacet
  facet normal 0 0 1
    outer loop
      vertex -2.81908 28.5261 6.6
      vertex -5.37302 32.0063 6.6
      vertex -2.89778 28.2765 6.6
    endloop
  endfacet
  facet normal 0 0 1
    outer loop
      vertex -3 27.5 6.6
      vertex -5.09624 22.9694 6.6
      vertex -5.02968 22.9485 6.6
    endloop
  endfacet
  facet normal 0 0 1
    outer loop
      vertex -5.44222 32.0155 6.6
      vertex -2.89778 28.2765 6.6
      vertex -5.37302 32.0063 6.6
    endloop
  endfacet
  facet normal 0 0 1
    outer loop
      vertex -3 27.5 6.6
      vertex -5.16438 22.9845 6.6
      vertex -5.09624 22.9694 6.6
    endloop
  endfacet
  facet normal 0 0 1
    outer loop
      vertex -2.89778 28.2765 6.6
      vertex -5.44222 32.0155 6.6
      vertex -2.95442 28.0209 6.6
    endloop
  endfacet
  facet normal 0 0 1
    outer loop
      vertex -3 27.5 6.6
      vertex -5.23358 22.9937 6.6
      vertex -5.16438 22.9845 6.6
    endloop
  endfacet
  facet normal 0 0 1
    outer loop
      vertex -5.51036 32.0306 6.6
      vertex -2.95442 28.0209 6.6
      vertex -5.44222 32.0155 6.6
    endloop
  endfacet
  facet normal 0 0 1
    outer loop
      vertex -3 27.5 6.6
      vertex -5.3033 22.9967 6.6
      vertex -5.23358 22.9937 6.6
    endloop
  endfacet
  facet normal 0 0 1
    outer loop
      vertex -5.57692 32.0515 6.6
      vertex -2.95442 28.0209 6.6
      vertex -5.51036 32.0306 6.6
    endloop
  endfacet
  facet normal 0 0 1
    outer loop
      vertex -3 27.5 6.6
      vertex -5.37302 22.9937 6.6
      vertex -5.3033 22.9967 6.6
    endloop
  endfacet
  facet normal 0 0 1
    outer loop
      vertex -2.95442 28.0209 6.6
      vertex -5.57692 32.0515 6.6
      vertex -2.98858 27.7615 6.6
    endloop
  endfacet
  facet normal 0 0 1
    outer loop
      vertex -3 27.5 6.6
      vertex -5.44222 22.9845 6.6
      vertex -5.37302 22.9937 6.6
    endloop
  endfacet
  facet normal -0 0 1
    outer loop
      vertex -10.6593 28.4326 6.6
      vertex -2.98858 27.7615 6.6
      vertex -5.57692 32.0515 6.6
    endloop
  endfacet
  facet normal 0 -0 1
    outer loop
      vertex -10.6593 26.5674 6.6
      vertex -3 27.5 6.6
      vertex -10.7 27.5 6.6
    endloop
  endfacet
  facet normal 0 0 1
    outer loop
      vertex -2.98858 27.7615 6.6
      vertex -10.6593 28.4326 6.6
      vertex -3 27.5 6.6
    endloop
  endfacet
  facet normal 0 -0 1
    outer loop
      vertex -5.57692 22.9485 6.6
      vertex -3 27.5 6.6
      vertex -10.6593 26.5674 6.6
    endloop
  endfacet
  facet normal 0 0 1
    outer loop
      vertex -10.5374 29.358 6.6
      vertex -5.57692 32.0515 6.6
      vertex -5.64139 32.0783 6.6
    endloop
  endfacet
  facet normal 0 0 1
    outer loop
      vertex -3 27.5 6.6
      vertex -5.51036 22.9694 6.6
      vertex -5.44222 22.9845 6.6
    endloop
  endfacet
  facet normal 0 0 1
    outer loop
      vertex -10.3354 30.2694 6.6
      vertex -5.64139 32.0783 6.6
      vertex -5.7033 32.1105 6.6
    endloop
  endfacet
  facet normal 0 0 1
    outer loop
      vertex -3 27.5 6.6
      vertex -5.57692 22.9485 6.6
      vertex -5.51036 22.9694 6.6
    endloop
  endfacet
  facet normal 0 0 1
    outer loop
      vertex -10.3354 30.2694 6.6
      vertex -5.7033 32.1105 6.6
      vertex -5.76216 32.148 6.6
    endloop
  endfacet
  facet normal -0 -0 1
    outer loop
      vertex -10.5374 25.642 6.6
      vertex -5.57692 22.9485 6.6
      vertex -10.6593 26.5674 6.6
    endloop
  endfacet
  facet normal 0 0 1
    outer loop
      vertex -10.0547 31.1596 6.6
      vertex -5.76216 32.148 6.6
      vertex -5.81753 32.1905 6.6
    endloop
  endfacet
  facet normal 0 0 1
    outer loop
      vertex -5.57692 22.9485 6.6
      vertex -10.5374 25.642 6.6
      vertex -5.64139 22.9217 6.6
    endloop
  endfacet
  facet normal 0 0 1
    outer loop
      vertex -10.0547 31.1596 6.6
      vertex -5.81753 32.1905 6.6
      vertex -5.86899 32.2376 6.6
    endloop
  endfacet
  facet normal -0 -0 1
    outer loop
      vertex -10.3354 24.7306 6.6
      vertex -5.64139 22.9217 6.6
      vertex -10.5374 25.642 6.6
    endloop
  endfacet
  facet normal 0 0 1
    outer loop
      vertex -10.0547 31.1596 6.6
      vertex -5.86899 32.2376 6.6
      vertex -5.91614 32.2891 6.6
    endloop
  endfacet
  facet normal 0 0 1
    outer loop
      vertex -5.64139 22.9217 6.6
      vertex -10.3354 24.7306 6.6
      vertex -5.7033 22.8895 6.6
    endloop
  endfacet
  facet normal 0 0 1
    outer loop
      vertex -9.69749 32.022 6.6
      vertex -5.91614 32.2891 6.6
      vertex -5.95862 32.3444 6.6
    endloop
  endfacet
  facet normal 0 0 1
    outer loop
      vertex -5.7033 22.8895 6.6
      vertex -10.3354 24.7306 6.6
      vertex -5.76216 22.852 6.6
    endloop
  endfacet
  facet normal 0 0 1
    outer loop
      vertex -9.69749 32.022 6.6
      vertex -5.95862 32.3444 6.6
      vertex -5.99612 32.4033 6.6
    endloop
  endfacet
  facet normal -0 -0 1
    outer loop
      vertex -10.0547 23.8404 6.6
      vertex -5.76216 22.852 6.6
      vertex -10.3354 24.7306 6.6
    endloop
  endfacet
  facet normal 0 0 1
    outer loop
      vertex -9.69749 32.022 6.6
      vertex -5.99612 32.4033 6.6
      vertex -6.02835 32.4652 6.6
    endloop
  endfacet
  facet normal 0 0 1
    outer loop
      vertex -5.76216 22.852 6.6
      vertex -10.0547 23.8404 6.6
      vertex -5.81753 22.8095 6.6
    endloop
  endfacet
  facet normal 0 0 1
    outer loop
      vertex -9.26647 32.85 6.6
      vertex -6.02835 32.4652 6.6
      vertex -6.05505 32.5297 6.6
    endloop
  endfacet
  facet normal 0 0 1
    outer loop
      vertex -5.81753 22.8095 6.6
      vertex -10.0547 23.8404 6.6
      vertex -5.86899 22.7624 6.6
    endloop
  endfacet
  facet normal 0 0 1
    outer loop
      vertex -9.26647 32.85 6.6
      vertex -6.05505 32.5297 6.6
      vertex -6.07604 32.5962 6.6
    endloop
  endfacet
  facet normal 0 0 1
    outer loop
      vertex -5.86899 22.7624 6.6
      vertex -10.0547 23.8404 6.6
      vertex -5.91614 22.7109 6.6
    endloop
  endfacet
  facet normal 0 0 1
    outer loop
      vertex -9.26647 32.85 6.6
      vertex -6.07604 32.5962 6.6
      vertex -6.09115 32.6644 6.6
    endloop
  endfacet
  facet normal -0 -0 1
    outer loop
      vertex -9.69749 22.978 6.6
      vertex -5.91614 22.7109 6.6
      vertex -10.0547 23.8404 6.6
    endloop
  endfacet
  facet normal 0 0 1
    outer loop
      vertex -8.76493 33.6373 6.6
      vertex -6.09115 32.6644 6.6
      vertex -6.10026 32.7336 6.6
    endloop
  endfacet
  facet normal 0 0 1
    outer loop
      vertex -5.91614 22.7109 6.6
      vertex -9.69749 22.978 6.6
      vertex -5.95862 22.6556 6.6
    endloop
  endfacet
  facet normal 0 0 1
    outer loop
      vertex -8.76493 33.6373 6.6
      vertex -6.10026 32.7336 6.6
      vertex -6.1033 32.8033 6.6
    endloop
  endfacet
  facet normal 0 0 1
    outer loop
      vertex -5.95862 22.6556 6.6
      vertex -9.69749 22.978 6.6
      vertex -5.99612 22.5967 6.6
    endloop
  endfacet
  facet normal -0 0 1
    outer loop
      vertex -4.55155 21.9231 6.6
      vertex -0.672929 18.0114 6.6
      vertex -4.53056 21.9896 6.6
    endloop
  endfacet
  facet normal 0 0 1
    outer loop
      vertex -0.672929 18.0114 6.6
      vertex -4.55155 21.9231 6.6
      vertex -0.889252 17.9432 6.6
    endloop
  endfacet
  facet normal -0 0 1
    outer loop
      vertex -4.57825 21.8586 6.6
      vertex -0.889252 17.9432 6.6
      vertex -4.55155 21.9231 6.6
    endloop
  endfacet
  facet normal 0 0 1
    outer loop
      vertex -0.889252 17.9432 6.6
      vertex -4.57825 21.8586 6.6
      vertex -1.09881 17.8564 6.6
    endloop
  endfacet
  facet normal -0 0 1
    outer loop
      vertex -4.61048 21.7967 6.6
      vertex -1.09881 17.8564 6.6
      vertex -4.57825 21.8586 6.6
    endloop
  endfacet
  facet normal -0 0 1
    outer loop
      vertex -4.64798 21.7378 6.6
      vertex -1.09881 17.8564 6.6
      vertex -4.61048 21.7967 6.6
    endloop
  endfacet
  facet normal 0 0 1
    outer loop
      vertex -1.09881 17.8564 6.6
      vertex -4.64798 21.7378 6.6
      vertex -1.3 17.7517 6.6
    endloop
  endfacet
  facet normal -0 0 1
    outer loop
      vertex -4.69046 21.6825 6.6
      vertex -1.3 17.7517 6.6
      vertex -4.64798 21.7378 6.6
    endloop
  endfacet
  facet normal 0 0 1
    outer loop
      vertex -1.3 17.7517 6.6
      vertex -4.69046 21.6825 6.6
      vertex -3.65962 17.4453 6.6
    endloop
  endfacet
  facet normal -0 0 1
    outer loop
      vertex -4.73761 21.631 6.6
      vertex -3.65962 17.4453 6.6
      vertex -4.69046 21.6825 6.6
    endloop
  endfacet
  facet normal -0 0 1
    outer loop
      vertex -4.78907 21.5839 6.6
      vertex -3.65962 17.4453 6.6
      vertex -4.73761 21.631 6.6
    endloop
  endfacet
  facet normal 0 0 1
    outer loop
      vertex -3.65962 17.4453 6.6
      vertex -4.78907 21.5839 6.6
      vertex -4.52201 17.8025 6.6
    endloop
  endfacet
  facet normal -0 0 1
    outer loop
      vertex -4.84444 21.5414 6.6
      vertex -4.52201 17.8025 6.6
      vertex -4.78907 21.5839 6.6
    endloop
  endfacet
  facet normal -0 0 1
    outer loop
      vertex -4.9033 21.5039 6.6
      vertex -4.52201 17.8025 6.6
      vertex -4.84444 21.5414 6.6
    endloop
  endfacet
  facet normal -0 0 1
    outer loop
      vertex -4.96521 21.4717 6.6
      vertex -4.52201 17.8025 6.6
      vertex -4.9033 21.5039 6.6
    endloop
  endfacet
  facet normal 0 0 1
    outer loop
      vertex -5.35 18.2335 6.6
      vertex -4.96521 21.4717 6.6
      vertex -5.02968 21.4449 6.6
    endloop
  endfacet
  facet normal 0 0 1
    outer loop
      vertex -5.35 18.2335 6.6
      vertex -5.02968 21.4449 6.6
      vertex -5.09624 21.424 6.6
    endloop
  endfacet
  facet normal 0 0 1
    outer loop
      vertex -5.35 18.2335 6.6
      vertex -5.09624 21.424 6.6
      vertex -5.16438 21.4089 6.6
    endloop
  endfacet
  facet normal 0 0 1
    outer loop
      vertex -6.13727 18.7351 6.6
      vertex -5.16438 21.4089 6.6
      vertex -5.23358 21.3997 6.6
    endloop
  endfacet
  facet normal 0 0 1
    outer loop
      vertex -6.13727 18.7351 6.6
      vertex -5.23358 21.3997 6.6
      vertex -5.3033 21.3967 6.6
    endloop
  endfacet
  facet normal 0 0 1
    outer loop
      vertex -4.96521 21.4717 6.6
      vertex -5.35 18.2335 6.6
      vertex -4.52201 17.8025 6.6
    endloop
  endfacet
  facet normal 0 0 1
    outer loop
      vertex -6.13727 18.7351 6.6
      vertex -5.3033 21.3967 6.6
      vertex -5.37302 21.3997 6.6
    endloop
  endfacet
  facet normal 0 0 1
    outer loop
      vertex -6.13727 18.7351 6.6
      vertex -5.37302 21.3997 6.6
      vertex -5.44222 21.4089 6.6
    endloop
  endfacet
  facet normal 0 0 1
    outer loop
      vertex -6.87783 19.3033 6.6
      vertex -5.44222 21.4089 6.6
      vertex -5.51036 21.424 6.6
    endloop
  endfacet
  facet normal 0 0 1
    outer loop
      vertex -6.87783 19.3033 6.6
      vertex -5.51036 21.424 6.6
      vertex -5.57692 21.4449 6.6
    endloop
  endfacet
  facet normal 0 0 1
    outer loop
      vertex -6.87783 19.3033 6.6
      vertex -5.57692 21.4449 6.6
      vertex -5.64139 21.4717 6.6
    endloop
  endfacet
  facet normal 0 0 1
    outer loop
      vertex -6.87783 19.3033 6.6
      vertex -5.64139 21.4717 6.6
      vertex -5.7033 21.5039 6.6
    endloop
  endfacet
  facet normal 0 0 1
    outer loop
      vertex -6.87783 19.3033 6.6
      vertex -5.7033 21.5039 6.6
      vertex -5.76216 21.5414 6.6
    endloop
  endfacet
  facet normal 0 0 1
    outer loop
      vertex -7.56604 19.934 6.6
      vertex -5.76216 21.5414 6.6
      vertex -5.81753 21.5839 6.6
    endloop
  endfacet
  facet normal 0 0 1
    outer loop
      vertex -7.56604 19.934 6.6
      vertex -5.81753 21.5839 6.6
      vertex -5.86899 21.631 6.6
    endloop
  endfacet
  facet normal 0 0 1
    outer loop
      vertex -7.56604 19.934 6.6
      vertex -5.86899 21.631 6.6
      vertex -5.91614 21.6825 6.6
    endloop
  endfacet
  facet normal 0 0 1
    outer loop
      vertex -7.56604 19.934 6.6
      vertex -5.91614 21.6825 6.6
      vertex -5.95862 21.7378 6.6
    endloop
  endfacet
  facet normal 0 0 1
    outer loop
      vertex -8.19668 20.6222 6.6
      vertex -5.95862 21.7378 6.6
      vertex -5.99612 21.7967 6.6
    endloop
  endfacet
  facet normal 0 0 1
    outer loop
      vertex -8.19668 20.6222 6.6
      vertex -5.99612 21.7967 6.6
      vertex -6.02835 21.8586 6.6
    endloop
  endfacet
  facet normal 0 0 1
    outer loop
      vertex -8.19668 20.6222 6.6
      vertex -6.02835 21.8586 6.6
      vertex -6.05505 21.9231 6.6
    endloop
  endfacet
  facet normal 0 0 1
    outer loop
      vertex -8.19668 20.6222 6.6
      vertex -6.05505 21.9231 6.6
      vertex -6.07604 21.9896 6.6
    endloop
  endfacet
  facet normal 0 0 1
    outer loop
      vertex -8.19668 20.6222 6.6
      vertex -6.07604 21.9896 6.6
      vertex -6.09115 22.0578 6.6
    endloop
  endfacet
  facet normal 0 0 1
    outer loop
      vertex -5.16438 21.4089 6.6
      vertex -6.13727 18.7351 6.6
      vertex -5.35 18.2335 6.6
    endloop
  endfacet
  facet normal 0 0 1
    outer loop
      vertex -8.76493 21.3627 6.6
      vertex -6.09115 22.0578 6.6
      vertex -6.10026 22.127 6.6
    endloop
  endfacet
  facet normal 0 0 1
    outer loop
      vertex -8.76493 21.3627 6.6
      vertex -6.10026 22.127 6.6
      vertex -6.1033 22.1967 6.6
    endloop
  endfacet
  facet normal -0 0 1
    outer loop
      vertex -8.76493 33.6373 6.6
      vertex -6.09115 32.9422 6.6
      vertex -8.19668 34.3778 6.6
    endloop
  endfacet
  facet normal 0 0 1
    outer loop
      vertex -6.09115 32.9422 6.6
      vertex -8.76493 33.6373 6.6
      vertex -6.10026 32.873 6.6
    endloop
  endfacet
  facet normal 0 0 1
    outer loop
      vertex -5.44222 21.4089 6.6
      vertex -6.87783 19.3033 6.6
      vertex -6.13727 18.7351 6.6
    endloop
  endfacet
  facet normal 0 0 1
    outer loop
      vertex -6.10026 32.873 6.6
      vertex -8.76493 33.6373 6.6
      vertex -6.1033 32.8033 6.6
    endloop
  endfacet
  facet normal 0 0 1
    outer loop
      vertex -5.76216 21.5414 6.6
      vertex -7.56604 19.934 6.6
      vertex -6.87783 19.3033 6.6
    endloop
  endfacet
  facet normal 0 0 1
    outer loop
      vertex -6.09115 32.6644 6.6
      vertex -8.76493 33.6373 6.6
      vertex -9.26647 32.85 6.6
    endloop
  endfacet
  facet normal 0 0 1
    outer loop
      vertex -5.95862 21.7378 6.6
      vertex -8.19668 20.6222 6.6
      vertex -7.56604 19.934 6.6
    endloop
  endfacet
  facet normal 0 0 1
    outer loop
      vertex -6.02835 32.4652 6.6
      vertex -9.26647 32.85 6.6
      vertex -9.69749 32.022 6.6
    endloop
  endfacet
  facet normal 0 0 1
    outer loop
      vertex -6.09115 22.0578 6.6
      vertex -8.76493 21.3627 6.6
      vertex -8.19668 20.6222 6.6
    endloop
  endfacet
  facet normal 0 0 1
    outer loop
      vertex -5.91614 32.2891 6.6
      vertex -9.69749 32.022 6.6
      vertex -10.0547 31.1596 6.6
    endloop
  endfacet
  facet normal 0 0 1
    outer loop
      vertex -6.10026 22.2664 6.6
      vertex -8.76493 21.3627 6.6
      vertex -6.1033 22.1967 6.6
    endloop
  endfacet
  facet normal 0 0 1
    outer loop
      vertex -5.76216 32.148 6.6
      vertex -10.0547 31.1596 6.6
      vertex -10.3354 30.2694 6.6
    endloop
  endfacet
  facet normal 0 0 1
    outer loop
      vertex -6.09115 22.3356 6.6
      vertex -8.76493 21.3627 6.6
      vertex -6.10026 22.2664 6.6
    endloop
  endfacet
  facet normal 0 0 1
    outer loop
      vertex -5.64139 32.0783 6.6
      vertex -10.3354 30.2694 6.6
      vertex -10.5374 29.358 6.6
    endloop
  endfacet
  facet normal 0 -0 1
    outer loop
      vertex -8.76493 21.3627 6.6
      vertex -6.09115 22.3356 6.6
      vertex -9.26647 22.15 6.6
    endloop
  endfacet
  facet normal 0 0 1
    outer loop
      vertex -5.57692 32.0515 6.6
      vertex -10.5374 29.358 6.6
      vertex -10.6593 28.4326 6.6
    endloop
  endfacet
  facet normal 0 0 1
    outer loop
      vertex -6.07604 22.4038 6.6
      vertex -9.26647 22.15 6.6
      vertex -6.09115 22.3356 6.6
    endloop
  endfacet
  facet normal 0 0 1
    outer loop
      vertex -3 27.5 6.6
      vertex -10.6593 28.4326 6.6
      vertex -10.7 27.5 6.6
    endloop
  endfacet
  facet normal 0 0 1
    outer loop
      vertex -6.05505 22.4703 6.6
      vertex -9.26647 22.15 6.6
      vertex -6.07604 22.4038 6.6
    endloop
  endfacet
  facet normal 0 0 1
    outer loop
      vertex -5.99612 22.5967 6.6
      vertex -9.69749 22.978 6.6
      vertex -6.02835 22.5348 6.6
    endloop
  endfacet
  facet normal 0 0 1
    outer loop
      vertex -6.02835 22.5348 6.6
      vertex -9.26647 22.15 6.6
      vertex -6.05505 22.4703 6.6
    endloop
  endfacet
  facet normal 0 -0 1
    outer loop
      vertex -9.26647 22.15 6.6
      vertex -6.02835 22.5348 6.6
      vertex -9.69749 22.978 6.6
    endloop
  endfacet
  facet normal -0 0 1
    outer loop
      vertex 1.92836 25.2019 6.6
      vertex 4.69046 22.7109 6.6
      vertex 2.12132 25.3787 6.6
    endloop
  endfacet
  facet normal 0 0 1
    outer loop
      vertex 4.69046 22.7109 6.6
      vertex 1.92836 25.2019 6.6
      vertex 4.64798 22.6556 6.6
    endloop
  endfacet
  facet normal 0 0 1
    outer loop
      vertex 4.64798 22.6556 6.6
      vertex 1.92836 25.2019 6.6
      vertex 4.61048 22.5967 6.6
    endloop
  endfacet
  facet normal -0 0 1
    outer loop
      vertex 1.72073 25.0425 6.6
      vertex 4.61048 22.5967 6.6
      vertex 1.92836 25.2019 6.6
    endloop
  endfacet
  facet normal 0 0 1
    outer loop
      vertex 4.61048 22.5967 6.6
      vertex 1.72073 25.0425 6.6
      vertex 4.57825 22.5348 6.6
    endloop
  endfacet
  facet normal 0 0 1
    outer loop
      vertex 4.57825 22.5348 6.6
      vertex 1.72073 25.0425 6.6
      vertex 4.55155 22.4703 6.6
    endloop
  endfacet
  facet normal -0 0 1
    outer loop
      vertex 1.5 24.9019 6.6
      vertex 4.55155 22.4703 6.6
      vertex 1.72073 25.0425 6.6
    endloop
  endfacet
  facet normal 0 0 1
    outer loop
      vertex 4.55155 22.4703 6.6
      vertex 1.5 24.9019 6.6
      vertex 4.53056 22.4038 6.6
    endloop
  endfacet
  facet normal -0 0 1
    outer loop
      vertex 1.26785 24.7811 6.6
      vertex 4.53056 22.4038 6.6
      vertex 1.5 24.9019 6.6
    endloop
  endfacet
  facet normal 0 0 1
    outer loop
      vertex 4.53056 22.4038 6.6
      vertex 1.26785 24.7811 6.6
      vertex 4.51545 22.3356 6.6
    endloop
  endfacet
  facet normal 0 0 1
    outer loop
      vertex 4.51545 22.3356 6.6
      vertex 1.26785 24.7811 6.6
      vertex 4.50634 22.2664 6.6
    endloop
  endfacet
  facet normal 0 0 1
    outer loop
      vertex 2.76936 17.1646 6.6
      vertex 1.99172 17.1712 6.6
      vertex 2.10913 17.0182 6.6
    endloop
  endfacet
  facet normal -0 0 1
    outer loop
      vertex 1.02606 24.6809 6.6
      vertex 4.50634 22.2664 6.6
      vertex 1.26785 24.7811 6.6
    endloop
  endfacet
  facet normal 0 0 1
    outer loop
      vertex 2.76936 17.1646 6.6
      vertex 1.83848 17.3385 6.6
      vertex 1.99172 17.1712 6.6
    endloop
  endfacet
  facet normal 0 0 1
    outer loop
      vertex 4.50634 22.2664 6.6
      vertex 1.02606 24.6809 6.6
      vertex 4.5033 22.1967 6.6
    endloop
  endfacet
  facet normal 0 0 1
    outer loop
      vertex 2.76936 17.1646 6.6
      vertex 1.67125 17.4917 6.6
      vertex 1.83848 17.3385 6.6
    endloop
  endfacet
  facet normal -0 -0 1
    outer loop
      vertex 1.4913 17.6298 6.6
      vertex 3.65962 17.4453 6.6
      vertex 1.3 17.7517 6.6
    endloop
  endfacet
  facet normal 0 0 1
    outer loop
      vertex 3.65962 17.4453 6.6
      vertex 1.67125 17.4917 6.6
      vertex 2.76936 17.1646 6.6
    endloop
  endfacet
  facet normal -0 -0 1
    outer loop
      vertex 1.67125 17.4917 6.6
      vertex 3.65962 17.4453 6.6
      vertex 1.4913 17.6298 6.6
    endloop
  endfacet
  facet normal 0 -0 1
    outer loop
      vertex 1.3 17.7517 6.6
      vertex 4.5033 22.1967 6.6
      vertex 1.09881 17.8564 6.6
    endloop
  endfacet
  facet normal 0 0 1
    outer loop
      vertex 4.5033 22.1967 6.6
      vertex 1.3 17.7517 6.6
      vertex 3.65962 17.4453 6.6
    endloop
  endfacet
  facet normal -0 0 1
    outer loop
      vertex 0.776457 24.6022 6.6
      vertex 4.5033 22.1967 6.6
      vertex 1.02606 24.6809 6.6
    endloop
  endfacet
  facet normal 0 0 1
    outer loop
      vertex 4.5033 22.1967 6.6
      vertex 0.889252 17.9432 6.6
      vertex 1.09881 17.8564 6.6
    endloop
  endfacet
  facet normal -0 0 1
    outer loop
      vertex 0.520944 24.5456 6.6
      vertex 4.5033 22.1967 6.6
      vertex 0.776457 24.6022 6.6
    endloop
  endfacet
  facet normal 0 0 1
    outer loop
      vertex 4.5033 22.1967 6.6
      vertex 0.672929 18.0114 6.6
      vertex 0.889252 17.9432 6.6
    endloop
  endfacet
  facet normal 0 0 1
    outer loop
      vertex 4.5033 22.1967 6.6
      vertex 0.520944 24.5456 6.6
      vertex 0.672929 18.0114 6.6
    endloop
  endfacet
  facet normal 0 0 1
    outer loop
      vertex 0.520944 24.5456 6.6
      vertex 0.451485 18.0605 6.6
      vertex 0.672929 18.0114 6.6
    endloop
  endfacet
  facet normal -0 0 1
    outer loop
      vertex 0.261467 24.5114 6.6
      vertex 0.451485 18.0605 6.6
      vertex 0.520944 24.5456 6.6
    endloop
  endfacet
  facet normal 0 0 1
    outer loop
      vertex 0.261467 24.5114 6.6
      vertex 0.226604 18.0901 6.6
      vertex 0.451485 18.0605 6.6
    endloop
  endfacet
  facet normal -0 0 1
    outer loop
      vertex 0 24.5 6.6
      vertex 0.226604 18.0901 6.6
      vertex 0.261467 24.5114 6.6
    endloop
  endfacet
  facet normal 0 0 1
    outer loop
      vertex 0 24.5 6.6
      vertex 0 18.1 6.6
      vertex 0.226604 18.0901 6.6
    endloop
  endfacet
  facet normal 0 0 1
    outer loop
      vertex 0 24.5 6.6
      vertex -0.226604 18.0901 6.6
      vertex 0 18.1 6.6
    endloop
  endfacet
  facet normal 0 0 1
    outer loop
      vertex -0.261467 24.5114 6.6
      vertex -0.226604 18.0901 6.6
      vertex 0 24.5 6.6
    endloop
  endfacet
  facet normal 0 0 1
    outer loop
      vertex -0.261467 24.5114 6.6
      vertex -0.451485 18.0605 6.6
      vertex -0.226604 18.0901 6.6
    endloop
  endfacet
  facet normal 0 0 1
    outer loop
      vertex -0.520944 24.5456 6.6
      vertex -0.451485 18.0605 6.6
      vertex -0.261467 24.5114 6.6
    endloop
  endfacet
  facet normal 0 0 1
    outer loop
      vertex -0.520944 24.5456 6.6
      vertex -0.672929 18.0114 6.6
      vertex -0.451485 18.0605 6.6
    endloop
  endfacet
  facet normal 0 0 1
    outer loop
      vertex -1.02606 24.6809 6.6
      vertex -4.50634 22.127 6.6
      vertex -0.776457 24.6022 6.6
    endloop
  endfacet
  facet normal 0 0 1
    outer loop
      vertex -4.51545 22.0578 6.6
      vertex -0.776457 24.6022 6.6
      vertex -4.50634 22.127 6.6
    endloop
  endfacet
  facet normal 0 0 1
    outer loop
      vertex -4.50634 22.127 6.6
      vertex -1.02606 24.6809 6.6
      vertex -4.5033 22.1967 6.6
    endloop
  endfacet
  facet normal 0 0 1
    outer loop
      vertex -0.776457 24.6022 6.6
      vertex -4.51545 22.0578 6.6
      vertex -0.520944 24.5456 6.6
    endloop
  endfacet
  facet normal 0 0 1
    outer loop
      vertex -4.5033 22.1967 6.6
      vertex -1.02606 24.6809 6.6
      vertex -1.26785 24.7811 6.6
    endloop
  endfacet
  facet normal 0 0 1
    outer loop
      vertex -0.520944 24.5456 6.6
      vertex -4.51545 22.0578 6.6
      vertex -0.672929 18.0114 6.6
    endloop
  endfacet
  facet normal -0 0 1
    outer loop
      vertex -4.53056 21.9896 6.6
      vertex -0.672929 18.0114 6.6
      vertex -4.51545 22.0578 6.6
    endloop
  endfacet
  facet normal 0 0 1
    outer loop
      vertex -4.5033 22.1967 6.6
      vertex -1.26785 24.7811 6.6
      vertex -1.5 24.9019 6.6
    endloop
  endfacet
  facet normal 0 0 1
    outer loop
      vertex -1.3 17.7517 6.6
      vertex -3.65962 17.4453 6.6
      vertex -1.4913 17.6298 6.6
    endloop
  endfacet
  facet normal 0 0 1
    outer loop
      vertex -4.5033 22.1967 6.6
      vertex -1.5 24.9019 6.6
      vertex -1.72073 25.0425 6.6
    endloop
  endfacet
  facet normal 0 0 1
    outer loop
      vertex -1.4913 17.6298 6.6
      vertex -3.65962 17.4453 6.6
      vertex -1.67125 17.4917 6.6
    endloop
  endfacet
  facet normal 0 0 1
    outer loop
      vertex -4.5033 22.1967 6.6
      vertex -1.72073 25.0425 6.6
      vertex -1.92836 25.2019 6.6
    endloop
  endfacet
  facet normal 0 -0 1
    outer loop
      vertex -2.76936 17.1646 6.6
      vertex -1.67125 17.4917 6.6
      vertex -3.65962 17.4453 6.6
    endloop
  endfacet
  facet normal 0 0 1
    outer loop
      vertex -1.67125 17.4917 6.6
      vertex -2.76936 17.1646 6.6
      vertex -1.83848 17.3385 6.6
    endloop
  endfacet
  facet normal 0 0 1
    outer loop
      vertex -4.5033 22.1967 6.6
      vertex -1.92836 25.2019 6.6
      vertex -2.12132 25.3787 6.6
    endloop
  endfacet
  facet normal 0 0 1
    outer loop
      vertex -4.5033 22.1967 6.6
      vertex -2.12132 25.3787 6.6
      vertex -2.29813 25.5716 6.6
    endloop
  endfacet
  facet normal 0 0 1
    outer loop
      vertex -4.5033 22.1967 6.6
      vertex -2.29813 25.5716 6.6
      vertex -2.45746 25.7793 6.6
    endloop
  endfacet
  facet normal 0 0 1
    outer loop
      vertex -4.5033 22.1967 6.6
      vertex -2.45746 25.7793 6.6
      vertex -2.59808 26 6.6
    endloop
  endfacet
  facet normal 0 0 1
    outer loop
      vertex -4.5033 22.1967 6.6
      vertex -2.59808 26 6.6
      vertex -2.71892 26.2321 6.6
    endloop
  endfacet
  facet normal 0 0 1
    outer loop
      vertex -1.99172 17.1712 6.6
      vertex -2.76936 17.1646 6.6
      vertex -2.10913 17.0182 6.6
    endloop
  endfacet
  facet normal 0 0 1
    outer loop
      vertex -4.5033 22.1967 6.6
      vertex -2.71892 26.2321 6.6
      vertex -2.81908 26.4739 6.6
    endloop
  endfacet
  facet normal 0 0 1
    outer loop
      vertex -4.5033 22.1967 6.6
      vertex -2.81908 26.4739 6.6
      vertex -2.89778 26.7235 6.6
    endloop
  endfacet
  facet normal 0 0 1
    outer loop
      vertex -4.5033 22.1967 6.6
      vertex -2.89778 26.7235 6.6
      vertex -2.95442 26.9791 6.6
    endloop
  endfacet
  facet normal 0 0 1
    outer loop
      vertex -4.5033 22.1967 6.6
      vertex -2.95442 26.9791 6.6
      vertex -2.98858 27.2385 6.6
    endloop
  endfacet
  facet normal -0 0 1
    outer loop
      vertex -4.78907 32.1905 6.6
      vertex -2.12132 29.6213 6.6
      vertex -4.73761 32.2376 6.6
    endloop
  endfacet
  facet normal -0 0 1
    outer loop
      vertex -4.73761 32.2376 6.6
      vertex -2.12132 29.6213 6.6
      vertex -4.69046 32.2891 6.6
    endloop
  endfacet
  facet normal 0 0 1
    outer loop
      vertex -3 27.5 6.6
      vertex -4.5033 22.1967 6.6
      vertex -2.98858 27.2385 6.6
    endloop
  endfacet
  facet normal 0 0 1
    outer loop
      vertex -1.83848 17.3385 6.6
      vertex -2.76936 17.1646 6.6
      vertex -1.99172 17.1712 6.6
    endloop
  endfacet
  facet normal 0 0 1
    outer loop
      vertex -3.65962 37.5547 6.6
      vertex -4.50634 32.873 6.6
      vertex -4.5033 32.8033 6.6
    endloop
  endfacet
  facet normal 0 0 1
    outer loop
      vertex -3.65962 37.5547 6.6
      vertex -4.51545 32.9422 6.6
      vertex -4.50634 32.873 6.6
    endloop
  endfacet
  facet normal 0 0 1
    outer loop
      vertex -4.78907 33.4161 6.6
      vertex -3.65962 37.5547 6.6
      vertex -4.52201 37.1975 6.6
    endloop
  endfacet
  facet normal 0 0 1
    outer loop
      vertex -3.65962 37.5547 6.6
      vertex -4.53056 33.0104 6.6
      vertex -4.51545 32.9422 6.6
    endloop
  endfacet
  facet normal 0 0 1
    outer loop
      vertex -3.65962 37.5547 6.6
      vertex -4.55155 33.0769 6.6
      vertex -4.53056 33.0104 6.6
    endloop
  endfacet
  facet normal 0 0 1
    outer loop
      vertex -3.65962 37.5547 6.6
      vertex -4.57825 33.1414 6.6
      vertex -4.55155 33.0769 6.6
    endloop
  endfacet
  facet normal 0 0 1
    outer loop
      vertex -3.65962 37.5547 6.6
      vertex -4.61048 33.2033 6.6
      vertex -4.57825 33.1414 6.6
    endloop
  endfacet
  facet normal 0 0 1
    outer loop
      vertex -3.65962 37.5547 6.6
      vertex -4.64798 33.2622 6.6
      vertex -4.61048 33.2033 6.6
    endloop
  endfacet
  facet normal 0 0 1
    outer loop
      vertex -3.65962 37.5547 6.6
      vertex -4.69046 33.3175 6.6
      vertex -4.64798 33.2622 6.6
    endloop
  endfacet
  facet normal 0 0 1
    outer loop
      vertex -3.65962 37.5547 6.6
      vertex -4.73761 33.369 6.6
      vertex -4.69046 33.3175 6.6
    endloop
  endfacet
  facet normal 0 0 1
    outer loop
      vertex -3.65962 37.5547 6.6
      vertex -4.78907 33.4161 6.6
      vertex -4.73761 33.369 6.6
    endloop
  endfacet
  facet normal 0 0 1
    outer loop
      vertex -4.52201 37.1975 6.6
      vertex -4.84444 33.4586 6.6
      vertex -4.78907 33.4161 6.6
    endloop
  endfacet
  facet normal 0 0 1
    outer loop
      vertex -4.52201 37.1975 6.6
      vertex -4.9033 33.4961 6.6
      vertex -4.84444 33.4586 6.6
    endloop
  endfacet
  facet normal 0 0 1
    outer loop
      vertex -4.52201 37.1975 6.6
      vertex -4.96521 33.5283 6.6
      vertex -4.9033 33.4961 6.6
    endloop
  endfacet
  facet normal -0 0 1
    outer loop
      vertex -5.35 36.7665 6.6
      vertex -4.96521 33.5283 6.6
      vertex -4.52201 37.1975 6.6
    endloop
  endfacet
  facet normal 0 0 1
    outer loop
      vertex -4.96521 33.5283 6.6
      vertex -5.35 36.7665 6.6
      vertex -5.02968 33.5551 6.6
    endloop
  endfacet
  facet normal 0 0 1
    outer loop
      vertex -5.02968 33.5551 6.6
      vertex -5.35 36.7665 6.6
      vertex -5.09624 33.576 6.6
    endloop
  endfacet
  facet normal 0 0 1
    outer loop
      vertex -5.09624 33.576 6.6
      vertex -5.35 36.7665 6.6
      vertex -5.16438 33.5911 6.6
    endloop
  endfacet
  facet normal -0 0 1
    outer loop
      vertex -6.13727 36.2649 6.6
      vertex -5.16438 33.5911 6.6
      vertex -5.35 36.7665 6.6
    endloop
  endfacet
  facet normal 0 0 1
    outer loop
      vertex -5.16438 33.5911 6.6
      vertex -6.13727 36.2649 6.6
      vertex -5.23358 33.6003 6.6
    endloop
  endfacet
  facet normal 0 0 1
    outer loop
      vertex -5.23358 33.6003 6.6
      vertex -6.13727 36.2649 6.6
      vertex -5.3033 33.6033 6.6
    endloop
  endfacet
  facet normal 0 0 1
    outer loop
      vertex -5.3033 33.6033 6.6
      vertex -6.13727 36.2649 6.6
      vertex -5.37302 33.6003 6.6
    endloop
  endfacet
  facet normal 0 0 1
    outer loop
      vertex -5.37302 33.6003 6.6
      vertex -6.13727 36.2649 6.6
      vertex -5.44222 33.5911 6.6
    endloop
  endfacet
  facet normal -0 0 1
    outer loop
      vertex -6.87783 35.6967 6.6
      vertex -5.44222 33.5911 6.6
      vertex -6.13727 36.2649 6.6
    endloop
  endfacet
  facet normal 0 0 1
    outer loop
      vertex -5.44222 33.5911 6.6
      vertex -6.87783 35.6967 6.6
      vertex -5.51036 33.576 6.6
    endloop
  endfacet
  facet normal 0 0 1
    outer loop
      vertex -5.51036 33.576 6.6
      vertex -6.87783 35.6967 6.6
      vertex -5.57692 33.5551 6.6
    endloop
  endfacet
  facet normal 0 0 1
    outer loop
      vertex -5.57692 33.5551 6.6
      vertex -6.87783 35.6967 6.6
      vertex -5.64139 33.5283 6.6
    endloop
  endfacet
  facet normal 0 0 1
    outer loop
      vertex -5.64139 33.5283 6.6
      vertex -6.87783 35.6967 6.6
      vertex -5.7033 33.4961 6.6
    endloop
  endfacet
  facet normal 0 0 1
    outer loop
      vertex -5.7033 33.4961 6.6
      vertex -6.87783 35.6967 6.6
      vertex -5.76216 33.4586 6.6
    endloop
  endfacet
  facet normal -0 0 1
    outer loop
      vertex -7.56604 35.066 6.6
      vertex -5.76216 33.4586 6.6
      vertex -6.87783 35.6967 6.6
    endloop
  endfacet
  facet normal 0 0 1
    outer loop
      vertex -5.76216 33.4586 6.6
      vertex -7.56604 35.066 6.6
      vertex -5.81753 33.4161 6.6
    endloop
  endfacet
  facet normal 0 0 1
    outer loop
      vertex -5.81753 33.4161 6.6
      vertex -7.56604 35.066 6.6
      vertex -5.86899 33.369 6.6
    endloop
  endfacet
  facet normal 0 0 1
    outer loop
      vertex -5.86899 33.369 6.6
      vertex -7.56604 35.066 6.6
      vertex -5.91614 33.3175 6.6
    endloop
  endfacet
  facet normal 0 0 1
    outer loop
      vertex -5.91614 33.3175 6.6
      vertex -7.56604 35.066 6.6
      vertex -5.95862 33.2622 6.6
    endloop
  endfacet
  facet normal -0 0 1
    outer loop
      vertex -8.19668 34.3778 6.6
      vertex -5.95862 33.2622 6.6
      vertex -7.56604 35.066 6.6
    endloop
  endfacet
  facet normal 0 0 1
    outer loop
      vertex -5.95862 33.2622 6.6
      vertex -8.19668 34.3778 6.6
      vertex -5.99612 33.2033 6.6
    endloop
  endfacet
  facet normal 0 0 1
    outer loop
      vertex -6.07604 33.0104 6.6
      vertex -8.19668 34.3778 6.6
      vertex -6.09115 32.9422 6.6
    endloop
  endfacet
  facet normal 0 0 1
    outer loop
      vertex -6.05505 33.0769 6.6
      vertex -8.19668 34.3778 6.6
      vertex -6.07604 33.0104 6.6
    endloop
  endfacet
  facet normal 0 0 1
    outer loop
      vertex -6.02835 33.1414 6.6
      vertex -8.19668 34.3778 6.6
      vertex -6.05505 33.0769 6.6
    endloop
  endfacet
  facet normal 0 0 1
    outer loop
      vertex -5.99612 33.2033 6.6
      vertex -8.19668 34.3778 6.6
      vertex -6.02835 33.1414 6.6
    endloop
  endfacet
  facet normal 0 0 1
    outer loop
      vertex 6.05505 32.5297 6.6
      vertex 7.56604 35.066 6.6
      vertex 6.07604 32.5962 6.6
    endloop
  endfacet
  facet normal -0 0 1
    outer loop
      vertex 6.07604 21.9896 6.6
      vertex 7.8022 21.7266 6.6
      vertex 6.09115 22.0578 6.6
    endloop
  endfacet
  facet normal -0 0 1
    outer loop
      vertex 6.09115 22.0578 6.6
      vertex 7.8318 21.9515 6.6
      vertex 6.10026 22.127 6.6
    endloop
  endfacet
  facet normal 0 0 1
    outer loop
      vertex 7.8318 21.9515 6.6
      vertex 6.09115 22.0578 6.6
      vertex 7.8022 21.7266 6.6
    endloop
  endfacet
  facet normal 0 0 1
    outer loop
      vertex 6.02835 32.4652 6.6
      vertex 7.56604 35.066 6.6
      vertex 6.05505 32.5297 6.6
    endloop
  endfacet
  facet normal -0 0 1
    outer loop
      vertex 6.10026 22.127 6.6
      vertex 7.8318 21.9515 6.6
      vertex 6.1033 22.1967 6.6
    endloop
  endfacet
  facet normal 0 0 1
    outer loop
      vertex 8.90101 23.6298 6.6
      vertex 2.95442 26.9791 6.6
      vertex 8.72106 23.4917 6.6
    endloop
  endfacet
  facet normal 0 0 1
    outer loop
      vertex 7.8809 22.1729 6.6
      vertex 6.1033 22.1967 6.6
      vertex 7.8318 21.9515 6.6
    endloop
  endfacet
  facet normal -0 -0 1
    outer loop
      vertex 6.10026 22.2664 6.6
      vertex 7.8809 22.1729 6.6
      vertex 6.09115 22.3356 6.6
    endloop
  endfacet
  facet normal -0 -0 1
    outer loop
      vertex 6.1033 22.1967 6.6
      vertex 7.8809 22.1729 6.6
      vertex 6.10026 22.2664 6.6
    endloop
  endfacet
  facet normal 0 -0 1
    outer loop
      vertex 5.64139 22.9217 6.6
      vertex 8.72106 23.4917 6.6
      vertex 5.57692 22.9485 6.6
    endloop
  endfacet
  facet normal 0 0 1
    outer loop
      vertex 7.9491 22.3893 6.6
      vertex 6.09115 22.3356 6.6
      vertex 7.8809 22.1729 6.6
    endloop
  endfacet
  facet normal 0 -0 1
    outer loop
      vertex 5.7033 22.8895 6.6
      vertex 8.55383 23.3385 6.6
      vertex 5.64139 22.9217 6.6
    endloop
  endfacet
  facet normal 0 -0 1
    outer loop
      vertex 6.09115 22.3356 6.6
      vertex 7.9491 22.3893 6.6
      vertex 6.07604 22.4038 6.6
    endloop
  endfacet
  facet normal 0 0 1
    outer loop
      vertex 8.55383 23.3385 6.6
      vertex 5.7033 22.8895 6.6
      vertex 8.40059 23.1712 6.6
    endloop
  endfacet
  facet normal -0 -0 1
    outer loop
      vertex 6.07604 22.4038 6.6
      vertex 7.9491 22.3893 6.6
      vertex 6.05505 22.4703 6.6
    endloop
  endfacet
  facet normal 0 -0 1
    outer loop
      vertex 6.05505 22.4703 6.6
      vertex 8.0359 22.5988 6.6
      vertex 6.02835 22.5348 6.6
    endloop
  endfacet
  facet normal 0 0 1
    outer loop
      vertex 8.0359 22.5988 6.6
      vertex 6.05505 22.4703 6.6
      vertex 7.9491 22.3893 6.6
    endloop
  endfacet
  facet normal 0 0 1
    outer loop
      vertex 8.14064 22.8 6.6
      vertex 5.99612 22.5967 6.6
      vertex 8.0359 22.5988 6.6
    endloop
  endfacet
  facet normal 0 -0 1
    outer loop
      vertex 6.02835 22.5348 6.6
      vertex 8.0359 22.5988 6.6
      vertex 5.99612 22.5967 6.6
    endloop
  endfacet
  facet normal 0 -0 1
    outer loop
      vertex 5.95862 22.6556 6.6
      vertex 8.14064 22.8 6.6
      vertex 5.91614 22.7109 6.6
    endloop
  endfacet
  facet normal 0 -0 1
    outer loop
      vertex 5.99612 22.5967 6.6
      vertex 8.14064 22.8 6.6
      vertex 5.95862 22.6556 6.6
    endloop
  endfacet
  facet normal 0 -0 1
    outer loop
      vertex 5.91614 22.7109 6.6
      vertex 8.26251 22.9913 6.6
      vertex 5.86899 22.7624 6.6
    endloop
  endfacet
  facet normal 0 0 1
    outer loop
      vertex 8.26251 22.9913 6.6
      vertex 5.91614 22.7109 6.6
      vertex 8.14064 22.8 6.6
    endloop
  endfacet
  facet normal -0 0 1
    outer loop
      vertex 2.95442 26.9791 6.6
      vertex 8.90101 23.6298 6.6
      vertex 2.98858 27.2385 6.6
    endloop
  endfacet
  facet normal 0 -0 1
    outer loop
      vertex 5.51036 22.9694 6.6
      vertex 8.72106 23.4917 6.6
      vertex 2.95442 26.9791 6.6
    endloop
  endfacet
  facet normal 0 0 1
    outer loop
      vertex 2.98858 27.7615 6.6
      vertex 5.64139 32.0783 6.6
      vertex 5.57692 32.0515 6.6
    endloop
  endfacet
  facet normal 0 0 1
    outer loop
      vertex 8.40059 23.1712 6.6
      vertex 5.81753 22.8095 6.6
      vertex 8.26251 22.9913 6.6
    endloop
  endfacet
  facet normal 0 0 1
    outer loop
      vertex 2.98858 27.7615 6.6
      vertex 5.57692 32.0515 6.6
      vertex 5.51036 32.0306 6.6
    endloop
  endfacet
  facet normal 0 -0 1
    outer loop
      vertex 5.86899 22.7624 6.6
      vertex 8.26251 22.9913 6.6
      vertex 5.81753 22.8095 6.6
    endloop
  endfacet
  facet normal 0 0 1
    outer loop
      vertex 2.98858 27.7615 6.6
      vertex 5.51036 32.0306 6.6
      vertex 5.44222 32.0155 6.6
    endloop
  endfacet
  facet normal 0 -0 1
    outer loop
      vertex 5.81753 22.8095 6.6
      vertex 8.40059 23.1712 6.6
      vertex 5.76216 22.852 6.6
    endloop
  endfacet
  facet normal 0 0 1
    outer loop
      vertex 2.98858 27.7615 6.6
      vertex 5.44222 32.0155 6.6
      vertex 5.37302 32.0063 6.6
    endloop
  endfacet
  facet normal 0 -0 1
    outer loop
      vertex 5.76216 22.852 6.6
      vertex 8.40059 23.1712 6.6
      vertex 5.7033 22.8895 6.6
    endloop
  endfacet
  facet normal 0 0 1
    outer loop
      vertex 2.98858 27.7615 6.6
      vertex 5.37302 32.0063 6.6
      vertex 5.3033 32.0033 6.6
    endloop
  endfacet
  facet normal 0 0 1
    outer loop
      vertex 8.72106 23.4917 6.6
      vertex 5.64139 22.9217 6.6
      vertex 8.55383 23.3385 6.6
    endloop
  endfacet
  facet normal 0 0 1
    outer loop
      vertex 2.98858 27.7615 6.6
      vertex 5.3033 32.0033 6.6
      vertex 5.23358 32.0063 6.6
    endloop
  endfacet
  facet normal 0 0 1
    outer loop
      vertex 8.72106 23.4917 6.6
      vertex 5.51036 22.9694 6.6
      vertex 5.57692 22.9485 6.6
    endloop
  endfacet
  facet normal 0 0 1
    outer loop
      vertex 2.98858 27.7615 6.6
      vertex 5.23358 32.0063 6.6
      vertex 5.16438 32.0155 6.6
    endloop
  endfacet
  facet normal 0 0 1
    outer loop
      vertex 5.51036 22.9694 6.6
      vertex 2.95442 26.9791 6.6
      vertex 5.44222 22.9845 6.6
    endloop
  endfacet
  facet normal 0 0 1
    outer loop
      vertex 2.98858 27.7615 6.6
      vertex 5.16438 32.0155 6.6
      vertex 5.09624 32.0306 6.6
    endloop
  endfacet
  facet normal -0 0 1
    outer loop
      vertex 2.89778 26.7235 6.6
      vertex 5.44222 22.9845 6.6
      vertex 2.95442 26.9791 6.6
    endloop
  endfacet
  facet normal 0 0 1
    outer loop
      vertex 2.98858 27.7615 6.6
      vertex 5.09624 32.0306 6.6
      vertex 5.02968 32.0515 6.6
    endloop
  endfacet
  facet normal 0 0 1
    outer loop
      vertex 5.44222 22.9845 6.6
      vertex 2.89778 26.7235 6.6
      vertex 5.37302 22.9937 6.6
    endloop
  endfacet
  facet normal 0 0 1
    outer loop
      vertex 2.98858 27.7615 6.6
      vertex 5.02968 32.0515 6.6
      vertex 4.96521 32.0783 6.6
    endloop
  endfacet
  facet normal -0 0 1
    outer loop
      vertex 2.81908 26.4739 6.6
      vertex 5.37302 22.9937 6.6
      vertex 2.89778 26.7235 6.6
    endloop
  endfacet
  facet normal 0 0 1
    outer loop
      vertex 2.98858 27.7615 6.6
      vertex 4.96521 32.0783 6.6
      vertex 4.9033 32.1105 6.6
    endloop
  endfacet
  facet normal 0 0 1
    outer loop
      vertex 5.37302 22.9937 6.6
      vertex 2.81908 26.4739 6.6
      vertex 5.3033 22.9967 6.6
    endloop
  endfacet
  facet normal 0 0 1
    outer loop
      vertex 2.98858 27.7615 6.6
      vertex 4.9033 32.1105 6.6
      vertex 4.84444 32.148 6.6
    endloop
  endfacet
  facet normal 0 0 1
    outer loop
      vertex 5.3033 22.9967 6.6
      vertex 2.81908 26.4739 6.6
      vertex 5.23358 22.9937 6.6
    endloop
  endfacet
  facet normal 0 0 1
    outer loop
      vertex 2.98858 27.7615 6.6
      vertex 4.84444 32.148 6.6
      vertex 4.78907 32.1905 6.6
    endloop
  endfacet
  facet normal -0 0 1
    outer loop
      vertex 2.71892 26.2321 6.6
      vertex 5.23358 22.9937 6.6
      vertex 2.81908 26.4739 6.6
    endloop
  endfacet
  facet normal 0 0 1
    outer loop
      vertex 2.98858 27.7615 6.6
      vertex 4.78907 32.1905 6.6
      vertex 4.73761 32.2376 6.6
    endloop
  endfacet
  facet normal 0 0 1
    outer loop
      vertex 5.23358 22.9937 6.6
      vertex 2.71892 26.2321 6.6
      vertex 5.16438 22.9845 6.6
    endloop
  endfacet
  facet normal 0 0 1
    outer loop
      vertex 2.98858 27.7615 6.6
      vertex 4.73761 32.2376 6.6
      vertex 4.69046 32.2891 6.6
    endloop
  endfacet
  facet normal 0 0 1
    outer loop
      vertex 5.16438 22.9845 6.6
      vertex 2.71892 26.2321 6.6
      vertex 5.09624 22.9694 6.6
    endloop
  endfacet
  facet normal 0 0 1
    outer loop
      vertex 2.98858 27.7615 6.6
      vertex 4.69046 32.2891 6.6
      vertex 4.64798 32.3444 6.6
    endloop
  endfacet
  facet normal -0 0 1
    outer loop
      vertex 2.59808 26 6.6
      vertex 5.09624 22.9694 6.6
      vertex 2.71892 26.2321 6.6
    endloop
  endfacet
  facet normal 0 0 1
    outer loop
      vertex 2.98858 27.7615 6.6
      vertex 4.64798 32.3444 6.6
      vertex 4.61048 32.4033 6.6
    endloop
  endfacet
  facet normal 0 0 1
    outer loop
      vertex 5.09624 22.9694 6.6
      vertex 2.59808 26 6.6
      vertex 5.02968 22.9485 6.6
    endloop
  endfacet
  facet normal 0 0 1
    outer loop
      vertex 2.98858 27.7615 6.6
      vertex 4.61048 32.4033 6.6
      vertex 4.57825 32.4652 6.6
    endloop
  endfacet
  facet normal 0 0 1
    outer loop
      vertex 5.02968 22.9485 6.6
      vertex 2.59808 26 6.6
      vertex 4.96521 22.9217 6.6
    endloop
  endfacet
  facet normal 0 0 1
    outer loop
      vertex 2.98858 27.7615 6.6
      vertex 4.57825 32.4652 6.6
      vertex 4.55155 32.5297 6.6
    endloop
  endfacet
  facet normal -0 0 1
    outer loop
      vertex 2.45746 25.7793 6.6
      vertex 4.96521 22.9217 6.6
      vertex 2.59808 26 6.6
    endloop
  endfacet
  facet normal 0 0 1
    outer loop
      vertex 2.98858 27.7615 6.6
      vertex 4.55155 32.5297 6.6
      vertex 4.53056 32.5962 6.6
    endloop
  endfacet
  facet normal 0 0 1
    outer loop
      vertex 4.96521 22.9217 6.6
      vertex 2.45746 25.7793 6.6
      vertex 4.9033 22.8895 6.6
    endloop
  endfacet
  facet normal 0 0 1
    outer loop
      vertex 2.98858 27.7615 6.6
      vertex 4.53056 32.5962 6.6
      vertex 4.51545 32.6644 6.6
    endloop
  endfacet
  facet normal -0 0 1
    outer loop
      vertex 2.29813 25.5716 6.6
      vertex 4.9033 22.8895 6.6
      vertex 2.45746 25.7793 6.6
    endloop
  endfacet
  facet normal 0 0 1
    outer loop
      vertex 2.98858 27.7615 6.6
      vertex 4.51545 32.6644 6.6
      vertex 4.50634 32.7336 6.6
    endloop
  endfacet
  facet normal 0 0 1
    outer loop
      vertex 4.9033 22.8895 6.6
      vertex 2.29813 25.5716 6.6
      vertex 4.84444 22.852 6.6
    endloop
  endfacet
  facet normal 0 0 1
    outer loop
      vertex 2.98858 27.7615 6.6
      vertex 4.5033 32.8033 6.6
      vertex 3.65962 37.5547 6.6
    endloop
  endfacet
  facet normal 0 0 1
    outer loop
      vertex 4.5033 32.8033 6.6
      vertex 2.98858 27.7615 6.6
      vertex 4.50634 32.7336 6.6
    endloop
  endfacet
  facet normal -0 0 1
    outer loop
      vertex 6.05505 21.9231 6.6
      vertex 7.8022 21.7266 6.6
      vertex 6.07604 21.9896 6.6
    endloop
  endfacet
  facet normal 0 0 1
    outer loop
      vertex 7.8022 21.7266 6.6
      vertex 6.05505 21.9231 6.6
      vertex 7.7923 21.5 6.6
    endloop
  endfacet
  facet normal -0 0 1
    outer loop
      vertex 6.02835 21.8586 6.6
      vertex 7.7923 21.5 6.6
      vertex 6.05505 21.9231 6.6
    endloop
  endfacet
  facet normal -0 0 1
    outer loop
      vertex 5.99612 21.7967 6.6
      vertex 7.7923 21.5 6.6
      vertex 6.02835 21.8586 6.6
    endloop
  endfacet
  facet normal 0 0 1
    outer loop
      vertex 7.8022 21.2734 6.6
      vertex 5.99612 21.7967 6.6
      vertex 5.95862 21.7378 6.6
    endloop
  endfacet
  facet normal 0 0 1
    outer loop
      vertex 7.8022 21.2734 6.6
      vertex 5.95862 21.7378 6.6
      vertex 5.91614 21.6825 6.6
    endloop
  endfacet
  facet normal 0 0 1
    outer loop
      vertex 7.8318 21.0485 6.6
      vertex 5.91614 21.6825 6.6
      vertex 5.86899 21.631 6.6
    endloop
  endfacet
  facet normal 0 0 1
    outer loop
      vertex 7.8318 21.0485 6.6
      vertex 5.86899 21.631 6.6
      vertex 7.56604 19.934 6.6
    endloop
  endfacet
  facet normal -0 0 1
    outer loop
      vertex 5.81753 21.5839 6.6
      vertex 7.56604 19.934 6.6
      vertex 5.86899 21.631 6.6
    endloop
  endfacet
  facet normal -0 0 1
    outer loop
      vertex 5.76216 21.5414 6.6
      vertex 7.56604 19.934 6.6
      vertex 5.81753 21.5839 6.6
    endloop
  endfacet
  facet normal 0 0 1
    outer loop
      vertex 7.56604 19.934 6.6
      vertex 5.76216 21.5414 6.6
      vertex 6.87783 19.3033 6.6
    endloop
  endfacet
  facet normal -0 0 1
    outer loop
      vertex 5.7033 21.5039 6.6
      vertex 6.87783 19.3033 6.6
      vertex 5.76216 21.5414 6.6
    endloop
  endfacet
  facet normal -0 0 1
    outer loop
      vertex 5.64139 21.4717 6.6
      vertex 6.87783 19.3033 6.6
      vertex 5.7033 21.5039 6.6
    endloop
  endfacet
  facet normal -0 0 1
    outer loop
      vertex 5.57692 21.4449 6.6
      vertex 6.87783 19.3033 6.6
      vertex 5.64139 21.4717 6.6
    endloop
  endfacet
  facet normal -0 0 1
    outer loop
      vertex 5.51036 21.424 6.6
      vertex 6.87783 19.3033 6.6
      vertex 5.57692 21.4449 6.6
    endloop
  endfacet
  facet normal -0 0 1
    outer loop
      vertex 5.44222 21.4089 6.6
      vertex 6.87783 19.3033 6.6
      vertex 5.51036 21.424 6.6
    endloop
  endfacet
  facet normal 0 0 1
    outer loop
      vertex 6.87783 19.3033 6.6
      vertex 5.44222 21.4089 6.6
      vertex 6.13727 18.7351 6.6
    endloop
  endfacet
  facet normal -0 0 1
    outer loop
      vertex 5.37302 21.3997 6.6
      vertex 6.13727 18.7351 6.6
      vertex 5.44222 21.4089 6.6
    endloop
  endfacet
  facet normal -0 0 1
    outer loop
      vertex 5.3033 21.3967 6.6
      vertex 6.13727 18.7351 6.6
      vertex 5.37302 21.3997 6.6
    endloop
  endfacet
  facet normal 0 0 1
    outer loop
      vertex 5.23358 21.3997 6.6
      vertex 6.13727 18.7351 6.6
      vertex 5.3033 21.3967 6.6
    endloop
  endfacet
  facet normal 0 0 1
    outer loop
      vertex 5.16438 21.4089 6.6
      vertex 6.13727 18.7351 6.6
      vertex 5.23358 21.3997 6.6
    endloop
  endfacet
  facet normal 0 0 1
    outer loop
      vertex 6.13727 18.7351 6.6
      vertex 5.16438 21.4089 6.6
      vertex 5.35 18.2335 6.6
    endloop
  endfacet
  facet normal 0 0 1
    outer loop
      vertex 5.09624 21.424 6.6
      vertex 5.35 18.2335 6.6
      vertex 5.16438 21.4089 6.6
    endloop
  endfacet
  facet normal 0 0 1
    outer loop
      vertex 5.02968 21.4449 6.6
      vertex 5.35 18.2335 6.6
      vertex 5.09624 21.424 6.6
    endloop
  endfacet
  facet normal 0 0 1
    outer loop
      vertex 4.96521 21.4717 6.6
      vertex 5.35 18.2335 6.6
      vertex 5.02968 21.4449 6.6
    endloop
  endfacet
  facet normal 0 0 1
    outer loop
      vertex 4.52201 17.8025 6.6
      vertex 4.96521 21.4717 6.6
      vertex 4.9033 21.5039 6.6
    endloop
  endfacet
  facet normal 0 0 1
    outer loop
      vertex 4.52201 17.8025 6.6
      vertex 4.9033 21.5039 6.6
      vertex 4.84444 21.5414 6.6
    endloop
  endfacet
  facet normal 0 0 1
    outer loop
      vertex 4.52201 17.8025 6.6
      vertex 4.84444 21.5414 6.6
      vertex 4.78907 21.5839 6.6
    endloop
  endfacet
  facet normal 0 0 1
    outer loop
      vertex 3.65962 17.4453 6.6
      vertex 4.78907 21.5839 6.6
      vertex 4.73761 21.631 6.6
    endloop
  endfacet
  facet normal 0 0 1
    outer loop
      vertex 3.65962 17.4453 6.6
      vertex 4.73761 21.631 6.6
      vertex 4.69046 21.6825 6.6
    endloop
  endfacet
  facet normal 0 0 1
    outer loop
      vertex 3.65962 17.4453 6.6
      vertex 4.69046 21.6825 6.6
      vertex 4.64798 21.7378 6.6
    endloop
  endfacet
  facet normal 0 0 1
    outer loop
      vertex 3.65962 17.4453 6.6
      vertex 4.64798 21.7378 6.6
      vertex 4.61048 21.7967 6.6
    endloop
  endfacet
  facet normal 0 0 1
    outer loop
      vertex 3.65962 17.4453 6.6
      vertex 4.61048 21.7967 6.6
      vertex 4.57825 21.8586 6.6
    endloop
  endfacet
  facet normal 0 0 1
    outer loop
      vertex 3.65962 17.4453 6.6
      vertex 4.57825 21.8586 6.6
      vertex 4.55155 21.9231 6.6
    endloop
  endfacet
  facet normal 0 0 1
    outer loop
      vertex 3.65962 17.4453 6.6
      vertex 4.55155 21.9231 6.6
      vertex 4.53056 21.9896 6.6
    endloop
  endfacet
  facet normal 0 0 1
    outer loop
      vertex 4.96521 21.4717 6.6
      vertex 4.52201 17.8025 6.6
      vertex 5.35 18.2335 6.6
    endloop
  endfacet
  facet normal 0 0 1
    outer loop
      vertex 3.65962 17.4453 6.6
      vertex 4.53056 21.9896 6.6
      vertex 4.51545 22.0578 6.6
    endloop
  endfacet
  facet normal 0 0 1
    outer loop
      vertex 3.65962 17.4453 6.6
      vertex 4.51545 22.0578 6.6
      vertex 4.50634 22.127 6.6
    endloop
  endfacet
  facet normal 0 0 1
    outer loop
      vertex 3.65962 17.4453 6.6
      vertex 4.50634 22.127 6.6
      vertex 4.5033 22.1967 6.6
    endloop
  endfacet
  facet normal -0 0 1
    outer loop
      vertex 2.12132 25.3787 6.6
      vertex 4.78907 22.8095 6.6
      vertex 2.29813 25.5716 6.6
    endloop
  endfacet
  facet normal 0 0 1
    outer loop
      vertex 4.73761 22.7624 6.6
      vertex 2.12132 25.3787 6.6
      vertex 4.69046 22.7109 6.6
    endloop
  endfacet
  facet normal 0 0 1
    outer loop
      vertex 4.78907 21.5839 6.6
      vertex 3.65962 17.4453 6.6
      vertex 4.52201 17.8025 6.6
    endloop
  endfacet
  facet normal 0 0 1
    outer loop
      vertex 4.78907 22.8095 6.6
      vertex 2.12132 25.3787 6.6
      vertex 4.73761 22.7624 6.6
    endloop
  endfacet
  facet normal 0 0 1
    outer loop
      vertex 3.65962 37.5547 6.6
      vertex 2.95442 28.0209 6.6
      vertex 2.98858 27.7615 6.6
    endloop
  endfacet
  facet normal 0 0 1
    outer loop
      vertex 3.65962 37.5547 6.6
      vertex 2.89778 28.2765 6.6
      vertex 2.95442 28.0209 6.6
    endloop
  endfacet
  facet normal 0 0 1
    outer loop
      vertex 3.65962 37.5547 6.6
      vertex 2.81908 28.5261 6.6
      vertex 2.89778 28.2765 6.6
    endloop
  endfacet
  facet normal 0 0 1
    outer loop
      vertex 1.67125 37.5083 6.6
      vertex 3.65962 37.5547 6.6
      vertex 2.76936 37.8354 6.6
    endloop
  endfacet
  facet normal 0 0 1
    outer loop
      vertex 3.65962 37.5547 6.6
      vertex 2.71892 28.7679 6.6
      vertex 2.81908 28.5261 6.6
    endloop
  endfacet
  facet normal 0 0 1
    outer loop
      vertex 3.65962 37.5547 6.6
      vertex 2.59808 29 6.6
      vertex 2.71892 28.7679 6.6
    endloop
  endfacet
  facet normal 0 0 1
    outer loop
      vertex 3.65962 37.5547 6.6
      vertex 2.45746 29.2207 6.6
      vertex 2.59808 29 6.6
    endloop
  endfacet
  facet normal 0 0 1
    outer loop
      vertex 3.65962 37.5547 6.6
      vertex 2.29813 29.4284 6.6
      vertex 2.45746 29.2207 6.6
    endloop
  endfacet
  facet normal 0 0 1
    outer loop
      vertex 3.65962 37.5547 6.6
      vertex 2.12132 29.6213 6.6
      vertex 2.29813 29.4284 6.6
    endloop
  endfacet
  facet normal 0 0 1
    outer loop
      vertex 1.99172 37.8288 6.6
      vertex 2.76936 37.8354 6.6
      vertex 2.10913 37.9818 6.6
    endloop
  endfacet
  facet normal 0 0 1
    outer loop
      vertex 1.83848 37.6615 6.6
      vertex 2.76936 37.8354 6.6
      vertex 1.99172 37.8288 6.6
    endloop
  endfacet
  facet normal 0 0 1
    outer loop
      vertex 1.67125 37.5083 6.6
      vertex 2.76936 37.8354 6.6
      vertex 1.83848 37.6615 6.6
    endloop
  endfacet
  facet normal 0 0 1
    outer loop
      vertex 3.65962 37.5547 6.6
      vertex 1.92836 29.7981 6.6
      vertex 2.12132 29.6213 6.6
    endloop
  endfacet
  facet normal 0 0 1
    outer loop
      vertex 3.65962 37.5547 6.6
      vertex 1.67125 37.5083 6.6
      vertex 1.4913 37.3702 6.6
    endloop
  endfacet
  facet normal 0 0 1
    outer loop
      vertex 3.65962 37.5547 6.6
      vertex 1.72073 29.9575 6.6
      vertex 1.92836 29.7981 6.6
    endloop
  endfacet
  facet normal 0 0 1
    outer loop
      vertex 3.65962 37.5547 6.6
      vertex 1.4913 37.3702 6.6
      vertex 1.3 37.2483 6.6
    endloop
  endfacet
  facet normal 0 0 1
    outer loop
      vertex 3.65962 37.5547 6.6
      vertex 1.5 30.0981 6.6
      vertex 1.72073 29.9575 6.6
    endloop
  endfacet
  facet normal 0 0 1
    outer loop
      vertex 1.09881 37.1436 6.6
      vertex 3.65962 37.5547 6.6
      vertex 1.3 37.2483 6.6
    endloop
  endfacet
  facet normal 0 0 1
    outer loop
      vertex 3.65962 37.5547 6.6
      vertex 1.26785 30.2189 6.6
      vertex 1.5 30.0981 6.6
    endloop
  endfacet
  facet normal 0 0 1
    outer loop
      vertex 3.65962 37.5547 6.6
      vertex 1.09881 37.1436 6.6
      vertex 1.26785 30.2189 6.6
    endloop
  endfacet
  facet normal 0 0 1
    outer loop
      vertex 1.09881 37.1436 6.6
      vertex 1.02606 30.3191 6.6
      vertex 1.26785 30.2189 6.6
    endloop
  endfacet
  facet normal -0 0 1
    outer loop
      vertex 0.889252 37.0568 6.6
      vertex 1.02606 30.3191 6.6
      vertex 1.09881 37.1436 6.6
    endloop
  endfacet
  facet normal 0 0 1
    outer loop
      vertex 0.889252 37.0568 6.6
      vertex 0.776457 30.3978 6.6
      vertex 1.02606 30.3191 6.6
    endloop
  endfacet
  facet normal -0 0 1
    outer loop
      vertex 0.672929 36.9886 6.6
      vertex 0.776457 30.3978 6.6
      vertex 0.889252 37.0568 6.6
    endloop
  endfacet
  facet normal 0 0 1
    outer loop
      vertex 0.672929 36.9886 6.6
      vertex 0.520944 30.4544 6.6
      vertex 0.776457 30.3978 6.6
    endloop
  endfacet
  facet normal -0 0 1
    outer loop
      vertex 0.451485 36.9395 6.6
      vertex 0.520944 30.4544 6.6
      vertex 0.672929 36.9886 6.6
    endloop
  endfacet
  facet normal 0 0 1
    outer loop
      vertex 0.451485 36.9395 6.6
      vertex 0.261467 30.4886 6.6
      vertex 0.520944 30.4544 6.6
    endloop
  endfacet
  facet normal -0 0 1
    outer loop
      vertex 0.226604 36.9099 6.6
      vertex 0.261467 30.4886 6.6
      vertex 0.451485 36.9395 6.6
    endloop
  endfacet
  facet normal -0 0 1
    outer loop
      vertex 0 36.9 6.6
      vertex 0.261467 30.4886 6.6
      vertex 0.226604 36.9099 6.6
    endloop
  endfacet
  facet normal 0 0 1
    outer loop
      vertex 0 36.9 6.6
      vertex 0 30.5 6.6
      vertex 0.261467 30.4886 6.6
    endloop
  endfacet
  facet normal 0 0 1
    outer loop
      vertex -0.226604 36.9099 6.6
      vertex 0 30.5 6.6
      vertex 0 36.9 6.6
    endloop
  endfacet
  facet normal 0 0 1
    outer loop
      vertex -0.226604 36.9099 6.6
      vertex -0.261467 30.4886 6.6
      vertex 0 30.5 6.6
    endloop
  endfacet
  facet normal 0 0 1
    outer loop
      vertex -0.451485 36.9395 6.6
      vertex -0.261467 30.4886 6.6
      vertex -0.226604 36.9099 6.6
    endloop
  endfacet
  facet normal 0 0 1
    outer loop
      vertex -0.451485 36.9395 6.6
      vertex -0.520944 30.4544 6.6
      vertex -0.261467 30.4886 6.6
    endloop
  endfacet
  facet normal 0 0 1
    outer loop
      vertex -0.672929 36.9886 6.6
      vertex -0.520944 30.4544 6.6
      vertex -0.451485 36.9395 6.6
    endloop
  endfacet
  facet normal -0 0 1
    outer loop
      vertex -4.5033 32.8033 6.6
      vertex -0.520944 30.4544 6.6
      vertex -0.672929 36.9886 6.6
    endloop
  endfacet
  facet normal 0 0 1
    outer loop
      vertex -4.5033 32.8033 6.6
      vertex -0.672929 36.9886 6.6
      vertex -0.889252 37.0568 6.6
    endloop
  endfacet
  facet normal 0 0 1
    outer loop
      vertex -0.520944 30.4544 6.6
      vertex -4.5033 32.8033 6.6
      vertex -0.776457 30.3978 6.6
    endloop
  endfacet
  facet normal 0 0 1
    outer loop
      vertex -4.5033 32.8033 6.6
      vertex -0.889252 37.0568 6.6
      vertex -1.09881 37.1436 6.6
    endloop
  endfacet
  facet normal 0 0 1
    outer loop
      vertex -0.776457 30.3978 6.6
      vertex -4.5033 32.8033 6.6
      vertex -1.02606 30.3191 6.6
    endloop
  endfacet
  facet normal 0 0 1
    outer loop
      vertex -4.5033 32.8033 6.6
      vertex -1.3 37.2483 6.6
      vertex -3.65962 37.5547 6.6
    endloop
  endfacet
  facet normal 0 0 1
    outer loop
      vertex -3.65962 37.5547 6.6
      vertex -1.3 37.2483 6.6
      vertex -1.4913 37.3702 6.6
    endloop
  endfacet
  facet normal 0 0 1
    outer loop
      vertex -1.3 37.2483 6.6
      vertex -4.5033 32.8033 6.6
      vertex -1.09881 37.1436 6.6
    endloop
  endfacet
  facet normal 0 0 1
    outer loop
      vertex -3.65962 37.5547 6.6
      vertex -1.4913 37.3702 6.6
      vertex -1.67125 37.5083 6.6
    endloop
  endfacet
  facet normal -0 0 1
    outer loop
      vertex -4.50634 32.7336 6.6
      vertex -1.02606 30.3191 6.6
      vertex -4.5033 32.8033 6.6
    endloop
  endfacet
  facet normal 0 0 1
    outer loop
      vertex -2.76936 37.8354 6.6
      vertex -1.67125 37.5083 6.6
      vertex -1.83848 37.6615 6.6
    endloop
  endfacet
  facet normal 0 0 1
    outer loop
      vertex -1.02606 30.3191 6.6
      vertex -4.50634 32.7336 6.6
      vertex -1.26785 30.2189 6.6
    endloop
  endfacet
  facet normal 0 0 1
    outer loop
      vertex -2.76936 37.8354 6.6
      vertex -1.83848 37.6615 6.6
      vertex -1.99172 37.8288 6.6
    endloop
  endfacet
  facet normal -0 0 1
    outer loop
      vertex -2.76936 37.8354 6.6
      vertex -1.99172 37.8288 6.6
      vertex -2.10913 37.9818 6.6
    endloop
  endfacet
  facet normal 0 0 1
    outer loop
      vertex -1.67125 37.5083 6.6
      vertex -2.76936 37.8354 6.6
      vertex -3.65962 37.5547 6.6
    endloop
  endfacet
  facet normal -0 0 1
    outer loop
      vertex -4.51545 32.6644 6.6
      vertex -1.26785 30.2189 6.6
      vertex -4.50634 32.7336 6.6
    endloop
  endfacet
  facet normal -0 0 1
    outer loop
      vertex -4.53056 32.5962 6.6
      vertex -1.26785 30.2189 6.6
      vertex -4.51545 32.6644 6.6
    endloop
  endfacet
  facet normal 0 0 1
    outer loop
      vertex -1.26785 30.2189 6.6
      vertex -4.53056 32.5962 6.6
      vertex -1.5 30.0981 6.6
    endloop
  endfacet
  facet normal -0 0 1
    outer loop
      vertex -4.55155 32.5297 6.6
      vertex -1.5 30.0981 6.6
      vertex -4.53056 32.5962 6.6
    endloop
  endfacet
  facet normal 0 0 1
    outer loop
      vertex -1.5 30.0981 6.6
      vertex -4.55155 32.5297 6.6
      vertex -1.72073 29.9575 6.6
    endloop
  endfacet
  facet normal -0 0 1
    outer loop
      vertex -4.57825 32.4652 6.6
      vertex -1.72073 29.9575 6.6
      vertex -4.55155 32.5297 6.6
    endloop
  endfacet
  facet normal -0 0 1
    outer loop
      vertex -4.61048 32.4033 6.6
      vertex -1.72073 29.9575 6.6
      vertex -4.57825 32.4652 6.6
    endloop
  endfacet
  facet normal 0 0 1
    outer loop
      vertex -1.72073 29.9575 6.6
      vertex -4.61048 32.4033 6.6
      vertex -1.92836 29.7981 6.6
    endloop
  endfacet
  facet normal -0 0 1
    outer loop
      vertex -4.64798 32.3444 6.6
      vertex -1.92836 29.7981 6.6
      vertex -4.61048 32.4033 6.6
    endloop
  endfacet
  facet normal -0 0 1
    outer loop
      vertex -4.69046 32.2891 6.6
      vertex -1.92836 29.7981 6.6
      vertex -4.64798 32.3444 6.6
    endloop
  endfacet
  facet normal 0 0 1
    outer loop
      vertex -1.92836 29.7981 6.6
      vertex -4.69046 32.2891 6.6
      vertex -2.12132 29.6213 6.6
    endloop
  endfacet
  facet normal 0.843404 0.53728 0
    outer loop
      vertex -8.76493 21.3627 8.6
      vertex -9.26647 22.15 6.6
      vertex -9.26647 22.15 8.6
    endloop
  endfacet
  facet normal 0.843404 0.53728 0
    outer loop
      vertex -9.26647 22.15 6.6
      vertex -8.76493 21.3627 8.6
      vertex -8.76493 21.3627 6.6
    endloop
  endfacet
  facet normal -0.976316 -0.216348 0
    outer loop
      vertex 2.95442 28.0209 -5.72205e-07
      vertex 2.89778 28.2765 6.6
      vertex 2.89778 28.2765 -5.72205e-07
    endloop
  endfacet
  facet normal -0.976316 -0.216348 0
    outer loop
      vertex 2.89778 28.2765 6.6
      vertex 2.95442 28.0209 -5.72205e-07
      vertex 2.95442 28.0209 6.6
    endloop
  endfacet
  facet normal -0.99144 -0.130561 0
    outer loop
      vertex 2.98858 27.7615 -5.72205e-07
      vertex 2.95442 28.0209 6.6
      vertex 2.95442 28.0209 -5.72205e-07
    endloop
  endfacet
  facet normal -0.99144 -0.130561 0
    outer loop
      vertex 2.95442 28.0209 6.6
      vertex 2.98858 27.7615 -5.72205e-07
      vertex 2.98858 27.7615 6.6
    endloop
  endfacet
  facet normal -0.999048 -0.0436295 0
    outer loop
      vertex 3 27.5 -5.72205e-07
      vertex 2.98858 27.7615 6.6
      vertex 2.98858 27.7615 -5.72205e-07
    endloop
  endfacet
  facet normal -0.999048 -0.0436295 0
    outer loop
      vertex 2.98858 27.7615 6.6
      vertex 3 27.5 -5.72205e-07
      vertex 3 27.5 6.6
    endloop
  endfacet
  facet normal -0.130673 -0.991425 0
    outer loop
      vertex 0.261467 30.4886 -5.72205e-07
      vertex 0.520944 30.4544 6.6
      vertex 0.261467 30.4886 6.6
    endloop
  endfacet
  facet normal -0.130673 -0.991425 -0
    outer loop
      vertex 0.520944 30.4544 6.6
      vertex 0.261467 30.4886 -5.72205e-07
      vertex 0.520944 30.4544 -5.72205e-07
    endloop
  endfacet
  facet normal 0.793434 0.608656 0
    outer loop
      vertex -2.29813 25.5716 6.6
      vertex -2.45746 25.7793 -5.72205e-07
      vertex -2.45746 25.7793 6.6
    endloop
  endfacet
  facet normal 0.793434 0.608656 0
    outer loop
      vertex -2.45746 25.7793 -5.72205e-07
      vertex -2.29813 25.5716 6.6
      vertex -2.29813 25.5716 -5.72205e-07
    endloop
  endfacet
  facet normal 0.953715 -0.300711 0
    outer loop
      vertex -2.89778 28.2765 6.6
      vertex -2.81908 28.5261 -5.72205e-07
      vertex -2.81908 28.5261 6.6
    endloop
  endfacet
  facet normal 0.953715 -0.300711 0
    outer loop
      vertex -2.81908 28.5261 -5.72205e-07
      vertex -2.89778 28.2765 6.6
      vertex -2.89778 28.2765 -5.72205e-07
    endloop
  endfacet
  facet normal 0.999048 0.0436295 0
    outer loop
      vertex -2.98858 27.2385 6.6
      vertex -3 27.5 -5.72205e-07
      vertex -3 27.5 6.6
    endloop
  endfacet
  facet normal 0.999048 0.0436295 0
    outer loop
      vertex -3 27.5 -5.72205e-07
      vertex -2.98858 27.2385 6.6
      vertex -2.98858 27.2385 -5.72205e-07
    endloop
  endfacet
  facet normal -0.537244 0.843427 0
    outer loop
      vertex 1.72073 25.0425 -5.72205e-07
      vertex 1.5 24.9019 6.6
      vertex 1.72073 25.0425 6.6
    endloop
  endfacet
  facet normal -0.537244 0.843427 0
    outer loop
      vertex 1.5 24.9019 6.6
      vertex 1.72073 25.0425 -5.72205e-07
      vertex 1.5 24.9019 -5.72205e-07
    endloop
  endfacet
  facet normal 0.99144 -0.130561 0
    outer loop
      vertex -2.98858 27.7615 6.6
      vertex -2.95442 28.0209 -5.72205e-07
      vertex -2.95442 28.0209 6.6
    endloop
  endfacet
  facet normal 0.99144 -0.130561 0
    outer loop
      vertex -2.95442 28.0209 -5.72205e-07
      vertex -2.98858 27.7615 6.6
      vertex -2.98858 27.7615 -5.72205e-07
    endloop
  endfacet
  facet normal -0.675559 0.737306 0
    outer loop
      vertex 2.12132 25.3787 -5.72205e-07
      vertex 1.92836 25.2019 6.6
      vertex 2.12132 25.3787 6.6
    endloop
  endfacet
  facet normal -0.675559 0.737306 0
    outer loop
      vertex 1.92836 25.2019 6.6
      vertex 2.12132 25.3787 -5.72205e-07
      vertex 1.92836 25.2019 -5.72205e-07
    endloop
  endfacet
  facet normal -0.99144 0.130561 0
    outer loop
      vertex 2.95442 26.9791 -5.72205e-07
      vertex 2.98858 27.2385 6.6
      vertex 2.98858 27.2385 -5.72205e-07
    endloop
  endfacet
  facet normal -0.99144 0.130561 0
    outer loop
      vertex 2.98858 27.2385 6.6
      vertex 2.95442 26.9791 -5.72205e-07
      vertex 2.95442 26.9791 6.6
    endloop
  endfacet
  facet normal -0.675559 -0.737306 0
    outer loop
      vertex 1.92836 29.7981 -5.72205e-07
      vertex 2.12132 29.6213 6.6
      vertex 1.92836 29.7981 6.6
    endloop
  endfacet
  facet normal -0.675559 -0.737306 -0
    outer loop
      vertex 2.12132 29.6213 6.6
      vertex 1.92836 29.7981 -5.72205e-07
      vertex 2.12132 29.6213 -5.72205e-07
    endloop
  endfacet
  facet normal 0.886985 0.461798 0
    outer loop
      vertex -2.59808 26 6.6
      vertex -2.71892 26.2321 -5.72205e-07
      vertex -2.71892 26.2321 6.6
    endloop
  endfacet
  facet normal 0.886985 0.461798 0
    outer loop
      vertex -2.71892 26.2321 -5.72205e-07
      vertex -2.59808 26 6.6
      vertex -2.59808 26 -5.72205e-07
    endloop
  endfacet
  facet normal -0.793434 0.608656 0
    outer loop
      vertex 2.29813 25.5716 -5.72205e-07
      vertex 2.45746 25.7793 6.6
      vertex 2.45746 25.7793 -5.72205e-07
    endloop
  endfacet
  facet normal -0.793434 0.608656 0
    outer loop
      vertex 2.45746 25.7793 6.6
      vertex 2.29813 25.5716 -5.72205e-07
      vertex 2.29813 25.5716 6.6
    endloop
  endfacet
  facet normal -0.793434 -0.608656 0
    outer loop
      vertex 2.45746 29.2207 -5.72205e-07
      vertex 2.29813 29.4284 6.6
      vertex 2.29813 29.4284 -5.72205e-07
    endloop
  endfacet
  facet normal -0.793434 -0.608656 0
    outer loop
      vertex 2.29813 29.4284 6.6
      vertex 2.45746 29.2207 -5.72205e-07
      vertex 2.45746 29.2207 6.6
    endloop
  endfacet
  facet normal -0.843359 -0.53735 0
    outer loop
      vertex 2.59808 29 -5.72205e-07
      vertex 2.45746 29.2207 6.6
      vertex 2.45746 29.2207 -5.72205e-07
    endloop
  endfacet
  facet normal -0.843359 -0.53735 0
    outer loop
      vertex 2.45746 29.2207 6.6
      vertex 2.59808 29 -5.72205e-07
      vertex 2.59808 29 6.6
    endloop
  endfacet
  facet normal -0.976316 0.216348 0
    outer loop
      vertex 2.89778 26.7235 -5.72205e-07
      vertex 2.95442 26.9791 6.6
      vertex 2.95442 26.9791 -5.72205e-07
    endloop
  endfacet
  facet normal -0.976316 0.216348 0
    outer loop
      vertex 2.95442 26.9791 6.6
      vertex 2.89778 26.7235 -5.72205e-07
      vertex 2.89778 26.7235 6.6
    endloop
  endfacet
  facet normal -0.843359 0.53735 0
    outer loop
      vertex 2.45746 25.7793 -5.72205e-07
      vertex 2.59808 26 6.6
      vertex 2.59808 26 -5.72205e-07
    endloop
  endfacet
  facet normal -0.843359 0.53735 0
    outer loop
      vertex 2.59808 26 6.6
      vertex 2.45746 25.7793 -5.72205e-07
      vertex 2.45746 25.7793 6.6
    endloop
  endfacet
  facet normal -0.923875 -0.382694 0
    outer loop
      vertex 2.81908 28.5261 -5.72205e-07
      vertex 2.71892 28.7679 6.6
      vertex 2.71892 28.7679 -5.72205e-07
    endloop
  endfacet
  facet normal -0.923875 -0.382694 0
    outer loop
      vertex 2.71892 28.7679 6.6
      vertex 2.81908 28.5261 -5.72205e-07
      vertex 2.81908 28.5261 6.6
    endloop
  endfacet
  facet normal 0.608954 -0.793206 0
    outer loop
      vertex -1.92836 29.7981 -5.72205e-07
      vertex -1.72073 29.9575 6.6
      vertex -1.92836 29.7981 6.6
    endloop
  endfacet
  facet normal 0.608954 -0.793206 0
    outer loop
      vertex -1.72073 29.9575 6.6
      vertex -1.92836 29.7981 -5.72205e-07
      vertex -1.72073 29.9575 -5.72205e-07
    endloop
  endfacet
  facet normal -0.0435588 0.999051 0
    outer loop
      vertex 0.261467 24.5114 -5.72205e-07
      vertex 0 24.5 6.6
      vertex 0.261467 24.5114 6.6
    endloop
  endfacet
  facet normal -0.0435588 0.999051 0
    outer loop
      vertex 0 24.5 6.6
      vertex 0.261467 24.5114 -5.72205e-07
      vertex 0 24.5 -5.72205e-07
    endloop
  endfacet
  facet normal -0.537244 -0.843427 0
    outer loop
      vertex 1.5 30.0981 -5.72205e-07
      vertex 1.72073 29.9575 6.6
      vertex 1.5 30.0981 6.6
    endloop
  endfacet
  facet normal -0.537244 -0.843427 -0
    outer loop
      vertex 1.72073 29.9575 6.6
      vertex 1.5 30.0981 -5.72205e-07
      vertex 1.72073 29.9575 -5.72205e-07
    endloop
  endfacet
  facet normal 0.923875 0.382694 0
    outer loop
      vertex -2.71892 26.2321 6.6
      vertex -2.81908 26.4739 -5.72205e-07
      vertex -2.81908 26.4739 6.6
    endloop
  endfacet
  facet normal 0.923875 0.382694 0
    outer loop
      vertex -2.81908 26.4739 -5.72205e-07
      vertex -2.71892 26.2321 6.6
      vertex -2.71892 26.2321 -5.72205e-07
    endloop
  endfacet
  facet normal 0.0435588 -0.999051 0
    outer loop
      vertex -0.261467 30.4886 -5.72205e-07
      vertex 0 30.5 6.6
      vertex -0.261467 30.4886 6.6
    endloop
  endfacet
  facet normal 0.0435588 -0.999051 0
    outer loop
      vertex 0 30.5 6.6
      vertex -0.261467 30.4886 -5.72205e-07
      vertex 0 30.5 -5.72205e-07
    endloop
  endfacet
  facet normal -0.953715 0.300711 0
    outer loop
      vertex 2.81908 26.4739 -5.72205e-07
      vertex 2.89778 26.7235 6.6
      vertex 2.89778 26.7235 -5.72205e-07
    endloop
  endfacet
  facet normal -0.953715 0.300711 0
    outer loop
      vertex 2.89778 26.7235 6.6
      vertex 2.81908 26.4739 -5.72205e-07
      vertex 2.81908 26.4739 6.6
    endloop
  endfacet
  facet normal -0.923875 0.382694 0
    outer loop
      vertex 2.71892 26.2321 -5.72205e-07
      vertex 2.81908 26.4739 6.6
      vertex 2.81908 26.4739 -5.72205e-07
    endloop
  endfacet
  facet normal -0.923875 0.382694 0
    outer loop
      vertex 2.81908 26.4739 6.6
      vertex 2.71892 26.2321 -5.72205e-07
      vertex 2.71892 26.2321 6.6
    endloop
  endfacet
  facet normal -0.382838 -0.923816 0
    outer loop
      vertex 1.02606 30.3191 -5.72205e-07
      vertex 1.26785 30.2189 6.6
      vertex 1.02606 30.3191 6.6
    endloop
  endfacet
  facet normal -0.382838 -0.923816 -0
    outer loop
      vertex 1.26785 30.2189 6.6
      vertex 1.02606 30.3191 -5.72205e-07
      vertex 1.26785 30.2189 -5.72205e-07
    endloop
  endfacet
  facet normal 0.675559 -0.737306 0
    outer loop
      vertex -2.12132 29.6213 -5.72205e-07
      vertex -1.92836 29.7981 6.6
      vertex -2.12132 29.6213 6.6
    endloop
  endfacet
  facet normal 0.675559 -0.737306 0
    outer loop
      vertex -1.92836 29.7981 6.6
      vertex -2.12132 29.6213 -5.72205e-07
      vertex -1.92836 29.7981 -5.72205e-07
    endloop
  endfacet
  facet normal -0.461599 -0.887089 0
    outer loop
      vertex 1.26785 30.2189 -5.72205e-07
      vertex 1.5 30.0981 6.6
      vertex 1.26785 30.2189 6.6
    endloop
  endfacet
  facet normal -0.461599 -0.887089 -0
    outer loop
      vertex 1.5 30.0981 6.6
      vertex 1.26785 30.2189 -5.72205e-07
      vertex 1.5 30.0981 -5.72205e-07
    endloop
  endfacet
  facet normal 0.886985 -0.461798 0
    outer loop
      vertex -2.71892 28.7679 6.6
      vertex -2.59808 29 -5.72205e-07
      vertex -2.59808 29 6.6
    endloop
  endfacet
  facet normal 0.886985 -0.461798 0
    outer loop
      vertex -2.59808 29 -5.72205e-07
      vertex -2.71892 28.7679 6.6
      vertex -2.71892 28.7679 -5.72205e-07
    endloop
  endfacet
  facet normal 0.99144 0.130561 0
    outer loop
      vertex -2.95442 26.9791 6.6
      vertex -2.98858 27.2385 -5.72205e-07
      vertex -2.98858 27.2385 6.6
    endloop
  endfacet
  facet normal 0.99144 0.130561 0
    outer loop
      vertex -2.98858 27.2385 -5.72205e-07
      vertex -2.95442 26.9791 6.6
      vertex -2.95442 26.9791 -5.72205e-07
    endloop
  endfacet
  facet normal -0.999048 0.0436295 0
    outer loop
      vertex 2.98858 27.2385 -5.72205e-07
      vertex 3 27.5 6.6
      vertex 3 27.5 -5.72205e-07
    endloop
  endfacet
  facet normal -0.999048 0.0436295 0
    outer loop
      vertex 3 27.5 6.6
      vertex 2.98858 27.2385 -5.72205e-07
      vertex 2.98858 27.2385 6.6
    endloop
  endfacet
  facet normal -0.608954 0.793206 0
    outer loop
      vertex 1.92836 25.2019 -5.72205e-07
      vertex 1.72073 25.0425 6.6
      vertex 1.92836 25.2019 6.6
    endloop
  endfacet
  facet normal -0.608954 0.793206 0
    outer loop
      vertex 1.72073 25.0425 6.6
      vertex 1.92836 25.2019 -5.72205e-07
      vertex 1.72073 25.0425 -5.72205e-07
    endloop
  endfacet
  facet normal 0.976316 -0.216348 0
    outer loop
      vertex -2.95442 28.0209 6.6
      vertex -2.89778 28.2765 -5.72205e-07
      vertex -2.89778 28.2765 6.6
    endloop
  endfacet
  facet normal 0.976316 -0.216348 0
    outer loop
      vertex -2.89778 28.2765 -5.72205e-07
      vertex -2.95442 28.0209 6.6
      vertex -2.95442 28.0209 -5.72205e-07
    endloop
  endfacet
  facet normal 0.382838 -0.923816 0
    outer loop
      vertex -1.26785 30.2189 -5.72205e-07
      vertex -1.02606 30.3191 6.6
      vertex -1.26785 30.2189 6.6
    endloop
  endfacet
  facet normal 0.382838 -0.923816 0
    outer loop
      vertex -1.02606 30.3191 6.6
      vertex -1.26785 30.2189 -5.72205e-07
      vertex -1.02606 30.3191 -5.72205e-07
    endloop
  endfacet
  facet normal -0.608954 -0.793206 0
    outer loop
      vertex 1.72073 29.9575 -5.72205e-07
      vertex 1.92836 29.7981 6.6
      vertex 1.72073 29.9575 6.6
    endloop
  endfacet
  facet normal -0.608954 -0.793206 -0
    outer loop
      vertex 1.92836 29.7981 6.6
      vertex 1.72073 29.9575 -5.72205e-07
      vertex 1.92836 29.7981 -5.72205e-07
    endloop
  endfacet
  facet normal -0.130673 0.991425 0
    outer loop
      vertex 0.520944 24.5456 -5.72205e-07
      vertex 0.261467 24.5114 6.6
      vertex 0.520944 24.5456 6.6
    endloop
  endfacet
  facet normal -0.130673 0.991425 0
    outer loop
      vertex 0.261467 24.5114 6.6
      vertex 0.520944 24.5456 -5.72205e-07
      vertex 0.261467 24.5114 -5.72205e-07
    endloop
  endfacet
  facet normal 0.300707 -0.953716 0
    outer loop
      vertex -1.02606 30.3191 -5.72205e-07
      vertex -0.776457 30.3978 6.6
      vertex -1.02606 30.3191 6.6
    endloop
  endfacet
  facet normal 0.300707 -0.953716 0
    outer loop
      vertex -0.776457 30.3978 6.6
      vertex -1.02606 30.3191 -5.72205e-07
      vertex -0.776457 30.3978 -5.72205e-07
    endloop
  endfacet
  facet normal 0.382838 0.923816 -0
    outer loop
      vertex -1.02606 24.6809 -5.72205e-07
      vertex -1.26785 24.7811 6.6
      vertex -1.02606 24.6809 6.6
    endloop
  endfacet
  facet normal 0.382838 0.923816 0
    outer loop
      vertex -1.26785 24.7811 6.6
      vertex -1.02606 24.6809 -5.72205e-07
      vertex -1.26785 24.7811 -5.72205e-07
    endloop
  endfacet
  facet normal -0.886985 0.461798 0
    outer loop
      vertex 2.59808 26 -5.72205e-07
      vertex 2.71892 26.2321 6.6
      vertex 2.71892 26.2321 -5.72205e-07
    endloop
  endfacet
  facet normal -0.886985 0.461798 0
    outer loop
      vertex 2.71892 26.2321 6.6
      vertex 2.59808 26 -5.72205e-07
      vertex 2.59808 26 6.6
    endloop
  endfacet
  facet normal 0.793434 -0.608656 0
    outer loop
      vertex -2.45746 29.2207 6.6
      vertex -2.29813 29.4284 -5.72205e-07
      vertex -2.29813 29.4284 6.6
    endloop
  endfacet
  facet normal 0.793434 -0.608656 0
    outer loop
      vertex -2.29813 29.4284 -5.72205e-07
      vertex -2.45746 29.2207 6.6
      vertex -2.45746 29.2207 -5.72205e-07
    endloop
  endfacet
  facet normal 0.537244 -0.843427 0
    outer loop
      vertex -1.72073 29.9575 -5.72205e-07
      vertex -1.5 30.0981 6.6
      vertex -1.72073 29.9575 6.6
    endloop
  endfacet
  facet normal 0.537244 -0.843427 0
    outer loop
      vertex -1.5 30.0981 6.6
      vertex -1.72073 29.9575 -5.72205e-07
      vertex -1.5 30.0981 -5.72205e-07
    endloop
  endfacet
  facet normal -0.0435588 -0.999051 0
    outer loop
      vertex 0 30.5 -5.72205e-07
      vertex 0.261467 30.4886 6.6
      vertex 0 30.5 6.6
    endloop
  endfacet
  facet normal -0.0435588 -0.999051 -0
    outer loop
      vertex 0.261467 30.4886 6.6
      vertex 0 30.5 -5.72205e-07
      vertex 0.261467 30.4886 -5.72205e-07
    endloop
  endfacet
  facet normal -0.886985 -0.461798 0
    outer loop
      vertex 2.71892 28.7679 -5.72205e-07
      vertex 2.59808 29 6.6
      vertex 2.59808 29 -5.72205e-07
    endloop
  endfacet
  facet normal -0.886985 -0.461798 0
    outer loop
      vertex 2.59808 29 6.6
      vertex 2.71892 28.7679 -5.72205e-07
      vertex 2.71892 28.7679 6.6
    endloop
  endfacet
  facet normal 0.130673 0.991425 -0
    outer loop
      vertex -0.261467 24.5114 -5.72205e-07
      vertex -0.520944 24.5456 6.6
      vertex -0.261467 24.5114 6.6
    endloop
  endfacet
  facet normal 0.130673 0.991425 0
    outer loop
      vertex -0.520944 24.5456 6.6
      vertex -0.261467 24.5114 -5.72205e-07
      vertex -0.520944 24.5456 -5.72205e-07
    endloop
  endfacet
  facet normal 0.216273 0.976333 -0
    outer loop
      vertex -0.520944 24.5456 -5.72205e-07
      vertex -0.776457 24.6022 6.6
      vertex -0.520944 24.5456 6.6
    endloop
  endfacet
  facet normal 0.216273 0.976333 0
    outer loop
      vertex -0.776457 24.6022 6.6
      vertex -0.520944 24.5456 -5.72205e-07
      vertex -0.776457 24.6022 -5.72205e-07
    endloop
  endfacet
  facet normal 0.999048 -0.0436295 0
    outer loop
      vertex -3 27.5 6.6
      vertex -2.98858 27.7615 -5.72205e-07
      vertex -2.98858 27.7615 6.6
    endloop
  endfacet
  facet normal 0.999048 -0.0436295 0
    outer loop
      vertex -2.98858 27.7615 -5.72205e-07
      vertex -3 27.5 6.6
      vertex -3 27.5 -5.72205e-07
    endloop
  endfacet
  facet normal 0.737183 -0.675693 0
    outer loop
      vertex -2.29813 29.4284 6.6
      vertex -2.12132 29.6213 -5.72205e-07
      vertex -2.12132 29.6213 6.6
    endloop
  endfacet
  facet normal 0.737183 -0.675693 0
    outer loop
      vertex -2.12132 29.6213 -5.72205e-07
      vertex -2.29813 29.4284 6.6
      vertex -2.29813 29.4284 -5.72205e-07
    endloop
  endfacet
  facet normal -0.382838 0.923816 0
    outer loop
      vertex 1.26785 24.7811 -5.72205e-07
      vertex 1.02606 24.6809 6.6
      vertex 1.26785 24.7811 6.6
    endloop
  endfacet
  facet normal -0.382838 0.923816 0
    outer loop
      vertex 1.02606 24.6809 6.6
      vertex 1.26785 24.7811 -5.72205e-07
      vertex 1.02606 24.6809 -5.72205e-07
    endloop
  endfacet
  facet normal 0.843359 0.53735 0
    outer loop
      vertex -2.45746 25.7793 6.6
      vertex -2.59808 26 -5.72205e-07
      vertex -2.59808 26 6.6
    endloop
  endfacet
  facet normal 0.843359 0.53735 0
    outer loop
      vertex -2.59808 26 -5.72205e-07
      vertex -2.45746 25.7793 6.6
      vertex -2.45746 25.7793 -5.72205e-07
    endloop
  endfacet
  facet normal -0.737183 0.675693 0
    outer loop
      vertex 2.12132 25.3787 -5.72205e-07
      vertex 2.29813 25.5716 6.6
      vertex 2.29813 25.5716 -5.72205e-07
    endloop
  endfacet
  facet normal -0.737183 0.675693 0
    outer loop
      vertex 2.29813 25.5716 6.6
      vertex 2.12132 25.3787 -5.72205e-07
      vertex 2.12132 25.3787 6.6
    endloop
  endfacet
  facet normal -0.737183 -0.675693 0
    outer loop
      vertex 2.29813 29.4284 -5.72205e-07
      vertex 2.12132 29.6213 6.6
      vertex 2.12132 29.6213 -5.72205e-07
    endloop
  endfacet
  facet normal -0.737183 -0.675693 0
    outer loop
      vertex 2.12132 29.6213 6.6
      vertex 2.29813 29.4284 -5.72205e-07
      vertex 2.29813 29.4284 6.6
    endloop
  endfacet
  facet normal 0.843359 -0.53735 0
    outer loop
      vertex -2.59808 29 6.6
      vertex -2.45746 29.2207 -5.72205e-07
      vertex -2.45746 29.2207 6.6
    endloop
  endfacet
  facet normal 0.843359 -0.53735 0
    outer loop
      vertex -2.45746 29.2207 -5.72205e-07
      vertex -2.59808 29 6.6
      vertex -2.59808 29 -5.72205e-07
    endloop
  endfacet
  facet normal 0.461599 -0.887089 0
    outer loop
      vertex -1.5 30.0981 -5.72205e-07
      vertex -1.26785 30.2189 6.6
      vertex -1.5 30.0981 6.6
    endloop
  endfacet
  facet normal 0.461599 -0.887089 0
    outer loop
      vertex -1.26785 30.2189 6.6
      vertex -1.5 30.0981 -5.72205e-07
      vertex -1.26785 30.2189 -5.72205e-07
    endloop
  endfacet
  facet normal 0.130673 -0.991425 0
    outer loop
      vertex -0.520944 30.4544 -5.72205e-07
      vertex -0.261467 30.4886 6.6
      vertex -0.520944 30.4544 6.6
    endloop
  endfacet
  facet normal 0.130673 -0.991425 0
    outer loop
      vertex -0.261467 30.4886 6.6
      vertex -0.520944 30.4544 -5.72205e-07
      vertex -0.261467 30.4886 -5.72205e-07
    endloop
  endfacet
  facet normal -0.300707 0.953716 0
    outer loop
      vertex 1.02606 24.6809 -5.72205e-07
      vertex 0.776457 24.6022 6.6
      vertex 1.02606 24.6809 6.6
    endloop
  endfacet
  facet normal -0.300707 0.953716 0
    outer loop
      vertex 0.776457 24.6022 6.6
      vertex 1.02606 24.6809 -5.72205e-07
      vertex 0.776457 24.6022 -5.72205e-07
    endloop
  endfacet
  facet normal -0.300707 -0.953716 0
    outer loop
      vertex 0.776457 30.3978 -5.72205e-07
      vertex 1.02606 30.3191 6.6
      vertex 0.776457 30.3978 6.6
    endloop
  endfacet
  facet normal -0.300707 -0.953716 -0
    outer loop
      vertex 1.02606 30.3191 6.6
      vertex 0.776457 30.3978 -5.72205e-07
      vertex 1.02606 30.3191 -5.72205e-07
    endloop
  endfacet
  facet normal -0.461599 0.887089 0
    outer loop
      vertex 1.5 24.9019 -5.72205e-07
      vertex 1.26785 24.7811 6.6
      vertex 1.5 24.9019 6.6
    endloop
  endfacet
  facet normal -0.461599 0.887089 0
    outer loop
      vertex 1.26785 24.7811 6.6
      vertex 1.5 24.9019 -5.72205e-07
      vertex 1.26785 24.7811 -5.72205e-07
    endloop
  endfacet
  facet normal 0.675559 0.737306 -0
    outer loop
      vertex -1.92836 25.2019 -5.72205e-07
      vertex -2.12132 25.3787 6.6
      vertex -1.92836 25.2019 6.6
    endloop
  endfacet
  facet normal 0.675559 0.737306 0
    outer loop
      vertex -2.12132 25.3787 6.6
      vertex -1.92836 25.2019 -5.72205e-07
      vertex -2.12132 25.3787 -5.72205e-07
    endloop
  endfacet
  facet normal 0.737183 0.675693 0
    outer loop
      vertex -2.12132 25.3787 6.6
      vertex -2.29813 25.5716 -5.72205e-07
      vertex -2.29813 25.5716 6.6
    endloop
  endfacet
  facet normal 0.737183 0.675693 0
    outer loop
      vertex -2.29813 25.5716 -5.72205e-07
      vertex -2.12132 25.3787 6.6
      vertex -2.12132 25.3787 -5.72205e-07
    endloop
  endfacet
  facet normal -0.953715 -0.300711 0
    outer loop
      vertex 2.89778 28.2765 -5.72205e-07
      vertex 2.81908 28.5261 6.6
      vertex 2.81908 28.5261 -5.72205e-07
    endloop
  endfacet
  facet normal -0.953715 -0.300711 0
    outer loop
      vertex 2.81908 28.5261 6.6
      vertex 2.89778 28.2765 -5.72205e-07
      vertex 2.89778 28.2765 6.6
    endloop
  endfacet
  facet normal 0.923875 -0.382694 0
    outer loop
      vertex -2.81908 28.5261 6.6
      vertex -2.71892 28.7679 -5.72205e-07
      vertex -2.71892 28.7679 6.6
    endloop
  endfacet
  facet normal 0.923875 -0.382694 0
    outer loop
      vertex -2.71892 28.7679 -5.72205e-07
      vertex -2.81908 28.5261 6.6
      vertex -2.81908 28.5261 -5.72205e-07
    endloop
  endfacet
  facet normal 0.216273 -0.976333 0
    outer loop
      vertex -0.776457 30.3978 -5.72205e-07
      vertex -0.520944 30.4544 6.6
      vertex -0.776457 30.3978 6.6
    endloop
  endfacet
  facet normal 0.216273 -0.976333 0
    outer loop
      vertex -0.520944 30.4544 6.6
      vertex -0.776457 30.3978 -5.72205e-07
      vertex -0.520944 30.4544 -5.72205e-07
    endloop
  endfacet
  facet normal 0.953715 0.300711 0
    outer loop
      vertex -2.81908 26.4739 6.6
      vertex -2.89778 26.7235 -5.72205e-07
      vertex -2.89778 26.7235 6.6
    endloop
  endfacet
  facet normal 0.953715 0.300711 0
    outer loop
      vertex -2.89778 26.7235 -5.72205e-07
      vertex -2.81908 26.4739 6.6
      vertex -2.81908 26.4739 -5.72205e-07
    endloop
  endfacet
  facet normal 0.537244 0.843427 -0
    outer loop
      vertex -1.5 24.9019 -5.72205e-07
      vertex -1.72073 25.0425 6.6
      vertex -1.5 24.9019 6.6
    endloop
  endfacet
  facet normal 0.537244 0.843427 0
    outer loop
      vertex -1.72073 25.0425 6.6
      vertex -1.5 24.9019 -5.72205e-07
      vertex -1.72073 25.0425 -5.72205e-07
    endloop
  endfacet
  facet normal 0.976316 0.216348 0
    outer loop
      vertex -2.89778 26.7235 6.6
      vertex -2.95442 26.9791 -5.72205e-07
      vertex -2.95442 26.9791 6.6
    endloop
  endfacet
  facet normal 0.976316 0.216348 0
    outer loop
      vertex -2.95442 26.9791 -5.72205e-07
      vertex -2.89778 26.7235 6.6
      vertex -2.89778 26.7235 -5.72205e-07
    endloop
  endfacet
  facet normal 0.0435588 0.999051 -0
    outer loop
      vertex 0 24.5 -5.72205e-07
      vertex -0.261467 24.5114 6.6
      vertex 0 24.5 6.6
    endloop
  endfacet
  facet normal 0.0435588 0.999051 0
    outer loop
      vertex -0.261467 24.5114 6.6
      vertex 0 24.5 -5.72205e-07
      vertex -0.261467 24.5114 -5.72205e-07
    endloop
  endfacet
  facet normal -0.216273 -0.976333 0
    outer loop
      vertex 0.520944 30.4544 -5.72205e-07
      vertex 0.776457 30.3978 6.6
      vertex 0.520944 30.4544 6.6
    endloop
  endfacet
  facet normal -0.216273 -0.976333 -0
    outer loop
      vertex 0.776457 30.3978 6.6
      vertex 0.520944 30.4544 -5.72205e-07
      vertex 0.776457 30.3978 -5.72205e-07
    endloop
  endfacet
  facet normal 0.608954 0.793206 -0
    outer loop
      vertex -1.72073 25.0425 -5.72205e-07
      vertex -1.92836 25.2019 6.6
      vertex -1.72073 25.0425 6.6
    endloop
  endfacet
  facet normal 0.608954 0.793206 0
    outer loop
      vertex -1.92836 25.2019 6.6
      vertex -1.72073 25.0425 -5.72205e-07
      vertex -1.92836 25.2019 -5.72205e-07
    endloop
  endfacet
  facet normal 0.300707 0.953716 -0
    outer loop
      vertex -0.776457 24.6022 -5.72205e-07
      vertex -1.02606 24.6809 6.6
      vertex -0.776457 24.6022 6.6
    endloop
  endfacet
  facet normal 0.300707 0.953716 0
    outer loop
      vertex -1.02606 24.6809 6.6
      vertex -0.776457 24.6022 -5.72205e-07
      vertex -1.02606 24.6809 -5.72205e-07
    endloop
  endfacet
  facet normal -0.216273 0.976333 0
    outer loop
      vertex 0.776457 24.6022 -5.72205e-07
      vertex 0.520944 24.5456 6.6
      vertex 0.776457 24.6022 6.6
    endloop
  endfacet
  facet normal -0.216273 0.976333 0
    outer loop
      vertex 0.520944 24.5456 6.6
      vertex 0.776457 24.6022 -5.72205e-07
      vertex 0.520944 24.5456 -5.72205e-07
    endloop
  endfacet
  facet normal 0.461599 0.887089 -0
    outer loop
      vertex -1.26785 24.7811 -5.72205e-07
      vertex -1.5 24.9019 6.6
      vertex -1.26785 24.7811 6.6
    endloop
  endfacet
  facet normal 0.461599 0.887089 0
    outer loop
      vertex -1.5 24.9019 6.6
      vertex -1.26785 24.7811 -5.72205e-07
      vertex -1.5 24.9019 -5.72205e-07
    endloop
  endfacet
endsolid OpenSCAD_Model
