solid OpenSCAD_Model
  facet normal 0 0 -1
    outer loop
      vertex 1.35 13.1617 0
      vertex 12.5 10.0172 0
      vertex 12.5 3 0
    endloop
  endfacet
  facet normal 0 0 -1
    outer loop
      vertex 11.5939 15.6394 0
      vertex 12.5 10.0172 0
      vertex 11.6 15.5 0
    endloop
  endfacet
  facet normal 0 0 -1
    outer loop
      vertex 12.5 10.0172 0
      vertex 11.5939 15.3605 0
      vertex 11.6 15.5 0
    endloop
  endfacet
  facet normal 0 0 -1
    outer loop
      vertex 12.5 10.0172 0
      vertex 11.5757 15.2222 0
      vertex 11.5939 15.3605 0
    endloop
  endfacet
  facet normal 0 0 -1
    outer loop
      vertex 12.5 10.0172 0
      vertex 11.5455 15.0859 0
      vertex 11.5757 15.2222 0
    endloop
  endfacet
  facet normal 0 0 -1
    outer loop
      vertex 12.5 10.0172 0
      vertex 11.5035 14.9528 0
      vertex 11.5455 15.0859 0
    endloop
  endfacet
  facet normal 0 0 -1
    outer loop
      vertex 12.5 10.0172 0
      vertex 11.4501 14.8238 0
      vertex 11.5035 14.9528 0
    endloop
  endfacet
  facet normal 0 0 -1
    outer loop
      vertex 12.5 10.0172 0
      vertex 11.3856 14.7 0
      vertex 11.4501 14.8238 0
    endloop
  endfacet
  facet normal 0 0 -1
    outer loop
      vertex 12.5 10.0172 0
      vertex 11.3106 14.5823 0
      vertex 11.3856 14.7 0
    endloop
  endfacet
  facet normal 0 0 -1
    outer loop
      vertex 12.5 10.0172 0
      vertex 11.2257 14.4715 0
      vertex 11.3106 14.5823 0
    endloop
  endfacet
  facet normal 0 0 -1
    outer loop
      vertex 12.5 10.0172 0
      vertex 11.1314 14.3686 0
      vertex 11.2257 14.4715 0
    endloop
  endfacet
  facet normal 0 0 -1
    outer loop
      vertex 12.5 10.0172 0
      vertex 11.0285 14.2743 0
      vertex 11.1314 14.3686 0
    endloop
  endfacet
  facet normal 0 0 -1
    outer loop
      vertex 12.5 10.0172 0
      vertex 10.9177 14.1894 0
      vertex 11.0285 14.2743 0
    endloop
  endfacet
  facet normal 0 0 -1
    outer loop
      vertex 12.5 10.0172 0
      vertex 10.8 14.1144 0
      vertex 10.9177 14.1894 0
    endloop
  endfacet
  facet normal 0 0 -1
    outer loop
      vertex 12.5 10.0172 0
      vertex 10.6762 14.0499 0
      vertex 10.8 14.1144 0
    endloop
  endfacet
  facet normal 0 0 -1
    outer loop
      vertex 12.5 10.0172 0
      vertex 10.5472 13.9965 0
      vertex 10.6762 14.0499 0
    endloop
  endfacet
  facet normal 0 0 -1
    outer loop
      vertex 12.5 10.0172 0
      vertex 10.4141 13.9545 0
      vertex 10.5472 13.9965 0
    endloop
  endfacet
  facet normal 0 0 -1
    outer loop
      vertex 12.5 10.0172 0
      vertex 10.2778 13.9243 0
      vertex 10.4141 13.9545 0
    endloop
  endfacet
  facet normal 0 0 -1
    outer loop
      vertex 12.5 10.0172 0
      vertex 10.1394 13.9061 0
      vertex 10.2778 13.9243 0
    endloop
  endfacet
  facet normal 0 0 -1
    outer loop
      vertex 12.5 10.0172 0
      vertex 10 13.9 0
      vertex 10.1394 13.9061 0
    endloop
  endfacet
  facet normal 0 0 -1
    outer loop
      vertex 12.5 10.0172 0
      vertex 9.86055 13.9061 0
      vertex 10 13.9 0
    endloop
  endfacet
  facet normal 0 0 -1
    outer loop
      vertex 12.5 10.0172 0
      vertex 9.72216 13.9243 0
      vertex 9.86055 13.9061 0
    endloop
  endfacet
  facet normal 0 0 -1
    outer loop
      vertex 12.5 10.0172 0
      vertex 9.58589 13.9545 0
      vertex 9.72216 13.9243 0
    endloop
  endfacet
  facet normal 0 0 -1
    outer loop
      vertex 12.5 10.0172 0
      vertex 9.45277 13.9965 0
      vertex 9.58589 13.9545 0
    endloop
  endfacet
  facet normal 0 0 -1
    outer loop
      vertex 12.5 10.0172 0
      vertex 9.32381 14.0499 0
      vertex 9.45277 13.9965 0
    endloop
  endfacet
  facet normal 0 -0 -1
    outer loop
      vertex 1.73553 13.4317 0
      vertex 12.5 10.0172 0
      vertex 1.54866 13.2883 0
    endloop
  endfacet
  facet normal 0 -0 -1
    outer loop
      vertex 9.2 14.1144 0
      vertex 12.5 10.0172 0
      vertex 1.73553 13.4317 0
    endloop
  endfacet
  facet normal 0 0 -1
    outer loop
      vertex 12.5 10.0172 0
      vertex 9.2 14.1144 0
      vertex 9.32381 14.0499 0
    endloop
  endfacet
  facet normal -0 0 -1
    outer loop
      vertex 9.2 14.1144 0
      vertex 1.73553 13.4317 0
      vertex 9.08228 14.1894 0
    endloop
  endfacet
  facet normal 0 -0 -1
    outer loop
      vertex 1.90919 13.5908 0
      vertex 9.08228 14.1894 0
      vertex 1.73553 13.4317 0
    endloop
  endfacet
  facet normal 0 -0 -1
    outer loop
      vertex 2.06832 13.7645 0
      vertex 8.97154 14.2743 0
      vertex 1.90919 13.5908 0
    endloop
  endfacet
  facet normal -0 0 -1
    outer loop
      vertex 8.97154 14.2743 0
      vertex 2.06832 13.7645 0
      vertex 8.86863 14.3686 0
    endloop
  endfacet
  facet normal 0 -0 -1
    outer loop
      vertex 2.21171 13.9513 0
      vertex 8.86863 14.3686 0
      vertex 2.06832 13.7645 0
    endloop
  endfacet
  facet normal -0 0 -1
    outer loop
      vertex 8.86863 14.3686 0
      vertex 2.21171 13.9513 0
      vertex 8.77433 14.4715 0
    endloop
  endfacet
  facet normal 0 0 -1
    outer loop
      vertex 9.2 16.8856 0
      vertex 5.56461 48.2674 0
      vertex 7.35342 47.7034 0
    endloop
  endfacet
  facet normal 0 0 -1
    outer loop
      vertex 2.7 15.5 0
      vertex 8.4 15.5 0
      vertex 8.40609 15.3605 0
    endloop
  endfacet
  facet normal 0 0 -1
    outer loop
      vertex 8.40609 15.6394 0
      vertex 1.35 17.8383 0
      vertex 5.56461 48.2674 0
    endloop
  endfacet
  facet normal 0 0 -1
    outer loop
      vertex 2.68972 15.2647 0
      vertex 8.40609 15.3605 0
      vertex 8.42431 15.2222 0
    endloop
  endfacet
  facet normal -0 0 -1
    outer loop
      vertex 8.40609 15.6394 0
      vertex 2.7 15.5 0
      vertex 2.68972 15.7353 0
    endloop
  endfacet
  facet normal 0 0 -1
    outer loop
      vertex 2.65898 15.0311 0
      vertex 8.42431 15.2222 0
      vertex 8.45452 15.0859 0
    endloop
  endfacet
  facet normal 0 0 -1
    outer loop
      vertex 2.608 14.8012 0
      vertex 8.45452 15.0859 0
      vertex 8.49649 14.9528 0
    endloop
  endfacet
  facet normal 0 -0 -1
    outer loop
      vertex 2.33827 14.15 0
      vertex 8.77433 14.4715 0
      vertex 2.21171 13.9513 0
    endloop
  endfacet
  facet normal -0 0 -1
    outer loop
      vertex 8.40609 15.3605 0
      vertex 2.68972 15.2647 0
      vertex 2.7 15.5 0
    endloop
  endfacet
  facet normal -0 0 -1
    outer loop
      vertex 8.42431 15.2222 0
      vertex 2.65898 15.0311 0
      vertex 2.68972 15.2647 0
    endloop
  endfacet
  facet normal 0 0 -1
    outer loop
      vertex 8.45452 15.0859 0
      vertex 2.608 14.8012 0
      vertex 2.65898 15.0311 0
    endloop
  endfacet
  facet normal 0 0 -1
    outer loop
      vertex 8.49649 14.9528 0
      vertex 2.53717 14.5765 0
      vertex 2.608 14.8012 0
    endloop
  endfacet
  facet normal -0 0 -1
    outer loop
      vertex 8.54991 14.8238 0
      vertex 2.53717 14.5765 0
      vertex 8.49649 14.9528 0
    endloop
  endfacet
  facet normal 0 -0 -1
    outer loop
      vertex 2.53717 14.5765 0
      vertex 8.54991 14.8238 0
      vertex 2.44703 14.3589 0
    endloop
  endfacet
  facet normal -0 0 -1
    outer loop
      vertex 8.61436 14.7 0
      vertex 2.44703 14.3589 0
      vertex 8.54991 14.8238 0
    endloop
  endfacet
  facet normal -0 0 -1
    outer loop
      vertex 8.68936 14.5823 0
      vertex 2.44703 14.3589 0
      vertex 8.61436 14.7 0
    endloop
  endfacet
  facet normal 0 -0 -1
    outer loop
      vertex 2.44703 14.3589 0
      vertex 8.68936 14.5823 0
      vertex 2.33827 14.15 0
    endloop
  endfacet
  facet normal -0 0 -1
    outer loop
      vertex 8.77433 14.4715 0
      vertex 2.33827 14.15 0
      vertex 8.68936 14.5823 0
    endloop
  endfacet
  facet normal -0 0 -1
    outer loop
      vertex 9.08228 14.1894 0
      vertex 1.90919 13.5908 0
      vertex 8.97154 14.2743 0
    endloop
  endfacet
  facet normal 0 0 -1
    outer loop
      vertex 12.5 10.0172 0
      vertex 1.35 13.1617 0
      vertex 1.54866 13.2883 0
    endloop
  endfacet
  facet normal 0 0 -1
    outer loop
      vertex 12.5 3 0
      vertex 1.14107 13.053 0
      vertex 1.35 13.1617 0
    endloop
  endfacet
  facet normal 0 0 -1
    outer loop
      vertex 12.5 3 0
      vertex 0.923454 12.9628 0
      vertex 1.14107 13.053 0
    endloop
  endfacet
  facet normal 0 0 -1
    outer loop
      vertex 12.5 3 0
      vertex 0.698811 12.892 0
      vertex 0.923454 12.9628 0
    endloop
  endfacet
  facet normal 0 0 -1
    outer loop
      vertex 12.5 3 0
      vertex 0.468849 12.841 0
      vertex 0.698811 12.892 0
    endloop
  endfacet
  facet normal 0 0 -1
    outer loop
      vertex 12.5 3 0
      vertex 0.23532 12.8103 0
      vertex 0.468849 12.841 0
    endloop
  endfacet
  facet normal 0 0 -1
    outer loop
      vertex 12.5 3 0
      vertex 0 12.8 0
      vertex 0.23532 12.8103 0
    endloop
  endfacet
  facet normal 0 0 -1
    outer loop
      vertex -12.5 3 0
      vertex 0 12.8 0
      vertex 12.5 3 0
    endloop
  endfacet
  facet normal -0 0 -1
    outer loop
      vertex 0 12.8 0
      vertex -12.5 3 0
      vertex -0.23532 12.8103 0
    endloop
  endfacet
  facet normal -0 0 -1
    outer loop
      vertex -0.23532 12.8103 0
      vertex -12.5 3 0
      vertex -0.468849 12.841 0
    endloop
  endfacet
  facet normal -0 0 -1
    outer loop
      vertex -0.468849 12.841 0
      vertex -12.5 3 0
      vertex -0.698811 12.892 0
    endloop
  endfacet
  facet normal -0 0 -1
    outer loop
      vertex -0.698811 12.892 0
      vertex -12.5 3 0
      vertex -0.923454 12.9628 0
    endloop
  endfacet
  facet normal -0 0 -1
    outer loop
      vertex -0.923454 12.9628 0
      vertex -12.5 3 0
      vertex -1.14107 13.053 0
    endloop
  endfacet
  facet normal -0 0 -1
    outer loop
      vertex -1.14107 13.053 0
      vertex -12.5 3 0
      vertex -1.35 13.1617 0
    endloop
  endfacet
  facet normal 0 0 -1
    outer loop
      vertex -0.23532 18.1897 0
      vertex -5.56461 48.2674 0
      vertex -3.73343 48.6734 0
    endloop
  endfacet
  facet normal 0 0 -1
    outer loop
      vertex -8.40609 15.3605 0
      vertex -2.7 15.5 0
      vertex -2.68972 15.2647 0
    endloop
  endfacet
  facet normal 0 0 -1
    outer loop
      vertex -2.68972 15.7353 0
      vertex -7.35342 47.7034 0
      vertex -5.56461 48.2674 0
    endloop
  endfacet
  facet normal 0 0 -1
    outer loop
      vertex -8.42431 15.2222 0
      vertex -2.68972 15.2647 0
      vertex -2.65898 15.0311 0
    endloop
  endfacet
  facet normal 0 0 -1
    outer loop
      vertex -2.7 15.5 0
      vertex -8.4 15.5 0
      vertex -8.40609 15.6394 0
    endloop
  endfacet
  facet normal 0 0 -1
    outer loop
      vertex -8.45452 15.0859 0
      vertex -2.65898 15.0311 0
      vertex -2.608 14.8012 0
    endloop
  endfacet
  facet normal 0 0 -1
    outer loop
      vertex -8.49649 14.9528 0
      vertex -2.608 14.8012 0
      vertex -2.53717 14.5765 0
    endloop
  endfacet
  facet normal 0 0 -1
    outer loop
      vertex -8.54991 14.8238 0
      vertex -2.53717 14.5765 0
      vertex -2.44703 14.3589 0
    endloop
  endfacet
  facet normal 0 0 -1
    outer loop
      vertex -8.68936 14.5823 0
      vertex -2.44703 14.3589 0
      vertex -2.33827 14.15 0
    endloop
  endfacet
  facet normal 0 0 -1
    outer loop
      vertex -8.77433 14.4715 0
      vertex -2.33827 14.15 0
      vertex -2.21171 13.9513 0
    endloop
  endfacet
  facet normal 0 0 -1
    outer loop
      vertex -8.86863 14.3686 0
      vertex -2.21171 13.9513 0
      vertex -2.06832 13.7645 0
    endloop
  endfacet
  facet normal 0 0 -1
    outer loop
      vertex -8.97154 14.2743 0
      vertex -2.06832 13.7645 0
      vertex -1.90919 13.5908 0
    endloop
  endfacet
  facet normal 0 0 -1
    outer loop
      vertex -9.08228 14.1894 0
      vertex -1.90919 13.5908 0
      vertex -1.73553 13.4317 0
    endloop
  endfacet
  facet normal 0 0 -1
    outer loop
      vertex -12.5 10.0172 0
      vertex -1.73553 13.4317 0
      vertex -1.54866 13.2883 0
    endloop
  endfacet
  facet normal 0 0 -1
    outer loop
      vertex -12.5 10.0172 0
      vertex -1.35 13.1617 0
      vertex -12.5 3 0
    endloop
  endfacet
  facet normal -0 0 -1
    outer loop
      vertex -2.7 15.5 0
      vertex -8.40609 15.3605 0
      vertex -8.4 15.5 0
    endloop
  endfacet
  facet normal -0 0 -1
    outer loop
      vertex -2.68972 15.2647 0
      vertex -8.42431 15.2222 0
      vertex -8.40609 15.3605 0
    endloop
  endfacet
  facet normal 0 0 -1
    outer loop
      vertex -2.65898 15.0311 0
      vertex -8.45452 15.0859 0
      vertex -8.42431 15.2222 0
    endloop
  endfacet
  facet normal 0 0 -1
    outer loop
      vertex -2.608 14.8012 0
      vertex -8.49649 14.9528 0
      vertex -8.45452 15.0859 0
    endloop
  endfacet
  facet normal 0 0 -1
    outer loop
      vertex -2.53717 14.5765 0
      vertex -8.54991 14.8238 0
      vertex -8.49649 14.9528 0
    endloop
  endfacet
  facet normal 0 0 -1
    outer loop
      vertex -2.44703 14.3589 0
      vertex -8.61436 14.7 0
      vertex -8.54991 14.8238 0
    endloop
  endfacet
  facet normal 0 0 -1
    outer loop
      vertex -2.44703 14.3589 0
      vertex -8.68936 14.5823 0
      vertex -8.61436 14.7 0
    endloop
  endfacet
  facet normal 0 0 -1
    outer loop
      vertex -2.33827 14.15 0
      vertex -8.77433 14.4715 0
      vertex -8.68936 14.5823 0
    endloop
  endfacet
  facet normal 0 0 -1
    outer loop
      vertex -2.21171 13.9513 0
      vertex -8.86863 14.3686 0
      vertex -8.77433 14.4715 0
    endloop
  endfacet
  facet normal -0 0 -1
    outer loop
      vertex -1.35 13.1617 0
      vertex -12.5 10.0172 0
      vertex -1.54866 13.2883 0
    endloop
  endfacet
  facet normal 0 0 -1
    outer loop
      vertex -2.06832 13.7645 0
      vertex -8.97154 14.2743 0
      vertex -8.86863 14.3686 0
    endloop
  endfacet
  facet normal 0 0 -1
    outer loop
      vertex -1.90919 13.5908 0
      vertex -9.08228 14.1894 0
      vertex -8.97154 14.2743 0
    endloop
  endfacet
  facet normal -0 0 -1
    outer loop
      vertex -1.73553 13.4317 0
      vertex -12.5 10.0172 0
      vertex -9.2 14.1144 0
    endloop
  endfacet
  facet normal 0 0 -1
    outer loop
      vertex -1.73553 13.4317 0
      vertex -9.2 14.1144 0
      vertex -9.08228 14.1894 0
    endloop
  endfacet
  facet normal 0 0 -1
    outer loop
      vertex -9.2 14.1144 0
      vertex -12.5 10.0172 0
      vertex -9.32381 14.0499 0
    endloop
  endfacet
  facet normal 0 0 -1
    outer loop
      vertex -9.32381 14.0499 0
      vertex -12.5 10.0172 0
      vertex -9.45277 13.9965 0
    endloop
  endfacet
  facet normal 0 0 -1
    outer loop
      vertex -9.45277 13.9965 0
      vertex -12.5 10.0172 0
      vertex -9.58589 13.9545 0
    endloop
  endfacet
  facet normal 0 0 -1
    outer loop
      vertex -9.58589 13.9545 0
      vertex -12.5 10.0172 0
      vertex -9.72216 13.9243 0
    endloop
  endfacet
  facet normal 0 0 -1
    outer loop
      vertex -9.72216 13.9243 0
      vertex -12.5 10.0172 0
      vertex -9.86055 13.9061 0
    endloop
  endfacet
  facet normal 0 0 -1
    outer loop
      vertex -9.86055 13.9061 0
      vertex -12.5 10.0172 0
      vertex -10 13.9 0
    endloop
  endfacet
  facet normal -0 0 -1
    outer loop
      vertex -10 13.9 0
      vertex -12.5 10.0172 0
      vertex -10.1394 13.9061 0
    endloop
  endfacet
  facet normal -0 0 -1
    outer loop
      vertex -10.1394 13.9061 0
      vertex -12.5 10.0172 0
      vertex -10.2778 13.9243 0
    endloop
  endfacet
  facet normal -0 0 -1
    outer loop
      vertex -10.2778 13.9243 0
      vertex -12.5 10.0172 0
      vertex -10.4141 13.9545 0
    endloop
  endfacet
  facet normal -0 0 -1
    outer loop
      vertex -10.4141 13.9545 0
      vertex -12.5 10.0172 0
      vertex -10.5472 13.9965 0
    endloop
  endfacet
  facet normal -0 0 -1
    outer loop
      vertex -10.5472 13.9965 0
      vertex -12.5 10.0172 0
      vertex -10.6762 14.0499 0
    endloop
  endfacet
  facet normal -0 0 -1
    outer loop
      vertex -10.6762 14.0499 0
      vertex -12.5 10.0172 0
      vertex -10.8 14.1144 0
    endloop
  endfacet
  facet normal 0 0 -1
    outer loop
      vertex -13.8199 11.03 0
      vertex -10.8 14.1144 0
      vertex -12.5 10.0172 0
    endloop
  endfacet
  facet normal -0 0 -1
    outer loop
      vertex -10.8 14.1144 0
      vertex -13.8199 11.03 0
      vertex -10.9177 14.1894 0
    endloop
  endfacet
  facet normal -0 0 -1
    outer loop
      vertex -10.9177 14.1894 0
      vertex -13.8199 11.03 0
      vertex -11.0285 14.2743 0
    endloop
  endfacet
  facet normal -0 0 -1
    outer loop
      vertex -11.0285 14.2743 0
      vertex -13.8199 11.03 0
      vertex -11.1314 14.3686 0
    endloop
  endfacet
  facet normal -0 0 -1
    outer loop
      vertex -11.1314 14.3686 0
      vertex -13.8199 11.03 0
      vertex -11.2257 14.4715 0
    endloop
  endfacet
  facet normal -0 0 -1
    outer loop
      vertex -11.2257 14.4715 0
      vertex -13.8199 11.03 0
      vertex -11.3106 14.5823 0
    endloop
  endfacet
  facet normal 0 0 -1
    outer loop
      vertex -15.2028 12.2972 0
      vertex -11.3106 14.5823 0
      vertex -13.8199 11.03 0
    endloop
  endfacet
  facet normal -0 0 -1
    outer loop
      vertex -11.3106 14.5823 0
      vertex -15.2028 12.2972 0
      vertex -11.3856 14.7 0
    endloop
  endfacet
  facet normal -0 0 -1
    outer loop
      vertex -11.3856 14.7 0
      vertex -15.2028 12.2972 0
      vertex -11.4501 14.8238 0
    endloop
  endfacet
  facet normal -0 0 -1
    outer loop
      vertex -11.4501 14.8238 0
      vertex -15.2028 12.2972 0
      vertex -11.5035 14.9528 0
    endloop
  endfacet
  facet normal -0 0 -1
    outer loop
      vertex -11.5035 14.9528 0
      vertex -15.2028 12.2972 0
      vertex -11.5455 15.0859 0
    endloop
  endfacet
  facet normal -0 0 -1
    outer loop
      vertex -11.5455 15.0859 0
      vertex -15.2028 12.2972 0
      vertex -11.5757 15.2222 0
    endloop
  endfacet
  facet normal 0 0 -1
    outer loop
      vertex -16.47 13.6801 0
      vertex -11.5757 15.2222 0
      vertex -15.2028 12.2972 0
    endloop
  endfacet
  facet normal -0 0 -1
    outer loop
      vertex -11.5757 15.2222 0
      vertex -16.47 13.6801 0
      vertex -11.5939 15.3605 0
    endloop
  endfacet
  facet normal 0 0 -1
    outer loop
      vertex -11.6 15.5 0
      vertex -13.8199 43.97 0
      vertex -12.3319 45.1118 0
    endloop
  endfacet
  facet normal -0 0 -1
    outer loop
      vertex -11.5939 15.3605 0
      vertex -16.47 13.6801 0
      vertex -11.6 15.5 0
    endloop
  endfacet
  facet normal 0 0 -1
    outer loop
      vertex -11.6 15.5 0
      vertex -15.2028 42.7028 0
      vertex -13.8199 43.97 0
    endloop
  endfacet
  facet normal 0 0 -1
    outer loop
      vertex -17.6118 15.1681 0
      vertex -11.6 15.5 0
      vertex -16.47 13.6801 0
    endloop
  endfacet
  facet normal 0 0 -1
    outer loop
      vertex -11.6 15.5 0
      vertex -16.47 41.3199 0
      vertex -15.2028 42.7028 0
    endloop
  endfacet
  facet normal 0 0 -1
    outer loop
      vertex -18.6195 16.75 0
      vertex -11.6 15.5 0
      vertex -17.6118 15.1681 0
    endloop
  endfacet
  facet normal 0 0 -1
    outer loop
      vertex -11.6 15.5 0
      vertex -17.6118 39.8319 0
      vertex -16.47 41.3199 0
    endloop
  endfacet
  facet normal 0 0 -1
    outer loop
      vertex -19.4856 18.4137 0
      vertex -11.6 15.5 0
      vertex -18.6195 16.75 0
    endloop
  endfacet
  facet normal 0 0 -1
    outer loop
      vertex -11.6 15.5 0
      vertex -18.6195 38.25 0
      vertex -17.6118 39.8319 0
    endloop
  endfacet
  facet normal 0 0 -1
    outer loop
      vertex -20.2034 20.1466 0
      vertex -11.6 15.5 0
      vertex -19.4856 18.4137 0
    endloop
  endfacet
  facet normal 0 0 -1
    outer loop
      vertex -11.6 15.5 0
      vertex -19.4856 36.5863 0
      vertex -18.6195 38.25 0
    endloop
  endfacet
  facet normal 0 0 -1
    outer loop
      vertex -20.7674 21.9354 0
      vertex -11.6 15.5 0
      vertex -20.2034 20.1466 0
    endloop
  endfacet
  facet normal 0 0 -1
    outer loop
      vertex -11.6 15.5 0
      vertex -20.2034 34.8534 0
      vertex -19.4856 36.5863 0
    endloop
  endfacet
  facet normal 0 0 -1
    outer loop
      vertex -21.1734 23.7666 0
      vertex -11.6 15.5 0
      vertex -20.7674 21.9354 0
    endloop
  endfacet
  facet normal 0 0 -1
    outer loop
      vertex -11.6 15.5 0
      vertex -20.7674 33.0646 0
      vertex -20.2034 34.8534 0
    endloop
  endfacet
  facet normal 0 0 -1
    outer loop
      vertex -21.4182 25.6261 0
      vertex -11.6 15.5 0
      vertex -21.1734 23.7666 0
    endloop
  endfacet
  facet normal 0 0 -1
    outer loop
      vertex -11.6 15.5 0
      vertex -21.1734 31.2334 0
      vertex -20.7674 33.0646 0
    endloop
  endfacet
  facet normal 0 0 -1
    outer loop
      vertex -21.5 27.5 0
      vertex -11.6 15.5 0
      vertex -21.4182 25.6261 0
    endloop
  endfacet
  facet normal 0 0 -1
    outer loop
      vertex -11.6 15.5 0
      vertex -21.4182 29.3738 0
      vertex -21.1734 31.2334 0
    endloop
  endfacet
  facet normal 0 0 -1
    outer loop
      vertex -11.6 15.5 0
      vertex -21.5 27.5 0
      vertex -21.4182 29.3738 0
    endloop
  endfacet
  facet normal 0 0 -1
    outer loop
      vertex 21.4182 25.6261 0
      vertex 21.4182 29.3738 0
      vertex 21.5 27.5 0
    endloop
  endfacet
  facet normal 0 0 -1
    outer loop
      vertex 21.1734 23.7666 0
      vertex 21.4182 29.3738 0
      vertex 21.4182 25.6261 0
    endloop
  endfacet
  facet normal 0 0 -1
    outer loop
      vertex 21.1734 23.7666 0
      vertex 21.1734 31.2334 0
      vertex 21.4182 29.3738 0
    endloop
  endfacet
  facet normal 0 0 -1
    outer loop
      vertex 20.7674 21.9354 0
      vertex 21.1734 31.2334 0
      vertex 21.1734 23.7666 0
    endloop
  endfacet
  facet normal 0 0 -1
    outer loop
      vertex 20.7674 21.9354 0
      vertex 20.7674 33.0646 0
      vertex 21.1734 31.2334 0
    endloop
  endfacet
  facet normal 0 0 -1
    outer loop
      vertex 20.2034 20.1466 0
      vertex 20.7674 33.0646 0
      vertex 20.7674 21.9354 0
    endloop
  endfacet
  facet normal 0 0 -1
    outer loop
      vertex 20.2034 20.1466 0
      vertex 20.2034 34.8534 0
      vertex 20.7674 33.0646 0
    endloop
  endfacet
  facet normal 0 0 -1
    outer loop
      vertex 19.4856 18.4137 0
      vertex 20.2034 34.8534 0
      vertex 20.2034 20.1466 0
    endloop
  endfacet
  facet normal 0 0 -1
    outer loop
      vertex 19.4856 18.4137 0
      vertex 19.4856 36.5863 0
      vertex 20.2034 34.8534 0
    endloop
  endfacet
  facet normal 0 0 -1
    outer loop
      vertex 18.6195 16.75 0
      vertex 19.4856 36.5863 0
      vertex 19.4856 18.4137 0
    endloop
  endfacet
  facet normal 0 0 -1
    outer loop
      vertex 18.6195 16.75 0
      vertex 18.6195 38.25 0
      vertex 19.4856 36.5863 0
    endloop
  endfacet
  facet normal 0 0 -1
    outer loop
      vertex 17.6118 15.1681 0
      vertex 18.6195 38.25 0
      vertex 18.6195 16.75 0
    endloop
  endfacet
  facet normal 0 0 -1
    outer loop
      vertex 17.6118 15.1681 0
      vertex 17.6118 39.8319 0
      vertex 18.6195 38.25 0
    endloop
  endfacet
  facet normal 0 0 -1
    outer loop
      vertex 16.47 13.6801 0
      vertex 17.6118 39.8319 0
      vertex 17.6118 15.1681 0
    endloop
  endfacet
  facet normal 0 0 -1
    outer loop
      vertex 16.47 13.6801 0
      vertex 16.47 41.3199 0
      vertex 17.6118 39.8319 0
    endloop
  endfacet
  facet normal 0 0 -1
    outer loop
      vertex 15.2028 12.2972 0
      vertex 16.47 41.3199 0
      vertex 16.47 13.6801 0
    endloop
  endfacet
  facet normal 0 0 -1
    outer loop
      vertex 15.2028 12.2972 0
      vertex 15.2028 42.7028 0
      vertex 16.47 41.3199 0
    endloop
  endfacet
  facet normal 0 0 -1
    outer loop
      vertex 13.8199 11.03 0
      vertex 15.2028 42.7028 0
      vertex 15.2028 12.2972 0
    endloop
  endfacet
  facet normal 0 0 -1
    outer loop
      vertex 13.8199 11.03 0
      vertex 13.8199 43.97 0
      vertex 15.2028 42.7028 0
    endloop
  endfacet
  facet normal 0 0 -1
    outer loop
      vertex 12.5 10.0172 0
      vertex 13.8199 43.97 0
      vertex 13.8199 11.03 0
    endloop
  endfacet
  facet normal -0 0 -1
    outer loop
      vertex 13.8199 43.97 0
      vertex 12.5 10.0172 0
      vertex 12.3319 45.1118 0
    endloop
  endfacet
  facet normal 0 0 -1
    outer loop
      vertex 12.5 10.0172 0
      vertex 11.5939 15.6394 0
      vertex 12.3319 45.1118 0
    endloop
  endfacet
  facet normal 0 0 -1
    outer loop
      vertex 11.5757 15.7778 0
      vertex 12.3319 45.1118 0
      vertex 11.5939 15.6394 0
    endloop
  endfacet
  facet normal 0 0 -1
    outer loop
      vertex 11.5455 15.9141 0
      vertex 12.3319 45.1118 0
      vertex 11.5757 15.7778 0
    endloop
  endfacet
  facet normal 0 0 -1
    outer loop
      vertex 11.5035 16.0472 0
      vertex 12.3319 45.1118 0
      vertex 11.5455 15.9141 0
    endloop
  endfacet
  facet normal 0 0 -1
    outer loop
      vertex 11.4501 16.1762 0
      vertex 12.3319 45.1118 0
      vertex 11.5035 16.0472 0
    endloop
  endfacet
  facet normal 0 0 -1
    outer loop
      vertex 11.3856 16.3 0
      vertex 12.3319 45.1118 0
      vertex 11.4501 16.1762 0
    endloop
  endfacet
  facet normal 0 0 -1
    outer loop
      vertex 11.3106 16.4177 0
      vertex 12.3319 45.1118 0
      vertex 11.3856 16.3 0
    endloop
  endfacet
  facet normal 0 0 -1
    outer loop
      vertex 11.2257 16.5285 0
      vertex 12.3319 45.1118 0
      vertex 11.3106 16.4177 0
    endloop
  endfacet
  facet normal 0 0 -1
    outer loop
      vertex 11.1314 16.6314 0
      vertex 12.3319 45.1118 0
      vertex 11.2257 16.5285 0
    endloop
  endfacet
  facet normal 0 0 -1
    outer loop
      vertex 11.0285 16.7257 0
      vertex 12.3319 45.1118 0
      vertex 11.1314 16.6314 0
    endloop
  endfacet
  facet normal 0 0 -1
    outer loop
      vertex 10.9177 16.8106 0
      vertex 12.3319 45.1118 0
      vertex 11.0285 16.7257 0
    endloop
  endfacet
  facet normal 0 0 -1
    outer loop
      vertex 10.8 16.8856 0
      vertex 12.3319 45.1118 0
      vertex 10.9177 16.8106 0
    endloop
  endfacet
  facet normal 0 0 -1
    outer loop
      vertex 10.6762 16.9501 0
      vertex 12.3319 45.1118 0
      vertex 10.8 16.8856 0
    endloop
  endfacet
  facet normal 0 0 -1
    outer loop
      vertex 10.5472 17.0035 0
      vertex 12.3319 45.1118 0
      vertex 10.6762 16.9501 0
    endloop
  endfacet
  facet normal 0 0 -1
    outer loop
      vertex 10.4141 17.0455 0
      vertex 12.3319 45.1118 0
      vertex 10.5472 17.0035 0
    endloop
  endfacet
  facet normal 0 0 -1
    outer loop
      vertex 10.2778 17.0757 0
      vertex 12.3319 45.1118 0
      vertex 10.4141 17.0455 0
    endloop
  endfacet
  facet normal 0 0 -1
    outer loop
      vertex 10.1394 17.0939 0
      vertex 12.3319 45.1118 0
      vertex 10.2778 17.0757 0
    endloop
  endfacet
  facet normal 0 0 -1
    outer loop
      vertex 10 17.1 0
      vertex 12.3319 45.1118 0
      vertex 10.1394 17.0939 0
    endloop
  endfacet
  facet normal 0 0 -1
    outer loop
      vertex 9.86055 17.0939 0
      vertex 12.3319 45.1118 0
      vertex 10 17.1 0
    endloop
  endfacet
  facet normal 0 0 -1
    outer loop
      vertex 9.72216 17.0757 0
      vertex 12.3319 45.1118 0
      vertex 9.86055 17.0939 0
    endloop
  endfacet
  facet normal 0 0 -1
    outer loop
      vertex 9.58589 17.0455 0
      vertex 12.3319 45.1118 0
      vertex 9.72216 17.0757 0
    endloop
  endfacet
  facet normal 0 0 -1
    outer loop
      vertex 9.45277 17.0035 0
      vertex 12.3319 45.1118 0
      vertex 9.58589 17.0455 0
    endloop
  endfacet
  facet normal 0 0 -1
    outer loop
      vertex 9.32381 16.9501 0
      vertex 12.3319 45.1118 0
      vertex 9.45277 17.0035 0
    endloop
  endfacet
  facet normal -0 0 -1
    outer loop
      vertex 12.3319 45.1118 0
      vertex 9.32381 16.9501 0
      vertex 10.75 46.1195 0
    endloop
  endfacet
  facet normal 0 0 -1
    outer loop
      vertex 7.35342 47.7034 0
      vertex 9.32381 16.9501 0
      vertex 9.2 16.8856 0
    endloop
  endfacet
  facet normal 0 0 -1
    outer loop
      vertex 9.32381 16.9501 0
      vertex 9.08629 46.9856 0
      vertex 10.75 46.1195 0
    endloop
  endfacet
  facet normal 0 0 -1
    outer loop
      vertex 5.56461 48.2674 0
      vertex 9.2 16.8856 0
      vertex 9.08228 16.8106 0
    endloop
  endfacet
  facet normal 0 0 -1
    outer loop
      vertex 5.56461 48.2674 0
      vertex 9.08228 16.8106 0
      vertex 8.97154 16.7257 0
    endloop
  endfacet
  facet normal 0 0 -1
    outer loop
      vertex 5.56461 48.2674 0
      vertex 8.97154 16.7257 0
      vertex 8.86863 16.6314 0
    endloop
  endfacet
  facet normal 0 0 -1
    outer loop
      vertex 5.56461 48.2674 0
      vertex 8.86863 16.6314 0
      vertex 8.77433 16.5285 0
    endloop
  endfacet
  facet normal 0 0 -1
    outer loop
      vertex 5.56461 48.2674 0
      vertex 8.77433 16.5285 0
      vertex 8.68936 16.4177 0
    endloop
  endfacet
  facet normal 0 0 -1
    outer loop
      vertex 5.56461 48.2674 0
      vertex 8.68936 16.4177 0
      vertex 8.61436 16.3 0
    endloop
  endfacet
  facet normal 0 0 -1
    outer loop
      vertex 5.56461 48.2674 0
      vertex 8.61436 16.3 0
      vertex 8.54991 16.1762 0
    endloop
  endfacet
  facet normal 0 0 -1
    outer loop
      vertex 5.56461 48.2674 0
      vertex 8.54991 16.1762 0
      vertex 8.49649 16.0472 0
    endloop
  endfacet
  facet normal 0 0 -1
    outer loop
      vertex 5.56461 48.2674 0
      vertex 8.49649 16.0472 0
      vertex 8.45452 15.9141 0
    endloop
  endfacet
  facet normal 0 0 -1
    outer loop
      vertex 5.56461 48.2674 0
      vertex 8.45452 15.9141 0
      vertex 8.42431 15.7778 0
    endloop
  endfacet
  facet normal 0 0 -1
    outer loop
      vertex 5.56461 48.2674 0
      vertex 8.42431 15.7778 0
      vertex 8.40609 15.6394 0
    endloop
  endfacet
  facet normal 0 0 -1
    outer loop
      vertex 2.7 15.5 0
      vertex 8.40609 15.6394 0
      vertex 8.4 15.5 0
    endloop
  endfacet
  facet normal 0 0 -1
    outer loop
      vertex 9.32381 16.9501 0
      vertex 7.35342 47.7034 0
      vertex 9.08629 46.9856 0
    endloop
  endfacet
  facet normal 0 0 -1
    outer loop
      vertex 8.40609 15.6394 0
      vertex 2.68972 15.7353 0
      vertex 2.65898 15.9688 0
    endloop
  endfacet
  facet normal 0 0 -1
    outer loop
      vertex 8.40609 15.6394 0
      vertex 2.65898 15.9688 0
      vertex 2.608 16.1988 0
    endloop
  endfacet
  facet normal 0 0 -1
    outer loop
      vertex 8.40609 15.6394 0
      vertex 2.608 16.1988 0
      vertex 2.53717 16.4235 0
    endloop
  endfacet
  facet normal 0 0 -1
    outer loop
      vertex 8.40609 15.6394 0
      vertex 2.53717 16.4235 0
      vertex 2.44703 16.6411 0
    endloop
  endfacet
  facet normal 0 0 -1
    outer loop
      vertex 8.40609 15.6394 0
      vertex 2.44703 16.6411 0
      vertex 2.33827 16.85 0
    endloop
  endfacet
  facet normal 0 0 -1
    outer loop
      vertex 8.40609 15.6394 0
      vertex 2.33827 16.85 0
      vertex 2.21171 17.0487 0
    endloop
  endfacet
  facet normal 0 0 -1
    outer loop
      vertex 8.40609 15.6394 0
      vertex 2.21171 17.0487 0
      vertex 2.06832 17.2355 0
    endloop
  endfacet
  facet normal 0 0 -1
    outer loop
      vertex 8.40609 15.6394 0
      vertex 2.06832 17.2355 0
      vertex 1.90919 17.4092 0
    endloop
  endfacet
  facet normal 0 0 -1
    outer loop
      vertex 8.40609 15.6394 0
      vertex 1.90919 17.4092 0
      vertex 1.73553 17.5683 0
    endloop
  endfacet
  facet normal 0 0 -1
    outer loop
      vertex 8.40609 15.6394 0
      vertex 1.73553 17.5683 0
      vertex 1.54866 17.7117 0
    endloop
  endfacet
  facet normal 0 0 -1
    outer loop
      vertex 8.40609 15.6394 0
      vertex 1.54866 17.7117 0
      vertex 1.35 17.8383 0
    endloop
  endfacet
  facet normal 0 0 -1
    outer loop
      vertex 1.14107 17.947 0
      vertex 5.56461 48.2674 0
      vertex 1.35 17.8383 0
    endloop
  endfacet
  facet normal 0 0 -1
    outer loop
      vertex 0.923454 18.0372 0
      vertex 5.56461 48.2674 0
      vertex 1.14107 17.947 0
    endloop
  endfacet
  facet normal 0 0 -1
    outer loop
      vertex 0.698811 18.108 0
      vertex 5.56461 48.2674 0
      vertex 0.923454 18.0372 0
    endloop
  endfacet
  facet normal 0 0 -1
    outer loop
      vertex 0.468849 18.159 0
      vertex 5.56461 48.2674 0
      vertex 0.698811 18.108 0
    endloop
  endfacet
  facet normal 0 0 -1
    outer loop
      vertex 0.23532 18.1897 0
      vertex 5.56461 48.2674 0
      vertex 0.468849 18.159 0
    endloop
  endfacet
  facet normal -0 0 -1
    outer loop
      vertex 5.56461 48.2674 0
      vertex 0.23532 18.1897 0
      vertex 3.73343 48.6734 0
    endloop
  endfacet
  facet normal -0 0 -1
    outer loop
      vertex 3.73343 48.6734 0
      vertex 0.23532 18.1897 0
      vertex 1.87384 48.9182 0
    endloop
  endfacet
  facet normal 0 0 -1
    outer loop
      vertex 0 18.2 0
      vertex 1.87384 48.9182 0
      vertex 0.23532 18.1897 0
    endloop
  endfacet
  facet normal 0 0 -1
    outer loop
      vertex 0 18.2 0
      vertex 0 49 0
      vertex 1.87384 48.9182 0
    endloop
  endfacet
  facet normal 0 0 -1
    outer loop
      vertex -1.87384 48.9182 0
      vertex 0 18.2 0
      vertex -0.23532 18.1897 0
    endloop
  endfacet
  facet normal 0 0 -1
    outer loop
      vertex -5.56461 48.2674 0
      vertex -0.23532 18.1897 0
      vertex -0.468849 18.159 0
    endloop
  endfacet
  facet normal 0 0 -1
    outer loop
      vertex -5.56461 48.2674 0
      vertex -0.468849 18.159 0
      vertex -0.698811 18.108 0
    endloop
  endfacet
  facet normal 0 0 -1
    outer loop
      vertex -5.56461 48.2674 0
      vertex -0.698811 18.108 0
      vertex -0.923454 18.0372 0
    endloop
  endfacet
  facet normal 0 0 -1
    outer loop
      vertex -5.56461 48.2674 0
      vertex -0.923454 18.0372 0
      vertex -1.14107 17.947 0
    endloop
  endfacet
  facet normal 0 0 -1
    outer loop
      vertex -5.56461 48.2674 0
      vertex -1.14107 17.947 0
      vertex -1.35 17.8383 0
    endloop
  endfacet
  facet normal 0 0 -1
    outer loop
      vertex -5.56461 48.2674 0
      vertex -1.35 17.8383 0
      vertex -1.54866 17.7117 0
    endloop
  endfacet
  facet normal 0 0 -1
    outer loop
      vertex -5.56461 48.2674 0
      vertex -1.54866 17.7117 0
      vertex -1.73553 17.5683 0
    endloop
  endfacet
  facet normal 0 0 -1
    outer loop
      vertex 0 18.2 0
      vertex -1.87384 48.9182 0
      vertex 0 49 0
    endloop
  endfacet
  facet normal 0 0 -1
    outer loop
      vertex -5.56461 48.2674 0
      vertex -1.73553 17.5683 0
      vertex -1.90919 17.4092 0
    endloop
  endfacet
  facet normal 0 0 -1
    outer loop
      vertex -5.56461 48.2674 0
      vertex -1.90919 17.4092 0
      vertex -2.06832 17.2355 0
    endloop
  endfacet
  facet normal 0 0 -1
    outer loop
      vertex -5.56461 48.2674 0
      vertex -2.06832 17.2355 0
      vertex -2.21171 17.0487 0
    endloop
  endfacet
  facet normal 0 0 -1
    outer loop
      vertex -5.56461 48.2674 0
      vertex -2.21171 17.0487 0
      vertex -2.33827 16.85 0
    endloop
  endfacet
  facet normal 0 0 -1
    outer loop
      vertex -5.56461 48.2674 0
      vertex -2.33827 16.85 0
      vertex -2.44703 16.6411 0
    endloop
  endfacet
  facet normal 0 0 -1
    outer loop
      vertex -5.56461 48.2674 0
      vertex -2.44703 16.6411 0
      vertex -2.53717 16.4235 0
    endloop
  endfacet
  facet normal 0 0 -1
    outer loop
      vertex -5.56461 48.2674 0
      vertex -2.53717 16.4235 0
      vertex -2.608 16.1988 0
    endloop
  endfacet
  facet normal 0 0 -1
    outer loop
      vertex -5.56461 48.2674 0
      vertex -2.608 16.1988 0
      vertex -2.65898 15.9688 0
    endloop
  endfacet
  facet normal 0 0 -1
    outer loop
      vertex -5.56461 48.2674 0
      vertex -2.65898 15.9688 0
      vertex -2.68972 15.7353 0
    endloop
  endfacet
  facet normal 0 0 -1
    outer loop
      vertex -8.40609 15.6394 0
      vertex -2.68972 15.7353 0
      vertex -2.7 15.5 0
    endloop
  endfacet
  facet normal 0 0 -1
    outer loop
      vertex -0.23532 18.1897 0
      vertex -3.73343 48.6734 0
      vertex -1.87384 48.9182 0
    endloop
  endfacet
  facet normal -0 0 -1
    outer loop
      vertex -2.68972 15.7353 0
      vertex -8.40609 15.6394 0
      vertex -8.42431 15.7778 0
    endloop
  endfacet
  facet normal 0 0 -1
    outer loop
      vertex -2.68972 15.7353 0
      vertex -8.42431 15.7778 0
      vertex -8.45452 15.9141 0
    endloop
  endfacet
  facet normal 0 0 -1
    outer loop
      vertex -2.68972 15.7353 0
      vertex -8.45452 15.9141 0
      vertex -8.49649 16.0472 0
    endloop
  endfacet
  facet normal 0 0 -1
    outer loop
      vertex -2.68972 15.7353 0
      vertex -8.49649 16.0472 0
      vertex -8.54991 16.1762 0
    endloop
  endfacet
  facet normal 0 0 -1
    outer loop
      vertex -2.68972 15.7353 0
      vertex -8.54991 16.1762 0
      vertex -8.61436 16.3 0
    endloop
  endfacet
  facet normal 0 0 -1
    outer loop
      vertex -2.68972 15.7353 0
      vertex -8.61436 16.3 0
      vertex -8.68936 16.4177 0
    endloop
  endfacet
  facet normal 0 0 -1
    outer loop
      vertex -2.68972 15.7353 0
      vertex -8.68936 16.4177 0
      vertex -8.77433 16.5285 0
    endloop
  endfacet
  facet normal 0 0 -1
    outer loop
      vertex -2.68972 15.7353 0
      vertex -8.77433 16.5285 0
      vertex -8.86863 16.6314 0
    endloop
  endfacet
  facet normal 0 0 -1
    outer loop
      vertex -2.68972 15.7353 0
      vertex -8.86863 16.6314 0
      vertex -8.97154 16.7257 0
    endloop
  endfacet
  facet normal 0 0 -1
    outer loop
      vertex -2.68972 15.7353 0
      vertex -8.97154 16.7257 0
      vertex -9.08228 16.8106 0
    endloop
  endfacet
  facet normal 0 0 -1
    outer loop
      vertex -2.68972 15.7353 0
      vertex -9.08228 16.8106 0
      vertex -9.2 16.8856 0
    endloop
  endfacet
  facet normal 0 0 -1
    outer loop
      vertex -2.68972 15.7353 0
      vertex -9.2 16.8856 0
      vertex -9.32381 16.9501 0
    endloop
  endfacet
  facet normal 0 0 -1
    outer loop
      vertex -12.3319 45.1118 0
      vertex -2.68972 15.7353 0
      vertex -9.32381 16.9501 0
    endloop
  endfacet
  facet normal 0 0 -1
    outer loop
      vertex -2.68972 15.7353 0
      vertex -9.08629 46.9856 0
      vertex -7.35342 47.7034 0
    endloop
  endfacet
  facet normal 0 0 -1
    outer loop
      vertex -12.3319 45.1118 0
      vertex -9.32381 16.9501 0
      vertex -9.45277 17.0035 0
    endloop
  endfacet
  facet normal 0 0 -1
    outer loop
      vertex -12.3319 45.1118 0
      vertex -9.45277 17.0035 0
      vertex -9.58589 17.0455 0
    endloop
  endfacet
  facet normal 0 0 -1
    outer loop
      vertex -12.3319 45.1118 0
      vertex -9.58589 17.0455 0
      vertex -9.72216 17.0757 0
    endloop
  endfacet
  facet normal 0 0 -1
    outer loop
      vertex -12.3319 45.1118 0
      vertex -9.72216 17.0757 0
      vertex -9.86055 17.0939 0
    endloop
  endfacet
  facet normal 0 0 -1
    outer loop
      vertex -12.3319 45.1118 0
      vertex -9.86055 17.0939 0
      vertex -10 17.1 0
    endloop
  endfacet
  facet normal 0 0 -1
    outer loop
      vertex -12.3319 45.1118 0
      vertex -10 17.1 0
      vertex -10.1394 17.0939 0
    endloop
  endfacet
  facet normal 0 0 -1
    outer loop
      vertex -12.3319 45.1118 0
      vertex -10.1394 17.0939 0
      vertex -10.2778 17.0757 0
    endloop
  endfacet
  facet normal 0 0 -1
    outer loop
      vertex -12.3319 45.1118 0
      vertex -10.2778 17.0757 0
      vertex -10.4141 17.0455 0
    endloop
  endfacet
  facet normal 0 0 -1
    outer loop
      vertex -12.3319 45.1118 0
      vertex -10.4141 17.0455 0
      vertex -10.5472 17.0035 0
    endloop
  endfacet
  facet normal 0 0 -1
    outer loop
      vertex -12.3319 45.1118 0
      vertex -10.5472 17.0035 0
      vertex -10.6762 16.9501 0
    endloop
  endfacet
  facet normal 0 0 -1
    outer loop
      vertex -2.68972 15.7353 0
      vertex -10.75 46.1195 0
      vertex -9.08629 46.9856 0
    endloop
  endfacet
  facet normal 0 0 -1
    outer loop
      vertex -12.3319 45.1118 0
      vertex -10.6762 16.9501 0
      vertex -10.8 16.8856 0
    endloop
  endfacet
  facet normal 0 0 -1
    outer loop
      vertex -12.3319 45.1118 0
      vertex -10.8 16.8856 0
      vertex -10.9177 16.8106 0
    endloop
  endfacet
  facet normal 0 0 -1
    outer loop
      vertex -12.3319 45.1118 0
      vertex -10.9177 16.8106 0
      vertex -11.0285 16.7257 0
    endloop
  endfacet
  facet normal 0 0 -1
    outer loop
      vertex -12.3319 45.1118 0
      vertex -11.0285 16.7257 0
      vertex -11.1314 16.6314 0
    endloop
  endfacet
  facet normal 0 0 -1
    outer loop
      vertex -12.3319 45.1118 0
      vertex -11.1314 16.6314 0
      vertex -11.2257 16.5285 0
    endloop
  endfacet
  facet normal 0 0 -1
    outer loop
      vertex -12.3319 45.1118 0
      vertex -11.2257 16.5285 0
      vertex -11.3106 16.4177 0
    endloop
  endfacet
  facet normal 0 0 -1
    outer loop
      vertex -12.3319 45.1118 0
      vertex -11.3106 16.4177 0
      vertex -11.3856 16.3 0
    endloop
  endfacet
  facet normal 0 0 -1
    outer loop
      vertex -12.3319 45.1118 0
      vertex -11.3856 16.3 0
      vertex -11.4501 16.1762 0
    endloop
  endfacet
  facet normal 0 0 -1
    outer loop
      vertex -12.3319 45.1118 0
      vertex -11.4501 16.1762 0
      vertex -11.5035 16.0472 0
    endloop
  endfacet
  facet normal 0 0 -1
    outer loop
      vertex -12.3319 45.1118 0
      vertex -11.5035 16.0472 0
      vertex -11.5455 15.9141 0
    endloop
  endfacet
  facet normal 0 0 -1
    outer loop
      vertex -12.3319 45.1118 0
      vertex -11.5455 15.9141 0
      vertex -11.5757 15.7778 0
    endloop
  endfacet
  facet normal 0 0 -1
    outer loop
      vertex -12.3319 45.1118 0
      vertex -11.5757 15.7778 0
      vertex -11.5939 15.6394 0
    endloop
  endfacet
  facet normal 0 0 -1
    outer loop
      vertex -12.3319 45.1118 0
      vertex -11.5939 15.6394 0
      vertex -11.6 15.5 0
    endloop
  endfacet
  facet normal 0 0 -1
    outer loop
      vertex -2.68972 15.7353 0
      vertex -12.3319 45.1118 0
      vertex -10.75 46.1195 0
    endloop
  endfacet
  facet normal 0 0 -1
    outer loop
      vertex 7.35342 47.7034 3
      vertex 7.35343 47.7034 3
      vertex 9.08629 46.9856 3
    endloop
  endfacet
  facet normal 0 0 -1
    outer loop
      vertex 7.35342 47.7034 3
      vertex 5.56461 48.2674 3
      vertex 7.35343 47.7034 3
    endloop
  endfacet
  facet normal 0 0 -1
    outer loop
      vertex 3.73343 48.6734 3
      vertex 3.73344 48.6734 3
      vertex 5.56461 48.2674 3
    endloop
  endfacet
  facet normal 0 0 -1
    outer loop
      vertex 3.73343 48.6734 3
      vertex 1.87385 48.9182 3
      vertex 3.73344 48.6734 3
    endloop
  endfacet
  facet normal 0 0 -1
    outer loop
      vertex 1.87384 48.9182 3
      vertex 1.87385 48.9182 3
      vertex 3.73343 48.6734 3
    endloop
  endfacet
  facet normal 0 0 -1
    outer loop
      vertex 1.87385 48.9182 3
      vertex 1.87384 48.9182 3
      vertex 0 49 3
    endloop
  endfacet
  facet normal -0 0 1
    outer loop
      vertex 21.4182 25.6262 3
      vertex 21.4182 25.6261 3
      vertex 21.5 27.5 3
    endloop
  endfacet
  facet normal 0 0 1
    outer loop
      vertex 21.1734 23.7666 3
      vertex 21.4182 25.6261 3
      vertex 21.4182 25.6262 3
    endloop
  endfacet
  facet normal 0 0 -1
    outer loop
      vertex -1.87384 48.9182 3
      vertex -1.87385 48.9182 3
      vertex 0 49 3
    endloop
  endfacet
  facet normal 0 0 -1
    outer loop
      vertex -3.73343 48.6734 3
      vertex -1.87385 48.9182 3
      vertex -1.87384 48.9182 3
    endloop
  endfacet
  facet normal 0 0 -1
    outer loop
      vertex -3.73343 48.6734 3
      vertex -3.73344 48.6734 3
      vertex -1.87385 48.9182 3
    endloop
  endfacet
  facet normal 0 0 -1
    outer loop
      vertex -5.56461 48.2674 3
      vertex -3.73344 48.6734 3
      vertex -3.73343 48.6734 3
    endloop
  endfacet
  facet normal 0 0 -1
    outer loop
      vertex -7.35342 47.7034 3
      vertex -7.35343 47.7034 3
      vertex -5.56461 48.2674 3
    endloop
  endfacet
  facet normal 0 0 -1
    outer loop
      vertex -9.08629 46.9856 3
      vertex -7.35343 47.7034 3
      vertex -7.35342 47.7034 3
    endloop
  endfacet
  facet normal 0 0 1
    outer loop
      vertex -21.4182 25.6262 3
      vertex -21.4182 25.6261 3
      vertex -21.1734 23.7666 3
    endloop
  endfacet
  facet normal 0 -0 1
    outer loop
      vertex -21.4182 25.6261 3
      vertex -21.4182 25.6262 3
      vertex -21.5 27.5 3
    endloop
  endfacet
  facet normal 0 0 1
    outer loop
      vertex -20.2034 20.1466 3
      vertex -19.4856 18.4137 3
      vertex -18.6195 16.75 3
    endloop
  endfacet
  facet normal 0 0 -1
    outer loop
      vertex -19.4856 18.4137 3
      vertex -20.2034 20.1466 3
      vertex -18.6195 16.75 3
    endloop
  endfacet
  facet normal -0 0 1
    outer loop
      vertex 12.3319 9.88823 3
      vertex 12.5 3 3
      vertex 12.5 10.0172 3
    endloop
  endfacet
  facet normal -0 0 1
    outer loop
      vertex 10.75 8.88045 3
      vertex 12.5 3 3
      vertex 12.3319 9.88823 3
    endloop
  endfacet
  facet normal -0 0 1
    outer loop
      vertex 9.08629 8.01438 3
      vertex 12.5 3 3
      vertex 10.75 8.88045 3
    endloop
  endfacet
  facet normal -0 0 1
    outer loop
      vertex 7.35343 7.29661 3
      vertex 12.5 3 3
      vertex 9.08629 8.01438 3
    endloop
  endfacet
  facet normal -0 0 1
    outer loop
      vertex 5.56461 6.73259 3
      vertex 12.5 3 3
      vertex 7.35343 7.29661 3
    endloop
  endfacet
  facet normal -0 0 1
    outer loop
      vertex 3.73344 6.32663 3
      vertex 12.5 3 3
      vertex 5.56461 6.73259 3
    endloop
  endfacet
  facet normal -0 0 1
    outer loop
      vertex 1.87385 6.08181 3
      vertex 12.5 3 3
      vertex 3.73344 6.32663 3
    endloop
  endfacet
  facet normal -0 0 1
    outer loop
      vertex 0 6 3
      vertex 12.5 3 3
      vertex 1.87385 6.08181 3
    endloop
  endfacet
  facet normal 0 0 1
    outer loop
      vertex -12.5 3 3
      vertex 0 6 3
      vertex -1.87385 6.08181 3
    endloop
  endfacet
  facet normal 0 0 1
    outer loop
      vertex -12.5 3 3
      vertex -1.87385 6.08181 3
      vertex -3.73344 6.32663 3
    endloop
  endfacet
  facet normal 0 0 1
    outer loop
      vertex 0 6 3
      vertex -12.5 3 3
      vertex 12.5 3 3
    endloop
  endfacet
  facet normal 0 0 1
    outer loop
      vertex -5.56461 6.73259 3
      vertex -12.5 3 3
      vertex -3.73344 6.32663 3
    endloop
  endfacet
  facet normal 0 0 1
    outer loop
      vertex -7.35343 7.29661 3
      vertex -12.5 3 3
      vertex -5.56461 6.73259 3
    endloop
  endfacet
  facet normal 0 0 1
    outer loop
      vertex -9.08629 8.01438 3
      vertex -12.5 3 3
      vertex -7.35343 7.29661 3
    endloop
  endfacet
  facet normal 0 0 1
    outer loop
      vertex -10.75 8.88045 3
      vertex -12.5 3 3
      vertex -9.08629 8.01438 3
    endloop
  endfacet
  facet normal 0 0 1
    outer loop
      vertex -12.3319 9.88823 3
      vertex -12.5 3 3
      vertex -10.75 8.88045 3
    endloop
  endfacet
  facet normal 0 0 1
    outer loop
      vertex -12.5 3 3
      vertex -12.3319 9.88823 3
      vertex -12.5 10.0172 3
    endloop
  endfacet
  facet normal 0.608842 -0.793292 0
    outer loop
      vertex 12.5 10.0172 0
      vertex 12.8002 10.2476 3
      vertex 12.5 10.0172 3
    endloop
  endfacet
  facet normal 0.608763 -0.793352 1.25022e-05
    outer loop
      vertex 13.8199 11.03 0
      vertex 12.8002 10.2476 3
      vertex 12.5 10.0172 0
    endloop
  endfacet
  facet normal 0.60874 -0.79337 0
    outer loop
      vertex 12.8002 10.2476 3
      vertex 13.8199 11.03 0
      vertex 13.8199 11.03 3
    endloop
  endfacet
  facet normal 0.675592 -0.737276 0
    outer loop
      vertex 13.8199 11.03 0
      vertex 15.2028 12.2972 3
      vertex 13.8199 11.03 3
    endloop
  endfacet
  facet normal 0.675592 -0.737276 0
    outer loop
      vertex 15.2028 12.2972 3
      vertex 13.8199 11.03 0
      vertex 15.2028 12.2972 0
    endloop
  endfacet
  facet normal 0.737276 -0.675592 0
    outer loop
      vertex 15.2028 12.2972 3
      vertex 16.47 13.6801 0
      vertex 16.47 13.6801 3
    endloop
  endfacet
  facet normal 0.737276 -0.675592 0
    outer loop
      vertex 16.47 13.6801 0
      vertex 15.2028 12.2972 3
      vertex 15.2028 12.2972 0
    endloop
  endfacet
  facet normal 0.793323 -0.608801 0
    outer loop
      vertex 16.945 14.2992 3
      vertex 17.6118 15.1681 0
      vertex 17.6118 15.1681 3
    endloop
  endfacet
  facet normal 0.793386 -0.608719 0
    outer loop
      vertex 16.47 13.6801 0
      vertex 16.945 14.2992 3
      vertex 16.47 13.6801 3
    endloop
  endfacet
  facet normal 0.793349 -0.608767 1.5707e-05
    outer loop
      vertex 16.945 14.2992 3
      vertex 16.47 13.6801 0
      vertex 17.6118 15.1681 0
    endloop
  endfacet
  facet normal 0.843411 -0.537269 0
    outer loop
      vertex 17.6118 15.1681 3
      vertex 18.6195 16.75 0
      vertex 18.6195 16.75 3
    endloop
  endfacet
  facet normal 0.843411 -0.537269 0
    outer loop
      vertex 18.6195 16.75 0
      vertex 17.6118 15.1681 3
      vertex 17.6118 15.1681 0
    endloop
  endfacet
  facet normal 0.887004 -0.461762 0
    outer loop
      vertex 18.6195 16.75 3
      vertex 19.4856 18.4137 0
      vertex 19.4856 18.4137 3
    endloop
  endfacet
  facet normal 0.887004 -0.461762 0
    outer loop
      vertex 19.4856 18.4137 0
      vertex 18.6195 16.75 3
      vertex 18.6195 16.75 0
    endloop
  endfacet
  facet normal 0.923878 -0.382688 0
    outer loop
      vertex 19.4856 18.4137 3
      vertex 20.2034 20.1466 0
      vertex 20.2034 20.1466 3
    endloop
  endfacet
  facet normal 0.923878 -0.382688 0
    outer loop
      vertex 20.2034 20.1466 0
      vertex 19.4856 18.4137 3
      vertex 19.4856 18.4137 0
    endloop
  endfacet
  facet normal 0.953718 -0.300703 0
    outer loop
      vertex 20.2034 20.1466 3
      vertex 20.7674 21.9354 0
      vertex 20.7674 21.9354 3
    endloop
  endfacet
  facet normal 0.953718 -0.300703 0
    outer loop
      vertex 20.7674 21.9354 0
      vertex 20.2034 20.1466 3
      vertex 20.2034 20.1466 0
    endloop
  endfacet
  facet normal 0.976292 -0.216456 0
    outer loop
      vertex 20.7674 21.9354 3
      vertex 21.1734 23.7666 0
      vertex 21.1734 23.7666 3
    endloop
  endfacet
  facet normal 0.976292 -0.216456 0
    outer loop
      vertex 21.1734 23.7666 0
      vertex 20.7674 21.9354 3
      vertex 20.7674 21.9354 0
    endloop
  endfacet
  facet normal 0.991445 -0.130522 0
    outer loop
      vertex 21.1734 23.7666 3
      vertex 21.4182 25.6261 0
      vertex 21.4182 25.6261 3
    endloop
  endfacet
  facet normal 0.991445 -0.130522 0
    outer loop
      vertex 21.4182 25.6261 0
      vertex 21.1734 23.7666 3
      vertex 21.1734 23.7666 0
    endloop
  endfacet
  facet normal 0.999049 -0.0436107 0
    outer loop
      vertex 21.4182 25.6261 3
      vertex 21.5 27.5 0
      vertex 21.5 27.5 3
    endloop
  endfacet
  facet normal 0.999049 -0.0436107 0
    outer loop
      vertex 21.5 27.5 0
      vertex 21.4182 25.6261 3
      vertex 21.4182 25.6261 0
    endloop
  endfacet
  facet normal 0.999048 0.0436131 0
    outer loop
      vertex 21.5 27.5 3
      vertex 21.4182 29.3738 0
      vertex 21.4182 29.3738 3
    endloop
  endfacet
  facet normal 0.999048 0.0436131 0
    outer loop
      vertex 21.4182 29.3738 0
      vertex 21.5 27.5 3
      vertex 21.5 27.5 0
    endloop
  endfacet
  facet normal 0.991446 0.130515 0
    outer loop
      vertex 21.4182 29.3738 3
      vertex 21.1734 31.2334 0
      vertex 21.1734 31.2334 3
    endloop
  endfacet
  facet normal 0.991446 0.130515 0
    outer loop
      vertex 21.1734 31.2334 0
      vertex 21.4182 29.3738 3
      vertex 21.4182 29.3738 0
    endloop
  endfacet
  facet normal 0.976292 0.216456 0
    outer loop
      vertex 21.1734 31.2334 3
      vertex 20.7674 33.0646 0
      vertex 20.7674 33.0646 3
    endloop
  endfacet
  facet normal 0.976292 0.216456 0
    outer loop
      vertex 20.7674 33.0646 0
      vertex 21.1734 31.2334 3
      vertex 21.1734 31.2334 0
    endloop
  endfacet
  facet normal 0.953718 0.300703 0
    outer loop
      vertex 20.7674 33.0646 3
      vertex 20.2034 34.8534 0
      vertex 20.2034 34.8534 3
    endloop
  endfacet
  facet normal 0.953718 0.300703 0
    outer loop
      vertex 20.2034 34.8534 0
      vertex 20.7674 33.0646 3
      vertex 20.7674 33.0646 0
    endloop
  endfacet
  facet normal 0.923878 0.382688 0
    outer loop
      vertex 20.2034 34.8534 3
      vertex 19.4856 36.5863 0
      vertex 19.4856 36.5863 3
    endloop
  endfacet
  facet normal 0.923878 0.382688 0
    outer loop
      vertex 19.4856 36.5863 0
      vertex 20.2034 34.8534 3
      vertex 20.2034 34.8534 0
    endloop
  endfacet
  facet normal 0.887004 0.461762 0
    outer loop
      vertex 19.4856 36.5863 3
      vertex 18.6195 38.25 0
      vertex 18.6195 38.25 3
    endloop
  endfacet
  facet normal 0.887004 0.461762 0
    outer loop
      vertex 18.6195 38.25 0
      vertex 19.4856 36.5863 3
      vertex 19.4856 36.5863 0
    endloop
  endfacet
  facet normal 0.843411 0.537269 0
    outer loop
      vertex 18.6195 38.25 3
      vertex 17.6118 39.8319 0
      vertex 17.6118 39.8319 3
    endloop
  endfacet
  facet normal 0.843411 0.537269 0
    outer loop
      vertex 17.6118 39.8319 0
      vertex 18.6195 38.25 3
      vertex 18.6195 38.25 0
    endloop
  endfacet
  facet normal 0.793349 0.608767 0
    outer loop
      vertex 17.6118 39.8319 3
      vertex 16.47 41.3199 0
      vertex 16.47 41.3199 3
    endloop
  endfacet
  facet normal 0.793349 0.608767 0
    outer loop
      vertex 16.47 41.3199 0
      vertex 17.6118 39.8319 3
      vertex 17.6118 39.8319 0
    endloop
  endfacet
  facet normal 0.737276 0.675592 0
    outer loop
      vertex 16.47 41.3199 3
      vertex 15.2028 42.7028 0
      vertex 15.2028 42.7028 3
    endloop
  endfacet
  facet normal 0.737276 0.675592 0
    outer loop
      vertex 15.2028 42.7028 0
      vertex 16.47 41.3199 3
      vertex 16.47 41.3199 0
    endloop
  endfacet
  facet normal 0.675592 0.737276 -0
    outer loop
      vertex 15.2028 42.7028 0
      vertex 13.8199 43.97 3
      vertex 15.2028 42.7028 3
    endloop
  endfacet
  facet normal 0.675592 0.737276 0
    outer loop
      vertex 13.8199 43.97 3
      vertex 15.2028 42.7028 0
      vertex 13.8199 43.97 0
    endloop
  endfacet
  facet normal 0.608767 0.793349 -0
    outer loop
      vertex 13.8199 43.97 0
      vertex 12.3319 45.1118 3
      vertex 13.8199 43.97 3
    endloop
  endfacet
  facet normal 0.608767 0.793349 0
    outer loop
      vertex 12.3319 45.1118 3
      vertex 13.8199 43.97 0
      vertex 12.3319 45.1118 0
    endloop
  endfacet
  facet normal 0.537269 0.843411 -0
    outer loop
      vertex 12.3319 45.1118 0
      vertex 10.75 46.1195 3
      vertex 12.3319 45.1118 3
    endloop
  endfacet
  facet normal 0.537269 0.843411 0
    outer loop
      vertex 10.75 46.1195 3
      vertex 12.3319 45.1118 0
      vertex 10.75 46.1195 0
    endloop
  endfacet
  facet normal 0.46176 0.887005 -0
    outer loop
      vertex 10.75 46.1195 0
      vertex 9.08629 46.9856 3
      vertex 10.75 46.1195 3
    endloop
  endfacet
  facet normal 0.46176 0.887005 0
    outer loop
      vertex 9.08629 46.9856 3
      vertex 10.75 46.1195 0
      vertex 9.08629 46.9856 0
    endloop
  endfacet
  facet normal 0.382693 0.923875 -0
    outer loop
      vertex 9.08629 46.9856 0
      vertex 7.35342 47.7034 3
      vertex 9.08629 46.9856 3
    endloop
  endfacet
  facet normal 0.382693 0.923875 0
    outer loop
      vertex 7.35342 47.7034 3
      vertex 9.08629 46.9856 0
      vertex 7.35342 47.7034 0
    endloop
  endfacet
  facet normal 0.300701 0.953718 -0
    outer loop
      vertex 7.35342 47.7034 0
      vertex 5.56461 48.2674 3
      vertex 7.35342 47.7034 3
    endloop
  endfacet
  facet normal 0.300701 0.953718 0
    outer loop
      vertex 5.56461 48.2674 3
      vertex 7.35342 47.7034 0
      vertex 5.56461 48.2674 0
    endloop
  endfacet
  facet normal 0.216459 0.976292 -0
    outer loop
      vertex 5.56461 48.2674 0
      vertex 3.73343 48.6734 3
      vertex 5.56461 48.2674 3
    endloop
  endfacet
  facet normal 0.216459 0.976292 0
    outer loop
      vertex 3.73343 48.6734 3
      vertex 5.56461 48.2674 0
      vertex 3.73343 48.6734 0
    endloop
  endfacet
  facet normal 0.130516 0.991446 -0
    outer loop
      vertex 3.73343 48.6734 0
      vertex 1.87384 48.9182 3
      vertex 3.73343 48.6734 3
    endloop
  endfacet
  facet normal 0.130516 0.991446 0
    outer loop
      vertex 1.87384 48.9182 3
      vertex 3.73343 48.6734 0
      vertex 1.87384 48.9182 0
    endloop
  endfacet
  facet normal 0.0436121 0.999049 -0
    outer loop
      vertex 1.87384 48.9182 0
      vertex 0 49 3
      vertex 1.87384 48.9182 3
    endloop
  endfacet
  facet normal 0.0436121 0.999049 0
    outer loop
      vertex 0 49 3
      vertex 1.87384 48.9182 0
      vertex 0 49 0
    endloop
  endfacet
  facet normal -0.0436121 0.999049 0
    outer loop
      vertex 0 49 0
      vertex -1.87384 48.9182 3
      vertex 0 49 3
    endloop
  endfacet
  facet normal -0.0436121 0.999049 0
    outer loop
      vertex -1.87384 48.9182 3
      vertex 0 49 0
      vertex -1.87384 48.9182 0
    endloop
  endfacet
  facet normal -0.130516 0.991446 0
    outer loop
      vertex -1.87384 48.9182 0
      vertex -3.73343 48.6734 3
      vertex -1.87384 48.9182 3
    endloop
  endfacet
  facet normal -0.130516 0.991446 0
    outer loop
      vertex -3.73343 48.6734 3
      vertex -1.87384 48.9182 0
      vertex -3.73343 48.6734 0
    endloop
  endfacet
  facet normal -0.216459 0.976292 0
    outer loop
      vertex -3.73343 48.6734 0
      vertex -5.56461 48.2674 3
      vertex -3.73343 48.6734 3
    endloop
  endfacet
  facet normal -0.216459 0.976292 0
    outer loop
      vertex -5.56461 48.2674 3
      vertex -3.73343 48.6734 0
      vertex -5.56461 48.2674 0
    endloop
  endfacet
  facet normal -0.300701 0.953718 0
    outer loop
      vertex -5.56461 48.2674 0
      vertex -7.35342 47.7034 3
      vertex -5.56461 48.2674 3
    endloop
  endfacet
  facet normal -0.300701 0.953718 0
    outer loop
      vertex -7.35342 47.7034 3
      vertex -5.56461 48.2674 0
      vertex -7.35342 47.7034 0
    endloop
  endfacet
  facet normal -0.382693 0.923875 0
    outer loop
      vertex -7.35342 47.7034 0
      vertex -9.08629 46.9856 3
      vertex -7.35342 47.7034 3
    endloop
  endfacet
  facet normal -0.382693 0.923875 0
    outer loop
      vertex -9.08629 46.9856 3
      vertex -7.35342 47.7034 0
      vertex -9.08629 46.9856 0
    endloop
  endfacet
  facet normal -0.46176 0.887005 0
    outer loop
      vertex -9.08629 46.9856 0
      vertex -10.75 46.1195 3
      vertex -9.08629 46.9856 3
    endloop
  endfacet
  facet normal -0.46176 0.887005 0
    outer loop
      vertex -10.75 46.1195 3
      vertex -9.08629 46.9856 0
      vertex -10.75 46.1195 0
    endloop
  endfacet
  facet normal -0.537269 0.843411 0
    outer loop
      vertex -10.75 46.1195 0
      vertex -12.3319 45.1118 3
      vertex -10.75 46.1195 3
    endloop
  endfacet
  facet normal -0.537269 0.843411 0
    outer loop
      vertex -12.3319 45.1118 3
      vertex -10.75 46.1195 0
      vertex -12.3319 45.1118 0
    endloop
  endfacet
  facet normal -0.608767 0.793349 0
    outer loop
      vertex -12.3319 45.1118 0
      vertex -13.8199 43.97 3
      vertex -12.3319 45.1118 3
    endloop
  endfacet
  facet normal -0.608767 0.793349 0
    outer loop
      vertex -13.8199 43.97 3
      vertex -12.3319 45.1118 0
      vertex -13.8199 43.97 0
    endloop
  endfacet
  facet normal -0.675592 0.737276 0
    outer loop
      vertex -13.8199 43.97 0
      vertex -15.2028 42.7028 3
      vertex -13.8199 43.97 3
    endloop
  endfacet
  facet normal -0.675592 0.737276 0
    outer loop
      vertex -15.2028 42.7028 3
      vertex -13.8199 43.97 0
      vertex -15.2028 42.7028 0
    endloop
  endfacet
  facet normal -0.737276 0.675592 0
    outer loop
      vertex -16.47 41.3199 0
      vertex -15.2028 42.7028 3
      vertex -15.2028 42.7028 0
    endloop
  endfacet
  facet normal -0.737276 0.675592 0
    outer loop
      vertex -15.2028 42.7028 3
      vertex -16.47 41.3199 0
      vertex -16.47 41.3199 3
    endloop
  endfacet
  facet normal -0.793349 0.608767 0
    outer loop
      vertex -17.6118 39.8319 0
      vertex -16.47 41.3199 3
      vertex -16.47 41.3199 0
    endloop
  endfacet
  facet normal -0.793349 0.608767 0
    outer loop
      vertex -16.47 41.3199 3
      vertex -17.6118 39.8319 0
      vertex -17.6118 39.8319 3
    endloop
  endfacet
  facet normal -0.843411 0.537269 0
    outer loop
      vertex -18.6195 38.25 0
      vertex -17.6118 39.8319 3
      vertex -17.6118 39.8319 0
    endloop
  endfacet
  facet normal -0.843411 0.537269 0
    outer loop
      vertex -17.6118 39.8319 3
      vertex -18.6195 38.25 0
      vertex -18.6195 38.25 3
    endloop
  endfacet
  facet normal -0.887004 0.461762 0
    outer loop
      vertex -19.4856 36.5863 0
      vertex -18.6195 38.25 3
      vertex -18.6195 38.25 0
    endloop
  endfacet
  facet normal -0.887004 0.461762 0
    outer loop
      vertex -18.6195 38.25 3
      vertex -19.4856 36.5863 0
      vertex -19.4856 36.5863 3
    endloop
  endfacet
  facet normal -0.923878 0.382688 0
    outer loop
      vertex -20.2034 34.8534 0
      vertex -19.4856 36.5863 3
      vertex -19.4856 36.5863 0
    endloop
  endfacet
  facet normal -0.923878 0.382688 0
    outer loop
      vertex -19.4856 36.5863 3
      vertex -20.2034 34.8534 0
      vertex -20.2034 34.8534 3
    endloop
  endfacet
  facet normal -0.953718 0.300703 0
    outer loop
      vertex -20.7674 33.0646 0
      vertex -20.2034 34.8534 3
      vertex -20.2034 34.8534 0
    endloop
  endfacet
  facet normal -0.953718 0.300703 0
    outer loop
      vertex -20.2034 34.8534 3
      vertex -20.7674 33.0646 0
      vertex -20.7674 33.0646 3
    endloop
  endfacet
  facet normal -0.976292 0.216456 0
    outer loop
      vertex -21.1734 31.2334 0
      vertex -20.7674 33.0646 3
      vertex -20.7674 33.0646 0
    endloop
  endfacet
  facet normal -0.976292 0.216456 0
    outer loop
      vertex -20.7674 33.0646 3
      vertex -21.1734 31.2334 0
      vertex -21.1734 31.2334 3
    endloop
  endfacet
  facet normal -0.991446 0.130515 0
    outer loop
      vertex -21.4182 29.3738 0
      vertex -21.1734 31.2334 3
      vertex -21.1734 31.2334 0
    endloop
  endfacet
  facet normal -0.991446 0.130515 0
    outer loop
      vertex -21.1734 31.2334 3
      vertex -21.4182 29.3738 0
      vertex -21.4182 29.3738 3
    endloop
  endfacet
  facet normal -0.999048 0.0436131 0
    outer loop
      vertex -21.5 27.5 0
      vertex -21.4182 29.3738 3
      vertex -21.4182 29.3738 0
    endloop
  endfacet
  facet normal -0.999048 0.0436131 0
    outer loop
      vertex -21.4182 29.3738 3
      vertex -21.5 27.5 0
      vertex -21.5 27.5 3
    endloop
  endfacet
  facet normal -0.999049 -0.0436107 0
    outer loop
      vertex -21.4182 25.6261 0
      vertex -21.5 27.5 3
      vertex -21.5 27.5 0
    endloop
  endfacet
  facet normal -0.999049 -0.0436107 0
    outer loop
      vertex -21.5 27.5 3
      vertex -21.4182 25.6261 0
      vertex -21.4182 25.6261 3
    endloop
  endfacet
  facet normal -0.991445 -0.130522 0
    outer loop
      vertex -21.1734 23.7666 0
      vertex -21.4182 25.6261 3
      vertex -21.4182 25.6261 0
    endloop
  endfacet
  facet normal -0.991445 -0.130522 0
    outer loop
      vertex -21.4182 25.6261 3
      vertex -21.1734 23.7666 0
      vertex -21.1734 23.7666 3
    endloop
  endfacet
  facet normal -0.976292 -0.216456 0
    outer loop
      vertex -20.7674 21.9354 0
      vertex -21.1734 23.7666 3
      vertex -21.1734 23.7666 0
    endloop
  endfacet
  facet normal -0.976292 -0.216456 0
    outer loop
      vertex -21.1734 23.7666 3
      vertex -20.7674 21.9354 0
      vertex -20.7674 21.9354 3
    endloop
  endfacet
  facet normal -0.953718 -0.300703 0
    outer loop
      vertex -20.2034 20.1466 0
      vertex -20.7674 21.9354 3
      vertex -20.7674 21.9354 0
    endloop
  endfacet
  facet normal -0.953718 -0.300703 0
    outer loop
      vertex -20.7674 21.9354 3
      vertex -20.2034 20.1466 0
      vertex -20.2034 20.1466 3
    endloop
  endfacet
  facet normal -0.923878 -0.382688 0
    outer loop
      vertex -19.4856 18.4137 0
      vertex -20.2034 20.1466 3
      vertex -20.2034 20.1466 0
    endloop
  endfacet
  facet normal -0.923878 -0.382688 0
    outer loop
      vertex -20.2034 20.1466 3
      vertex -19.4856 18.4137 0
      vertex -19.4856 18.4137 3
    endloop
  endfacet
  facet normal -0.887004 -0.461762 0
    outer loop
      vertex -18.6195 16.75 0
      vertex -19.4856 18.4137 3
      vertex -19.4856 18.4137 0
    endloop
  endfacet
  facet normal -0.887004 -0.461762 0
    outer loop
      vertex -19.4856 18.4137 3
      vertex -18.6195 16.75 0
      vertex -18.6195 16.75 3
    endloop
  endfacet
  facet normal -0.843411 -0.537269 0
    outer loop
      vertex -17.6118 15.1681 0
      vertex -18.6195 16.75 3
      vertex -18.6195 16.75 0
    endloop
  endfacet
  facet normal -0.843411 -0.537269 0
    outer loop
      vertex -18.6195 16.75 3
      vertex -17.6118 15.1681 0
      vertex -17.6118 15.1681 3
    endloop
  endfacet
  facet normal -0.793323 -0.608801 0
    outer loop
      vertex -17.6118 15.1681 0
      vertex -16.945 14.2992 3
      vertex -17.6118 15.1681 3
    endloop
  endfacet
  facet normal -0.793349 -0.608767 1.5707e-05
    outer loop
      vertex -16.47 13.6801 0
      vertex -16.945 14.2992 3
      vertex -17.6118 15.1681 0
    endloop
  endfacet
  facet normal -0.793386 -0.608719 0
    outer loop
      vertex -16.945 14.2992 3
      vertex -16.47 13.6801 0
      vertex -16.47 13.6801 3
    endloop
  endfacet
  facet normal -0.737276 -0.675592 0
    outer loop
      vertex -15.2028 12.2972 0
      vertex -16.47 13.6801 3
      vertex -16.47 13.6801 0
    endloop
  endfacet
  facet normal -0.737276 -0.675592 0
    outer loop
      vertex -16.47 13.6801 3
      vertex -15.2028 12.2972 0
      vertex -15.2028 12.2972 3
    endloop
  endfacet
  facet normal -0.675592 -0.737276 0
    outer loop
      vertex -15.2028 12.2972 0
      vertex -13.8199 11.03 3
      vertex -15.2028 12.2972 3
    endloop
  endfacet
  facet normal -0.675592 -0.737276 -0
    outer loop
      vertex -13.8199 11.03 3
      vertex -15.2028 12.2972 0
      vertex -13.8199 11.03 0
    endloop
  endfacet
  facet normal -0.60874 -0.79337 0
    outer loop
      vertex -13.8199 11.03 0
      vertex -12.8002 10.2476 3
      vertex -13.8199 11.03 3
    endloop
  endfacet
  facet normal -0.608763 -0.793352 1.25022e-05
    outer loop
      vertex -12.5 10.0172 0
      vertex -12.8002 10.2476 3
      vertex -13.8199 11.03 0
    endloop
  endfacet
  facet normal -0.608842 -0.793292 0
    outer loop
      vertex -12.8002 10.2476 3
      vertex -12.5 10.0172 0
      vertex -12.5 10.0172 3
    endloop
  endfacet
  facet normal -1 0 0
    outer loop
      vertex -12.5 3 0
      vertex -12.5 10.0172 3
      vertex -12.5 10.0172 0
    endloop
  endfacet
  facet normal -1 -0 0
    outer loop
      vertex -12.5 10.0172 3
      vertex -12.5 3 0
      vertex -12.5 3 3
    endloop
  endfacet
  facet normal 0 -1 0
    outer loop
      vertex -12.5 3 0
      vertex 12.5 3 3
      vertex -12.5 3 3
    endloop
  endfacet
  facet normal 0 -1 -0
    outer loop
      vertex 12.5 3 3
      vertex -12.5 3 0
      vertex 12.5 3 0
    endloop
  endfacet
  facet normal 1 -0 0
    outer loop
      vertex 12.5 3 3
      vertex 12.5 10.0172 0
      vertex 12.5 10.0172 3
    endloop
  endfacet
  facet normal 1 0 0
    outer loop
      vertex 12.5 10.0172 0
      vertex 12.5 3 3
      vertex 12.5 3 0
    endloop
  endfacet
  facet normal 0.976292 0.216456 0
    outer loop
      vertex 21.1734 31.2334 6
      vertex 20.7674 33.0646 3
      vertex 20.7674 33.0646 6
    endloop
  endfacet
  facet normal 0.976292 0.216456 0
    outer loop
      vertex 20.7674 33.0646 3
      vertex 21.1734 31.2334 6
      vertex 21.1734 31.2334 3
    endloop
  endfacet
  facet normal 0.991446 0.130515 0
    outer loop
      vertex 21.4182 29.3738 6
      vertex 21.1734 31.2334 3
      vertex 21.1734 31.2334 6
    endloop
  endfacet
  facet normal 0.991446 0.130515 0
    outer loop
      vertex 21.1734 31.2334 3
      vertex 21.4182 29.3738 6
      vertex 21.4182 29.3738 3
    endloop
  endfacet
  facet normal 0.999048 0.0436131 0
    outer loop
      vertex 21.5 27.5 6
      vertex 21.4182 29.3738 3
      vertex 21.4182 29.3738 6
    endloop
  endfacet
  facet normal 0.999048 0.0436131 0
    outer loop
      vertex 21.4182 29.3738 3
      vertex 21.5 27.5 6
      vertex 21.5 27.5 3
    endloop
  endfacet
  facet normal 0.130516 0.991446 -0
    outer loop
      vertex 3.73344 48.6734 3
      vertex 1.87385 48.9182 6
      vertex 3.73344 48.6734 6
    endloop
  endfacet
  facet normal 0.130516 0.991446 0
    outer loop
      vertex 1.87385 48.9182 6
      vertex 3.73344 48.6734 3
      vertex 1.87385 48.9182 3
    endloop
  endfacet
  facet normal -0.793323 -0.608801 0
    outer loop
      vertex -16.945 14.2992 3
      vertex -17.6118 15.1681 6
      vertex -17.6118 15.1681 3
    endloop
  endfacet
  facet normal -0.793386 -0.608719 -0
    outer loop
      vertex -16.47 13.6801 6
      vertex -16.945 14.2992 3
      vertex -16.47 13.6801 3
    endloop
  endfacet
  facet normal -0.793349 -0.608767 -1.5707e-05
    outer loop
      vertex -16.945 14.2992 3
      vertex -16.47 13.6801 6
      vertex -17.6118 15.1681 6
    endloop
  endfacet
  facet normal -0.953718 0.300703 0
    outer loop
      vertex -20.7674 33.0646 3
      vertex -20.2034 34.8534 6
      vertex -20.2034 34.8534 3
    endloop
  endfacet
  facet normal -0.953718 0.300703 0
    outer loop
      vertex -20.2034 34.8534 6
      vertex -20.7674 33.0646 3
      vertex -20.7674 33.0646 6
    endloop
  endfacet
  facet normal -0.537269 0.843411 0
    outer loop
      vertex -10.75 46.1195 3
      vertex -12.3319 45.1118 6
      vertex -10.75 46.1195 6
    endloop
  endfacet
  facet normal -0.537269 0.843411 0
    outer loop
      vertex -12.3319 45.1118 6
      vertex -10.75 46.1195 3
      vertex -12.3319 45.1118 3
    endloop
  endfacet
  facet normal 0.537299 -0.843392 0
    outer loop
      vertex 10.75 8.88045 3
      vertex 12.3319 9.88823 6
      vertex 10.75 8.88045 6
    endloop
  endfacet
  facet normal 0.537299 -0.843392 0
    outer loop
      vertex 12.3319 9.88823 6
      vertex 10.75 8.88045 3
      vertex 12.3319 9.88823 3
    endloop
  endfacet
  facet normal -0.991446 0.130515 0
    outer loop
      vertex -21.4182 29.3738 3
      vertex -21.1734 31.2334 6
      vertex -21.1734 31.2334 3
    endloop
  endfacet
  facet normal -0.991446 0.130515 0
    outer loop
      vertex -21.1734 31.2334 6
      vertex -21.4182 29.3738 3
      vertex -21.4182 29.3738 6
    endloop
  endfacet
  facet normal 0.675592 -0.737276 0
    outer loop
      vertex 13.8199 11.03 3
      vertex 15.2028 12.2972 6
      vertex 13.8199 11.03 6
    endloop
  endfacet
  facet normal 0.675592 -0.737276 0
    outer loop
      vertex 15.2028 12.2972 6
      vertex 13.8199 11.03 3
      vertex 15.2028 12.2972 3
    endloop
  endfacet
  facet normal 0.991446 -0.130515 0
    outer loop
      vertex 21.1734 23.7666 6
      vertex 21.4182 25.6262 3
      vertex 21.4182 25.6262 6
    endloop
  endfacet
  facet normal 0.991446 -0.130515 0
    outer loop
      vertex 21.4182 25.6262 3
      vertex 21.1734 23.7666 6
      vertex 21.1734 23.7666 3
    endloop
  endfacet
  facet normal 0.675592 0.737276 -0
    outer loop
      vertex 15.2028 42.7028 3
      vertex 13.8199 43.97 6
      vertex 15.2028 42.7028 6
    endloop
  endfacet
  facet normal 0.675592 0.737276 0
    outer loop
      vertex 13.8199 43.97 6
      vertex 15.2028 42.7028 3
      vertex 13.8199 43.97 3
    endloop
  endfacet
  facet normal -0.953718 -0.300703 0
    outer loop
      vertex -20.2034 20.1466 3
      vertex -20.7674 21.9354 6
      vertex -20.7674 21.9354 3
    endloop
  endfacet
  facet normal -0.953718 -0.300703 0
    outer loop
      vertex -20.7674 21.9354 6
      vertex -20.2034 20.1466 3
      vertex -20.2034 20.1466 6
    endloop
  endfacet
  facet normal -0.887004 -0.461762 0
    outer loop
      vertex -18.6195 16.75 3
      vertex -19.4856 18.4137 6
      vertex -19.4856 18.4137 3
    endloop
  endfacet
  facet normal -0.887004 -0.461762 0
    outer loop
      vertex -19.4856 18.4137 6
      vertex -18.6195 16.75 3
      vertex -18.6195 16.75 6
    endloop
  endfacet
  facet normal 0.793323 -0.608801 0
    outer loop
      vertex 17.6118 15.1681 6
      vertex 16.945 14.2992 3
      vertex 17.6118 15.1681 3
    endloop
  endfacet
  facet normal 0.793349 -0.608767 -1.5707e-05
    outer loop
      vertex 16.47 13.6801 6
      vertex 16.945 14.2992 3
      vertex 17.6118 15.1681 6
    endloop
  endfacet
  facet normal 0.793386 -0.608719 0
    outer loop
      vertex 16.945 14.2992 3
      vertex 16.47 13.6801 6
      vertex 16.47 13.6801 3
    endloop
  endfacet
  facet normal 0.793349 0.608767 0
    outer loop
      vertex 17.6118 39.8319 6
      vertex 16.47 41.3199 3
      vertex 16.47 41.3199 6
    endloop
  endfacet
  facet normal 0.793349 0.608767 0
    outer loop
      vertex 16.47 41.3199 3
      vertex 17.6118 39.8319 6
      vertex 17.6118 39.8319 3
    endloop
  endfacet
  facet normal 0.843411 0.537269 0
    outer loop
      vertex 18.6195 38.25 6
      vertex 17.6118 39.8319 3
      vertex 17.6118 39.8319 6
    endloop
  endfacet
  facet normal 0.843411 0.537269 0
    outer loop
      vertex 17.6118 39.8319 3
      vertex 18.6195 38.25 6
      vertex 18.6195 38.25 3
    endloop
  endfacet
  facet normal 0.976292 -0.216456 0
    outer loop
      vertex 20.7674 21.9354 6
      vertex 21.1734 23.7666 3
      vertex 21.1734 23.7666 6
    endloop
  endfacet
  facet normal 0.976292 -0.216456 0
    outer loop
      vertex 21.1734 23.7666 3
      vertex 20.7674 21.9354 6
      vertex 20.7674 21.9354 3
    endloop
  endfacet
  facet normal 0.843411 -0.537269 0
    outer loop
      vertex 17.6118 15.1681 6
      vertex 18.6195 16.75 3
      vertex 18.6195 16.75 6
    endloop
  endfacet
  facet normal 0.843411 -0.537269 0
    outer loop
      vertex 18.6195 16.75 3
      vertex 17.6118 15.1681 6
      vertex 17.6118 15.1681 3
    endloop
  endfacet
  facet normal 0.923878 0.382688 0
    outer loop
      vertex 20.2034 34.8534 6
      vertex 19.4856 36.5863 3
      vertex 19.4856 36.5863 6
    endloop
  endfacet
  facet normal 0.923878 0.382688 0
    outer loop
      vertex 19.4856 36.5863 3
      vertex 20.2034 34.8534 6
      vertex 20.2034 34.8534 3
    endloop
  endfacet
  facet normal -0.608767 0.793349 0
    outer loop
      vertex -12.3319 45.1118 3
      vertex -13.8199 43.97 6
      vertex -12.3319 45.1118 6
    endloop
  endfacet
  facet normal -0.608767 0.793349 0
    outer loop
      vertex -13.8199 43.97 6
      vertex -12.3319 45.1118 3
      vertex -13.8199 43.97 3
    endloop
  endfacet
  facet normal -0.461748 -0.887011 0
    outer loop
      vertex -10.75 8.88045 3
      vertex -9.08629 8.01438 6
      vertex -10.75 8.88045 6
    endloop
  endfacet
  facet normal -0.461748 -0.887011 -0
    outer loop
      vertex -9.08629 8.01438 6
      vertex -10.75 8.88045 3
      vertex -9.08629 8.01438 3
    endloop
  endfacet
  facet normal 0.537269 0.843411 -0
    outer loop
      vertex 12.3319 45.1118 3
      vertex 10.75 46.1195 6
      vertex 12.3319 45.1118 6
    endloop
  endfacet
  facet normal 0.537269 0.843411 0
    outer loop
      vertex 10.75 46.1195 6
      vertex 12.3319 45.1118 3
      vertex 10.75 46.1195 3
    endloop
  endfacet
  facet normal -0.923878 -0.382688 0
    outer loop
      vertex -19.4856 18.4137 3
      vertex -20.2034 20.1466 6
      vertex -20.2034 20.1466 3
    endloop
  endfacet
  facet normal -0.923878 -0.382688 0
    outer loop
      vertex -20.2034 20.1466 6
      vertex -19.4856 18.4137 3
      vertex -19.4856 18.4137 6
    endloop
  endfacet
  facet normal -0.0436119 0.999049 0
    outer loop
      vertex 0 49 3
      vertex -1.87385 48.9182 6
      vertex 0 49 6
    endloop
  endfacet
  facet normal -0.0436119 0.999049 0
    outer loop
      vertex -1.87385 48.9182 6
      vertex 0 49 3
      vertex -1.87385 48.9182 3
    endloop
  endfacet
  facet normal 0.953718 -0.300703 0
    outer loop
      vertex 20.2034 20.1466 6
      vertex 20.7674 21.9354 3
      vertex 20.7674 21.9354 6
    endloop
  endfacet
  facet normal 0.953718 -0.300703 0
    outer loop
      vertex 20.7674 21.9354 3
      vertex 20.2034 20.1466 6
      vertex 20.2034 20.1466 3
    endloop
  endfacet
  facet normal 0.923878 -0.382688 0
    outer loop
      vertex 19.4856 18.4137 6
      vertex 20.2034 20.1466 3
      vertex 20.2034 20.1466 6
    endloop
  endfacet
  facet normal 0.923878 -0.382688 0
    outer loop
      vertex 20.2034 20.1466 3
      vertex 19.4856 18.4137 6
      vertex 19.4856 18.4137 3
    endloop
  endfacet
  facet normal 0.382695 0.923875 -0
    outer loop
      vertex 9.08629 46.9856 3
      vertex 7.35343 47.7034 6
      vertex 9.08629 46.9856 6
    endloop
  endfacet
  facet normal 0.382695 0.923875 0
    outer loop
      vertex 7.35343 47.7034 6
      vertex 9.08629 46.9856 3
      vertex 7.35343 47.7034 3
    endloop
  endfacet
  facet normal -0.675592 0.737276 0
    outer loop
      vertex -13.8199 43.97 3
      vertex -15.2028 42.7028 6
      vertex -13.8199 43.97 6
    endloop
  endfacet
  facet normal -0.675592 0.737276 0
    outer loop
      vertex -15.2028 42.7028 6
      vertex -13.8199 43.97 3
      vertex -15.2028 42.7028 3
    endloop
  endfacet
  facet normal 0.46176 0.887005 -0
    outer loop
      vertex 10.75 46.1195 3
      vertex 9.08629 46.9856 6
      vertex 10.75 46.1195 6
    endloop
  endfacet
  facet normal 0.46176 0.887005 0
    outer loop
      vertex 9.08629 46.9856 6
      vertex 10.75 46.1195 3
      vertex 9.08629 46.9856 3
    endloop
  endfacet
  facet normal -0.887004 0.461762 0
    outer loop
      vertex -19.4856 36.5863 3
      vertex -18.6195 38.25 6
      vertex -18.6195 38.25 3
    endloop
  endfacet
  facet normal -0.887004 0.461762 0
    outer loop
      vertex -18.6195 38.25 6
      vertex -19.4856 36.5863 3
      vertex -19.4856 36.5863 6
    endloop
  endfacet
  facet normal 0.999048 -0.0436131 0
    outer loop
      vertex 21.4182 25.6262 6
      vertex 21.5 27.5 3
      vertex 21.5 27.5 6
    endloop
  endfacet
  facet normal 0.999048 -0.0436131 0
    outer loop
      vertex 21.5 27.5 3
      vertex 21.4182 25.6262 6
      vertex 21.4182 25.6262 3
    endloop
  endfacet
  facet normal 0 0 1
    outer loop
      vertex 19.7 27.5 6
      vertex 21.5 27.5 6
      vertex 21.4182 29.3738 6
    endloop
  endfacet
  facet normal 0 0 1
    outer loop
      vertex 19.625 29.217 6
      vertex 21.4182 29.3738 6
      vertex 21.1734 31.2334 6
    endloop
  endfacet
  facet normal 0 0 1
    outer loop
      vertex 21.5 27.5 6
      vertex 19.7 27.5 6
      vertex 21.4182 25.6262 6
    endloop
  endfacet
  facet normal 0 0 1
    outer loop
      vertex 19.4007 30.9209 6
      vertex 21.1734 31.2334 6
      vertex 20.7674 33.0646 6
    endloop
  endfacet
  facet normal -0 0 1
    outer loop
      vertex 19.625 25.783 6
      vertex 21.4182 25.6262 6
      vertex 19.7 27.5 6
    endloop
  endfacet
  facet normal 0 0 1
    outer loop
      vertex 19.0287 32.5987 6
      vertex 20.7674 33.0646 6
      vertex 20.2034 34.8534 6
    endloop
  endfacet
  facet normal 0 0 1
    outer loop
      vertex 21.4182 25.6262 6
      vertex 19.625 25.783 6
      vertex 21.1734 23.7666 6
    endloop
  endfacet
  facet normal -0 0 1
    outer loop
      vertex 19.4007 24.0791 6
      vertex 21.1734 23.7666 6
      vertex 19.625 25.783 6
    endloop
  endfacet
  facet normal 0 0 1
    outer loop
      vertex 21.4182 29.3738 6
      vertex 19.625 29.217 6
      vertex 19.7 27.5 6
    endloop
  endfacet
  facet normal 0 0 1
    outer loop
      vertex 18.5119 34.2378 6
      vertex 20.2034 34.8534 6
      vertex 19.4856 36.5863 6
    endloop
  endfacet
  facet normal 0 0 1
    outer loop
      vertex 21.1734 31.2334 6
      vertex 19.4007 30.9209 6
      vertex 19.625 29.217 6
    endloop
  endfacet
  facet normal 0 0 1
    outer loop
      vertex 20.7674 33.0646 6
      vertex 19.0287 32.5987 6
      vertex 19.4007 30.9209 6
    endloop
  endfacet
  facet normal 0 0 1
    outer loop
      vertex 17.8543 35.8256 6
      vertex 19.4856 36.5863 6
      vertex 18.6195 38.25 6
    endloop
  endfacet
  facet normal 0 0 1
    outer loop
      vertex 20.2034 34.8534 6
      vertex 18.5119 34.2378 6
      vertex 19.0287 32.5987 6
    endloop
  endfacet
  facet normal 0 0 1
    outer loop
      vertex 19.4856 36.5863 6
      vertex 17.8543 35.8256 6
      vertex 18.5119 34.2378 6
    endloop
  endfacet
  facet normal 0 0 1
    outer loop
      vertex 17.0607 37.35 6
      vertex 18.6195 38.25 6
      vertex 17.6118 39.8319 6
    endloop
  endfacet
  facet normal 0 0 1
    outer loop
      vertex 18.6195 38.25 6
      vertex 17.0607 37.35 6
      vertex 17.8543 35.8256 6
    endloop
  endfacet
  facet normal 0 0 1
    outer loop
      vertex 16.1373 38.7995 6
      vertex 17.6118 39.8319 6
      vertex 16.47 41.3199 6
    endloop
  endfacet
  facet normal 0 0 1
    outer loop
      vertex 17.6118 39.8319 6
      vertex 16.1373 38.7995 6
      vertex 17.0607 37.35 6
    endloop
  endfacet
  facet normal 0 0 1
    outer loop
      vertex 15.0911 40.1629 6
      vertex 16.47 41.3199 6
      vertex 15.2028 42.7028 6
    endloop
  endfacet
  facet normal 0 0 1
    outer loop
      vertex 16.47 41.3199 6
      vertex 15.0911 40.1629 6
      vertex 16.1373 38.7995 6
    endloop
  endfacet
  facet normal 0 0 1
    outer loop
      vertex 15.2028 42.7028 6
      vertex 13.93 41.43 6
      vertex 15.0911 40.1629 6
    endloop
  endfacet
  facet normal 0 0 1
    outer loop
      vertex 13.8199 43.97 6
      vertex 13.93 41.43 6
      vertex 15.2028 42.7028 6
    endloop
  endfacet
  facet normal 0 0 1
    outer loop
      vertex 13.8199 43.97 6
      vertex 12.6629 42.5911 6
      vertex 13.93 41.43 6
    endloop
  endfacet
  facet normal 0 0 1
    outer loop
      vertex 12.3319 45.1118 6
      vertex 12.6629 42.5911 6
      vertex 13.8199 43.97 6
    endloop
  endfacet
  facet normal 0 0 1
    outer loop
      vertex 12.3319 45.1118 6
      vertex 11.2995 43.6373 6
      vertex 12.6629 42.5911 6
    endloop
  endfacet
  facet normal 0 0 1
    outer loop
      vertex 10.75 46.1195 6
      vertex 11.2995 43.6373 6
      vertex 12.3319 45.1118 6
    endloop
  endfacet
  facet normal 0 0 1
    outer loop
      vertex 10.75 46.1195 6
      vertex 9.85 44.5607 6
      vertex 11.2995 43.6373 6
    endloop
  endfacet
  facet normal 0 0 1
    outer loop
      vertex 9.08629 46.9856 6
      vertex 9.85 44.5607 6
      vertex 10.75 46.1195 6
    endloop
  endfacet
  facet normal 0 0 1
    outer loop
      vertex 9.08629 46.9856 6
      vertex 8.32558 45.3543 6
      vertex 9.85 44.5607 6
    endloop
  endfacet
  facet normal 0 0 1
    outer loop
      vertex 7.35343 47.7034 6
      vertex 8.32558 45.3543 6
      vertex 9.08629 46.9856 6
    endloop
  endfacet
  facet normal 0 0 1
    outer loop
      vertex 7.35343 47.7034 6
      vertex 6.7378 46.0119 6
      vertex 8.32558 45.3543 6
    endloop
  endfacet
  facet normal 0 0 1
    outer loop
      vertex 5.56461 48.2674 6
      vertex 6.7378 46.0119 6
      vertex 7.35343 47.7034 6
    endloop
  endfacet
  facet normal 0 0 1
    outer loop
      vertex 5.56461 48.2674 6
      vertex 5.09873 46.5287 6
      vertex 6.7378 46.0119 6
    endloop
  endfacet
  facet normal 0 0 1
    outer loop
      vertex 3.73344 48.6734 6
      vertex 5.09873 46.5287 6
      vertex 5.56461 48.2674 6
    endloop
  endfacet
  facet normal 0 0 1
    outer loop
      vertex 3.73344 48.6734 6
      vertex 3.42087 46.9007 6
      vertex 5.09873 46.5287 6
    endloop
  endfacet
  facet normal 0 0 1
    outer loop
      vertex 1.87385 48.9182 6
      vertex 3.42087 46.9007 6
      vertex 3.73344 48.6734 6
    endloop
  endfacet
  facet normal 0 0 1
    outer loop
      vertex 1.87385 48.9182 6
      vertex 1.71697 47.125 6
      vertex 3.42087 46.9007 6
    endloop
  endfacet
  facet normal 0 0 1
    outer loop
      vertex 0 49 6
      vertex 1.71697 47.125 6
      vertex 1.87385 48.9182 6
    endloop
  endfacet
  facet normal 0 0 1
    outer loop
      vertex 0 49 6
      vertex 0 47.2 6
      vertex 1.71697 47.125 6
    endloop
  endfacet
  facet normal 0 0 1
    outer loop
      vertex 0 49 6
      vertex -1.71697 47.125 6
      vertex 0 47.2 6
    endloop
  endfacet
  facet normal -0 0 1
    outer loop
      vertex -1.87385 48.9182 6
      vertex -1.71697 47.125 6
      vertex 0 49 6
    endloop
  endfacet
  facet normal 0 0 1
    outer loop
      vertex -1.87385 48.9182 6
      vertex -3.42087 46.9007 6
      vertex -1.71697 47.125 6
    endloop
  endfacet
  facet normal -0 0 1
    outer loop
      vertex -3.73344 48.6734 6
      vertex -3.42087 46.9007 6
      vertex -1.87385 48.9182 6
    endloop
  endfacet
  facet normal 0 0 1
    outer loop
      vertex -3.73344 48.6734 6
      vertex -5.09873 46.5287 6
      vertex -3.42087 46.9007 6
    endloop
  endfacet
  facet normal -0 0 1
    outer loop
      vertex -5.56461 48.2674 6
      vertex -5.09873 46.5287 6
      vertex -3.73344 48.6734 6
    endloop
  endfacet
  facet normal 0 0 1
    outer loop
      vertex -5.56461 48.2674 6
      vertex -6.7378 46.0119 6
      vertex -5.09873 46.5287 6
    endloop
  endfacet
  facet normal -0 0 1
    outer loop
      vertex -7.35343 47.7034 6
      vertex -6.7378 46.0119 6
      vertex -5.56461 48.2674 6
    endloop
  endfacet
  facet normal 0 0 1
    outer loop
      vertex -7.35343 47.7034 6
      vertex -8.32558 45.3543 6
      vertex -6.7378 46.0119 6
    endloop
  endfacet
  facet normal -0 0 1
    outer loop
      vertex -9.08629 46.9856 6
      vertex -8.32558 45.3543 6
      vertex -7.35343 47.7034 6
    endloop
  endfacet
  facet normal 0 0 1
    outer loop
      vertex -9.08629 46.9856 6
      vertex -9.85 44.5607 6
      vertex -8.32558 45.3543 6
    endloop
  endfacet
  facet normal -0 0 1
    outer loop
      vertex -10.75 46.1195 6
      vertex -9.85 44.5607 6
      vertex -9.08629 46.9856 6
    endloop
  endfacet
  facet normal 0 0 1
    outer loop
      vertex -10.75 46.1195 6
      vertex -11.2995 43.6373 6
      vertex -9.85 44.5607 6
    endloop
  endfacet
  facet normal -0 0 1
    outer loop
      vertex -12.3319 45.1118 6
      vertex -11.2995 43.6373 6
      vertex -10.75 46.1195 6
    endloop
  endfacet
  facet normal 0 0 1
    outer loop
      vertex -12.3319 45.1118 6
      vertex -12.6629 42.5911 6
      vertex -11.2995 43.6373 6
    endloop
  endfacet
  facet normal -0 0 1
    outer loop
      vertex -13.8199 43.97 6
      vertex -12.6629 42.5911 6
      vertex -12.3319 45.1118 6
    endloop
  endfacet
  facet normal 0 0 1
    outer loop
      vertex -13.8199 43.97 6
      vertex -13.93 41.43 6
      vertex -12.6629 42.5911 6
    endloop
  endfacet
  facet normal -0 0 1
    outer loop
      vertex -15.2028 42.7028 6
      vertex -13.93 41.43 6
      vertex -13.8199 43.97 6
    endloop
  endfacet
  facet normal 0 0 1
    outer loop
      vertex -13.93 41.43 6
      vertex -15.2028 42.7028 6
      vertex -15.0911 40.1629 6
    endloop
  endfacet
  facet normal -0 0 1
    outer loop
      vertex -16.47 41.3199 6
      vertex -15.0911 40.1629 6
      vertex -15.2028 42.7028 6
    endloop
  endfacet
  facet normal 0 0 1
    outer loop
      vertex -15.0911 40.1629 6
      vertex -16.47 41.3199 6
      vertex -16.1373 38.7995 6
    endloop
  endfacet
  facet normal -0 0 1
    outer loop
      vertex -17.6118 39.8319 6
      vertex -16.1373 38.7995 6
      vertex -16.47 41.3199 6
    endloop
  endfacet
  facet normal 0 0 1
    outer loop
      vertex -16.1373 38.7995 6
      vertex -17.6118 39.8319 6
      vertex -17.0607 37.35 6
    endloop
  endfacet
  facet normal -0 0 1
    outer loop
      vertex -18.6195 38.25 6
      vertex -17.0607 37.35 6
      vertex -17.6118 39.8319 6
    endloop
  endfacet
  facet normal 0 0 1
    outer loop
      vertex -17.0607 37.35 6
      vertex -18.6195 38.25 6
      vertex -17.8543 35.8256 6
    endloop
  endfacet
  facet normal -0 0 1
    outer loop
      vertex -19.4856 36.5863 6
      vertex -17.8543 35.8256 6
      vertex -18.6195 38.25 6
    endloop
  endfacet
  facet normal 0 0 1
    outer loop
      vertex -17.8543 35.8256 6
      vertex -19.4856 36.5863 6
      vertex -18.5119 34.2378 6
    endloop
  endfacet
  facet normal -0 0 1
    outer loop
      vertex -20.2034 34.8534 6
      vertex -18.5119 34.2378 6
      vertex -19.4856 36.5863 6
    endloop
  endfacet
  facet normal 0 0 1
    outer loop
      vertex -18.5119 34.2378 6
      vertex -20.2034 34.8534 6
      vertex -19.0287 32.5987 6
    endloop
  endfacet
  facet normal -0 0 1
    outer loop
      vertex -20.7674 33.0646 6
      vertex -19.0287 32.5987 6
      vertex -20.2034 34.8534 6
    endloop
  endfacet
  facet normal 0 0 1
    outer loop
      vertex -19.0287 32.5987 6
      vertex -20.7674 33.0646 6
      vertex -19.4007 30.9209 6
    endloop
  endfacet
  facet normal -0 0 1
    outer loop
      vertex -21.1734 31.2334 6
      vertex -19.4007 30.9209 6
      vertex -20.7674 33.0646 6
    endloop
  endfacet
  facet normal 0 0 1
    outer loop
      vertex 21.1734 23.7666 6
      vertex 19.4007 24.0791 6
      vertex 20.7674 21.9354 6
    endloop
  endfacet
  facet normal -0 0 1
    outer loop
      vertex 19.0287 22.4013 6
      vertex 20.7674 21.9354 6
      vertex 19.4007 24.0791 6
    endloop
  endfacet
  facet normal 0 0 1
    outer loop
      vertex 20.7674 21.9354 6
      vertex 19.0287 22.4013 6
      vertex 20.2034 20.1466 6
    endloop
  endfacet
  facet normal -0 0 1
    outer loop
      vertex 18.5119 20.7622 6
      vertex 20.2034 20.1466 6
      vertex 19.0287 22.4013 6
    endloop
  endfacet
  facet normal 0 0 1
    outer loop
      vertex 20.2034 20.1466 6
      vertex 18.5119 20.7622 6
      vertex 19.4856 18.4137 6
    endloop
  endfacet
  facet normal -0 0 1
    outer loop
      vertex 17.8543 19.1744 6
      vertex 19.4856 18.4137 6
      vertex 18.5119 20.7622 6
    endloop
  endfacet
  facet normal 0 0 1
    outer loop
      vertex 19.4856 18.4137 6
      vertex 17.8543 19.1744 6
      vertex 18.6195 16.75 6
    endloop
  endfacet
  facet normal -0 0 1
    outer loop
      vertex 17.0607 17.65 6
      vertex 18.6195 16.75 6
      vertex 17.8543 19.1744 6
    endloop
  endfacet
  facet normal 0 0 1
    outer loop
      vertex 18.6195 16.75 6
      vertex 17.0607 17.65 6
      vertex 17.6118 15.1681 6
    endloop
  endfacet
  facet normal -0 0 1
    outer loop
      vertex 16.1373 16.2005 6
      vertex 17.6118 15.1681 6
      vertex 17.0607 17.65 6
    endloop
  endfacet
  facet normal 0 0 1
    outer loop
      vertex 17.6118 15.1681 6
      vertex 16.1373 16.2005 6
      vertex 16.47 13.6801 6
    endloop
  endfacet
  facet normal -0 0 1
    outer loop
      vertex 15.0911 14.8371 6
      vertex 16.47 13.6801 6
      vertex 16.1373 16.2005 6
    endloop
  endfacet
  facet normal 0 0 1
    outer loop
      vertex 16.47 13.6801 6
      vertex 15.0911 14.8371 6
      vertex 15.2028 12.2972 6
    endloop
  endfacet
  facet normal -0 0 1
    outer loop
      vertex 13.93 13.57 6
      vertex 15.2028 12.2972 6
      vertex 15.0911 14.8371 6
    endloop
  endfacet
  facet normal 0 0 1
    outer loop
      vertex 13.93 13.57 6
      vertex 13.8199 11.03 6
      vertex 15.2028 12.2972 6
    endloop
  endfacet
  facet normal -0 0 1
    outer loop
      vertex 12.6629 12.4089 6
      vertex 13.8199 11.03 6
      vertex 13.93 13.57 6
    endloop
  endfacet
  facet normal 0 0 1
    outer loop
      vertex 12.6629 12.4089 6
      vertex 12.3319 9.88823 6
      vertex 13.8199 11.03 6
    endloop
  endfacet
  facet normal -0 0 1
    outer loop
      vertex 11.2995 11.3627 6
      vertex 12.3319 9.88823 6
      vertex 12.6629 12.4089 6
    endloop
  endfacet
  facet normal 0 0 1
    outer loop
      vertex 11.2995 11.3627 6
      vertex 10.75 8.88045 6
      vertex 12.3319 9.88823 6
    endloop
  endfacet
  facet normal -0 0 1
    outer loop
      vertex 9.85 10.4393 6
      vertex 10.75 8.88045 6
      vertex 11.2995 11.3627 6
    endloop
  endfacet
  facet normal 0 0 1
    outer loop
      vertex 9.85 10.4393 6
      vertex 9.08629 8.01438 6
      vertex 10.75 8.88045 6
    endloop
  endfacet
  facet normal -0 0 1
    outer loop
      vertex 8.32558 9.64574 6
      vertex 9.08629 8.01438 6
      vertex 9.85 10.4393 6
    endloop
  endfacet
  facet normal 0 0 1
    outer loop
      vertex 8.32558 9.64574 6
      vertex 7.35343 7.29661 6
      vertex 9.08629 8.01438 6
    endloop
  endfacet
  facet normal -0 0 1
    outer loop
      vertex 6.7378 8.98806 6
      vertex 7.35343 7.29661 6
      vertex 8.32558 9.64574 6
    endloop
  endfacet
  facet normal 0 0 1
    outer loop
      vertex 6.7378 8.98806 6
      vertex 5.56461 6.73259 6
      vertex 7.35343 7.29661 6
    endloop
  endfacet
  facet normal -0 0 1
    outer loop
      vertex 5.09873 8.47126 6
      vertex 5.56461 6.73259 6
      vertex 6.7378 8.98806 6
    endloop
  endfacet
  facet normal 0 0 1
    outer loop
      vertex 5.09873 8.47126 6
      vertex 3.73344 6.32663 6
      vertex 5.56461 6.73259 6
    endloop
  endfacet
  facet normal -0 0 1
    outer loop
      vertex 3.42087 8.09929 6
      vertex 3.73344 6.32663 6
      vertex 5.09873 8.47126 6
    endloop
  endfacet
  facet normal 0 0 1
    outer loop
      vertex 3.42087 8.09929 6
      vertex 1.87385 6.08181 6
      vertex 3.73344 6.32663 6
    endloop
  endfacet
  facet normal -0 0 1
    outer loop
      vertex 1.71697 7.87496 6
      vertex 1.87385 6.08181 6
      vertex 3.42087 8.09929 6
    endloop
  endfacet
  facet normal -0 0 1
    outer loop
      vertex 0 7.8 6
      vertex 1.87385 6.08181 6
      vertex 1.71697 7.87496 6
    endloop
  endfacet
  facet normal 0 0 1
    outer loop
      vertex 0 7.8 6
      vertex 0 6 6
      vertex 1.87385 6.08181 6
    endloop
  endfacet
  facet normal 0 0 1
    outer loop
      vertex -1.71697 7.87496 6
      vertex 0 6 6
      vertex 0 7.8 6
    endloop
  endfacet
  facet normal 0 0 1
    outer loop
      vertex -1.71697 7.87496 6
      vertex -1.87385 6.08181 6
      vertex 0 6 6
    endloop
  endfacet
  facet normal 0 0 1
    outer loop
      vertex -3.42087 8.09929 6
      vertex -1.87385 6.08181 6
      vertex -1.71697 7.87496 6
    endloop
  endfacet
  facet normal 0 0 1
    outer loop
      vertex -3.42087 8.09929 6
      vertex -3.73344 6.32663 6
      vertex -1.87385 6.08181 6
    endloop
  endfacet
  facet normal 0 0 1
    outer loop
      vertex -5.09873 8.47126 6
      vertex -3.73344 6.32663 6
      vertex -3.42087 8.09929 6
    endloop
  endfacet
  facet normal 0 0 1
    outer loop
      vertex -5.09873 8.47126 6
      vertex -5.56461 6.73259 6
      vertex -3.73344 6.32663 6
    endloop
  endfacet
  facet normal 0 0 1
    outer loop
      vertex -6.7378 8.98806 6
      vertex -5.56461 6.73259 6
      vertex -5.09873 8.47126 6
    endloop
  endfacet
  facet normal 0 0 1
    outer loop
      vertex -6.7378 8.98806 6
      vertex -7.35343 7.29661 6
      vertex -5.56461 6.73259 6
    endloop
  endfacet
  facet normal 0 0 1
    outer loop
      vertex -8.32558 9.64574 6
      vertex -7.35343 7.29661 6
      vertex -6.7378 8.98806 6
    endloop
  endfacet
  facet normal 0 0 1
    outer loop
      vertex -8.32558 9.64574 6
      vertex -9.08629 8.01438 6
      vertex -7.35343 7.29661 6
    endloop
  endfacet
  facet normal 0 0 1
    outer loop
      vertex -9.85 10.4393 6
      vertex -9.08629 8.01438 6
      vertex -8.32558 9.64574 6
    endloop
  endfacet
  facet normal 0 0 1
    outer loop
      vertex -9.85 10.4393 6
      vertex -10.75 8.88045 6
      vertex -9.08629 8.01438 6
    endloop
  endfacet
  facet normal 0 0 1
    outer loop
      vertex -11.2995 11.3627 6
      vertex -10.75 8.88045 6
      vertex -9.85 10.4393 6
    endloop
  endfacet
  facet normal 0 0 1
    outer loop
      vertex -11.2995 11.3627 6
      vertex -12.3319 9.88823 6
      vertex -10.75 8.88045 6
    endloop
  endfacet
  facet normal 0 0 1
    outer loop
      vertex -12.6629 12.4089 6
      vertex -12.3319 9.88823 6
      vertex -11.2995 11.3627 6
    endloop
  endfacet
  facet normal 0 0 1
    outer loop
      vertex -12.6629 12.4089 6
      vertex -13.8199 11.03 6
      vertex -12.3319 9.88823 6
    endloop
  endfacet
  facet normal 0 0 1
    outer loop
      vertex -13.93 13.57 6
      vertex -13.8199 11.03 6
      vertex -12.6629 12.4089 6
    endloop
  endfacet
  facet normal 0 0 1
    outer loop
      vertex -15.2028 12.2972 6
      vertex -13.93 13.57 6
      vertex -15.0911 14.8371 6
    endloop
  endfacet
  facet normal 0 0 1
    outer loop
      vertex -13.93 13.57 6
      vertex -15.2028 12.2972 6
      vertex -13.8199 11.03 6
    endloop
  endfacet
  facet normal 0 0 1
    outer loop
      vertex -16.47 13.6801 6
      vertex -15.0911 14.8371 6
      vertex -16.1373 16.2005 6
    endloop
  endfacet
  facet normal 0 0 1
    outer loop
      vertex -15.0911 14.8371 6
      vertex -16.47 13.6801 6
      vertex -15.2028 12.2972 6
    endloop
  endfacet
  facet normal 0 0 1
    outer loop
      vertex -17.6118 15.1681 6
      vertex -16.1373 16.2005 6
      vertex -17.0607 17.65 6
    endloop
  endfacet
  facet normal 0 0 1
    outer loop
      vertex -16.1373 16.2005 6
      vertex -17.6118 15.1681 6
      vertex -16.47 13.6801 6
    endloop
  endfacet
  facet normal 0 0 1
    outer loop
      vertex -18.6195 16.75 6
      vertex -17.0607 17.65 6
      vertex -17.8543 19.1744 6
    endloop
  endfacet
  facet normal 0 0 1
    outer loop
      vertex -19.4856 18.4137 6
      vertex -17.8543 19.1744 6
      vertex -18.5119 20.7622 6
    endloop
  endfacet
  facet normal 0 0 1
    outer loop
      vertex -17.0607 17.65 6
      vertex -18.6195 16.75 6
      vertex -17.6118 15.1681 6
    endloop
  endfacet
  facet normal 0 0 1
    outer loop
      vertex -20.2034 20.1466 6
      vertex -18.5119 20.7622 6
      vertex -19.0287 22.4013 6
    endloop
  endfacet
  facet normal 0 0 1
    outer loop
      vertex -20.7674 21.9354 6
      vertex -19.0287 22.4013 6
      vertex -19.4007 24.0791 6
    endloop
  endfacet
  facet normal 0 0 1
    outer loop
      vertex -17.8543 19.1744 6
      vertex -19.4856 18.4137 6
      vertex -18.6195 16.75 6
    endloop
  endfacet
  facet normal 0 0 1
    outer loop
      vertex -21.1734 23.7666 6
      vertex -19.4007 24.0791 6
      vertex -19.625 25.783 6
    endloop
  endfacet
  facet normal 0 0 1
    outer loop
      vertex -21.4182 25.6262 6
      vertex -19.625 25.783 6
      vertex -19.7 27.5 6
    endloop
  endfacet
  facet normal 0 0 1
    outer loop
      vertex -19.4007 30.9209 6
      vertex -21.1734 31.2334 6
      vertex -19.625 29.217 6
    endloop
  endfacet
  facet normal 0 0 1
    outer loop
      vertex -18.5119 20.7622 6
      vertex -20.2034 20.1466 6
      vertex -19.4856 18.4137 6
    endloop
  endfacet
  facet normal -0 0 1
    outer loop
      vertex -21.4182 29.3738 6
      vertex -19.625 29.217 6
      vertex -21.1734 31.2334 6
    endloop
  endfacet
  facet normal 0 0 1
    outer loop
      vertex -19.0287 22.4013 6
      vertex -20.7674 21.9354 6
      vertex -20.2034 20.1466 6
    endloop
  endfacet
  facet normal 0 0 1
    outer loop
      vertex -19.625 29.217 6
      vertex -21.4182 29.3738 6
      vertex -19.7 27.5 6
    endloop
  endfacet
  facet normal 0 0 1
    outer loop
      vertex -19.4007 24.0791 6
      vertex -21.1734 23.7666 6
      vertex -20.7674 21.9354 6
    endloop
  endfacet
  facet normal 0 0 1
    outer loop
      vertex -21.5 27.5 6
      vertex -19.7 27.5 6
      vertex -21.4182 29.3738 6
    endloop
  endfacet
  facet normal 0 0 1
    outer loop
      vertex -19.625 25.783 6
      vertex -21.4182 25.6262 6
      vertex -21.1734 23.7666 6
    endloop
  endfacet
  facet normal 0 0 1
    outer loop
      vertex -19.7 27.5 6
      vertex -21.5 27.5 6
      vertex -21.4182 25.6262 6
    endloop
  endfacet
  facet normal 0.3007 0.953719 -0
    outer loop
      vertex 7.35343 47.7034 3
      vertex 5.56461 48.2674 6
      vertex 7.35343 47.7034 6
    endloop
  endfacet
  facet normal 0.3007 0.953719 0
    outer loop
      vertex 5.56461 48.2674 6
      vertex 7.35343 47.7034 3
      vertex 5.56461 48.2674 3
    endloop
  endfacet
  facet normal 0.608709 -0.793394 0
    outer loop
      vertex 12.5 10.0172 3
      vertex 12.3319 9.88823 6
      vertex 12.3319 9.88823 3
    endloop
  endfacet
  facet normal 0.608842 -0.793292 1.18439e-05
    outer loop
      vertex 12.8002 10.2476 3
      vertex 12.3319 9.88823 6
      vertex 12.5 10.0172 3
    endloop
  endfacet
  facet normal 0.608757 -0.793357 -9.18278e-06
    outer loop
      vertex 12.3319 9.88823 6
      vertex 12.8002 10.2476 3
      vertex 13.8199 11.03 6
    endloop
  endfacet
  facet normal 0.60874 -0.79337 0
    outer loop
      vertex 13.8199 11.03 6
      vertex 12.8002 10.2476 3
      vertex 13.8199 11.03 3
    endloop
  endfacet
  facet normal -0.976292 0.216456 0
    outer loop
      vertex -21.1734 31.2334 3
      vertex -20.7674 33.0646 6
      vertex -20.7674 33.0646 3
    endloop
  endfacet
  facet normal -0.976292 0.216456 0
    outer loop
      vertex -20.7674 33.0646 6
      vertex -21.1734 31.2334 3
      vertex -21.1734 31.2334 6
    endloop
  endfacet
  facet normal -0.382695 0.923875 0
    outer loop
      vertex -7.35343 47.7034 3
      vertex -9.08629 46.9856 6
      vertex -7.35343 47.7034 6
    endloop
  endfacet
  facet normal -0.382695 0.923875 0
    outer loop
      vertex -9.08629 46.9856 6
      vertex -7.35343 47.7034 3
      vertex -9.08629 46.9856 3
    endloop
  endfacet
  facet normal -0.60874 -0.79337 0
    outer loop
      vertex -12.8002 10.2476 3
      vertex -13.8199 11.03 6
      vertex -13.8199 11.03 3
    endloop
  endfacet
  facet normal -0.608757 -0.793357 -9.18278e-06
    outer loop
      vertex -13.8199 11.03 6
      vertex -12.8002 10.2476 3
      vertex -12.3319 9.88823 6
    endloop
  endfacet
  facet normal -0.608842 -0.793292 1.18439e-05
    outer loop
      vertex -12.5 10.0172 3
      vertex -12.3319 9.88823 6
      vertex -12.8002 10.2476 3
    endloop
  endfacet
  facet normal -0.608709 -0.793394 -0
    outer loop
      vertex -12.3319 9.88823 6
      vertex -12.5 10.0172 3
      vertex -12.3319 9.88823 3
    endloop
  endfacet
  facet normal 0.608767 0.793349 -0
    outer loop
      vertex 13.8199 43.97 3
      vertex 12.3319 45.1118 6
      vertex 13.8199 43.97 6
    endloop
  endfacet
  facet normal 0.608767 0.793349 0
    outer loop
      vertex 12.3319 45.1118 6
      vertex 13.8199 43.97 3
      vertex 12.3319 45.1118 3
    endloop
  endfacet
  facet normal 0.130526 -0.991445 0
    outer loop
      vertex 1.87385 6.08181 3
      vertex 3.73344 6.32663 6
      vertex 1.87385 6.08181 6
    endloop
  endfacet
  facet normal 0.130526 -0.991445 0
    outer loop
      vertex 3.73344 6.32663 6
      vertex 1.87385 6.08181 3
      vertex 3.73344 6.32663 3
    endloop
  endfacet
  facet normal -0.793349 0.608767 0
    outer loop
      vertex -17.6118 39.8319 3
      vertex -16.47 41.3199 6
      vertex -16.47 41.3199 3
    endloop
  endfacet
  facet normal -0.793349 0.608767 0
    outer loop
      vertex -16.47 41.3199 6
      vertex -17.6118 39.8319 3
      vertex -17.6118 39.8319 6
    endloop
  endfacet
  facet normal -0.0436172 -0.999048 0
    outer loop
      vertex -1.87385 6.08181 3
      vertex 0 6 6
      vertex -1.87385 6.08181 6
    endloop
  endfacet
  facet normal -0.0436172 -0.999048 -0
    outer loop
      vertex 0 6 6
      vertex -1.87385 6.08181 3
      vertex 0 6 3
    endloop
  endfacet
  facet normal 0.0436119 0.999049 -0
    outer loop
      vertex 1.87385 48.9182 3
      vertex 0 49 6
      vertex 1.87385 48.9182 6
    endloop
  endfacet
  facet normal 0.0436119 0.999049 0
    outer loop
      vertex 0 49 6
      vertex 1.87385 48.9182 3
      vertex 0 49 3
    endloop
  endfacet
  facet normal 0.887004 0.461762 0
    outer loop
      vertex 19.4856 36.5863 6
      vertex 18.6195 38.25 3
      vertex 18.6195 38.25 6
    endloop
  endfacet
  facet normal 0.887004 0.461762 0
    outer loop
      vertex 18.6195 38.25 3
      vertex 19.4856 36.5863 6
      vertex 19.4856 36.5863 3
    endloop
  endfacet
  facet normal -0.216439 -0.976296 0
    outer loop
      vertex -5.56461 6.73259 3
      vertex -3.73344 6.32663 6
      vertex -5.56461 6.73259 6
    endloop
  endfacet
  facet normal -0.216439 -0.976296 -0
    outer loop
      vertex -3.73344 6.32663 6
      vertex -5.56461 6.73259 3
      vertex -3.73344 6.32663 3
    endloop
  endfacet
  facet normal -0.999048 0.0436131 0
    outer loop
      vertex -21.5 27.5 3
      vertex -21.4182 29.3738 6
      vertex -21.4182 29.3738 3
    endloop
  endfacet
  facet normal -0.999048 0.0436131 0
    outer loop
      vertex -21.4182 29.3738 6
      vertex -21.5 27.5 3
      vertex -21.5 27.5 6
    endloop
  endfacet
  facet normal -0.737276 0.675592 0
    outer loop
      vertex -16.47 41.3199 3
      vertex -15.2028 42.7028 6
      vertex -15.2028 42.7028 3
    endloop
  endfacet
  facet normal -0.737276 0.675592 0
    outer loop
      vertex -15.2028 42.7028 6
      vertex -16.47 41.3199 3
      vertex -16.47 41.3199 6
    endloop
  endfacet
  facet normal 0.382682 -0.92388 0
    outer loop
      vertex 7.35343 7.29661 3
      vertex 9.08629 8.01438 6
      vertex 7.35343 7.29661 6
    endloop
  endfacet
  facet normal 0.382682 -0.92388 0
    outer loop
      vertex 9.08629 8.01438 6
      vertex 7.35343 7.29661 3
      vertex 9.08629 8.01438 3
    endloop
  endfacet
  facet normal -0.843411 -0.537269 0
    outer loop
      vertex -17.6118 15.1681 3
      vertex -18.6195 16.75 6
      vertex -18.6195 16.75 3
    endloop
  endfacet
  facet normal -0.843411 -0.537269 0
    outer loop
      vertex -18.6195 16.75 6
      vertex -17.6118 15.1681 3
      vertex -17.6118 15.1681 6
    endloop
  endfacet
  facet normal 0.737276 -0.675592 0
    outer loop
      vertex 15.2028 12.2972 6
      vertex 16.47 13.6801 3
      vertex 16.47 13.6801 6
    endloop
  endfacet
  facet normal 0.737276 -0.675592 0
    outer loop
      vertex 16.47 13.6801 3
      vertex 15.2028 12.2972 6
      vertex 15.2028 12.2972 3
    endloop
  endfacet
  facet normal 0.737276 0.675592 0
    outer loop
      vertex 16.47 41.3199 6
      vertex 15.2028 42.7028 3
      vertex 15.2028 42.7028 6
    endloop
  endfacet
  facet normal 0.737276 0.675592 0
    outer loop
      vertex 15.2028 42.7028 3
      vertex 16.47 41.3199 6
      vertex 16.47 41.3199 3
    endloop
  endfacet
  facet normal -0.46176 0.887005 0
    outer loop
      vertex -9.08629 46.9856 3
      vertex -10.75 46.1195 6
      vertex -9.08629 46.9856 6
    endloop
  endfacet
  facet normal -0.46176 0.887005 0
    outer loop
      vertex -10.75 46.1195 6
      vertex -9.08629 46.9856 3
      vertex -10.75 46.1195 3
    endloop
  endfacet
  facet normal -0.991446 -0.130515 0
    outer loop
      vertex -21.1734 23.7666 3
      vertex -21.4182 25.6262 6
      vertex -21.4182 25.6262 3
    endloop
  endfacet
  facet normal -0.991446 -0.130515 0
    outer loop
      vertex -21.4182 25.6262 6
      vertex -21.1734 23.7666 3
      vertex -21.1734 23.7666 6
    endloop
  endfacet
  facet normal -0.130526 -0.991445 0
    outer loop
      vertex -3.73344 6.32663 3
      vertex -1.87385 6.08181 6
      vertex -3.73344 6.32663 6
    endloop
  endfacet
  facet normal -0.130526 -0.991445 -0
    outer loop
      vertex -1.87385 6.08181 6
      vertex -3.73344 6.32663 3
      vertex -1.87385 6.08181 3
    endloop
  endfacet
  facet normal -0.130516 0.991446 0
    outer loop
      vertex -1.87385 48.9182 3
      vertex -3.73344 48.6734 6
      vertex -1.87385 48.9182 6
    endloop
  endfacet
  facet normal -0.130516 0.991446 0
    outer loop
      vertex -3.73344 48.6734 6
      vertex -1.87385 48.9182 3
      vertex -3.73344 48.6734 3
    endloop
  endfacet
  facet normal 0.461748 -0.887011 0
    outer loop
      vertex 9.08629 8.01438 3
      vertex 10.75 8.88045 6
      vertex 9.08629 8.01438 6
    endloop
  endfacet
  facet normal 0.461748 -0.887011 0
    outer loop
      vertex 10.75 8.88045 6
      vertex 9.08629 8.01438 3
      vertex 10.75 8.88045 3
    endloop
  endfacet
  facet normal -0.537299 -0.843392 0
    outer loop
      vertex -12.3319 9.88823 3
      vertex -10.75 8.88045 6
      vertex -12.3319 9.88823 6
    endloop
  endfacet
  facet normal -0.537299 -0.843392 -0
    outer loop
      vertex -10.75 8.88045 6
      vertex -12.3319 9.88823 3
      vertex -10.75 8.88045 3
    endloop
  endfacet
  facet normal -0.3007 0.953719 0
    outer loop
      vertex -5.56461 48.2674 3
      vertex -7.35343 47.7034 6
      vertex -5.56461 48.2674 6
    endloop
  endfacet
  facet normal -0.3007 0.953719 0
    outer loop
      vertex -7.35343 47.7034 6
      vertex -5.56461 48.2674 3
      vertex -7.35343 47.7034 3
    endloop
  endfacet
  facet normal -0.382682 -0.92388 0
    outer loop
      vertex -9.08629 8.01438 3
      vertex -7.35343 7.29661 6
      vertex -9.08629 8.01438 6
    endloop
  endfacet
  facet normal -0.382682 -0.92388 -0
    outer loop
      vertex -7.35343 7.29661 6
      vertex -9.08629 8.01438 3
      vertex -7.35343 7.29661 3
    endloop
  endfacet
  facet normal -0.675592 -0.737276 0
    outer loop
      vertex -15.2028 12.2972 3
      vertex -13.8199 11.03 6
      vertex -15.2028 12.2972 6
    endloop
  endfacet
  facet normal -0.675592 -0.737276 -0
    outer loop
      vertex -13.8199 11.03 6
      vertex -15.2028 12.2972 3
      vertex -13.8199 11.03 3
    endloop
  endfacet
  facet normal -0.737276 -0.675592 0
    outer loop
      vertex -15.2028 12.2972 3
      vertex -16.47 13.6801 6
      vertex -16.47 13.6801 3
    endloop
  endfacet
  facet normal -0.737276 -0.675592 0
    outer loop
      vertex -16.47 13.6801 6
      vertex -15.2028 12.2972 3
      vertex -15.2028 12.2972 6
    endloop
  endfacet
  facet normal 0.216439 -0.976296 0
    outer loop
      vertex 3.73344 6.32663 3
      vertex 5.56461 6.73259 6
      vertex 3.73344 6.32663 6
    endloop
  endfacet
  facet normal 0.216439 -0.976296 0
    outer loop
      vertex 5.56461 6.73259 6
      vertex 3.73344 6.32663 3
      vertex 5.56461 6.73259 3
    endloop
  endfacet
  facet normal 0.887004 -0.461762 0
    outer loop
      vertex 18.6195 16.75 6
      vertex 19.4856 18.4137 3
      vertex 19.4856 18.4137 6
    endloop
  endfacet
  facet normal 0.887004 -0.461762 0
    outer loop
      vertex 19.4856 18.4137 3
      vertex 18.6195 16.75 6
      vertex 18.6195 16.75 3
    endloop
  endfacet
  facet normal 0.953718 0.300703 0
    outer loop
      vertex 20.7674 33.0646 6
      vertex 20.2034 34.8534 3
      vertex 20.2034 34.8534 6
    endloop
  endfacet
  facet normal 0.953718 0.300703 0
    outer loop
      vertex 20.2034 34.8534 3
      vertex 20.7674 33.0646 6
      vertex 20.7674 33.0646 3
    endloop
  endfacet
  facet normal -0.923878 0.382688 0
    outer loop
      vertex -20.2034 34.8534 3
      vertex -19.4856 36.5863 6
      vertex -19.4856 36.5863 3
    endloop
  endfacet
  facet normal -0.923878 0.382688 0
    outer loop
      vertex -19.4856 36.5863 6
      vertex -20.2034 34.8534 3
      vertex -20.2034 34.8534 6
    endloop
  endfacet
  facet normal -0.21646 0.976292 0
    outer loop
      vertex -3.73344 48.6734 3
      vertex -5.56461 48.2674 6
      vertex -3.73344 48.6734 6
    endloop
  endfacet
  facet normal -0.21646 0.976292 0
    outer loop
      vertex -5.56461 48.2674 6
      vertex -3.73344 48.6734 3
      vertex -5.56461 48.2674 3
    endloop
  endfacet
  facet normal -0.843411 0.537269 0
    outer loop
      vertex -18.6195 38.25 3
      vertex -17.6118 39.8319 6
      vertex -17.6118 39.8319 3
    endloop
  endfacet
  facet normal -0.843411 0.537269 0
    outer loop
      vertex -17.6118 39.8319 6
      vertex -18.6195 38.25 3
      vertex -18.6195 38.25 6
    endloop
  endfacet
  facet normal -0.976292 -0.216456 0
    outer loop
      vertex -20.7674 21.9354 3
      vertex -21.1734 23.7666 6
      vertex -21.1734 23.7666 3
    endloop
  endfacet
  facet normal -0.976292 -0.216456 0
    outer loop
      vertex -21.1734 23.7666 6
      vertex -20.7674 21.9354 3
      vertex -20.7674 21.9354 6
    endloop
  endfacet
  facet normal 0.21646 0.976292 -0
    outer loop
      vertex 5.56461 48.2674 3
      vertex 3.73344 48.6734 6
      vertex 5.56461 48.2674 6
    endloop
  endfacet
  facet normal 0.21646 0.976292 0
    outer loop
      vertex 3.73344 48.6734 6
      vertex 5.56461 48.2674 3
      vertex 3.73344 48.6734 3
    endloop
  endfacet
  facet normal 0.0436172 -0.999048 0
    outer loop
      vertex 0 6 3
      vertex 1.87385 6.08181 6
      vertex 0 6 6
    endloop
  endfacet
  facet normal 0.0436172 -0.999048 0
    outer loop
      vertex 1.87385 6.08181 6
      vertex 0 6 3
      vertex 1.87385 6.08181 3
    endloop
  endfacet
  facet normal -0.999048 -0.0436131 0
    outer loop
      vertex -21.4182 25.6262 3
      vertex -21.5 27.5 6
      vertex -21.5 27.5 3
    endloop
  endfacet
  facet normal -0.999048 -0.0436131 0
    outer loop
      vertex -21.5 27.5 6
      vertex -21.4182 25.6262 3
      vertex -21.4182 25.6262 6
    endloop
  endfacet
  facet normal -0.300709 -0.953716 0
    outer loop
      vertex -7.35343 7.29661 3
      vertex -5.56461 6.73259 6
      vertex -7.35343 7.29661 6
    endloop
  endfacet
  facet normal -0.300709 -0.953716 -0
    outer loop
      vertex -5.56461 6.73259 6
      vertex -7.35343 7.29661 3
      vertex -5.56461 6.73259 3
    endloop
  endfacet
  facet normal 0.300709 -0.953716 0
    outer loop
      vertex 5.56461 6.73259 3
      vertex 7.35343 7.29661 6
      vertex 5.56461 6.73259 6
    endloop
  endfacet
  facet normal 0.300709 -0.953716 0
    outer loop
      vertex 7.35343 7.29661 6
      vertex 5.56461 6.73259 3
      vertex 7.35343 7.29661 3
    endloop
  endfacet
  facet normal -0.991446 -0.130521 0
    outer loop
      vertex -8.40609 15.6394 0
      vertex -8.42431 15.7778 1.4
      vertex -8.42431 15.7778 0
    endloop
  endfacet
  facet normal -0.991446 -0.130521 0
    outer loop
      vertex -8.42431 15.7778 1.4
      vertex -8.40609 15.6394 0
      vertex -8.40609 15.6394 1.4
    endloop
  endfacet
  facet normal -0.999047 -0.0436456 0
    outer loop
      vertex -8.4 15.5 0
      vertex -8.40609 15.6394 1.4
      vertex -8.40609 15.6394 0
    endloop
  endfacet
  facet normal -0.999047 -0.0436456 0
    outer loop
      vertex -8.40609 15.6394 1.4
      vertex -8.4 15.5 0
      vertex -8.4 15.5 1.4
    endloop
  endfacet
  facet normal 0.976322 -0.216324 0
    outer loop
      vertex -11.5757 15.7778 1.4
      vertex -11.5455 15.9141 0
      vertex -11.5455 15.9141 1.4
    endloop
  endfacet
  facet normal 0.976322 -0.216324 0
    outer loop
      vertex -11.5455 15.9141 0
      vertex -11.5757 15.7778 1.4
      vertex -11.5757 15.7778 0
    endloop
  endfacet
  facet normal -0.793526 0.608537 0
    outer loop
      vertex -8.77433 14.4715 0
      vertex -8.68936 14.5823 1.4
      vertex -8.68936 14.5823 0
    endloop
  endfacet
  facet normal -0.793526 0.608537 0
    outer loop
      vertex -8.68936 14.5823 1.4
      vertex -8.77433 14.4715 0
      vertex -8.77433 14.4715 1.4
    endloop
  endfacet
  facet normal -0.300885 0.953661 0
    outer loop
      vertex -9.45277 13.9965 0
      vertex -9.58589 13.9545 1.4
      vertex -9.45277 13.9965 1.4
    endloop
  endfacet
  facet normal -0.300885 0.953661 0
    outer loop
      vertex -9.58589 13.9545 1.4
      vertex -9.45277 13.9965 0
      vertex -9.58589 13.9545 0
    endloop
  endfacet
  facet normal 0.923964 0.382478 0
    outer loop
      vertex -11.4501 14.8238 1.4
      vertex -11.5035 14.9528 0
      vertex -11.5035 14.9528 1.4
    endloop
  endfacet
  facet normal 0.923964 0.382478 0
    outer loop
      vertex -11.5035 14.9528 0
      vertex -11.4501 14.8238 1.4
      vertex -11.4501 14.8238 0
    endloop
  endfacet
  facet normal 0.216324 -0.976322 0
    outer loop
      vertex -10.4141 17.0455 0
      vertex -10.2778 17.0757 1.4
      vertex -10.4141 17.0455 1.4
    endloop
  endfacet
  facet normal 0.216324 -0.976322 0
    outer loop
      vertex -10.2778 17.0757 1.4
      vertex -10.4141 17.0455 0
      vertex -10.2778 17.0757 0
    endloop
  endfacet
  facet normal -0.300885 -0.953661 0
    outer loop
      vertex -9.58589 17.0455 0
      vertex -9.45277 17.0035 1.4
      vertex -9.58589 17.0455 1.4
    endloop
  endfacet
  facet normal -0.300885 -0.953661 -0
    outer loop
      vertex -9.45277 17.0035 1.4
      vertex -9.58589 17.0455 0
      vertex -9.45277 17.0035 0
    endloop
  endfacet
  facet normal -0.13039 -0.991463 0
    outer loop
      vertex -9.86055 17.0939 0
      vertex -9.72216 17.0757 1.4
      vertex -9.86055 17.0939 1.4
    endloop
  endfacet
  facet normal -0.13039 -0.991463 -0
    outer loop
      vertex -9.72216 17.0757 1.4
      vertex -9.86055 17.0939 0
      vertex -9.72216 17.0757 0
    endloop
  endfacet
  facet normal -0.976307 -0.216392 0
    outer loop
      vertex -8.42431 15.7778 0
      vertex -8.45452 15.9141 1.4
      vertex -8.45452 15.9141 0
    endloop
  endfacet
  facet normal -0.976307 -0.216392 0
    outer loop
      vertex -8.45452 15.9141 1.4
      vertex -8.42431 15.7778 0
      vertex -8.42431 15.7778 1.4
    endloop
  endfacet
  facet normal 0.793768 0.608221 0
    outer loop
      vertex -11.2257 14.4715 1.4
      vertex -11.3106 14.5823 0
      vertex -11.3106 14.5823 1.4
    endloop
  endfacet
  facet normal 0.793768 0.608221 0
    outer loop
      vertex -11.3106 14.5823 0
      vertex -11.2257 14.4715 1.4
      vertex -11.2257 14.4715 0
    endloop
  endfacet
  facet normal 0.953648 0.300926 0
    outer loop
      vertex -11.5035 14.9528 1.4
      vertex -11.5455 15.0859 0
      vertex -11.5455 15.0859 1.4
    endloop
  endfacet
  facet normal 0.953648 0.300926 0
    outer loop
      vertex -11.5455 15.0859 0
      vertex -11.5035 14.9528 1.4
      vertex -11.5035 14.9528 0
    endloop
  endfacet
  facet normal -0.0437015 -0.999045 0
    outer loop
      vertex -10 17.1 0
      vertex -9.86055 17.0939 1.4
      vertex -10 17.1 1.4
    endloop
  endfacet
  facet normal -0.0437015 -0.999045 -0
    outer loop
      vertex -9.86055 17.0939 1.4
      vertex -10 17.1 0
      vertex -9.86055 17.0939 0
    endloop
  endfacet
  facet normal -0.216369 0.976312 0
    outer loop
      vertex -9.58589 13.9545 0
      vertex -9.72216 13.9243 1.4
      vertex -9.58589 13.9545 1.4
    endloop
  endfacet
  facet normal -0.216369 0.976312 0
    outer loop
      vertex -9.72216 13.9243 1.4
      vertex -9.58589 13.9545 0
      vertex -9.72216 13.9243 0
    endloop
  endfacet
  facet normal -0.843337 -0.537385 0
    outer loop
      vertex -8.61436 16.3 0
      vertex -8.68936 16.4177 1.4
      vertex -8.68936 16.4177 0
    endloop
  endfacet
  facet normal -0.843337 -0.537385 0
    outer loop
      vertex -8.68936 16.4177 1.4
      vertex -8.61436 16.3 0
      vertex -8.61436 16.3 1.4
    endloop
  endfacet
  facet normal -0.675592 -0.737276 0
    outer loop
      vertex -8.97154 16.7257 0
      vertex -8.86863 16.6314 1.4
      vertex -8.97154 16.7257 1.4
    endloop
  endfacet
  facet normal -0.675592 -0.737276 -0
    outer loop
      vertex -8.86863 16.6314 1.4
      vertex -8.97154 16.7257 0
      vertex -8.86863 16.6314 0
    endloop
  endfacet
  facet normal -0.843337 0.537385 0
    outer loop
      vertex -8.68936 14.5823 0
      vertex -8.61436 14.7 1.4
      vertex -8.61436 14.7 0
    endloop
  endfacet
  facet normal -0.843337 0.537385 0
    outer loop
      vertex -8.61436 14.7 1.4
      vertex -8.68936 14.5823 0
      vertex -8.68936 14.5823 1.4
    endloop
  endfacet
  facet normal 0.382478 -0.923964 0
    outer loop
      vertex -10.6762 16.9501 0
      vertex -10.5472 17.0035 1.4
      vertex -10.6762 16.9501 1.4
    endloop
  endfacet
  facet normal 0.382478 -0.923964 0
    outer loop
      vertex -10.5472 17.0035 1.4
      vertex -10.6762 16.9501 0
      vertex -10.5472 17.0035 0
    endloop
  endfacet
  facet normal 0.843337 -0.537385 0
    outer loop
      vertex -11.3856 16.3 1.4
      vertex -11.3106 16.4177 0
      vertex -11.3106 16.4177 1.4
    endloop
  endfacet
  facet normal 0.843337 -0.537385 0
    outer loop
      vertex -11.3106 16.4177 0
      vertex -11.3856 16.3 1.4
      vertex -11.3856 16.3 0
    endloop
  endfacet
  facet normal -0.675592 0.737276 0
    outer loop
      vertex -8.86863 14.3686 0
      vertex -8.97154 14.2743 1.4
      vertex -8.86863 14.3686 1.4
    endloop
  endfacet
  facet normal -0.675592 0.737276 0
    outer loop
      vertex -8.97154 14.2743 1.4
      vertex -8.86863 14.3686 0
      vertex -8.97154 14.2743 0
    endloop
  endfacet
  facet normal -0.887 0.46177 0
    outer loop
      vertex -8.61436 14.7 0
      vertex -8.54991 14.8238 1.4
      vertex -8.54991 14.8238 0
    endloop
  endfacet
  facet normal -0.887 0.46177 0
    outer loop
      vertex -8.54991 14.8238 1.4
      vertex -8.61436 14.7 0
      vertex -8.61436 14.7 1.4
    endloop
  endfacet
  facet normal 0.382478 0.923964 -0
    outer loop
      vertex -10.5472 13.9965 0
      vertex -10.6762 14.0499 1.4
      vertex -10.5472 13.9965 1.4
    endloop
  endfacet
  facet normal 0.382478 0.923964 0
    outer loop
      vertex -10.6762 14.0499 1.4
      vertex -10.5472 13.9965 0
      vertex -10.6762 14.0499 0
    endloop
  endfacet
  facet normal -0.923914 -0.382601 0
    outer loop
      vertex -8.49649 16.0472 0
      vertex -8.54991 16.1762 1.4
      vertex -8.54991 16.1762 0
    endloop
  endfacet
  facet normal -0.923914 -0.382601 0
    outer loop
      vertex -8.54991 16.1762 1.4
      vertex -8.49649 16.0472 0
      vertex -8.49649 16.0472 1.4
    endloop
  endfacet
  facet normal -0.53732 -0.843378 0
    outer loop
      vertex -9.2 16.8856 0
      vertex -9.08228 16.8106 1.4
      vertex -9.2 16.8856 1.4
    endloop
  endfacet
  facet normal -0.53732 -0.843378 -0
    outer loop
      vertex -9.08228 16.8106 1.4
      vertex -9.2 16.8856 0
      vertex -9.08228 16.8106 0
    endloop
  endfacet
  facet normal -0.953709 0.30073 0
    outer loop
      vertex -8.49649 14.9528 0
      vertex -8.45452 15.0859 1.4
      vertex -8.45452 15.0859 0
    endloop
  endfacet
  facet normal -0.953709 0.30073 0
    outer loop
      vertex -8.45452 15.0859 1.4
      vertex -8.49649 14.9528 0
      vertex -8.49649 14.9528 1.4
    endloop
  endfacet
  facet normal -0.991433 0.130614 0
    outer loop
      vertex -8.42431 15.2222 0
      vertex -8.40609 15.3605 1.4
      vertex -8.40609 15.3605 0
    endloop
  endfacet
  facet normal -0.991433 0.130614 0
    outer loop
      vertex -8.40609 15.3605 1.4
      vertex -8.42431 15.2222 0
      vertex -8.42431 15.2222 1.4
    endloop
  endfacet
  facet normal -0.887 -0.46177 0
    outer loop
      vertex -8.54991 16.1762 0
      vertex -8.61436 16.3 1.4
      vertex -8.61436 16.3 0
    endloop
  endfacet
  facet normal -0.887 -0.46177 0
    outer loop
      vertex -8.61436 16.3 1.4
      vertex -8.54991 16.1762 0
      vertex -8.54991 16.1762 1.4
    endloop
  endfacet
  facet normal 0.537385 -0.843337 0
    outer loop
      vertex -10.9177 16.8106 0
      vertex -10.8 16.8856 1.4
      vertex -10.9177 16.8106 1.4
    endloop
  endfacet
  facet normal 0.537385 -0.843337 0
    outer loop
      vertex -10.8 16.8856 1.4
      vertex -10.9177 16.8106 0
      vertex -10.8 16.8856 0
    endloop
  endfacet
  facet normal -0.953709 -0.30073 0
    outer loop
      vertex -8.45452 15.9141 0
      vertex -8.49649 16.0472 1.4
      vertex -8.49649 16.0472 0
    endloop
  endfacet
  facet normal -0.953709 -0.30073 0
    outer loop
      vertex -8.49649 16.0472 1.4
      vertex -8.45452 15.9141 0
      vertex -8.45452 15.9141 1.4
    endloop
  endfacet
  facet normal -0.462022 0.886868 0
    outer loop
      vertex -9.2 14.1144 0
      vertex -9.32381 14.0499 1.4
      vertex -9.2 14.1144 1.4
    endloop
  endfacet
  facet normal -0.462022 0.886868 0
    outer loop
      vertex -9.32381 14.0499 1.4
      vertex -9.2 14.1144 0
      vertex -9.32381 14.0499 0
    endloop
  endfacet
  facet normal -0.999048 0.0436144 0
    outer loop
      vertex -8.40609 15.3605 0
      vertex -8.4 15.5 1.4
      vertex -8.4 15.5 0
    endloop
  endfacet
  facet normal -0.999048 0.0436144 0
    outer loop
      vertex -8.4 15.5 1.4
      vertex -8.40609 15.3605 0
      vertex -8.40609 15.3605 1.4
    endloop
  endfacet
  facet normal -0.13039 0.991463 0
    outer loop
      vertex -9.72216 13.9243 0
      vertex -9.86055 13.9061 1.4
      vertex -9.72216 13.9243 1.4
    endloop
  endfacet
  facet normal -0.13039 0.991463 0
    outer loop
      vertex -9.86055 13.9061 1.4
      vertex -9.72216 13.9243 0
      vertex -9.86055 13.9061 0
    endloop
  endfacet
  facet normal -0.608429 -0.793609 0
    outer loop
      vertex -9.08228 16.8106 0
      vertex -8.97154 16.7257 1.4
      vertex -9.08228 16.8106 1.4
    endloop
  endfacet
  facet normal -0.608429 -0.793609 -0
    outer loop
      vertex -8.97154 16.7257 1.4
      vertex -9.08228 16.8106 0
      vertex -8.97154 16.7257 0
    endloop
  endfacet
  facet normal 0.0437171 0.999044 -0
    outer loop
      vertex -10 13.9 0
      vertex -10.1394 13.9061 1.4
      vertex -10 13.9 1.4
    endloop
  endfacet
  facet normal 0.0437171 0.999044 0
    outer loop
      vertex -10.1394 13.9061 1.4
      vertex -10 13.9 0
      vertex -10.1394 13.9061 0
    endloop
  endfacet
  facet normal 0.462052 -0.886853 0
    outer loop
      vertex -10.8 16.8856 0
      vertex -10.6762 16.9501 1.4
      vertex -10.8 16.8856 1.4
    endloop
  endfacet
  facet normal 0.462052 -0.886853 0
    outer loop
      vertex -10.6762 16.9501 1.4
      vertex -10.8 16.8856 0
      vertex -10.6762 16.9501 0
    endloop
  endfacet
  facet normal -0.216369 -0.976312 0
    outer loop
      vertex -9.72216 17.0757 0
      vertex -9.58589 17.0455 1.4
      vertex -9.72216 17.0757 1.4
    endloop
  endfacet
  facet normal -0.216369 -0.976312 -0
    outer loop
      vertex -9.58589 17.0455 1.4
      vertex -9.72216 17.0757 0
      vertex -9.58589 17.0455 0
    endloop
  endfacet
  facet normal -0.38258 -0.923923 0
    outer loop
      vertex -9.45277 17.0035 0
      vertex -9.32381 16.9501 1.4
      vertex -9.45277 17.0035 1.4
    endloop
  endfacet
  facet normal -0.38258 -0.923923 -0
    outer loop
      vertex -9.32381 16.9501 1.4
      vertex -9.45277 17.0035 0
      vertex -9.32381 16.9501 0
    endloop
  endfacet
  facet normal 0.13038 0.991464 -0
    outer loop
      vertex -10.1394 13.9061 0
      vertex -10.2778 13.9243 1.4
      vertex -10.1394 13.9061 1.4
    endloop
  endfacet
  facet normal 0.13038 0.991464 0
    outer loop
      vertex -10.2778 13.9243 1.4
      vertex -10.1394 13.9061 0
      vertex -10.2778 13.9243 0
    endloop
  endfacet
  facet normal 0.886853 0.462052 0
    outer loop
      vertex -11.3856 14.7 1.4
      vertex -11.4501 14.8238 0
      vertex -11.4501 14.8238 1.4
    endloop
  endfacet
  facet normal 0.886853 0.462052 0
    outer loop
      vertex -11.4501 14.8238 0
      vertex -11.3856 14.7 1.4
      vertex -11.3856 14.7 0
    endloop
  endfacet
  facet normal 0.737243 -0.675627 0
    outer loop
      vertex -11.2257 16.5285 1.4
      vertex -11.1314 16.6314 0
      vertex -11.1314 16.6314 1.4
    endloop
  endfacet
  facet normal 0.737243 -0.675627 0
    outer loop
      vertex -11.1314 16.6314 0
      vertex -11.2257 16.5285 1.4
      vertex -11.2257 16.5285 0
    endloop
  endfacet
  facet normal 0.13038 -0.991464 0
    outer loop
      vertex -10.2778 17.0757 0
      vertex -10.1394 17.0939 1.4
      vertex -10.2778 17.0757 1.4
    endloop
  endfacet
  facet normal 0.13038 -0.991464 0
    outer loop
      vertex -10.1394 17.0939 1.4
      vertex -10.2778 17.0757 0
      vertex -10.1394 17.0939 0
    endloop
  endfacet
  facet normal -0.793526 -0.608537 0
    outer loop
      vertex -8.68936 16.4177 0
      vertex -8.77433 16.5285 1.4
      vertex -8.77433 16.5285 0
    endloop
  endfacet
  facet normal -0.793526 -0.608537 0
    outer loop
      vertex -8.77433 16.5285 1.4
      vertex -8.68936 16.4177 0
      vertex -8.68936 16.4177 1.4
    endloop
  endfacet
  facet normal 0.300926 -0.953648 0
    outer loop
      vertex -10.5472 17.0035 0
      vertex -10.4141 17.0455 1.4
      vertex -10.5472 17.0035 1.4
    endloop
  endfacet
  facet normal 0.300926 -0.953648 0
    outer loop
      vertex -10.4141 17.0455 1.4
      vertex -10.5472 17.0035 0
      vertex -10.4141 17.0455 0
    endloop
  endfacet
  facet normal 0.0437171 -0.999044 0
    outer loop
      vertex -10.1394 17.0939 0
      vertex -10 17.1 1.4
      vertex -10.1394 17.0939 1.4
    endloop
  endfacet
  facet normal 0.0437171 -0.999044 0
    outer loop
      vertex -10 17.1 1.4
      vertex -10.1394 17.0939 0
      vertex -10 17.1 0
    endloop
  endfacet
  facet normal 0.999044 -0.0437171 0
    outer loop
      vertex -11.6 15.5 1.4
      vertex -11.5939 15.6394 0
      vertex -11.5939 15.6394 1.4
    endloop
  endfacet
  facet normal 0.999044 -0.0437171 0
    outer loop
      vertex -11.5939 15.6394 0
      vertex -11.6 15.5 1.4
      vertex -11.6 15.5 0
    endloop
  endfacet
  facet normal 0.886853 -0.462052 0
    outer loop
      vertex -11.4501 16.1762 1.4
      vertex -11.3856 16.3 0
      vertex -11.3856 16.3 1.4
    endloop
  endfacet
  facet normal 0.886853 -0.462052 0
    outer loop
      vertex -11.3856 16.3 0
      vertex -11.4501 16.1762 1.4
      vertex -11.4501 16.1762 0
    endloop
  endfacet
  facet normal 0.675627 0.737243 -0
    outer loop
      vertex -11.0285 14.2743 0
      vertex -11.1314 14.3686 1.4
      vertex -11.0285 14.2743 1.4
    endloop
  endfacet
  facet normal 0.675627 0.737243 0
    outer loop
      vertex -11.1314 14.3686 1.4
      vertex -11.0285 14.2743 0
      vertex -11.1314 14.3686 0
    endloop
  endfacet
  facet normal 0.953648 -0.300926 0
    outer loop
      vertex -11.5455 15.9141 1.4
      vertex -11.5035 16.0472 0
      vertex -11.5035 16.0472 1.4
    endloop
  endfacet
  facet normal 0.953648 -0.300926 0
    outer loop
      vertex -11.5035 16.0472 0
      vertex -11.5455 15.9141 1.4
      vertex -11.5455 15.9141 0
    endloop
  endfacet
  facet normal -0.923914 0.382601 0
    outer loop
      vertex -8.54991 14.8238 0
      vertex -8.49649 14.9528 1.4
      vertex -8.49649 14.9528 0
    endloop
  endfacet
  facet normal -0.923914 0.382601 0
    outer loop
      vertex -8.49649 14.9528 1.4
      vertex -8.54991 14.8238 0
      vertex -8.54991 14.8238 1.4
    endloop
  endfacet
  facet normal 0.976322 0.216324 0
    outer loop
      vertex -11.5455 15.0859 1.4
      vertex -11.5757 15.2222 0
      vertex -11.5757 15.2222 1.4
    endloop
  endfacet
  facet normal 0.976322 0.216324 0
    outer loop
      vertex -11.5757 15.2222 0
      vertex -11.5455 15.0859 1.4
      vertex -11.5455 15.0859 0
    endloop
  endfacet
  facet normal 0.300926 0.953648 -0
    outer loop
      vertex -10.4141 13.9545 0
      vertex -10.5472 13.9965 1.4
      vertex -10.4141 13.9545 1.4
    endloop
  endfacet
  facet normal 0.300926 0.953648 0
    outer loop
      vertex -10.5472 13.9965 1.4
      vertex -10.4141 13.9545 0
      vertex -10.5472 13.9965 0
    endloop
  endfacet
  facet normal -0.38258 0.923923 0
    outer loop
      vertex -9.32381 14.0499 0
      vertex -9.45277 13.9965 1.4
      vertex -9.32381 14.0499 1.4
    endloop
  endfacet
  facet normal -0.38258 0.923923 0
    outer loop
      vertex -9.45277 13.9965 1.4
      vertex -9.32381 14.0499 0
      vertex -9.45277 13.9965 0
    endloop
  endfacet
  facet normal 0.991452 0.130473 0
    outer loop
      vertex -11.5757 15.2222 1.4
      vertex -11.5939 15.3605 0
      vertex -11.5939 15.3605 1.4
    endloop
  endfacet
  facet normal 0.991452 0.130473 0
    outer loop
      vertex -11.5939 15.3605 0
      vertex -11.5757 15.2222 1.4
      vertex -11.5757 15.2222 0
    endloop
  endfacet
  facet normal 0.999045 0.0436859 0
    outer loop
      vertex -11.5939 15.3605 1.4
      vertex -11.6 15.5 0
      vertex -11.6 15.5 1.4
    endloop
  endfacet
  facet normal 0.999045 0.0436859 0
    outer loop
      vertex -11.6 15.5 0
      vertex -11.5939 15.3605 1.4
      vertex -11.5939 15.3605 0
    endloop
  endfacet
  facet normal -0.462022 -0.886868 0
    outer loop
      vertex -9.32381 16.9501 0
      vertex -9.2 16.8856 1.4
      vertex -9.32381 16.9501 1.4
    endloop
  endfacet
  facet normal -0.462022 -0.886868 -0
    outer loop
      vertex -9.2 16.8856 1.4
      vertex -9.32381 16.9501 0
      vertex -9.2 16.8856 0
    endloop
  endfacet
  facet normal -0.53732 0.843378 0
    outer loop
      vertex -9.08228 14.1894 0
      vertex -9.2 14.1144 1.4
      vertex -9.08228 14.1894 1.4
    endloop
  endfacet
  facet normal -0.53732 0.843378 0
    outer loop
      vertex -9.2 14.1144 1.4
      vertex -9.08228 14.1894 0
      vertex -9.2 14.1144 0
    endloop
  endfacet
  facet normal 0.793768 -0.608221 0
    outer loop
      vertex -11.3106 16.4177 1.4
      vertex -11.2257 16.5285 0
      vertex -11.2257 16.5285 1.4
    endloop
  endfacet
  facet normal 0.793768 -0.608221 0
    outer loop
      vertex -11.2257 16.5285 0
      vertex -11.3106 16.4177 1.4
      vertex -11.3106 16.4177 0
    endloop
  endfacet
  facet normal 0.537385 0.843337 -0
    outer loop
      vertex -10.8 14.1144 0
      vertex -10.9177 14.1894 1.4
      vertex -10.8 14.1144 1.4
    endloop
  endfacet
  facet normal 0.537385 0.843337 0
    outer loop
      vertex -10.9177 14.1894 1.4
      vertex -10.8 14.1144 0
      vertex -10.9177 14.1894 0
    endloop
  endfacet
  facet normal -0.976307 0.216392 0
    outer loop
      vertex -8.45452 15.0859 0
      vertex -8.42431 15.2222 1.4
      vertex -8.42431 15.2222 0
    endloop
  endfacet
  facet normal -0.976307 0.216392 0
    outer loop
      vertex -8.42431 15.2222 1.4
      vertex -8.45452 15.0859 0
      vertex -8.45452 15.0859 1.4
    endloop
  endfacet
  facet normal -0.0437015 0.999045 0
    outer loop
      vertex -9.86055 13.9061 0
      vertex -10 13.9 1.4
      vertex -9.86055 13.9061 1.4
    endloop
  endfacet
  facet normal -0.0437015 0.999045 0
    outer loop
      vertex -10 13.9 1.4
      vertex -9.86055 13.9061 0
      vertex -10 13.9 0
    endloop
  endfacet
  facet normal 0.991464 -0.13038 0
    outer loop
      vertex -11.5939 15.6394 1.4
      vertex -11.5757 15.7778 0
      vertex -11.5757 15.7778 1.4
    endloop
  endfacet
  facet normal 0.991464 -0.13038 0
    outer loop
      vertex -11.5757 15.7778 0
      vertex -11.5939 15.6394 1.4
      vertex -11.5939 15.6394 0
    endloop
  endfacet
  facet normal 0.216324 0.976322 -0
    outer loop
      vertex -10.2778 13.9243 0
      vertex -10.4141 13.9545 1.4
      vertex -10.2778 13.9243 1.4
    endloop
  endfacet
  facet normal 0.216324 0.976322 0
    outer loop
      vertex -10.4141 13.9545 1.4
      vertex -10.2778 13.9243 0
      vertex -10.4141 13.9545 0
    endloop
  endfacet
  facet normal 0.843337 0.537385 0
    outer loop
      vertex -11.3106 14.5823 1.4
      vertex -11.3856 14.7 0
      vertex -11.3856 14.7 1.4
    endloop
  endfacet
  facet normal 0.843337 0.537385 0
    outer loop
      vertex -11.3856 14.7 0
      vertex -11.3106 14.5823 1.4
      vertex -11.3106 14.5823 0
    endloop
  endfacet
  facet normal -0.608429 0.793609 0
    outer loop
      vertex -8.97154 14.2743 0
      vertex -9.08228 14.1894 1.4
      vertex -8.97154 14.2743 1.4
    endloop
  endfacet
  facet normal -0.608429 0.793609 0
    outer loop
      vertex -9.08228 14.1894 1.4
      vertex -8.97154 14.2743 0
      vertex -9.08228 14.1894 0
    endloop
  endfacet
  facet normal 0.608221 -0.793768 0
    outer loop
      vertex -11.0285 16.7257 0
      vertex -10.9177 16.8106 1.4
      vertex -11.0285 16.7257 1.4
    endloop
  endfacet
  facet normal 0.608221 -0.793768 0
    outer loop
      vertex -10.9177 16.8106 1.4
      vertex -11.0285 16.7257 0
      vertex -10.9177 16.8106 0
    endloop
  endfacet
  facet normal 0.737243 0.675627 0
    outer loop
      vertex -11.1314 14.3686 1.4
      vertex -11.2257 14.4715 0
      vertex -11.2257 14.4715 1.4
    endloop
  endfacet
  facet normal 0.737243 0.675627 0
    outer loop
      vertex -11.2257 14.4715 0
      vertex -11.1314 14.3686 1.4
      vertex -11.1314 14.3686 0
    endloop
  endfacet
  facet normal 0.608221 0.793768 -0
    outer loop
      vertex -10.9177 14.1894 0
      vertex -11.0285 14.2743 1.4
      vertex -10.9177 14.1894 1.4
    endloop
  endfacet
  facet normal 0.608221 0.793768 0
    outer loop
      vertex -11.0285 14.2743 1.4
      vertex -10.9177 14.1894 0
      vertex -11.0285 14.2743 0
    endloop
  endfacet
  facet normal -0.737243 -0.675627 0
    outer loop
      vertex -8.77433 16.5285 0
      vertex -8.86863 16.6314 1.4
      vertex -8.86863 16.6314 0
    endloop
  endfacet
  facet normal -0.737243 -0.675627 0
    outer loop
      vertex -8.86863 16.6314 1.4
      vertex -8.77433 16.5285 0
      vertex -8.77433 16.5285 1.4
    endloop
  endfacet
  facet normal 0.923964 -0.382478 0
    outer loop
      vertex -11.5035 16.0472 1.4
      vertex -11.4501 16.1762 0
      vertex -11.4501 16.1762 1.4
    endloop
  endfacet
  facet normal 0.923964 -0.382478 0
    outer loop
      vertex -11.4501 16.1762 0
      vertex -11.5035 16.0472 1.4
      vertex -11.5035 16.0472 0
    endloop
  endfacet
  facet normal -0.737243 0.675627 0
    outer loop
      vertex -8.86863 14.3686 0
      vertex -8.77433 14.4715 1.4
      vertex -8.77433 14.4715 0
    endloop
  endfacet
  facet normal -0.737243 0.675627 0
    outer loop
      vertex -8.77433 14.4715 1.4
      vertex -8.86863 14.3686 0
      vertex -8.86863 14.3686 1.4
    endloop
  endfacet
  facet normal 0.462052 0.886853 -0
    outer loop
      vertex -10.6762 14.0499 0
      vertex -10.8 14.1144 1.4
      vertex -10.6762 14.0499 1.4
    endloop
  endfacet
  facet normal 0.462052 0.886853 0
    outer loop
      vertex -10.8 14.1144 1.4
      vertex -10.6762 14.0499 0
      vertex -10.8 14.1144 0
    endloop
  endfacet
  facet normal 0.675627 -0.737243 0
    outer loop
      vertex -11.1314 16.6314 0
      vertex -11.0285 16.7257 1.4
      vertex -11.1314 16.6314 1.4
    endloop
  endfacet
  facet normal 0.675627 -0.737243 0
    outer loop
      vertex -11.0285 16.7257 1.4
      vertex -11.1314 16.6314 0
      vertex -11.0285 16.7257 0
    endloop
  endfacet
  facet normal -0.731286 -0.0319479 0.681322
    outer loop
      vertex -8.4 15.5 1.4
      vertex -6.91871 15.5017 2.99
      vertex -8.40609 15.6394 1.4
    endloop
  endfacet
  facet normal -0.731225 -0.0344106 0.681267
    outer loop
      vertex -6.91871 15.5017 2.99
      vertex -8.4 15.5 1.4
      vertex -6.91863 15.5 2.99
    endloop
  endfacet
  facet normal 0.649162 0.338214 0.681323
    outer loop
      vertex -12.6693 13.9609 2.99
      vertex -11.3856 14.7 1.4
      vertex -11.4501 14.8238 1.4
    endloop
  endfacet
  facet normal 0.654961 0.327481 0.681016
    outer loop
      vertex -11.3856 14.7 1.4
      vertex -12.6693 13.9609 2.99
      vertex -12.6685 13.9593 2.99
    endloop
  endfacet
  facet normal 0.338162 0.649193 0.681318
    outer loop
      vertex -11.3022 12.7073 2.99
      vertex -10.6762 14.0499 1.4
      vertex -11.5391 12.8307 2.99
    endloop
  endfacet
  facet normal 0.67625 -0.280149 0.681324
    outer loop
      vertex -11.4501 16.1762 1.4
      vertex -12.7927 16.8022 2.99
      vertex -12.8949 16.5555 2.99
    endloop
  endfacet
  facet normal 0.698108 0.220094 0.681325
    outer loop
      vertex -12.8961 14.4478 2.99
      vertex -11.5455 15.0859 1.4
      vertex -12.9764 14.7025 2.99
    endloop
  endfacet
  facet normal 0.596214 -0.425867 0.680563
    outer loop
      vertex -12.3615 17.4793 2.99
      vertex -11.2257 16.5285 1.4
      vertex -12.3605 17.4807 2.99
    endloop
  endfacet
  facet normal 0.581043 -0.445221 0.681298
    outer loop
      vertex -11.2257 16.5285 1.4
      vertex -12.3615 17.4793 2.99
      vertex -11.3106 16.4177 1.4
    endloop
  endfacet
  facet normal -0.393306 0.617333 0.681329
    outer loop
      vertex -9.2 14.1144 1.4
      vertex -8.45785 12.8324 2.99
      vertex -9.08228 14.1894 1.4
    endloop
  endfacet
  facet normal -0.382098 0.624094 0.681548
    outer loop
      vertex -8.45785 12.8324 2.99
      vertex -9.2 14.1144 1.4
      vertex -8.45932 12.8315 2.99
    endloop
  endfacet
  facet normal -0.0422542 -0.730998 0.68107
    outer loop
      vertex -10 17.1 1.4
      vertex -9.99827 18.5813 2.99
      vertex -10 18.5814 2.99
    endloop
  endfacet
  facet normal -0.0319887 -0.731283 0.681324
    outer loop
      vertex -9.99827 18.5813 2.99
      vertex -10 17.1 1.4
      vertex -9.86055 17.0939 1.4
    endloop
  endfacet
  facet normal 0.158701 0.714566 0.681329
    outer loop
      vertex -10.5351 12.4654 2.99
      vertex -10.2778 13.9243 1.4
      vertex -10.7958 12.5233 2.99
    endloop
  endfacet
  facet normal 0.0953761 0.725735 0.681331
    outer loop
      vertex -10.2703 12.4306 2.99
      vertex -10.2778 13.9243 1.4
      vertex -10.5351 12.4654 2.99
    endloop
  endfacet
  facet normal -0.676243 -0.280174 0.68132
    outer loop
      vertex -7.10512 16.5555 2.99
      vertex -7.20733 16.8022 2.99
      vertex -8.54991 16.1762 1.4
    endloop
  endfacet
  facet normal 0.220094 0.698108 0.681325
    outer loop
      vertex -10.7975 12.5236 2.99
      vertex -10.4141 13.9545 1.4
      vertex -11.0522 12.6039 2.99
    endloop
  endfacet
  facet normal -0.580854 0.445443 0.681314
    outer loop
      vertex -8.77433 14.4715 1.4
      vertex -7.63848 13.5207 2.99
      vertex -8.68936 14.5823 1.4
    endloop
  endfacet
  facet normal -0.585733 0.4393 0.681126
    outer loop
      vertex -7.63848 13.5207 2.99
      vertex -8.77433 14.4715 1.4
      vertex -7.63953 13.5193 2.99
    endloop
  endfacet
  facet normal -0.0953799 0.725737 0.681328
    outer loop
      vertex -9.46493 12.4654 2.99
      vertex -9.72216 13.9243 1.4
      vertex -9.72972 12.4306 2.99
    endloop
  endfacet
  facet normal 0.494346 -0.539834 0.681323
    outer loop
      vertex -11.1314 16.6314 1.4
      vertex -11.9819 17.8593 2.99
      vertex -12.1789 17.6789 2.99
    endloop
  endfacet
  facet normal -0.617386 0.393231 0.681325
    outer loop
      vertex -7.47589 13.7326 2.99
      vertex -7.33239 13.9579 2.99
      vertex -8.68936 14.5823 1.4
    endloop
  endfacet
  facet normal 0.617381 -0.393228 0.681332
    outer loop
      vertex -11.3106 16.4177 1.4
      vertex -12.5241 17.2674 2.99
      vertex -12.6676 17.0421 2.99
    endloop
  endfacet
  facet normal 0.676313 -0.279962 0.681338
    outer loop
      vertex -12.8949 16.5555 2.99
      vertex -11.5035 16.0472 1.4
      vertex -11.4501 16.1762 1.4
    endloop
  endfacet
  facet normal 0.685092 -0.256909 0.68165
    outer loop
      vertex -11.5035 16.0472 1.4
      vertex -12.8949 16.5555 2.99
      vertex -12.8955 16.5539 2.99
    endloop
  endfacet
  facet normal -0.649273 0.338011 0.681318
    outer loop
      vertex -7.33066 13.9609 2.99
      vertex -7.20733 14.1978 2.99
      vertex -8.54991 14.8238 1.4
    endloop
  endfacet
  facet normal 0.617309 -0.393358 0.681322
    outer loop
      vertex -12.6676 17.0421 2.99
      vertex -11.3856 16.3 1.4
      vertex -11.3106 16.4177 1.4
    endloop
  endfacet
  facet normal 0.61578 -0.395859 0.681256
    outer loop
      vertex -11.3856 16.3 1.4
      vertex -12.6676 17.0421 2.99
      vertex -12.6685 17.0407 2.99
    endloop
  endfacet
  facet normal -0.127376 0.721795 0.680285
    outer loop
      vertex -9.58589 13.9545 1.4
      vertex -9.20418 12.5233 2.99
      vertex -9.20248 12.5236 2.99
    endloop
  endfacet
  facet normal -0.158382 0.714659 0.681306
    outer loop
      vertex -9.20418 12.5233 2.99
      vertex -9.58589 13.9545 1.4
      vertex -9.72216 13.9243 1.4
    endloop
  endfacet
  facet normal -0.0320655 0.731284 0.681318
    outer loop
      vertex -9.73144 12.4304 2.99
      vertex -9.86055 13.9061 1.4
      vertex -9.99827 12.4187 2.99
    endloop
  endfacet
  facet normal 0.698108 -0.220094 0.681325
    outer loop
      vertex -11.5455 15.9141 1.4
      vertex -12.8961 16.5522 2.99
      vertex -12.9764 16.2975 2.99
    endloop
  endfacet
  facet normal 0.445221 -0.581043 0.681298
    outer loop
      vertex -11.9793 17.8615 2.99
      vertex -11.0285 16.7257 1.4
      vertex -10.9177 16.8106 1.4
    endloop
  endfacet
  facet normal 0.425867 -0.596214 0.680563
    outer loop
      vertex -11.0285 16.7257 1.4
      vertex -11.9793 17.8615 2.99
      vertex -11.9807 17.8605 2.99
    endloop
  endfacet
  facet normal -0.725714 0.0956074 0.681321
    outer loop
      vertex -8.42431 15.2222 1.4
      vertex -6.93036 15.2314 2.99
      vertex -8.40609 15.3605 1.4
    endloop
  endfacet
  facet normal -0.725825 0.0939303 0.681436
    outer loop
      vertex -6.93036 15.2314 2.99
      vertex -8.42431 15.2222 1.4
      vertex -6.93058 15.2297 2.99
    endloop
  endfacet
  facet normal -0.494454 0.539733 0.681325
    outer loop
      vertex -8.01806 13.1407 2.99
      vertex -7.82114 13.3211 2.99
      vertex -8.86863 14.3686 1.4
    endloop
  endfacet
  facet normal 0.580709 0.445603 0.681333
    outer loop
      vertex -12.3615 13.5207 2.99
      vertex -11.3106 14.5823 1.4
      vertex -12.5241 13.7326 2.99
    endloop
  endfacet
  facet normal 0.580709 -0.445603 0.681333
    outer loop
      vertex -11.3106 16.4177 1.4
      vertex -12.3615 17.4793 2.99
      vertex -12.5241 17.2674 2.99
    endloop
  endfacet
  facet normal -0.610002 0.405216 0.680953
    outer loop
      vertex -8.61436 14.7 1.4
      vertex -7.33239 13.9579 2.99
      vertex -7.33146 13.9593 2.99
    endloop
  endfacet
  facet normal -0.617314 0.393361 0.681315
    outer loop
      vertex -7.33239 13.9579 2.99
      vertex -8.61436 14.7 1.4
      vertex -8.68936 14.5823 1.4
    endloop
  endfacet
  facet normal -0.67665 0.279118 0.68135
    outer loop
      vertex -8.49649 14.9528 1.4
      vertex -7.10512 14.4445 2.99
      vertex -7.10446 14.4461 2.99
    endloop
  endfacet
  facet normal -0.676284 0.280055 0.681329
    outer loop
      vertex -7.10512 14.4445 2.99
      vertex -8.49649 14.9528 1.4
      vertex -8.54991 14.8238 1.4
    endloop
  endfacet
  facet normal -0.725716 0.0955654 0.681325
    outer loop
      vertex -6.96545 14.9649 2.99
      vertex -6.93058 15.2297 2.99
      vertex -8.42431 15.2222 1.4
    endloop
  endfacet
  facet normal 0.539834 -0.494346 0.681323
    outer loop
      vertex -11.1314 16.6314 1.4
      vertex -12.1789 17.6789 2.99
      vertex -12.3593 17.4819 2.99
    endloop
  endfacet
  facet normal 0.445603 0.580709 0.681333
    outer loop
      vertex -11.7674 12.9759 2.99
      vertex -10.9177 14.1894 1.4
      vertex -11.9793 13.1385 2.99
    endloop
  endfacet
  facet normal 0.730975 0.0429985 0.681048
    outer loop
      vertex -13.0813 15.4983 2.99
      vertex -11.6 15.5 1.4
      vertex -13.0814 15.5 2.99
    endloop
  endfacet
  facet normal 0.731283 0.0319773 0.681324
    outer loop
      vertex -11.6 15.5 1.4
      vertex -13.0813 15.4983 2.99
      vertex -11.5939 15.3605 1.4
    endloop
  endfacet
  facet normal -0.522444 -0.513737 0.680534
    outer loop
      vertex -7.64071 17.4819 2.99
      vertex -8.77433 16.5285 1.4
      vertex -7.63953 17.4807 2.99
    endloop
  endfacet
  facet normal -0.53966 -0.494557 0.681308
    outer loop
      vertex -8.77433 16.5285 1.4
      vertex -7.64071 17.4819 2.99
      vertex -8.86863 16.6314 1.4
    endloop
  endfacet
  facet normal -0.220078 0.698112 0.681326
    outer loop
      vertex -9.20248 12.5236 2.99
      vertex -8.94776 12.6039 2.99
      vertex -9.58589 13.9545 1.4
    endloop
  endfacet
  facet normal 0.539834 0.494346 0.681323
    outer loop
      vertex -12.1789 13.3211 2.99
      vertex -11.1314 14.3686 1.4
      vertex -12.3593 13.5181 2.99
    endloop
  endfacet
  facet normal -0.731286 -0.0319201 0.681324
    outer loop
      vertex -6.91871 15.5017 2.99
      vertex -6.93036 15.7686 2.99
      vertex -8.40609 15.6394 1.4
    endloop
  endfacet
  facet normal -0.676243 0.280174 0.68132
    outer loop
      vertex -7.20733 14.1978 2.99
      vertex -7.10512 14.4445 2.99
      vertex -8.54991 14.8238 1.4
    endloop
  endfacet
  facet normal -0.731287 0.0319202 0.681323
    outer loop
      vertex -6.93036 15.2314 2.99
      vertex -6.91871 15.4983 2.99
      vertex -8.40609 15.3605 1.4
    endloop
  endfacet
  facet normal -0.0954436 -0.725739 0.681318
    outer loop
      vertex -9.72216 17.0757 1.4
      vertex -9.73144 18.5696 2.99
      vertex -9.86055 17.0939 1.4
    endloop
  endfacet
  facet normal -0.0844685 -0.726429 0.682031
    outer loop
      vertex -9.73144 18.5696 2.99
      vertex -9.72216 17.0757 1.4
      vertex -9.72972 18.5694 2.99
    endloop
  endfacet
  facet normal 0.445221 0.581043 0.681298
    outer loop
      vertex -11.0285 14.2743 1.4
      vertex -11.9793 13.1385 2.99
      vertex -10.9177 14.1894 1.4
    endloop
  endfacet
  facet normal 0.425867 0.596214 0.680563
    outer loop
      vertex -11.9793 13.1385 2.99
      vertex -11.0285 14.2743 1.4
      vertex -11.9807 13.1395 2.99
    endloop
  endfacet
  facet normal -0.338148 0.649194 0.681324
    outer loop
      vertex -8.69776 12.7073 2.99
      vertex -8.46085 12.8307 2.99
      vertex -9.32381 14.0499 1.4
    endloop
  endfacet
  facet normal 0.280149 0.67625 0.681324
    outer loop
      vertex -11.0555 12.6051 2.99
      vertex -10.6762 14.0499 1.4
      vertex -11.3022 12.7073 2.99
    endloop
  endfacet
  facet normal 0.726369 -0.0854551 0.681972
    outer loop
      vertex -13.0696 15.7686 2.99
      vertex -11.5757 15.7778 1.4
      vertex -13.0694 15.7703 2.99
    endloop
  endfacet
  facet normal 0.725737 -0.0954365 0.681321
    outer loop
      vertex -11.5757 15.7778 1.4
      vertex -13.0696 15.7686 2.99
      vertex -11.5939 15.6394 1.4
    endloop
  endfacet
  facet normal 0.67625 0.280149 0.681324
    outer loop
      vertex -12.7927 14.1978 2.99
      vertex -11.4501 14.8238 1.4
      vertex -12.8949 14.4445 2.99
    endloop
  endfacet
  facet normal -0.220078 -0.698112 0.681326
    outer loop
      vertex -8.94776 18.3961 2.99
      vertex -9.20248 18.4764 2.99
      vertex -9.58589 17.0455 1.4
    endloop
  endfacet
  facet normal 0.0429985 0.730975 0.681048
    outer loop
      vertex -10 13.9 1.4
      vertex -10.0017 12.4187 2.99
      vertex -10 12.4186 2.99
    endloop
  endfacet
  facet normal 0.0320002 0.731283 0.681323
    outer loop
      vertex -10.0017 12.4187 2.99
      vertex -10 13.9 1.4
      vertex -10.1394 13.9061 1.4
    endloop
  endfacet
  facet normal -0.522444 0.513737 0.680534
    outer loop
      vertex -8.77433 14.4715 1.4
      vertex -7.64071 13.5181 2.99
      vertex -7.63953 13.5193 2.99
    endloop
  endfacet
  facet normal -0.53966 0.494557 0.681308
    outer loop
      vertex -7.64071 13.5181 2.99
      vertex -8.77433 14.4715 1.4
      vertex -8.86863 14.3686 1.4
    endloop
  endfacet
  facet normal -0.649273 0.33801 0.681318
    outer loop
      vertex -8.61436 14.7 1.4
      vertex -7.33066 13.9609 2.99
      vertex -8.54991 14.8238 1.4
    endloop
  endfacet
  facet normal -0.654961 0.327481 0.681016
    outer loop
      vertex -7.33066 13.9609 2.99
      vertex -8.61436 14.7 1.4
      vertex -7.33146 13.9593 2.99
    endloop
  endfacet
  facet normal 0.539662 0.494559 0.681304
    outer loop
      vertex -11.2257 14.4715 1.4
      vertex -12.3593 13.5181 2.99
      vertex -11.1314 14.3686 1.4
    endloop
  endfacet
  facet normal 0.518276 0.518276 0.680279
    outer loop
      vertex -12.3593 13.5181 2.99
      vertex -11.2257 14.4715 1.4
      vertex -12.3605 13.5193 2.99
    endloop
  endfacet
  facet normal 0.714668 0.158349 0.681304
    outer loop
      vertex -12.9767 14.7042 2.99
      vertex -11.5455 15.0859 1.4
      vertex -11.5757 15.2222 1.4
    endloop
  endfacet
  facet normal 0.721795 0.127376 0.680285
    outer loop
      vertex -11.5455 15.0859 1.4
      vertex -12.9767 14.7042 2.99
      vertex -12.9764 14.7025 2.99
    endloop
  endfacet
  facet normal -0.539794 0.494391 0.681323
    outer loop
      vertex -7.82114 13.3211 2.99
      vertex -7.64071 13.5181 2.99
      vertex -8.86863 14.3686 1.4
    endloop
  endfacet
  facet normal 0.654961 -0.327481 0.681016
    outer loop
      vertex -12.6693 17.0391 2.99
      vertex -11.3856 16.3 1.4
      vertex -12.6685 17.0407 2.99
    endloop
  endfacet
  facet normal 0.649162 -0.338214 0.681323
    outer loop
      vertex -11.3856 16.3 1.4
      vertex -12.6693 17.0391 2.99
      vertex -11.4501 16.1762 1.4
    endloop
  endfacet
  facet normal -0.649273 -0.338011 0.681318
    outer loop
      vertex -7.20733 16.8022 2.99
      vertex -7.33066 17.0391 2.99
      vertex -8.54991 16.1762 1.4
    endloop
  endfacet
  facet normal 0.445603 -0.580709 0.681333
    outer loop
      vertex -10.9177 16.8106 1.4
      vertex -11.7674 18.0241 2.99
      vertex -11.9793 17.8615 2.99
    endloop
  endfacet
  facet normal 0.649193 0.338162 0.681318
    outer loop
      vertex -12.6693 13.9609 2.99
      vertex -11.4501 14.8238 1.4
      vertex -12.7927 14.1978 2.99
    endloop
  endfacet
  facet normal -0.71464 0.158395 0.681322
    outer loop
      vertex -8.45452 15.0859 1.4
      vertex -7.02325 14.7042 2.99
      vertex -8.42431 15.2222 1.4
    endloop
  endfacet
  facet normal -0.71433 0.159674 0.68135
    outer loop
      vertex -7.02325 14.7042 2.99
      vertex -8.45452 15.0859 1.4
      vertex -7.02363 14.7025 2.99
    endloop
  endfacet
  facet normal 0.256909 -0.685092 0.68165
    outer loop
      vertex -11.0555 18.3949 2.99
      vertex -10.5472 17.0035 1.4
      vertex -11.0539 18.3955 2.99
    endloop
  endfacet
  facet normal 0.279962 -0.676313 0.681338
    outer loop
      vertex -10.5472 17.0035 1.4
      vertex -11.0555 18.3949 2.99
      vertex -10.6762 16.9501 1.4
    endloop
  endfacet
  facet normal -0.0320655 -0.731284 0.681318
    outer loop
      vertex -9.86055 17.0939 1.4
      vertex -9.73144 18.5696 2.99
      vertex -9.99827 18.5813 2.99
    endloop
  endfacet
  facet normal 0.243517 -0.689966 0.68165
    outer loop
      vertex -10.5472 17.0035 1.4
      vertex -11.0522 18.3961 2.99
      vertex -11.0539 18.3955 2.99
    endloop
  endfacet
  facet normal 0.220268 -0.698041 0.681338
    outer loop
      vertex -11.0522 18.3961 2.99
      vertex -10.5472 17.0035 1.4
      vertex -10.4141 17.0455 1.4
    endloop
  endfacet
  facet normal -0.158673 -0.714575 0.681326
    outer loop
      vertex -9.20418 18.4767 2.99
      vertex -9.46493 18.5346 2.99
      vertex -9.72216 17.0757 1.4
    endloop
  endfacet
  facet normal 0.730975 -0.0429985 0.681048
    outer loop
      vertex -11.6 15.5 1.4
      vertex -13.0813 15.5017 2.99
      vertex -13.0814 15.5 2.99
    endloop
  endfacet
  facet normal 0.731283 -0.0320002 0.681323
    outer loop
      vertex -13.0813 15.5017 2.99
      vertex -11.6 15.5 1.4
      vertex -11.5939 15.6394 1.4
    endloop
  endfacet
  facet normal -0.539794 -0.494391 0.681323
    outer loop
      vertex -7.64071 17.4819 2.99
      vertex -7.82114 17.6789 2.99
      vertex -8.86863 16.6314 1.4
    endloop
  endfacet
  facet normal -0.585733 -0.4393 0.681126
    outer loop
      vertex -8.77433 16.5285 1.4
      vertex -7.63848 17.4793 2.99
      vertex -7.63953 17.4807 2.99
    endloop
  endfacet
  facet normal -0.580854 -0.445443 0.681314
    outer loop
      vertex -7.63848 17.4793 2.99
      vertex -8.77433 16.5285 1.4
      vertex -8.68936 16.4177 1.4
    endloop
  endfacet
  facet normal 0.725735 0.0953761 0.681331
    outer loop
      vertex -13.0346 14.9649 2.99
      vertex -11.5757 15.2222 1.4
      vertex -13.0694 15.2297 2.99
    endloop
  endfacet
  facet normal -0.731225 0.0344106 0.681267
    outer loop
      vertex -8.4 15.5 1.4
      vertex -6.91871 15.4983 2.99
      vertex -6.91863 15.5 2.99
    endloop
  endfacet
  facet normal -0.731287 0.031925 0.681322
    outer loop
      vertex -6.91871 15.4983 2.99
      vertex -8.4 15.5 1.4
      vertex -8.40609 15.3605 1.4
    endloop
  endfacet
  facet normal 0.581043 0.445221 0.681298
    outer loop
      vertex -12.3615 13.5207 2.99
      vertex -11.2257 14.4715 1.4
      vertex -11.3106 14.5823 1.4
    endloop
  endfacet
  facet normal 0.596214 0.425867 0.680563
    outer loop
      vertex -11.2257 14.4715 1.4
      vertex -12.3615 13.5207 2.99
      vertex -12.3605 13.5193 2.99
    endloop
  endfacet
  facet normal 0.698041 0.220268 0.681338
    outer loop
      vertex -12.8961 14.4478 2.99
      vertex -11.5035 14.9528 1.4
      vertex -11.5455 15.0859 1.4
    endloop
  endfacet
  facet normal 0.689966 0.243517 0.68165
    outer loop
      vertex -11.5035 14.9528 1.4
      vertex -12.8961 14.4478 2.99
      vertex -12.8955 14.4461 2.99
    endloop
  endfacet
  facet normal -0.158673 0.714575 0.681326
    outer loop
      vertex -9.46493 12.4654 2.99
      vertex -9.20418 12.5233 2.99
      vertex -9.72216 13.9243 1.4
    endloop
  endfacet
  facet normal -0.445618 0.580701 0.68133
    outer loop
      vertex -8.2326 12.9759 2.99
      vertex -8.02071 13.1385 2.99
      vertex -9.08228 14.1894 1.4
    endloop
  endfacet
  facet normal 0.721795 -0.127376 0.680285
    outer loop
      vertex -12.9767 16.2958 2.99
      vertex -11.5455 15.9141 1.4
      vertex -12.9764 16.2975 2.99
    endloop
  endfacet
  facet normal 0.714668 -0.158349 0.681304
    outer loop
      vertex -11.5455 15.9141 1.4
      vertex -12.9767 16.2958 2.99
      vertex -11.5757 15.7778 1.4
    endloop
  endfacet
  facet normal -0.698103 -0.22012 0.681322
    outer loop
      vertex -7.02363 16.2975 2.99
      vertex -7.10394 16.5522 2.99
      vertex -8.45452 15.9141 1.4
    endloop
  endfacet
  facet normal -0.714627 0.158441 0.681326
    outer loop
      vertex -7.02325 14.7042 2.99
      vertex -6.96545 14.9649 2.99
      vertex -8.42431 15.2222 1.4
    endloop
  endfacet
  facet normal 0.393228 0.617381 0.681332
    outer loop
      vertex -11.5421 12.8324 2.99
      vertex -10.9177 14.1894 1.4
      vertex -11.7674 12.9759 2.99
    endloop
  endfacet
  facet normal -0.698103 0.22012 0.681322
    outer loop
      vertex -7.10394 14.4478 2.99
      vertex -7.02363 14.7025 2.99
      vertex -8.45452 15.0859 1.4
    endloop
  endfacet
  facet normal -0.0844685 0.726429 0.682031
    outer loop
      vertex -9.72216 13.9243 1.4
      vertex -9.73144 12.4304 2.99
      vertex -9.72972 12.4306 2.99
    endloop
  endfacet
  facet normal -0.0954436 0.725739 0.681318
    outer loop
      vertex -9.73144 12.4304 2.99
      vertex -9.72216 13.9243 1.4
      vertex -9.86055 13.9061 1.4
    endloop
  endfacet
  facet normal -0.339158 -0.64864 0.681351
    outer loop
      vertex -8.46085 18.1693 2.99
      vertex -9.2 16.8856 1.4
      vertex -8.45932 18.1685 2.99
    endloop
  endfacet
  facet normal -0.338191 -0.649168 0.681328
    outer loop
      vertex -9.2 16.8856 1.4
      vertex -8.46085 18.1693 2.99
      vertex -9.32381 16.9501 1.4
    endloop
  endfacet
  facet normal -0.0953799 -0.725737 0.681328
    outer loop
      vertex -9.72216 17.0757 1.4
      vertex -9.46493 18.5346 2.99
      vertex -9.72972 18.5694 2.99
    endloop
  endfacet
  facet normal -0.280099 0.676267 0.681328
    outer loop
      vertex -8.94451 12.6051 2.99
      vertex -8.69776 12.7073 2.99
      vertex -9.32381 14.0499 1.4
    endloop
  endfacet
  facet normal -0.445618 -0.580701 0.68133
    outer loop
      vertex -8.02071 17.8615 2.99
      vertex -8.2326 18.0241 2.99
      vertex -9.08228 16.8106 1.4
    endloop
  endfacet
  facet normal 0.494346 0.539834 0.681323
    outer loop
      vertex -11.9819 13.1407 2.99
      vertex -11.1314 14.3686 1.4
      vertex -12.1789 13.3211 2.99
    endloop
  endfacet
  facet normal 0.280149 -0.67625 0.681324
    outer loop
      vertex -10.6762 16.9501 1.4
      vertex -11.0555 18.3949 2.99
      vertex -11.3022 18.2927 2.99
    endloop
  endfacet
  facet normal -0.714627 -0.158441 0.681326
    outer loop
      vertex -6.96545 16.0351 2.99
      vertex -7.02325 16.2958 2.99
      vertex -8.42431 15.7778 1.4
    endloop
  endfacet
  facet normal 0.539662 -0.494559 0.681304
    outer loop
      vertex -12.3593 17.4819 2.99
      vertex -11.2257 16.5285 1.4
      vertex -11.1314 16.6314 1.4
    endloop
  endfacet
  facet normal 0.518276 -0.518276 0.680279
    outer loop
      vertex -11.2257 16.5285 1.4
      vertex -12.3593 17.4819 2.99
      vertex -12.3605 17.4807 2.99
    endloop
  endfacet
  facet normal -0.338148 -0.649194 0.681324
    outer loop
      vertex -8.46085 18.1693 2.99
      vertex -8.69776 18.2927 2.99
      vertex -9.32381 16.9501 1.4
    endloop
  endfacet
  facet normal 0.649193 -0.338162 0.681318
    outer loop
      vertex -11.4501 16.1762 1.4
      vertex -12.6693 17.0391 2.99
      vertex -12.7927 16.8022 2.99
    endloop
  endfacet
  facet normal 0.617381 0.393228 0.681332
    outer loop
      vertex -12.5241 13.7326 2.99
      vertex -11.3106 14.5823 1.4
      vertex -12.6676 13.9579 2.99
    endloop
  endfacet
  facet normal 0.0854551 -0.726369 0.681972
    outer loop
      vertex -10.2778 17.0757 1.4
      vertex -10.2686 18.5696 2.99
      vertex -10.2703 18.5694 2.99
    endloop
  endfacet
  facet normal 0.0954365 -0.725737 0.681321
    outer loop
      vertex -10.2686 18.5696 2.99
      vertex -10.2778 17.0757 1.4
      vertex -10.1394 17.0939 1.4
    endloop
  endfacet
  facet normal 0.220268 0.698041 0.681338
    outer loop
      vertex -10.5472 13.9965 1.4
      vertex -11.0522 12.6039 2.99
      vertex -10.4141 13.9545 1.4
    endloop
  endfacet
  facet normal 0.243517 0.689966 0.68165
    outer loop
      vertex -11.0522 12.6039 2.99
      vertex -10.5472 13.9965 1.4
      vertex -11.0539 12.6045 2.99
    endloop
  endfacet
  facet normal 0.279962 0.676313 0.681338
    outer loop
      vertex -11.0555 12.6051 2.99
      vertex -10.5472 13.9965 1.4
      vertex -10.6762 14.0499 1.4
    endloop
  endfacet
  facet normal 0.256909 0.685092 0.68165
    outer loop
      vertex -10.5472 13.9965 1.4
      vertex -11.0555 12.6051 2.99
      vertex -11.0539 12.6045 2.99
    endloop
  endfacet
  facet normal 0.689966 -0.243517 0.68165
    outer loop
      vertex -12.8961 16.5522 2.99
      vertex -11.5035 16.0472 1.4
      vertex -12.8955 16.5539 2.99
    endloop
  endfacet
  facet normal 0.698041 -0.220268 0.681338
    outer loop
      vertex -11.5035 16.0472 1.4
      vertex -12.8961 16.5522 2.99
      vertex -11.5455 15.9141 1.4
    endloop
  endfacet
  facet normal 0.518276 -0.518276 0.680279
    outer loop
      vertex -11.9819 17.8593 2.99
      vertex -11.0285 16.7257 1.4
      vertex -11.9807 17.8605 2.99
    endloop
  endfacet
  facet normal 0.494559 -0.539662 0.681304
    outer loop
      vertex -11.0285 16.7257 1.4
      vertex -11.9819 17.8593 2.99
      vertex -11.1314 16.6314 1.4
    endloop
  endfacet
  facet normal -0.39329 -0.617342 0.681331
    outer loop
      vertex -8.2326 18.0241 2.99
      vertex -8.45785 18.1676 2.99
      vertex -9.08228 16.8106 1.4
    endloop
  endfacet
  facet normal 0.032057 -0.731284 0.681319
    outer loop
      vertex -10.1394 17.0939 1.4
      vertex -10.0017 18.5813 2.99
      vertex -10.2686 18.5696 2.99
    endloop
  endfacet
  facet normal -0.580726 0.445589 0.681328
    outer loop
      vertex -7.63848 13.5207 2.99
      vertex -7.47589 13.7326 2.99
      vertex -8.68936 14.5823 1.4
    endloop
  endfacet
  facet normal -0.617386 -0.393231 0.681325
    outer loop
      vertex -7.33239 17.0421 2.99
      vertex -7.47589 17.2674 2.99
      vertex -8.68936 16.4177 1.4
    endloop
  endfacet
  facet normal -0.382098 -0.624094 0.681548
    outer loop
      vertex -9.2 16.8856 1.4
      vertex -8.45785 18.1676 2.99
      vertex -8.45932 18.1685 2.99
    endloop
  endfacet
  facet normal -0.393306 -0.617333 0.681329
    outer loop
      vertex -8.45785 18.1676 2.99
      vertex -9.2 16.8856 1.4
      vertex -9.08228 16.8106 1.4
    endloop
  endfacet
  facet normal 0.220094 -0.698108 0.681325
    outer loop
      vertex -10.4141 17.0455 1.4
      vertex -10.7975 18.4764 2.99
      vertex -11.0522 18.3961 2.99
    endloop
  endfacet
  facet normal -0.494524 0.539677 0.681318
    outer loop
      vertex -8.97154 14.2743 1.4
      vertex -8.01806 13.1407 2.99
      vertex -8.86863 14.3686 1.4
    endloop
  endfacet
  facet normal -0.502902 0.532237 0.681038
    outer loop
      vertex -8.01806 13.1407 2.99
      vertex -8.97154 14.2743 1.4
      vertex -8.01933 13.1395 2.99
    endloop
  endfacet
  facet normal 0.127376 -0.721795 0.680285
    outer loop
      vertex -10.4141 17.0455 1.4
      vertex -10.7958 18.4767 2.99
      vertex -10.7975 18.4764 2.99
    endloop
  endfacet
  facet normal 0.158349 -0.714668 0.681304
    outer loop
      vertex -10.7958 18.4767 2.99
      vertex -10.4141 17.0455 1.4
      vertex -10.2778 17.0757 1.4
    endloop
  endfacet
  facet normal 0.0953761 -0.725735 0.681331
    outer loop
      vertex -10.2778 17.0757 1.4
      vertex -10.2703 18.5694 2.99
      vertex -10.5351 18.5346 2.99
    endloop
  endfacet
  facet normal -0.494454 -0.539733 0.681325
    outer loop
      vertex -7.82114 17.6789 2.99
      vertex -8.01806 17.8593 2.99
      vertex -8.86863 16.6314 1.4
    endloop
  endfacet
  facet normal -0.67665 -0.279118 0.68135
    outer loop
      vertex -7.10512 16.5555 2.99
      vertex -8.49649 16.0472 1.4
      vertex -7.10446 16.5539 2.99
    endloop
  endfacet
  facet normal -0.676284 -0.280055 0.681329
    outer loop
      vertex -8.49649 16.0472 1.4
      vertex -7.10512 16.5555 2.99
      vertex -8.54991 16.1762 1.4
    endloop
  endfacet
  facet normal 0.158701 -0.714566 0.681329
    outer loop
      vertex -10.2778 17.0757 1.4
      vertex -10.5351 18.5346 2.99
      vertex -10.7958 18.4767 2.99
    endloop
  endfacet
  facet normal -0.71433 -0.159674 0.68135
    outer loop
      vertex -8.45452 15.9141 1.4
      vertex -7.02325 16.2958 2.99
      vertex -7.02363 16.2975 2.99
    endloop
  endfacet
  facet normal -0.71464 -0.158395 0.681322
    outer loop
      vertex -7.02325 16.2958 2.99
      vertex -8.45452 15.9141 1.4
      vertex -8.42431 15.7778 1.4
    endloop
  endfacet
  facet normal 0.494559 0.539662 0.681304
    outer loop
      vertex -11.9819 13.1407 2.99
      vertex -11.0285 14.2743 1.4
      vertex -11.1314 14.3686 1.4
    endloop
  endfacet
  facet normal 0.518276 0.518276 0.680279
    outer loop
      vertex -11.0285 14.2743 1.4
      vertex -11.9819 13.1407 2.99
      vertex -11.9807 13.1395 2.99
    endloop
  endfacet
  facet normal 0.0954365 0.725737 0.681321
    outer loop
      vertex -10.2778 13.9243 1.4
      vertex -10.2686 12.4304 2.99
      vertex -10.1394 13.9061 1.4
    endloop
  endfacet
  facet normal 0.0854551 0.726369 0.681972
    outer loop
      vertex -10.2686 12.4304 2.99
      vertex -10.2778 13.9243 1.4
      vertex -10.2703 12.4306 2.99
    endloop
  endfacet
  facet normal 0.032057 0.731284 0.681319
    outer loop
      vertex -10.0017 12.4187 2.99
      vertex -10.1394 13.9061 1.4
      vertex -10.2686 12.4304 2.99
    endloop
  endfacet
  facet normal 0.0320002 -0.731283 0.681323
    outer loop
      vertex -10 17.1 1.4
      vertex -10.0017 18.5813 2.99
      vertex -10.1394 17.0939 1.4
    endloop
  endfacet
  facet normal 0.0429985 -0.730975 0.681048
    outer loop
      vertex -10.0017 18.5813 2.99
      vertex -10 17.1 1.4
      vertex -10 18.5814 2.99
    endloop
  endfacet
  facet normal -0.429822 -0.593155 0.68075
    outer loop
      vertex -8.02071 17.8615 2.99
      vertex -8.97154 16.7257 1.4
      vertex -8.01933 17.8605 2.99
    endloop
  endfacet
  facet normal -0.445368 -0.58092 0.681307
    outer loop
      vertex -8.97154 16.7257 1.4
      vertex -8.02071 17.8615 2.99
      vertex -9.08228 16.8106 1.4
    endloop
  endfacet
  facet normal -0.429822 0.593155 0.68075
    outer loop
      vertex -8.97154 14.2743 1.4
      vertex -8.02071 13.1385 2.99
      vertex -8.01933 13.1395 2.99
    endloop
  endfacet
  facet normal -0.445368 0.58092 0.681307
    outer loop
      vertex -8.02071 13.1385 2.99
      vertex -8.97154 14.2743 1.4
      vertex -9.08228 14.1894 1.4
    endloop
  endfacet
  facet normal 0.338162 -0.649193 0.681318
    outer loop
      vertex -10.6762 16.9501 1.4
      vertex -11.3022 18.2927 2.99
      vertex -11.5391 18.1693 2.99
    endloop
  endfacet
  facet normal 0.393228 -0.617381 0.681332
    outer loop
      vertex -10.9177 16.8106 1.4
      vertex -11.5421 18.1676 2.99
      vertex -11.7674 18.0241 2.99
    endloop
  endfacet
  facet normal 0.338214 -0.649162 0.681323
    outer loop
      vertex -11.5391 18.1693 2.99
      vertex -10.8 16.8856 1.4
      vertex -10.6762 16.9501 1.4
    endloop
  endfacet
  facet normal 0.327481 -0.654961 0.681016
    outer loop
      vertex -10.8 16.8856 1.4
      vertex -11.5391 18.1693 2.99
      vertex -11.5407 18.1685 2.99
    endloop
  endfacet
  facet normal -0.339158 0.64864 0.681351
    outer loop
      vertex -9.2 14.1144 1.4
      vertex -8.46085 12.8307 2.99
      vertex -8.45932 12.8315 2.99
    endloop
  endfacet
  facet normal -0.338191 0.649168 0.681328
    outer loop
      vertex -8.46085 12.8307 2.99
      vertex -9.2 14.1144 1.4
      vertex -9.32381 14.0499 1.4
    endloop
  endfacet
  facet normal -0.39329 0.617342 0.681331
    outer loop
      vertex -8.45785 12.8324 2.99
      vertex -8.2326 12.9759 2.99
      vertex -9.08228 14.1894 1.4
    endloop
  endfacet
  facet normal -0.654961 -0.327481 0.681016
    outer loop
      vertex -8.61436 16.3 1.4
      vertex -7.33066 17.0391 2.99
      vertex -7.33146 17.0407 2.99
    endloop
  endfacet
  facet normal -0.649273 -0.33801 0.681318
    outer loop
      vertex -7.33066 17.0391 2.99
      vertex -8.61436 16.3 1.4
      vertex -8.54991 16.1762 1.4
    endloop
  endfacet
  facet normal 0.617309 0.393358 0.681322
    outer loop
      vertex -11.3856 14.7 1.4
      vertex -12.6676 13.9579 2.99
      vertex -11.3106 14.5823 1.4
    endloop
  endfacet
  facet normal 0.61578 0.395859 0.681256
    outer loop
      vertex -12.6676 13.9579 2.99
      vertex -11.3856 14.7 1.4
      vertex -12.6685 13.9593 2.99
    endloop
  endfacet
  facet normal -0.698099 0.220129 0.681323
    outer loop
      vertex -8.49649 14.9528 1.4
      vertex -7.10394 14.4478 2.99
      vertex -8.45452 15.0859 1.4
    endloop
  endfacet
  facet normal -0.7001 0.214148 0.681176
    outer loop
      vertex -7.10394 14.4478 2.99
      vertex -8.49649 14.9528 1.4
      vertex -7.10446 14.4461 2.99
    endloop
  endfacet
  facet normal 0.731284 -0.032057 0.681319
    outer loop
      vertex -11.5939 15.6394 1.4
      vertex -13.0696 15.7686 2.99
      vertex -13.0813 15.5017 2.99
    endloop
  endfacet
  facet normal -0.7001 -0.214148 0.681176
    outer loop
      vertex -8.49649 16.0472 1.4
      vertex -7.10394 16.5522 2.99
      vertex -7.10446 16.5539 2.99
    endloop
  endfacet
  facet normal -0.698099 -0.220129 0.681323
    outer loop
      vertex -7.10394 16.5522 2.99
      vertex -8.49649 16.0472 1.4
      vertex -8.45452 15.9141 1.4
    endloop
  endfacet
  facet normal 0.726369 0.0854551 0.681972
    outer loop
      vertex -11.5757 15.2222 1.4
      vertex -13.0696 15.2314 2.99
      vertex -13.0694 15.2297 2.99
    endloop
  endfacet
  facet normal 0.725732 0.0955049 0.681316
    outer loop
      vertex -13.0696 15.2314 2.99
      vertex -11.5757 15.2222 1.4
      vertex -11.5939 15.3605 1.4
    endloop
  endfacet
  facet normal -0.725716 -0.0955654 0.681325
    outer loop
      vertex -6.93058 15.7703 2.99
      vertex -6.96545 16.0351 2.99
      vertex -8.42431 15.7778 1.4
    endloop
  endfacet
  facet normal -0.725825 -0.0939303 0.681436
    outer loop
      vertex -8.42431 15.7778 1.4
      vertex -6.93036 15.7686 2.99
      vertex -6.93058 15.7703 2.99
    endloop
  endfacet
  facet normal -0.725718 -0.095539 0.681326
    outer loop
      vertex -6.93036 15.7686 2.99
      vertex -8.42431 15.7778 1.4
      vertex -8.40609 15.6394 1.4
    endloop
  endfacet
  facet normal 0.676313 0.279962 0.681338
    outer loop
      vertex -11.5035 14.9528 1.4
      vertex -12.8949 14.4445 2.99
      vertex -11.4501 14.8238 1.4
    endloop
  endfacet
  facet normal 0.685092 0.256909 0.68165
    outer loop
      vertex -12.8949 14.4445 2.99
      vertex -11.5035 14.9528 1.4
      vertex -12.8955 14.4461 2.99
    endloop
  endfacet
  facet normal 0.714566 0.158701 0.681329
    outer loop
      vertex -12.9767 14.7042 2.99
      vertex -11.5757 15.2222 1.4
      vertex -13.0346 14.9649 2.99
    endloop
  endfacet
  facet normal -0.502902 -0.532237 0.681038
    outer loop
      vertex -8.97154 16.7257 1.4
      vertex -8.01806 17.8593 2.99
      vertex -8.01933 17.8605 2.99
    endloop
  endfacet
  facet normal -0.494524 -0.539677 0.681318
    outer loop
      vertex -8.01806 17.8593 2.99
      vertex -8.97154 16.7257 1.4
      vertex -8.86863 16.6314 1.4
    endloop
  endfacet
  facet normal 0.714566 -0.158701 0.681329
    outer loop
      vertex -11.5757 15.7778 1.4
      vertex -12.9767 16.2958 2.99
      vertex -13.0346 16.0351 2.99
    endloop
  endfacet
  facet normal 0.725735 -0.0953761 0.681331
    outer loop
      vertex -11.5757 15.7778 1.4
      vertex -13.0346 16.0351 2.99
      vertex -13.0694 15.7703 2.99
    endloop
  endfacet
  facet normal -0.280099 -0.676267 0.681328
    outer loop
      vertex -8.69776 18.2927 2.99
      vertex -8.94451 18.3949 2.99
      vertex -9.32381 16.9501 1.4
    endloop
  endfacet
  facet normal -0.220238 -0.69805 0.681338
    outer loop
      vertex -9.45277 17.0035 1.4
      vertex -8.94776 18.3961 2.99
      vertex -9.58589 17.0455 1.4
    endloop
  endfacet
  facet normal -0.250042 -0.687614 0.681664
    outer loop
      vertex -8.94776 18.3961 2.99
      vertex -9.45277 17.0035 1.4
      vertex -8.94611 18.3955 2.99
    endloop
  endfacet
  facet normal -0.256911 -0.685095 0.681647
    outer loop
      vertex -9.45277 17.0035 1.4
      vertex -8.94451 18.3949 2.99
      vertex -8.94611 18.3955 2.99
    endloop
  endfacet
  facet normal -0.280038 -0.676287 0.681332
    outer loop
      vertex -8.94451 18.3949 2.99
      vertex -9.45277 17.0035 1.4
      vertex -9.32381 16.9501 1.4
    endloop
  endfacet
  facet normal -0.158382 -0.714659 0.681306
    outer loop
      vertex -9.58589 17.0455 1.4
      vertex -9.20418 18.4767 2.99
      vertex -9.72216 17.0757 1.4
    endloop
  endfacet
  facet normal -0.127376 -0.721795 0.680285
    outer loop
      vertex -9.20418 18.4767 2.99
      vertex -9.58589 17.0455 1.4
      vertex -9.20248 18.4764 2.99
    endloop
  endfacet
  facet normal 0.158349 0.714668 0.681304
    outer loop
      vertex -10.4141 13.9545 1.4
      vertex -10.7958 12.5233 2.99
      vertex -10.2778 13.9243 1.4
    endloop
  endfacet
  facet normal 0.127376 0.721795 0.680285
    outer loop
      vertex -10.7958 12.5233 2.99
      vertex -10.4141 13.9545 1.4
      vertex -10.7975 12.5236 2.99
    endloop
  endfacet
  facet normal 0.395859 -0.61578 0.681256
    outer loop
      vertex -11.5421 18.1676 2.99
      vertex -10.8 16.8856 1.4
      vertex -11.5407 18.1685 2.99
    endloop
  endfacet
  facet normal 0.393358 -0.617309 0.681322
    outer loop
      vertex -10.8 16.8856 1.4
      vertex -11.5421 18.1676 2.99
      vertex -10.9177 16.8106 1.4
    endloop
  endfacet
  facet normal -0.580726 -0.445589 0.681328
    outer loop
      vertex -7.47589 17.2674 2.99
      vertex -7.63848 17.4793 2.99
      vertex -8.68936 16.4177 1.4
    endloop
  endfacet
  facet normal 0.731285 0.0320571 0.681318
    outer loop
      vertex -13.0696 15.2314 2.99
      vertex -11.5939 15.3605 1.4
      vertex -13.0813 15.4983 2.99
    endloop
  endfacet
  facet normal -0.610002 -0.405216 0.680953
    outer loop
      vertex -7.33239 17.0421 2.99
      vertex -8.61436 16.3 1.4
      vertex -7.33146 17.0407 2.99
    endloop
  endfacet
  facet normal -0.617314 -0.393361 0.681315
    outer loop
      vertex -8.61436 16.3 1.4
      vertex -7.33239 17.0421 2.99
      vertex -8.68936 16.4177 1.4
    endloop
  endfacet
  facet normal -0.280038 0.676287 0.681332
    outer loop
      vertex -9.45277 13.9965 1.4
      vertex -8.94451 12.6051 2.99
      vertex -9.32381 14.0499 1.4
    endloop
  endfacet
  facet normal -0.256911 0.685095 0.681647
    outer loop
      vertex -8.94451 12.6051 2.99
      vertex -9.45277 13.9965 1.4
      vertex -8.94611 12.6045 2.99
    endloop
  endfacet
  facet normal -0.250042 0.687614 0.681664
    outer loop
      vertex -9.45277 13.9965 1.4
      vertex -8.94776 12.6039 2.99
      vertex -8.94611 12.6045 2.99
    endloop
  endfacet
  facet normal -0.220238 0.69805 0.681338
    outer loop
      vertex -8.94776 12.6039 2.99
      vertex -9.45277 13.9965 1.4
      vertex -9.58589 13.9545 1.4
    endloop
  endfacet
  facet normal 0.338214 0.649162 0.681323
    outer loop
      vertex -10.8 14.1144 1.4
      vertex -11.5391 12.8307 2.99
      vertex -10.6762 14.0499 1.4
    endloop
  endfacet
  facet normal 0.327481 0.654961 0.681016
    outer loop
      vertex -11.5391 12.8307 2.99
      vertex -10.8 14.1144 1.4
      vertex -11.5407 12.8315 2.99
    endloop
  endfacet
  facet normal -0.0319887 0.731283 0.681324
    outer loop
      vertex -10 13.9 1.4
      vertex -9.99827 12.4187 2.99
      vertex -9.86055 13.9061 1.4
    endloop
  endfacet
  facet normal -0.0422542 0.730998 0.68107
    outer loop
      vertex -9.99827 12.4187 2.99
      vertex -10 13.9 1.4
      vertex -10 12.4186 2.99
    endloop
  endfacet
  facet normal 0.393358 0.617309 0.681322
    outer loop
      vertex -11.5421 12.8324 2.99
      vertex -10.8 14.1144 1.4
      vertex -10.9177 14.1894 1.4
    endloop
  endfacet
  facet normal 0.395859 0.61578 0.681256
    outer loop
      vertex -10.8 14.1144 1.4
      vertex -11.5421 12.8324 2.99
      vertex -11.5407 12.8315 2.99
    endloop
  endfacet
  facet normal -0.991464 -0.13038 0
    outer loop
      vertex 11.5939 15.6394 0
      vertex 11.5757 15.7778 1.4
      vertex 11.5757 15.7778 0
    endloop
  endfacet
  facet normal -0.991464 -0.13038 0
    outer loop
      vertex 11.5757 15.7778 1.4
      vertex 11.5939 15.6394 0
      vertex 11.5939 15.6394 1.4
    endloop
  endfacet
  facet normal -0.999044 -0.0437171 0
    outer loop
      vertex 11.6 15.5 0
      vertex 11.5939 15.6394 1.4
      vertex 11.5939 15.6394 0
    endloop
  endfacet
  facet normal -0.999044 -0.0437171 0
    outer loop
      vertex 11.5939 15.6394 1.4
      vertex 11.6 15.5 0
      vertex 11.6 15.5 1.4
    endloop
  endfacet
  facet normal 0.976307 -0.216392 0
    outer loop
      vertex 8.42431 15.7778 1.4
      vertex 8.45452 15.9141 0
      vertex 8.45452 15.9141 1.4
    endloop
  endfacet
  facet normal 0.976307 -0.216392 0
    outer loop
      vertex 8.45452 15.9141 0
      vertex 8.42431 15.7778 1.4
      vertex 8.42431 15.7778 0
    endloop
  endfacet
  facet normal -0.793768 0.608221 0
    outer loop
      vertex 11.2257 14.4715 0
      vertex 11.3106 14.5823 1.4
      vertex 11.3106 14.5823 0
    endloop
  endfacet
  facet normal -0.793768 0.608221 0
    outer loop
      vertex 11.3106 14.5823 1.4
      vertex 11.2257 14.4715 0
      vertex 11.2257 14.4715 1.4
    endloop
  endfacet
  facet normal -0.300926 0.953648 0
    outer loop
      vertex 10.5472 13.9965 0
      vertex 10.4141 13.9545 1.4
      vertex 10.5472 13.9965 1.4
    endloop
  endfacet
  facet normal -0.300926 0.953648 0
    outer loop
      vertex 10.4141 13.9545 1.4
      vertex 10.5472 13.9965 0
      vertex 10.4141 13.9545 0
    endloop
  endfacet
  facet normal 0.923914 0.382601 0
    outer loop
      vertex 8.54991 14.8238 1.4
      vertex 8.49649 14.9528 0
      vertex 8.49649 14.9528 1.4
    endloop
  endfacet
  facet normal 0.923914 0.382601 0
    outer loop
      vertex 8.49649 14.9528 0
      vertex 8.54991 14.8238 1.4
      vertex 8.54991 14.8238 0
    endloop
  endfacet
  facet normal 0.216369 -0.976312 0
    outer loop
      vertex 9.58589 17.0455 0
      vertex 9.72216 17.0757 1.4
      vertex 9.58589 17.0455 1.4
    endloop
  endfacet
  facet normal 0.216369 -0.976312 0
    outer loop
      vertex 9.72216 17.0757 1.4
      vertex 9.58589 17.0455 0
      vertex 9.72216 17.0757 0
    endloop
  endfacet
  facet normal -0.300926 -0.953648 0
    outer loop
      vertex 10.4141 17.0455 0
      vertex 10.5472 17.0035 1.4
      vertex 10.4141 17.0455 1.4
    endloop
  endfacet
  facet normal -0.300926 -0.953648 -0
    outer loop
      vertex 10.5472 17.0035 1.4
      vertex 10.4141 17.0455 0
      vertex 10.5472 17.0035 0
    endloop
  endfacet
  facet normal -0.976322 -0.216324 0
    outer loop
      vertex 11.5757 15.7778 0
      vertex 11.5455 15.9141 1.4
      vertex 11.5455 15.9141 0
    endloop
  endfacet
  facet normal -0.976322 -0.216324 0
    outer loop
      vertex 11.5455 15.9141 1.4
      vertex 11.5757 15.7778 0
      vertex 11.5757 15.7778 1.4
    endloop
  endfacet
  facet normal 0.793526 0.608537 0
    outer loop
      vertex 8.77433 14.4715 1.4
      vertex 8.68936 14.5823 0
      vertex 8.68936 14.5823 1.4
    endloop
  endfacet
  facet normal 0.793526 0.608537 0
    outer loop
      vertex 8.68936 14.5823 0
      vertex 8.77433 14.4715 1.4
      vertex 8.77433 14.4715 0
    endloop
  endfacet
  facet normal 0.953709 0.30073 0
    outer loop
      vertex 8.49649 14.9528 1.4
      vertex 8.45452 15.0859 0
      vertex 8.45452 15.0859 1.4
    endloop
  endfacet
  facet normal 0.953709 0.30073 0
    outer loop
      vertex 8.45452 15.0859 0
      vertex 8.49649 14.9528 1.4
      vertex 8.49649 14.9528 0
    endloop
  endfacet
  facet normal -0.0437171 -0.999044 0
    outer loop
      vertex 10 17.1 0
      vertex 10.1394 17.0939 1.4
      vertex 10 17.1 1.4
    endloop
  endfacet
  facet normal -0.0437171 -0.999044 -0
    outer loop
      vertex 10.1394 17.0939 1.4
      vertex 10 17.1 0
      vertex 10.1394 17.0939 0
    endloop
  endfacet
  facet normal -0.216324 0.976322 0
    outer loop
      vertex 10.4141 13.9545 0
      vertex 10.2778 13.9243 1.4
      vertex 10.4141 13.9545 1.4
    endloop
  endfacet
  facet normal -0.216324 0.976322 0
    outer loop
      vertex 10.2778 13.9243 1.4
      vertex 10.4141 13.9545 0
      vertex 10.2778 13.9243 0
    endloop
  endfacet
  facet normal -0.843337 -0.537385 0
    outer loop
      vertex 11.3856 16.3 0
      vertex 11.3106 16.4177 1.4
      vertex 11.3106 16.4177 0
    endloop
  endfacet
  facet normal -0.843337 -0.537385 0
    outer loop
      vertex 11.3106 16.4177 1.4
      vertex 11.3856 16.3 0
      vertex 11.3856 16.3 1.4
    endloop
  endfacet
  facet normal -0.675627 -0.737243 0
    outer loop
      vertex 11.0285 16.7257 0
      vertex 11.1314 16.6314 1.4
      vertex 11.0285 16.7257 1.4
    endloop
  endfacet
  facet normal -0.675627 -0.737243 -0
    outer loop
      vertex 11.1314 16.6314 1.4
      vertex 11.0285 16.7257 0
      vertex 11.1314 16.6314 0
    endloop
  endfacet
  facet normal -0.843337 0.537385 0
    outer loop
      vertex 11.3106 14.5823 0
      vertex 11.3856 14.7 1.4
      vertex 11.3856 14.7 0
    endloop
  endfacet
  facet normal -0.843337 0.537385 0
    outer loop
      vertex 11.3856 14.7 1.4
      vertex 11.3106 14.5823 0
      vertex 11.3106 14.5823 1.4
    endloop
  endfacet
  facet normal 0.38258 -0.923923 0
    outer loop
      vertex 9.32381 16.9501 0
      vertex 9.45277 17.0035 1.4
      vertex 9.32381 16.9501 1.4
    endloop
  endfacet
  facet normal 0.38258 -0.923923 0
    outer loop
      vertex 9.45277 17.0035 1.4
      vertex 9.32381 16.9501 0
      vertex 9.45277 17.0035 0
    endloop
  endfacet
  facet normal 0.843337 -0.537385 0
    outer loop
      vertex 8.61436 16.3 1.4
      vertex 8.68936 16.4177 0
      vertex 8.68936 16.4177 1.4
    endloop
  endfacet
  facet normal 0.843337 -0.537385 0
    outer loop
      vertex 8.68936 16.4177 0
      vertex 8.61436 16.3 1.4
      vertex 8.61436 16.3 0
    endloop
  endfacet
  facet normal -0.675627 0.737243 0
    outer loop
      vertex 11.1314 14.3686 0
      vertex 11.0285 14.2743 1.4
      vertex 11.1314 14.3686 1.4
    endloop
  endfacet
  facet normal -0.675627 0.737243 0
    outer loop
      vertex 11.0285 14.2743 1.4
      vertex 11.1314 14.3686 0
      vertex 11.0285 14.2743 0
    endloop
  endfacet
  facet normal -0.886853 0.462052 0
    outer loop
      vertex 11.3856 14.7 0
      vertex 11.4501 14.8238 1.4
      vertex 11.4501 14.8238 0
    endloop
  endfacet
  facet normal -0.886853 0.462052 0
    outer loop
      vertex 11.4501 14.8238 1.4
      vertex 11.3856 14.7 0
      vertex 11.3856 14.7 1.4
    endloop
  endfacet
  facet normal 0.38258 0.923923 -0
    outer loop
      vertex 9.45277 13.9965 0
      vertex 9.32381 14.0499 1.4
      vertex 9.45277 13.9965 1.4
    endloop
  endfacet
  facet normal 0.38258 0.923923 0
    outer loop
      vertex 9.32381 14.0499 1.4
      vertex 9.45277 13.9965 0
      vertex 9.32381 14.0499 0
    endloop
  endfacet
  facet normal -0.923964 -0.382478 0
    outer loop
      vertex 11.5035 16.0472 0
      vertex 11.4501 16.1762 1.4
      vertex 11.4501 16.1762 0
    endloop
  endfacet
  facet normal -0.923964 -0.382478 0
    outer loop
      vertex 11.4501 16.1762 1.4
      vertex 11.5035 16.0472 0
      vertex 11.5035 16.0472 1.4
    endloop
  endfacet
  facet normal 0.737243 0.675627 0
    outer loop
      vertex 8.86863 14.3686 1.4
      vertex 8.77433 14.4715 0
      vertex 8.77433 14.4715 1.4
    endloop
  endfacet
  facet normal 0.737243 0.675627 0
    outer loop
      vertex 8.77433 14.4715 0
      vertex 8.86863 14.3686 1.4
      vertex 8.86863 14.3686 0
    endloop
  endfacet
  facet normal -0.537385 -0.843337 0
    outer loop
      vertex 10.8 16.8856 0
      vertex 10.9177 16.8106 1.4
      vertex 10.8 16.8856 1.4
    endloop
  endfacet
  facet normal -0.537385 -0.843337 -0
    outer loop
      vertex 10.9177 16.8106 1.4
      vertex 10.8 16.8856 0
      vertex 10.9177 16.8106 0
    endloop
  endfacet
  facet normal -0.953648 0.300926 0
    outer loop
      vertex 11.5035 14.9528 0
      vertex 11.5455 15.0859 1.4
      vertex 11.5455 15.0859 0
    endloop
  endfacet
  facet normal -0.953648 0.300926 0
    outer loop
      vertex 11.5455 15.0859 1.4
      vertex 11.5035 14.9528 0
      vertex 11.5035 14.9528 1.4
    endloop
  endfacet
  facet normal -0.991452 0.130473 0
    outer loop
      vertex 11.5757 15.2222 0
      vertex 11.5939 15.3605 1.4
      vertex 11.5939 15.3605 0
    endloop
  endfacet
  facet normal -0.991452 0.130473 0
    outer loop
      vertex 11.5939 15.3605 1.4
      vertex 11.5757 15.2222 0
      vertex 11.5757 15.2222 1.4
    endloop
  endfacet
  facet normal -0.886853 -0.462052 0
    outer loop
      vertex 11.4501 16.1762 0
      vertex 11.3856 16.3 1.4
      vertex 11.3856 16.3 0
    endloop
  endfacet
  facet normal -0.886853 -0.462052 0
    outer loop
      vertex 11.3856 16.3 1.4
      vertex 11.4501 16.1762 0
      vertex 11.4501 16.1762 1.4
    endloop
  endfacet
  facet normal 0.53732 -0.843378 0
    outer loop
      vertex 9.08228 16.8106 0
      vertex 9.2 16.8856 1.4
      vertex 9.08228 16.8106 1.4
    endloop
  endfacet
  facet normal 0.53732 -0.843378 0
    outer loop
      vertex 9.2 16.8856 1.4
      vertex 9.08228 16.8106 0
      vertex 9.2 16.8856 0
    endloop
  endfacet
  facet normal -0.953648 -0.300926 0
    outer loop
      vertex 11.5455 15.9141 0
      vertex 11.5035 16.0472 1.4
      vertex 11.5035 16.0472 0
    endloop
  endfacet
  facet normal -0.953648 -0.300926 0
    outer loop
      vertex 11.5035 16.0472 1.4
      vertex 11.5455 15.9141 0
      vertex 11.5455 15.9141 1.4
    endloop
  endfacet
  facet normal -0.462052 0.886853 0
    outer loop
      vertex 10.8 14.1144 0
      vertex 10.6762 14.0499 1.4
      vertex 10.8 14.1144 1.4
    endloop
  endfacet
  facet normal -0.462052 0.886853 0
    outer loop
      vertex 10.6762 14.0499 1.4
      vertex 10.8 14.1144 0
      vertex 10.6762 14.0499 0
    endloop
  endfacet
  facet normal -0.999045 0.0436859 0
    outer loop
      vertex 11.5939 15.3605 0
      vertex 11.6 15.5 1.4
      vertex 11.6 15.5 0
    endloop
  endfacet
  facet normal -0.999045 0.0436859 0
    outer loop
      vertex 11.6 15.5 1.4
      vertex 11.5939 15.3605 0
      vertex 11.5939 15.3605 1.4
    endloop
  endfacet
  facet normal -0.13038 0.991464 0
    outer loop
      vertex 10.2778 13.9243 0
      vertex 10.1394 13.9061 1.4
      vertex 10.2778 13.9243 1.4
    endloop
  endfacet
  facet normal -0.13038 0.991464 0
    outer loop
      vertex 10.1394 13.9061 1.4
      vertex 10.2778 13.9243 0
      vertex 10.1394 13.9061 0
    endloop
  endfacet
  facet normal -0.608221 -0.793768 0
    outer loop
      vertex 10.9177 16.8106 0
      vertex 11.0285 16.7257 1.4
      vertex 10.9177 16.8106 1.4
    endloop
  endfacet
  facet normal -0.608221 -0.793768 -0
    outer loop
      vertex 11.0285 16.7257 1.4
      vertex 10.9177 16.8106 0
      vertex 11.0285 16.7257 0
    endloop
  endfacet
  facet normal 0.0437015 0.999045 -0
    outer loop
      vertex 10 13.9 0
      vertex 9.86055 13.9061 1.4
      vertex 10 13.9 1.4
    endloop
  endfacet
  facet normal 0.0437015 0.999045 0
    outer loop
      vertex 9.86055 13.9061 1.4
      vertex 10 13.9 0
      vertex 9.86055 13.9061 0
    endloop
  endfacet
  facet normal 0.462022 -0.886868 0
    outer loop
      vertex 9.2 16.8856 0
      vertex 9.32381 16.9501 1.4
      vertex 9.2 16.8856 1.4
    endloop
  endfacet
  facet normal 0.462022 -0.886868 0
    outer loop
      vertex 9.32381 16.9501 1.4
      vertex 9.2 16.8856 0
      vertex 9.32381 16.9501 0
    endloop
  endfacet
  facet normal -0.216324 -0.976322 0
    outer loop
      vertex 10.2778 17.0757 0
      vertex 10.4141 17.0455 1.4
      vertex 10.2778 17.0757 1.4
    endloop
  endfacet
  facet normal -0.216324 -0.976322 -0
    outer loop
      vertex 10.4141 17.0455 1.4
      vertex 10.2778 17.0757 0
      vertex 10.4141 17.0455 0
    endloop
  endfacet
  facet normal -0.382478 -0.923964 0
    outer loop
      vertex 10.5472 17.0035 0
      vertex 10.6762 16.9501 1.4
      vertex 10.5472 17.0035 1.4
    endloop
  endfacet
  facet normal -0.382478 -0.923964 -0
    outer loop
      vertex 10.6762 16.9501 1.4
      vertex 10.5472 17.0035 0
      vertex 10.6762 16.9501 0
    endloop
  endfacet
  facet normal 0.13039 0.991463 -0
    outer loop
      vertex 9.86055 13.9061 0
      vertex 9.72216 13.9243 1.4
      vertex 9.86055 13.9061 1.4
    endloop
  endfacet
  facet normal 0.13039 0.991463 0
    outer loop
      vertex 9.72216 13.9243 1.4
      vertex 9.86055 13.9061 0
      vertex 9.72216 13.9243 0
    endloop
  endfacet
  facet normal 0.887 0.46177 0
    outer loop
      vertex 8.61436 14.7 1.4
      vertex 8.54991 14.8238 0
      vertex 8.54991 14.8238 1.4
    endloop
  endfacet
  facet normal 0.887 0.46177 0
    outer loop
      vertex 8.54991 14.8238 0
      vertex 8.61436 14.7 1.4
      vertex 8.61436 14.7 0
    endloop
  endfacet
  facet normal 0.737243 -0.675627 0
    outer loop
      vertex 8.77433 16.5285 1.4
      vertex 8.86863 16.6314 0
      vertex 8.86863 16.6314 1.4
    endloop
  endfacet
  facet normal 0.737243 -0.675627 0
    outer loop
      vertex 8.86863 16.6314 0
      vertex 8.77433 16.5285 1.4
      vertex 8.77433 16.5285 0
    endloop
  endfacet
  facet normal 0.13039 -0.991463 0
    outer loop
      vertex 9.72216 17.0757 0
      vertex 9.86055 17.0939 1.4
      vertex 9.72216 17.0757 1.4
    endloop
  endfacet
  facet normal 0.13039 -0.991463 0
    outer loop
      vertex 9.86055 17.0939 1.4
      vertex 9.72216 17.0757 0
      vertex 9.86055 17.0939 0
    endloop
  endfacet
  facet normal -0.793768 -0.608221 0
    outer loop
      vertex 11.3106 16.4177 0
      vertex 11.2257 16.5285 1.4
      vertex 11.2257 16.5285 0
    endloop
  endfacet
  facet normal -0.793768 -0.608221 0
    outer loop
      vertex 11.2257 16.5285 1.4
      vertex 11.3106 16.4177 0
      vertex 11.3106 16.4177 1.4
    endloop
  endfacet
  facet normal 0.300885 -0.953661 0
    outer loop
      vertex 9.45277 17.0035 0
      vertex 9.58589 17.0455 1.4
      vertex 9.45277 17.0035 1.4
    endloop
  endfacet
  facet normal 0.300885 -0.953661 0
    outer loop
      vertex 9.58589 17.0455 1.4
      vertex 9.45277 17.0035 0
      vertex 9.58589 17.0455 0
    endloop
  endfacet
  facet normal 0.0437015 -0.999045 0
    outer loop
      vertex 9.86055 17.0939 0
      vertex 10 17.1 1.4
      vertex 9.86055 17.0939 1.4
    endloop
  endfacet
  facet normal 0.0437015 -0.999045 0
    outer loop
      vertex 10 17.1 1.4
      vertex 9.86055 17.0939 0
      vertex 10 17.1 0
    endloop
  endfacet
  facet normal 0.999047 -0.0436456 0
    outer loop
      vertex 8.4 15.5 1.4
      vertex 8.40609 15.6394 0
      vertex 8.40609 15.6394 1.4
    endloop
  endfacet
  facet normal 0.999047 -0.0436456 0
    outer loop
      vertex 8.40609 15.6394 0
      vertex 8.4 15.5 1.4
      vertex 8.4 15.5 0
    endloop
  endfacet
  facet normal 0.887 -0.46177 0
    outer loop
      vertex 8.54991 16.1762 1.4
      vertex 8.61436 16.3 0
      vertex 8.61436 16.3 1.4
    endloop
  endfacet
  facet normal 0.887 -0.46177 0
    outer loop
      vertex 8.61436 16.3 0
      vertex 8.54991 16.1762 1.4
      vertex 8.54991 16.1762 0
    endloop
  endfacet
  facet normal 0.675592 0.737276 -0
    outer loop
      vertex 8.97154 14.2743 0
      vertex 8.86863 14.3686 1.4
      vertex 8.97154 14.2743 1.4
    endloop
  endfacet
  facet normal 0.675592 0.737276 0
    outer loop
      vertex 8.86863 14.3686 1.4
      vertex 8.97154 14.2743 0
      vertex 8.86863 14.3686 0
    endloop
  endfacet
  facet normal 0.953709 -0.30073 0
    outer loop
      vertex 8.45452 15.9141 1.4
      vertex 8.49649 16.0472 0
      vertex 8.49649 16.0472 1.4
    endloop
  endfacet
  facet normal 0.953709 -0.30073 0
    outer loop
      vertex 8.49649 16.0472 0
      vertex 8.45452 15.9141 1.4
      vertex 8.45452 15.9141 0
    endloop
  endfacet
  facet normal -0.923964 0.382478 0
    outer loop
      vertex 11.4501 14.8238 0
      vertex 11.5035 14.9528 1.4
      vertex 11.5035 14.9528 0
    endloop
  endfacet
  facet normal -0.923964 0.382478 0
    outer loop
      vertex 11.5035 14.9528 1.4
      vertex 11.4501 14.8238 0
      vertex 11.4501 14.8238 1.4
    endloop
  endfacet
  facet normal 0.976307 0.216392 0
    outer loop
      vertex 8.45452 15.0859 1.4
      vertex 8.42431 15.2222 0
      vertex 8.42431 15.2222 1.4
    endloop
  endfacet
  facet normal 0.976307 0.216392 0
    outer loop
      vertex 8.42431 15.2222 0
      vertex 8.45452 15.0859 1.4
      vertex 8.45452 15.0859 0
    endloop
  endfacet
  facet normal 0.300885 0.953661 -0
    outer loop
      vertex 9.58589 13.9545 0
      vertex 9.45277 13.9965 1.4
      vertex 9.58589 13.9545 1.4
    endloop
  endfacet
  facet normal 0.300885 0.953661 0
    outer loop
      vertex 9.45277 13.9965 1.4
      vertex 9.58589 13.9545 0
      vertex 9.45277 13.9965 0
    endloop
  endfacet
  facet normal -0.382478 0.923964 0
    outer loop
      vertex 10.6762 14.0499 0
      vertex 10.5472 13.9965 1.4
      vertex 10.6762 14.0499 1.4
    endloop
  endfacet
  facet normal -0.382478 0.923964 0
    outer loop
      vertex 10.5472 13.9965 1.4
      vertex 10.6762 14.0499 0
      vertex 10.5472 13.9965 0
    endloop
  endfacet
  facet normal 0.991433 0.130614 0
    outer loop
      vertex 8.42431 15.2222 1.4
      vertex 8.40609 15.3605 0
      vertex 8.40609 15.3605 1.4
    endloop
  endfacet
  facet normal 0.991433 0.130614 0
    outer loop
      vertex 8.40609 15.3605 0
      vertex 8.42431 15.2222 1.4
      vertex 8.42431 15.2222 0
    endloop
  endfacet
  facet normal 0.999048 0.0436144 0
    outer loop
      vertex 8.40609 15.3605 1.4
      vertex 8.4 15.5 0
      vertex 8.4 15.5 1.4
    endloop
  endfacet
  facet normal 0.999048 0.0436144 0
    outer loop
      vertex 8.4 15.5 0
      vertex 8.40609 15.3605 1.4
      vertex 8.40609 15.3605 0
    endloop
  endfacet
  facet normal -0.462052 -0.886853 0
    outer loop
      vertex 10.6762 16.9501 0
      vertex 10.8 16.8856 1.4
      vertex 10.6762 16.9501 1.4
    endloop
  endfacet
  facet normal -0.462052 -0.886853 -0
    outer loop
      vertex 10.8 16.8856 1.4
      vertex 10.6762 16.9501 0
      vertex 10.8 16.8856 0
    endloop
  endfacet
  facet normal -0.537385 0.843337 0
    outer loop
      vertex 10.9177 14.1894 0
      vertex 10.8 14.1144 1.4
      vertex 10.9177 14.1894 1.4
    endloop
  endfacet
  facet normal -0.537385 0.843337 0
    outer loop
      vertex 10.8 14.1144 1.4
      vertex 10.9177 14.1894 0
      vertex 10.8 14.1144 0
    endloop
  endfacet
  facet normal -0.13038 -0.991464 0
    outer loop
      vertex 10.1394 17.0939 0
      vertex 10.2778 17.0757 1.4
      vertex 10.1394 17.0939 1.4
    endloop
  endfacet
  facet normal -0.13038 -0.991464 -0
    outer loop
      vertex 10.2778 17.0757 1.4
      vertex 10.1394 17.0939 0
      vertex 10.2778 17.0757 0
    endloop
  endfacet
  facet normal 0.793526 -0.608537 0
    outer loop
      vertex 8.68936 16.4177 1.4
      vertex 8.77433 16.5285 0
      vertex 8.77433 16.5285 1.4
    endloop
  endfacet
  facet normal 0.793526 -0.608537 0
    outer loop
      vertex 8.77433 16.5285 0
      vertex 8.68936 16.4177 1.4
      vertex 8.68936 16.4177 0
    endloop
  endfacet
  facet normal 0.53732 0.843378 -0
    outer loop
      vertex 9.2 14.1144 0
      vertex 9.08228 14.1894 1.4
      vertex 9.2 14.1144 1.4
    endloop
  endfacet
  facet normal 0.53732 0.843378 0
    outer loop
      vertex 9.08228 14.1894 1.4
      vertex 9.2 14.1144 0
      vertex 9.08228 14.1894 0
    endloop
  endfacet
  facet normal -0.976322 0.216324 0
    outer loop
      vertex 11.5455 15.0859 0
      vertex 11.5757 15.2222 1.4
      vertex 11.5757 15.2222 0
    endloop
  endfacet
  facet normal -0.976322 0.216324 0
    outer loop
      vertex 11.5757 15.2222 1.4
      vertex 11.5455 15.0859 0
      vertex 11.5455 15.0859 1.4
    endloop
  endfacet
  facet normal -0.0437171 0.999044 0
    outer loop
      vertex 10.1394 13.9061 0
      vertex 10 13.9 1.4
      vertex 10.1394 13.9061 1.4
    endloop
  endfacet
  facet normal -0.0437171 0.999044 0
    outer loop
      vertex 10 13.9 1.4
      vertex 10.1394 13.9061 0
      vertex 10 13.9 0
    endloop
  endfacet
  facet normal 0.991446 -0.130521 0
    outer loop
      vertex 8.40609 15.6394 1.4
      vertex 8.42431 15.7778 0
      vertex 8.42431 15.7778 1.4
    endloop
  endfacet
  facet normal 0.991446 -0.130521 0
    outer loop
      vertex 8.42431 15.7778 0
      vertex 8.40609 15.6394 1.4
      vertex 8.40609 15.6394 0
    endloop
  endfacet
  facet normal 0.216369 0.976312 -0
    outer loop
      vertex 9.72216 13.9243 0
      vertex 9.58589 13.9545 1.4
      vertex 9.72216 13.9243 1.4
    endloop
  endfacet
  facet normal 0.216369 0.976312 0
    outer loop
      vertex 9.58589 13.9545 1.4
      vertex 9.72216 13.9243 0
      vertex 9.58589 13.9545 0
    endloop
  endfacet
  facet normal 0.843337 0.537385 0
    outer loop
      vertex 8.68936 14.5823 1.4
      vertex 8.61436 14.7 0
      vertex 8.61436 14.7 1.4
    endloop
  endfacet
  facet normal 0.843337 0.537385 0
    outer loop
      vertex 8.61436 14.7 0
      vertex 8.68936 14.5823 1.4
      vertex 8.68936 14.5823 0
    endloop
  endfacet
  facet normal 0.608429 -0.793609 0
    outer loop
      vertex 8.97154 16.7257 0
      vertex 9.08228 16.8106 1.4
      vertex 8.97154 16.7257 1.4
    endloop
  endfacet
  facet normal 0.608429 -0.793609 0
    outer loop
      vertex 9.08228 16.8106 1.4
      vertex 8.97154 16.7257 0
      vertex 9.08228 16.8106 0
    endloop
  endfacet
  facet normal 0.608429 0.793609 -0
    outer loop
      vertex 9.08228 14.1894 0
      vertex 8.97154 14.2743 1.4
      vertex 9.08228 14.1894 1.4
    endloop
  endfacet
  facet normal 0.608429 0.793609 0
    outer loop
      vertex 8.97154 14.2743 1.4
      vertex 9.08228 14.1894 0
      vertex 8.97154 14.2743 0
    endloop
  endfacet
  facet normal -0.737243 -0.675627 0
    outer loop
      vertex 11.2257 16.5285 0
      vertex 11.1314 16.6314 1.4
      vertex 11.1314 16.6314 0
    endloop
  endfacet
  facet normal -0.737243 -0.675627 0
    outer loop
      vertex 11.1314 16.6314 1.4
      vertex 11.2257 16.5285 0
      vertex 11.2257 16.5285 1.4
    endloop
  endfacet
  facet normal 0.923914 -0.382601 0
    outer loop
      vertex 8.49649 16.0472 1.4
      vertex 8.54991 16.1762 0
      vertex 8.54991 16.1762 1.4
    endloop
  endfacet
  facet normal 0.923914 -0.382601 0
    outer loop
      vertex 8.54991 16.1762 0
      vertex 8.49649 16.0472 1.4
      vertex 8.49649 16.0472 0
    endloop
  endfacet
  facet normal -0.737243 0.675627 0
    outer loop
      vertex 11.1314 14.3686 0
      vertex 11.2257 14.4715 1.4
      vertex 11.2257 14.4715 0
    endloop
  endfacet
  facet normal -0.737243 0.675627 0
    outer loop
      vertex 11.2257 14.4715 1.4
      vertex 11.1314 14.3686 0
      vertex 11.1314 14.3686 1.4
    endloop
  endfacet
  facet normal 0.462022 0.886868 -0
    outer loop
      vertex 9.32381 14.0499 0
      vertex 9.2 14.1144 1.4
      vertex 9.32381 14.0499 1.4
    endloop
  endfacet
  facet normal 0.462022 0.886868 0
    outer loop
      vertex 9.2 14.1144 1.4
      vertex 9.32381 14.0499 0
      vertex 9.2 14.1144 0
    endloop
  endfacet
  facet normal 0.675592 -0.737276 0
    outer loop
      vertex 8.86863 16.6314 0
      vertex 8.97154 16.7257 1.4
      vertex 8.86863 16.6314 1.4
    endloop
  endfacet
  facet normal 0.675592 -0.737276 0
    outer loop
      vertex 8.97154 16.7257 1.4
      vertex 8.86863 16.6314 0
      vertex 8.97154 16.7257 0
    endloop
  endfacet
  facet normal -0.608221 0.793768 0
    outer loop
      vertex 11.0285 14.2743 0
      vertex 10.9177 14.1894 1.4
      vertex 11.0285 14.2743 1.4
    endloop
  endfacet
  facet normal -0.608221 0.793768 0
    outer loop
      vertex 10.9177 14.1894 1.4
      vertex 11.0285 14.2743 0
      vertex 10.9177 14.1894 0
    endloop
  endfacet
  facet normal -0.731283 -0.0320002 0.681323
    outer loop
      vertex 11.6 15.5 1.4
      vertex 13.0813 15.5017 2.99
      vertex 11.5939 15.6394 1.4
    endloop
  endfacet
  facet normal -0.730975 -0.0429985 0.681048
    outer loop
      vertex 13.0813 15.5017 2.99
      vertex 11.6 15.5 1.4
      vertex 13.0814 15.5 2.99
    endloop
  endfacet
  facet normal 0.649273 0.33801 0.681318
    outer loop
      vertex 7.33066 13.9609 2.99
      vertex 8.61436 14.7 1.4
      vertex 8.54991 14.8238 1.4
    endloop
  endfacet
  facet normal 0.654961 0.327481 0.681016
    outer loop
      vertex 8.61436 14.7 1.4
      vertex 7.33066 13.9609 2.99
      vertex 7.33146 13.9593 2.99
    endloop
  endfacet
  facet normal 0.338148 0.649194 0.681324
    outer loop
      vertex 8.69776 12.7073 2.99
      vertex 9.32381 14.0499 1.4
      vertex 8.46085 12.8307 2.99
    endloop
  endfacet
  facet normal 0.676243 -0.280174 0.68132
    outer loop
      vertex 8.54991 16.1762 1.4
      vertex 7.20733 16.8022 2.99
      vertex 7.10512 16.5555 2.99
    endloop
  endfacet
  facet normal 0.698103 0.22012 0.681322
    outer loop
      vertex 7.10394 14.4478 2.99
      vertex 8.45452 15.0859 1.4
      vertex 7.02363 14.7025 2.99
    endloop
  endfacet
  facet normal 0.585733 -0.4393 0.681126
    outer loop
      vertex 7.63848 17.4793 2.99
      vertex 8.77433 16.5285 1.4
      vertex 7.63953 17.4807 2.99
    endloop
  endfacet
  facet normal 0.580854 -0.445443 0.681314
    outer loop
      vertex 8.77433 16.5285 1.4
      vertex 7.63848 17.4793 2.99
      vertex 8.68936 16.4177 1.4
    endloop
  endfacet
  facet normal -0.393358 0.617309 0.681322
    outer loop
      vertex 10.8 14.1144 1.4
      vertex 11.5421 12.8324 2.99
      vertex 10.9177 14.1894 1.4
    endloop
  endfacet
  facet normal -0.395859 0.61578 0.681256
    outer loop
      vertex 11.5421 12.8324 2.99
      vertex 10.8 14.1144 1.4
      vertex 11.5407 12.8315 2.99
    endloop
  endfacet
  facet normal -0.0429985 -0.730975 0.681048
    outer loop
      vertex 10 17.1 1.4
      vertex 10.0017 18.5813 2.99
      vertex 10 18.5814 2.99
    endloop
  endfacet
  facet normal -0.0320002 -0.731283 0.681323
    outer loop
      vertex 10.0017 18.5813 2.99
      vertex 10 17.1 1.4
      vertex 10.1394 17.0939 1.4
    endloop
  endfacet
  facet normal 0.158673 0.714575 0.681326
    outer loop
      vertex 9.46493 12.4654 2.99
      vertex 9.72216 13.9243 1.4
      vertex 9.20418 12.5233 2.99
    endloop
  endfacet
  facet normal 0.0953799 0.725737 0.681328
    outer loop
      vertex 9.72972 12.4306 2.99
      vertex 9.72216 13.9243 1.4
      vertex 9.46493 12.4654 2.99
    endloop
  endfacet
  facet normal -0.67625 -0.280149 0.681324
    outer loop
      vertex 12.8949 16.5555 2.99
      vertex 12.7927 16.8022 2.99
      vertex 11.4501 16.1762 1.4
    endloop
  endfacet
  facet normal 0.220078 0.698112 0.681326
    outer loop
      vertex 9.20248 12.5236 2.99
      vertex 9.58589 13.9545 1.4
      vertex 8.94776 12.6039 2.99
    endloop
  endfacet
  facet normal -0.581043 0.445221 0.681298
    outer loop
      vertex 11.2257 14.4715 1.4
      vertex 12.3615 13.5207 2.99
      vertex 11.3106 14.5823 1.4
    endloop
  endfacet
  facet normal -0.596214 0.425867 0.680563
    outer loop
      vertex 12.3615 13.5207 2.99
      vertex 11.2257 14.4715 1.4
      vertex 12.3605 13.5193 2.99
    endloop
  endfacet
  facet normal -0.0953761 0.725735 0.681331
    outer loop
      vertex 10.5351 12.4654 2.99
      vertex 10.2778 13.9243 1.4
      vertex 10.2703 12.4306 2.99
    endloop
  endfacet
  facet normal 0.494454 -0.539733 0.681325
    outer loop
      vertex 8.86863 16.6314 1.4
      vertex 8.01806 17.8593 2.99
      vertex 7.82114 17.6789 2.99
    endloop
  endfacet
  facet normal -0.617381 0.393228 0.681332
    outer loop
      vertex 12.5241 13.7326 2.99
      vertex 12.6676 13.9579 2.99
      vertex 11.3106 14.5823 1.4
    endloop
  endfacet
  facet normal 0.617386 -0.393231 0.681325
    outer loop
      vertex 8.68936 16.4177 1.4
      vertex 7.47589 17.2674 2.99
      vertex 7.33239 17.0421 2.99
    endloop
  endfacet
  facet normal 0.676284 -0.280055 0.681329
    outer loop
      vertex 7.10512 16.5555 2.99
      vertex 8.49649 16.0472 1.4
      vertex 8.54991 16.1762 1.4
    endloop
  endfacet
  facet normal 0.67665 -0.279118 0.68135
    outer loop
      vertex 8.49649 16.0472 1.4
      vertex 7.10512 16.5555 2.99
      vertex 7.10446 16.5539 2.99
    endloop
  endfacet
  facet normal -0.649193 0.338162 0.681318
    outer loop
      vertex 12.6693 13.9609 2.99
      vertex 12.7927 14.1978 2.99
      vertex 11.4501 14.8238 1.4
    endloop
  endfacet
  facet normal 0.617314 -0.393361 0.681315
    outer loop
      vertex 7.33239 17.0421 2.99
      vertex 8.61436 16.3 1.4
      vertex 8.68936 16.4177 1.4
    endloop
  endfacet
  facet normal 0.610002 -0.405216 0.680953
    outer loop
      vertex 8.61436 16.3 1.4
      vertex 7.33239 17.0421 2.99
      vertex 7.33146 17.0407 2.99
    endloop
  endfacet
  facet normal -0.127376 0.721795 0.680285
    outer loop
      vertex 10.4141 13.9545 1.4
      vertex 10.7958 12.5233 2.99
      vertex 10.7975 12.5236 2.99
    endloop
  endfacet
  facet normal -0.158349 0.714668 0.681304
    outer loop
      vertex 10.7958 12.5233 2.99
      vertex 10.4141 13.9545 1.4
      vertex 10.2778 13.9243 1.4
    endloop
  endfacet
  facet normal -0.032057 0.731284 0.681319
    outer loop
      vertex 10.2686 12.4304 2.99
      vertex 10.1394 13.9061 1.4
      vertex 10.0017 12.4187 2.99
    endloop
  endfacet
  facet normal 0.698103 -0.22012 0.681322
    outer loop
      vertex 8.45452 15.9141 1.4
      vertex 7.10394 16.5522 2.99
      vertex 7.02363 16.2975 2.99
    endloop
  endfacet
  facet normal 0.445368 -0.58092 0.681307
    outer loop
      vertex 8.02071 17.8615 2.99
      vertex 8.97154 16.7257 1.4
      vertex 9.08228 16.8106 1.4
    endloop
  endfacet
  facet normal 0.429822 -0.593155 0.68075
    outer loop
      vertex 8.97154 16.7257 1.4
      vertex 8.02071 17.8615 2.99
      vertex 8.01933 17.8605 2.99
    endloop
  endfacet
  facet normal -0.725732 0.0955049 0.681316
    outer loop
      vertex 11.5757 15.2222 1.4
      vertex 13.0696 15.2314 2.99
      vertex 11.5939 15.3605 1.4
    endloop
  endfacet
  facet normal -0.726369 0.0854551 0.681972
    outer loop
      vertex 13.0696 15.2314 2.99
      vertex 11.5757 15.2222 1.4
      vertex 13.0694 15.2297 2.99
    endloop
  endfacet
  facet normal -0.494346 0.539834 0.681323
    outer loop
      vertex 11.9819 13.1407 2.99
      vertex 12.1789 13.3211 2.99
      vertex 11.1314 14.3686 1.4
    endloop
  endfacet
  facet normal 0.580726 0.445589 0.681328
    outer loop
      vertex 7.63848 13.5207 2.99
      vertex 8.68936 14.5823 1.4
      vertex 7.47589 13.7326 2.99
    endloop
  endfacet
  facet normal 0.580726 -0.445589 0.681328
    outer loop
      vertex 8.68936 16.4177 1.4
      vertex 7.63848 17.4793 2.99
      vertex 7.47589 17.2674 2.99
    endloop
  endfacet
  facet normal -0.61578 0.395859 0.681256
    outer loop
      vertex 11.3856 14.7 1.4
      vertex 12.6676 13.9579 2.99
      vertex 12.6685 13.9593 2.99
    endloop
  endfacet
  facet normal -0.617309 0.393358 0.681322
    outer loop
      vertex 12.6676 13.9579 2.99
      vertex 11.3856 14.7 1.4
      vertex 11.3106 14.5823 1.4
    endloop
  endfacet
  facet normal -0.685092 0.256909 0.68165
    outer loop
      vertex 11.5035 14.9528 1.4
      vertex 12.8949 14.4445 2.99
      vertex 12.8955 14.4461 2.99
    endloop
  endfacet
  facet normal -0.676313 0.279962 0.681338
    outer loop
      vertex 12.8949 14.4445 2.99
      vertex 11.5035 14.9528 1.4
      vertex 11.4501 14.8238 1.4
    endloop
  endfacet
  facet normal -0.725735 0.0953761 0.681331
    outer loop
      vertex 13.0346 14.9649 2.99
      vertex 13.0694 15.2297 2.99
      vertex 11.5757 15.2222 1.4
    endloop
  endfacet
  facet normal 0.539794 -0.494391 0.681323
    outer loop
      vertex 8.86863 16.6314 1.4
      vertex 7.82114 17.6789 2.99
      vertex 7.64071 17.4819 2.99
    endloop
  endfacet
  facet normal 0.445618 0.580701 0.68133
    outer loop
      vertex 8.2326 12.9759 2.99
      vertex 9.08228 14.1894 1.4
      vertex 8.02071 13.1385 2.99
    endloop
  endfacet
  facet normal 0.731225 0.0344106 0.681267
    outer loop
      vertex 6.91871 15.4983 2.99
      vertex 8.4 15.5 1.4
      vertex 6.91863 15.5 2.99
    endloop
  endfacet
  facet normal 0.731287 0.031925 0.681322
    outer loop
      vertex 8.4 15.5 1.4
      vertex 6.91871 15.4983 2.99
      vertex 8.40609 15.3605 1.4
    endloop
  endfacet
  facet normal -0.518276 -0.518276 0.680279
    outer loop
      vertex 12.3593 17.4819 2.99
      vertex 11.2257 16.5285 1.4
      vertex 12.3605 17.4807 2.99
    endloop
  endfacet
  facet normal -0.539662 -0.494559 0.681304
    outer loop
      vertex 11.2257 16.5285 1.4
      vertex 12.3593 17.4819 2.99
      vertex 11.1314 16.6314 1.4
    endloop
  endfacet
  facet normal -0.220094 0.698108 0.681325
    outer loop
      vertex 10.7975 12.5236 2.99
      vertex 11.0522 12.6039 2.99
      vertex 10.4141 13.9545 1.4
    endloop
  endfacet
  facet normal 0.539794 0.494391 0.681323
    outer loop
      vertex 7.82114 13.3211 2.99
      vertex 8.86863 14.3686 1.4
      vertex 7.64071 13.5181 2.99
    endloop
  endfacet
  facet normal -0.731284 -0.032057 0.681319
    outer loop
      vertex 13.0813 15.5017 2.99
      vertex 13.0696 15.7686 2.99
      vertex 11.5939 15.6394 1.4
    endloop
  endfacet
  facet normal -0.67625 0.280149 0.681324
    outer loop
      vertex 12.7927 14.1978 2.99
      vertex 12.8949 14.4445 2.99
      vertex 11.4501 14.8238 1.4
    endloop
  endfacet
  facet normal -0.731285 0.0320571 0.681318
    outer loop
      vertex 13.0696 15.2314 2.99
      vertex 13.0813 15.4983 2.99
      vertex 11.5939 15.3605 1.4
    endloop
  endfacet
  facet normal -0.0954365 -0.725737 0.681321
    outer loop
      vertex 10.2778 17.0757 1.4
      vertex 10.2686 18.5696 2.99
      vertex 10.1394 17.0939 1.4
    endloop
  endfacet
  facet normal -0.0854551 -0.726369 0.681972
    outer loop
      vertex 10.2686 18.5696 2.99
      vertex 10.2778 17.0757 1.4
      vertex 10.2703 18.5694 2.99
    endloop
  endfacet
  facet normal 0.445368 0.58092 0.681307
    outer loop
      vertex 8.97154 14.2743 1.4
      vertex 8.02071 13.1385 2.99
      vertex 9.08228 14.1894 1.4
    endloop
  endfacet
  facet normal 0.429822 0.593155 0.68075
    outer loop
      vertex 8.02071 13.1385 2.99
      vertex 8.97154 14.2743 1.4
      vertex 8.01933 13.1395 2.99
    endloop
  endfacet
  facet normal -0.338162 0.649193 0.681318
    outer loop
      vertex 11.3022 12.7073 2.99
      vertex 11.5391 12.8307 2.99
      vertex 10.6762 14.0499 1.4
    endloop
  endfacet
  facet normal 0.280099 0.676267 0.681328
    outer loop
      vertex 8.94451 12.6051 2.99
      vertex 9.32381 14.0499 1.4
      vertex 8.69776 12.7073 2.99
    endloop
  endfacet
  facet normal 0.725825 -0.0939303 0.681436
    outer loop
      vertex 6.93036 15.7686 2.99
      vertex 8.42431 15.7778 1.4
      vertex 6.93058 15.7703 2.99
    endloop
  endfacet
  facet normal 0.725718 -0.095539 0.681326
    outer loop
      vertex 8.42431 15.7778 1.4
      vertex 6.93036 15.7686 2.99
      vertex 8.40609 15.6394 1.4
    endloop
  endfacet
  facet normal 0.676243 0.280174 0.68132
    outer loop
      vertex 7.20733 14.1978 2.99
      vertex 8.54991 14.8238 1.4
      vertex 7.10512 14.4445 2.99
    endloop
  endfacet
  facet normal -0.220094 -0.698108 0.681325
    outer loop
      vertex 11.0522 18.3961 2.99
      vertex 10.7975 18.4764 2.99
      vertex 10.4141 17.0455 1.4
    endloop
  endfacet
  facet normal 0.0422542 0.730998 0.68107
    outer loop
      vertex 10 13.9 1.4
      vertex 9.99827 12.4187 2.99
      vertex 10 12.4186 2.99
    endloop
  endfacet
  facet normal 0.0319887 0.731283 0.681324
    outer loop
      vertex 9.99827 12.4187 2.99
      vertex 10 13.9 1.4
      vertex 9.86055 13.9061 1.4
    endloop
  endfacet
  facet normal -0.518276 0.518276 0.680279
    outer loop
      vertex 11.2257 14.4715 1.4
      vertex 12.3593 13.5181 2.99
      vertex 12.3605 13.5193 2.99
    endloop
  endfacet
  facet normal -0.539662 0.494559 0.681304
    outer loop
      vertex 12.3593 13.5181 2.99
      vertex 11.2257 14.4715 1.4
      vertex 11.1314 14.3686 1.4
    endloop
  endfacet
  facet normal -0.649162 0.338214 0.681323
    outer loop
      vertex 11.3856 14.7 1.4
      vertex 12.6693 13.9609 2.99
      vertex 11.4501 14.8238 1.4
    endloop
  endfacet
  facet normal -0.654961 0.327481 0.681016
    outer loop
      vertex 12.6693 13.9609 2.99
      vertex 11.3856 14.7 1.4
      vertex 12.6685 13.9593 2.99
    endloop
  endfacet
  facet normal 0.53966 0.494557 0.681308
    outer loop
      vertex 8.77433 14.4715 1.4
      vertex 7.64071 13.5181 2.99
      vertex 8.86863 14.3686 1.4
    endloop
  endfacet
  facet normal 0.522444 0.513737 0.680534
    outer loop
      vertex 7.64071 13.5181 2.99
      vertex 8.77433 14.4715 1.4
      vertex 7.63953 13.5193 2.99
    endloop
  endfacet
  facet normal 0.71464 0.158395 0.681322
    outer loop
      vertex 7.02325 14.7042 2.99
      vertex 8.45452 15.0859 1.4
      vertex 8.42431 15.2222 1.4
    endloop
  endfacet
  facet normal 0.71433 0.159674 0.68135
    outer loop
      vertex 8.45452 15.0859 1.4
      vertex 7.02325 14.7042 2.99
      vertex 7.02363 14.7025 2.99
    endloop
  endfacet
  facet normal -0.539834 0.494346 0.681323
    outer loop
      vertex 12.1789 13.3211 2.99
      vertex 12.3593 13.5181 2.99
      vertex 11.1314 14.3686 1.4
    endloop
  endfacet
  facet normal 0.654961 -0.327481 0.681016
    outer loop
      vertex 7.33066 17.0391 2.99
      vertex 8.61436 16.3 1.4
      vertex 7.33146 17.0407 2.99
    endloop
  endfacet
  facet normal 0.649273 -0.33801 0.681318
    outer loop
      vertex 8.61436 16.3 1.4
      vertex 7.33066 17.0391 2.99
      vertex 8.54991 16.1762 1.4
    endloop
  endfacet
  facet normal -0.649193 -0.338162 0.681318
    outer loop
      vertex 12.7927 16.8022 2.99
      vertex 12.6693 17.0391 2.99
      vertex 11.4501 16.1762 1.4
    endloop
  endfacet
  facet normal 0.445618 -0.580701 0.68133
    outer loop
      vertex 9.08228 16.8106 1.4
      vertex 8.2326 18.0241 2.99
      vertex 8.02071 17.8615 2.99
    endloop
  endfacet
  facet normal 0.649273 0.338011 0.681318
    outer loop
      vertex 7.33066 13.9609 2.99
      vertex 8.54991 14.8238 1.4
      vertex 7.20733 14.1978 2.99
    endloop
  endfacet
  facet normal -0.714668 0.158349 0.681304
    outer loop
      vertex 11.5455 15.0859 1.4
      vertex 12.9767 14.7042 2.99
      vertex 11.5757 15.2222 1.4
    endloop
  endfacet
  facet normal -0.721795 0.127376 0.680285
    outer loop
      vertex 12.9767 14.7042 2.99
      vertex 11.5455 15.0859 1.4
      vertex 12.9764 14.7025 2.99
    endloop
  endfacet
  facet normal 0.256911 -0.685095 0.681647
    outer loop
      vertex 8.94451 18.3949 2.99
      vertex 9.45277 17.0035 1.4
      vertex 8.94611 18.3955 2.99
    endloop
  endfacet
  facet normal 0.280038 -0.676287 0.681332
    outer loop
      vertex 9.45277 17.0035 1.4
      vertex 8.94451 18.3949 2.99
      vertex 9.32381 16.9501 1.4
    endloop
  endfacet
  facet normal -0.032057 -0.731284 0.681319
    outer loop
      vertex 10.1394 17.0939 1.4
      vertex 10.2686 18.5696 2.99
      vertex 10.0017 18.5813 2.99
    endloop
  endfacet
  facet normal 0.250042 -0.687614 0.681664
    outer loop
      vertex 9.45277 17.0035 1.4
      vertex 8.94776 18.3961 2.99
      vertex 8.94611 18.3955 2.99
    endloop
  endfacet
  facet normal 0.220238 -0.69805 0.681338
    outer loop
      vertex 8.94776 18.3961 2.99
      vertex 9.45277 17.0035 1.4
      vertex 9.58589 17.0455 1.4
    endloop
  endfacet
  facet normal -0.158701 -0.714566 0.681329
    outer loop
      vertex 10.7958 18.4767 2.99
      vertex 10.5351 18.5346 2.99
      vertex 10.2778 17.0757 1.4
    endloop
  endfacet
  facet normal 0.731225 -0.0344106 0.681267
    outer loop
      vertex 8.4 15.5 1.4
      vertex 6.91871 15.5017 2.99
      vertex 6.91863 15.5 2.99
    endloop
  endfacet
  facet normal 0.731286 -0.0319479 0.681322
    outer loop
      vertex 6.91871 15.5017 2.99
      vertex 8.4 15.5 1.4
      vertex 8.40609 15.6394 1.4
    endloop
  endfacet
  facet normal -0.539834 -0.494346 0.681323
    outer loop
      vertex 12.3593 17.4819 2.99
      vertex 12.1789 17.6789 2.99
      vertex 11.1314 16.6314 1.4
    endloop
  endfacet
  facet normal -0.596214 -0.425867 0.680563
    outer loop
      vertex 11.2257 16.5285 1.4
      vertex 12.3615 17.4793 2.99
      vertex 12.3605 17.4807 2.99
    endloop
  endfacet
  facet normal -0.581043 -0.445221 0.681298
    outer loop
      vertex 12.3615 17.4793 2.99
      vertex 11.2257 16.5285 1.4
      vertex 11.3106 16.4177 1.4
    endloop
  endfacet
  facet normal 0.725716 0.0955654 0.681325
    outer loop
      vertex 6.96545 14.9649 2.99
      vertex 8.42431 15.2222 1.4
      vertex 6.93058 15.2297 2.99
    endloop
  endfacet
  facet normal -0.730975 0.0429985 0.681048
    outer loop
      vertex 11.6 15.5 1.4
      vertex 13.0813 15.4983 2.99
      vertex 13.0814 15.5 2.99
    endloop
  endfacet
  facet normal -0.731283 0.0319773 0.681324
    outer loop
      vertex 13.0813 15.4983 2.99
      vertex 11.6 15.5 1.4
      vertex 11.5939 15.3605 1.4
    endloop
  endfacet
  facet normal 0.580854 0.445443 0.681314
    outer loop
      vertex 7.63848 13.5207 2.99
      vertex 8.77433 14.4715 1.4
      vertex 8.68936 14.5823 1.4
    endloop
  endfacet
  facet normal 0.585733 0.4393 0.681126
    outer loop
      vertex 8.77433 14.4715 1.4
      vertex 7.63848 13.5207 2.99
      vertex 7.63953 13.5193 2.99
    endloop
  endfacet
  facet normal 0.698099 0.220129 0.681323
    outer loop
      vertex 7.10394 14.4478 2.99
      vertex 8.49649 14.9528 1.4
      vertex 8.45452 15.0859 1.4
    endloop
  endfacet
  facet normal 0.7001 0.214148 0.681176
    outer loop
      vertex 8.49649 14.9528 1.4
      vertex 7.10394 14.4478 2.99
      vertex 7.10446 14.4461 2.99
    endloop
  endfacet
  facet normal -0.158701 0.714566 0.681329
    outer loop
      vertex 10.5351 12.4654 2.99
      vertex 10.7958 12.5233 2.99
      vertex 10.2778 13.9243 1.4
    endloop
  endfacet
  facet normal -0.445603 0.580709 0.681333
    outer loop
      vertex 11.7674 12.9759 2.99
      vertex 11.9793 13.1385 2.99
      vertex 10.9177 14.1894 1.4
    endloop
  endfacet
  facet normal 0.71433 -0.159674 0.68135
    outer loop
      vertex 7.02325 16.2958 2.99
      vertex 8.45452 15.9141 1.4
      vertex 7.02363 16.2975 2.99
    endloop
  endfacet
  facet normal 0.71464 -0.158395 0.681322
    outer loop
      vertex 8.45452 15.9141 1.4
      vertex 7.02325 16.2958 2.99
      vertex 8.42431 15.7778 1.4
    endloop
  endfacet
  facet normal -0.698108 -0.220094 0.681325
    outer loop
      vertex 12.9764 16.2975 2.99
      vertex 12.8961 16.5522 2.99
      vertex 11.5455 15.9141 1.4
    endloop
  endfacet
  facet normal -0.714566 0.158701 0.681329
    outer loop
      vertex 12.9767 14.7042 2.99
      vertex 13.0346 14.9649 2.99
      vertex 11.5757 15.2222 1.4
    endloop
  endfacet
  facet normal 0.39329 0.617342 0.681331
    outer loop
      vertex 8.45785 12.8324 2.99
      vertex 9.08228 14.1894 1.4
      vertex 8.2326 12.9759 2.99
    endloop
  endfacet
  facet normal -0.698108 0.220094 0.681325
    outer loop
      vertex 12.8961 14.4478 2.99
      vertex 12.9764 14.7025 2.99
      vertex 11.5455 15.0859 1.4
    endloop
  endfacet
  facet normal -0.0854551 0.726369 0.681972
    outer loop
      vertex 10.2778 13.9243 1.4
      vertex 10.2686 12.4304 2.99
      vertex 10.2703 12.4306 2.99
    endloop
  endfacet
  facet normal -0.0954365 0.725737 0.681321
    outer loop
      vertex 10.2686 12.4304 2.99
      vertex 10.2778 13.9243 1.4
      vertex 10.1394 13.9061 1.4
    endloop
  endfacet
  facet normal -0.327481 -0.654961 0.681016
    outer loop
      vertex 11.5391 18.1693 2.99
      vertex 10.8 16.8856 1.4
      vertex 11.5407 18.1685 2.99
    endloop
  endfacet
  facet normal -0.338214 -0.649162 0.681323
    outer loop
      vertex 10.8 16.8856 1.4
      vertex 11.5391 18.1693 2.99
      vertex 10.6762 16.9501 1.4
    endloop
  endfacet
  facet normal -0.0953761 -0.725735 0.681331
    outer loop
      vertex 10.2778 17.0757 1.4
      vertex 10.5351 18.5346 2.99
      vertex 10.2703 18.5694 2.99
    endloop
  endfacet
  facet normal -0.280149 0.67625 0.681324
    outer loop
      vertex 11.0555 12.6051 2.99
      vertex 11.3022 12.7073 2.99
      vertex 10.6762 14.0499 1.4
    endloop
  endfacet
  facet normal -0.445603 -0.580709 0.681333
    outer loop
      vertex 11.9793 17.8615 2.99
      vertex 11.7674 18.0241 2.99
      vertex 10.9177 16.8106 1.4
    endloop
  endfacet
  facet normal 0.494454 0.539733 0.681325
    outer loop
      vertex 8.01806 13.1407 2.99
      vertex 8.86863 14.3686 1.4
      vertex 7.82114 13.3211 2.99
    endloop
  endfacet
  facet normal 0.280099 -0.676267 0.681328
    outer loop
      vertex 9.32381 16.9501 1.4
      vertex 8.94451 18.3949 2.99
      vertex 8.69776 18.2927 2.99
    endloop
  endfacet
  facet normal -0.714566 -0.158701 0.681329
    outer loop
      vertex 13.0346 16.0351 2.99
      vertex 12.9767 16.2958 2.99
      vertex 11.5757 15.7778 1.4
    endloop
  endfacet
  facet normal 0.53966 -0.494557 0.681308
    outer loop
      vertex 7.64071 17.4819 2.99
      vertex 8.77433 16.5285 1.4
      vertex 8.86863 16.6314 1.4
    endloop
  endfacet
  facet normal 0.522444 -0.513737 0.680534
    outer loop
      vertex 8.77433 16.5285 1.4
      vertex 7.64071 17.4819 2.99
      vertex 7.63953 17.4807 2.99
    endloop
  endfacet
  facet normal -0.338162 -0.649193 0.681318
    outer loop
      vertex 11.5391 18.1693 2.99
      vertex 11.3022 18.2927 2.99
      vertex 10.6762 16.9501 1.4
    endloop
  endfacet
  facet normal 0.649273 -0.338011 0.681318
    outer loop
      vertex 8.54991 16.1762 1.4
      vertex 7.33066 17.0391 2.99
      vertex 7.20733 16.8022 2.99
    endloop
  endfacet
  facet normal 0.617386 0.393231 0.681325
    outer loop
      vertex 7.47589 13.7326 2.99
      vertex 8.68936 14.5823 1.4
      vertex 7.33239 13.9579 2.99
    endloop
  endfacet
  facet normal 0.0844685 -0.726429 0.682031
    outer loop
      vertex 9.72216 17.0757 1.4
      vertex 9.73144 18.5696 2.99
      vertex 9.72972 18.5694 2.99
    endloop
  endfacet
  facet normal 0.0954436 -0.725739 0.681318
    outer loop
      vertex 9.73144 18.5696 2.99
      vertex 9.72216 17.0757 1.4
      vertex 9.86055 17.0939 1.4
    endloop
  endfacet
  facet normal 0.220238 0.69805 0.681338
    outer loop
      vertex 9.45277 13.9965 1.4
      vertex 8.94776 12.6039 2.99
      vertex 9.58589 13.9545 1.4
    endloop
  endfacet
  facet normal 0.250042 0.687614 0.681664
    outer loop
      vertex 8.94776 12.6039 2.99
      vertex 9.45277 13.9965 1.4
      vertex 8.94611 12.6045 2.99
    endloop
  endfacet
  facet normal 0.280038 0.676287 0.681332
    outer loop
      vertex 8.94451 12.6051 2.99
      vertex 9.45277 13.9965 1.4
      vertex 9.32381 14.0499 1.4
    endloop
  endfacet
  facet normal 0.256911 0.685095 0.681647
    outer loop
      vertex 9.45277 13.9965 1.4
      vertex 8.94451 12.6051 2.99
      vertex 8.94611 12.6045 2.99
    endloop
  endfacet
  facet normal 0.7001 -0.214148 0.681176
    outer loop
      vertex 7.10394 16.5522 2.99
      vertex 8.49649 16.0472 1.4
      vertex 7.10446 16.5539 2.99
    endloop
  endfacet
  facet normal 0.698099 -0.220129 0.681323
    outer loop
      vertex 8.49649 16.0472 1.4
      vertex 7.10394 16.5522 2.99
      vertex 8.45452 15.9141 1.4
    endloop
  endfacet
  facet normal 0.502902 -0.532237 0.681038
    outer loop
      vertex 8.01806 17.8593 2.99
      vertex 8.97154 16.7257 1.4
      vertex 8.01933 17.8605 2.99
    endloop
  endfacet
  facet normal 0.494524 -0.539677 0.681318
    outer loop
      vertex 8.97154 16.7257 1.4
      vertex 8.01806 17.8593 2.99
      vertex 8.86863 16.6314 1.4
    endloop
  endfacet
  facet normal -0.393228 -0.617381 0.681332
    outer loop
      vertex 11.7674 18.0241 2.99
      vertex 11.5421 18.1676 2.99
      vertex 10.9177 16.8106 1.4
    endloop
  endfacet
  facet normal 0.0320655 -0.731284 0.681318
    outer loop
      vertex 9.86055 17.0939 1.4
      vertex 9.99827 18.5813 2.99
      vertex 9.73144 18.5696 2.99
    endloop
  endfacet
  facet normal -0.580709 0.445603 0.681333
    outer loop
      vertex 12.3615 13.5207 2.99
      vertex 12.5241 13.7326 2.99
      vertex 11.3106 14.5823 1.4
    endloop
  endfacet
  facet normal -0.617381 -0.393228 0.681332
    outer loop
      vertex 12.6676 17.0421 2.99
      vertex 12.5241 17.2674 2.99
      vertex 11.3106 16.4177 1.4
    endloop
  endfacet
  facet normal -0.395859 -0.61578 0.681256
    outer loop
      vertex 10.8 16.8856 1.4
      vertex 11.5421 18.1676 2.99
      vertex 11.5407 18.1685 2.99
    endloop
  endfacet
  facet normal -0.393358 -0.617309 0.681322
    outer loop
      vertex 11.5421 18.1676 2.99
      vertex 10.8 16.8856 1.4
      vertex 10.9177 16.8106 1.4
    endloop
  endfacet
  facet normal 0.220078 -0.698112 0.681326
    outer loop
      vertex 9.58589 17.0455 1.4
      vertex 9.20248 18.4764 2.99
      vertex 8.94776 18.3961 2.99
    endloop
  endfacet
  facet normal -0.494559 0.539662 0.681304
    outer loop
      vertex 11.0285 14.2743 1.4
      vertex 11.9819 13.1407 2.99
      vertex 11.1314 14.3686 1.4
    endloop
  endfacet
  facet normal -0.518276 0.518276 0.680279
    outer loop
      vertex 11.9819 13.1407 2.99
      vertex 11.0285 14.2743 1.4
      vertex 11.9807 13.1395 2.99
    endloop
  endfacet
  facet normal 0.127376 -0.721795 0.680285
    outer loop
      vertex 9.58589 17.0455 1.4
      vertex 9.20418 18.4767 2.99
      vertex 9.20248 18.4764 2.99
    endloop
  endfacet
  facet normal 0.158382 -0.714659 0.681306
    outer loop
      vertex 9.20418 18.4767 2.99
      vertex 9.58589 17.0455 1.4
      vertex 9.72216 17.0757 1.4
    endloop
  endfacet
  facet normal 0.0953799 -0.725737 0.681328
    outer loop
      vertex 9.72216 17.0757 1.4
      vertex 9.72972 18.5694 2.99
      vertex 9.46493 18.5346 2.99
    endloop
  endfacet
  facet normal -0.494346 -0.539834 0.681323
    outer loop
      vertex 12.1789 17.6789 2.99
      vertex 11.9819 17.8593 2.99
      vertex 11.1314 16.6314 1.4
    endloop
  endfacet
  facet normal -0.685092 -0.256909 0.68165
    outer loop
      vertex 12.8949 16.5555 2.99
      vertex 11.5035 16.0472 1.4
      vertex 12.8955 16.5539 2.99
    endloop
  endfacet
  facet normal -0.676313 -0.279962 0.681338
    outer loop
      vertex 11.5035 16.0472 1.4
      vertex 12.8949 16.5555 2.99
      vertex 11.4501 16.1762 1.4
    endloop
  endfacet
  facet normal 0.158673 -0.714575 0.681326
    outer loop
      vertex 9.72216 17.0757 1.4
      vertex 9.46493 18.5346 2.99
      vertex 9.20418 18.4767 2.99
    endloop
  endfacet
  facet normal -0.721795 -0.127376 0.680285
    outer loop
      vertex 11.5455 15.9141 1.4
      vertex 12.9767 16.2958 2.99
      vertex 12.9764 16.2975 2.99
    endloop
  endfacet
  facet normal -0.714668 -0.158349 0.681304
    outer loop
      vertex 12.9767 16.2958 2.99
      vertex 11.5455 15.9141 1.4
      vertex 11.5757 15.7778 1.4
    endloop
  endfacet
  facet normal 0.494524 0.539677 0.681318
    outer loop
      vertex 8.01806 13.1407 2.99
      vertex 8.97154 14.2743 1.4
      vertex 8.86863 14.3686 1.4
    endloop
  endfacet
  facet normal 0.502902 0.532237 0.681038
    outer loop
      vertex 8.97154 14.2743 1.4
      vertex 8.01806 13.1407 2.99
      vertex 8.01933 13.1395 2.99
    endloop
  endfacet
  facet normal 0.0954436 0.725739 0.681318
    outer loop
      vertex 9.72216 13.9243 1.4
      vertex 9.73144 12.4304 2.99
      vertex 9.86055 13.9061 1.4
    endloop
  endfacet
  facet normal 0.0844685 0.726429 0.682031
    outer loop
      vertex 9.73144 12.4304 2.99
      vertex 9.72216 13.9243 1.4
      vertex 9.72972 12.4306 2.99
    endloop
  endfacet
  facet normal 0.0320655 0.731284 0.681318
    outer loop
      vertex 9.99827 12.4187 2.99
      vertex 9.86055 13.9061 1.4
      vertex 9.73144 12.4304 2.99
    endloop
  endfacet
  facet normal 0.0319887 -0.731283 0.681324
    outer loop
      vertex 10 17.1 1.4
      vertex 9.99827 18.5813 2.99
      vertex 9.86055 17.0939 1.4
    endloop
  endfacet
  facet normal 0.0422542 -0.730998 0.68107
    outer loop
      vertex 9.99827 18.5813 2.99
      vertex 10 17.1 1.4
      vertex 10 18.5814 2.99
    endloop
  endfacet
  facet normal -0.425867 -0.596214 0.680563
    outer loop
      vertex 11.9793 17.8615 2.99
      vertex 11.0285 16.7257 1.4
      vertex 11.9807 17.8605 2.99
    endloop
  endfacet
  facet normal -0.445221 -0.581043 0.681298
    outer loop
      vertex 11.0285 16.7257 1.4
      vertex 11.9793 17.8615 2.99
      vertex 10.9177 16.8106 1.4
    endloop
  endfacet
  facet normal -0.425867 0.596214 0.680563
    outer loop
      vertex 11.0285 14.2743 1.4
      vertex 11.9793 13.1385 2.99
      vertex 11.9807 13.1395 2.99
    endloop
  endfacet
  facet normal -0.445221 0.581043 0.681298
    outer loop
      vertex 11.9793 13.1385 2.99
      vertex 11.0285 14.2743 1.4
      vertex 10.9177 14.1894 1.4
    endloop
  endfacet
  facet normal 0.338148 -0.649194 0.681324
    outer loop
      vertex 9.32381 16.9501 1.4
      vertex 8.69776 18.2927 2.99
      vertex 8.46085 18.1693 2.99
    endloop
  endfacet
  facet normal 0.39329 -0.617342 0.681331
    outer loop
      vertex 9.08228 16.8106 1.4
      vertex 8.45785 18.1676 2.99
      vertex 8.2326 18.0241 2.99
    endloop
  endfacet
  facet normal 0.338191 -0.649168 0.681328
    outer loop
      vertex 8.46085 18.1693 2.99
      vertex 9.2 16.8856 1.4
      vertex 9.32381 16.9501 1.4
    endloop
  endfacet
  facet normal 0.339158 -0.64864 0.681351
    outer loop
      vertex 9.2 16.8856 1.4
      vertex 8.46085 18.1693 2.99
      vertex 8.45932 18.1685 2.99
    endloop
  endfacet
  facet normal -0.327481 0.654961 0.681016
    outer loop
      vertex 10.8 14.1144 1.4
      vertex 11.5391 12.8307 2.99
      vertex 11.5407 12.8315 2.99
    endloop
  endfacet
  facet normal -0.338214 0.649162 0.681323
    outer loop
      vertex 11.5391 12.8307 2.99
      vertex 10.8 14.1144 1.4
      vertex 10.6762 14.0499 1.4
    endloop
  endfacet
  facet normal -0.393228 0.617381 0.681332
    outer loop
      vertex 11.5421 12.8324 2.99
      vertex 11.7674 12.9759 2.99
      vertex 10.9177 14.1894 1.4
    endloop
  endfacet
  facet normal -0.654961 -0.327481 0.681016
    outer loop
      vertex 11.3856 16.3 1.4
      vertex 12.6693 17.0391 2.99
      vertex 12.6685 17.0407 2.99
    endloop
  endfacet
  facet normal -0.649162 -0.338214 0.681323
    outer loop
      vertex 12.6693 17.0391 2.99
      vertex 11.3856 16.3 1.4
      vertex 11.4501 16.1762 1.4
    endloop
  endfacet
  facet normal 0.617314 0.393361 0.681315
    outer loop
      vertex 8.61436 14.7 1.4
      vertex 7.33239 13.9579 2.99
      vertex 8.68936 14.5823 1.4
    endloop
  endfacet
  facet normal 0.610002 0.405216 0.680953
    outer loop
      vertex 7.33239 13.9579 2.99
      vertex 8.61436 14.7 1.4
      vertex 7.33146 13.9593 2.99
    endloop
  endfacet
  facet normal -0.698041 0.220268 0.681338
    outer loop
      vertex 11.5035 14.9528 1.4
      vertex 12.8961 14.4478 2.99
      vertex 11.5455 15.0859 1.4
    endloop
  endfacet
  facet normal -0.689966 0.243517 0.68165
    outer loop
      vertex 12.8961 14.4478 2.99
      vertex 11.5035 14.9528 1.4
      vertex 12.8955 14.4461 2.99
    endloop
  endfacet
  facet normal 0.731286 -0.0319201 0.681324
    outer loop
      vertex 8.40609 15.6394 1.4
      vertex 6.93036 15.7686 2.99
      vertex 6.91871 15.5017 2.99
    endloop
  endfacet
  facet normal -0.689966 -0.243517 0.68165
    outer loop
      vertex 11.5035 16.0472 1.4
      vertex 12.8961 16.5522 2.99
      vertex 12.8955 16.5539 2.99
    endloop
  endfacet
  facet normal -0.698041 -0.220268 0.681338
    outer loop
      vertex 12.8961 16.5522 2.99
      vertex 11.5035 16.0472 1.4
      vertex 11.5455 15.9141 1.4
    endloop
  endfacet
  facet normal 0.725825 0.0939303 0.681436
    outer loop
      vertex 8.42431 15.2222 1.4
      vertex 6.93036 15.2314 2.99
      vertex 6.93058 15.2297 2.99
    endloop
  endfacet
  facet normal 0.725714 0.0956074 0.681321
    outer loop
      vertex 6.93036 15.2314 2.99
      vertex 8.42431 15.2222 1.4
      vertex 8.40609 15.3605 1.4
    endloop
  endfacet
  facet normal -0.725735 -0.0953761 0.681331
    outer loop
      vertex 13.0694 15.7703 2.99
      vertex 13.0346 16.0351 2.99
      vertex 11.5757 15.7778 1.4
    endloop
  endfacet
  facet normal -0.726369 -0.0854551 0.681972
    outer loop
      vertex 11.5757 15.7778 1.4
      vertex 13.0696 15.7686 2.99
      vertex 13.0694 15.7703 2.99
    endloop
  endfacet
  facet normal -0.725737 -0.0954365 0.681321
    outer loop
      vertex 13.0696 15.7686 2.99
      vertex 11.5757 15.7778 1.4
      vertex 11.5939 15.6394 1.4
    endloop
  endfacet
  facet normal 0.676284 0.280055 0.681329
    outer loop
      vertex 8.49649 14.9528 1.4
      vertex 7.10512 14.4445 2.99
      vertex 8.54991 14.8238 1.4
    endloop
  endfacet
  facet normal 0.67665 0.279118 0.68135
    outer loop
      vertex 7.10512 14.4445 2.99
      vertex 8.49649 14.9528 1.4
      vertex 7.10446 14.4461 2.99
    endloop
  endfacet
  facet normal 0.714627 0.158441 0.681326
    outer loop
      vertex 7.02325 14.7042 2.99
      vertex 8.42431 15.2222 1.4
      vertex 6.96545 14.9649 2.99
    endloop
  endfacet
  facet normal -0.518276 -0.518276 0.680279
    outer loop
      vertex 11.0285 16.7257 1.4
      vertex 11.9819 17.8593 2.99
      vertex 11.9807 17.8605 2.99
    endloop
  endfacet
  facet normal -0.494559 -0.539662 0.681304
    outer loop
      vertex 11.9819 17.8593 2.99
      vertex 11.0285 16.7257 1.4
      vertex 11.1314 16.6314 1.4
    endloop
  endfacet
  facet normal 0.714627 -0.158441 0.681326
    outer loop
      vertex 8.42431 15.7778 1.4
      vertex 7.02325 16.2958 2.99
      vertex 6.96545 16.0351 2.99
    endloop
  endfacet
  facet normal 0.725716 -0.0955654 0.681325
    outer loop
      vertex 8.42431 15.7778 1.4
      vertex 6.96545 16.0351 2.99
      vertex 6.93058 15.7703 2.99
    endloop
  endfacet
  facet normal -0.280149 -0.67625 0.681324
    outer loop
      vertex 11.3022 18.2927 2.99
      vertex 11.0555 18.3949 2.99
      vertex 10.6762 16.9501 1.4
    endloop
  endfacet
  facet normal -0.220268 -0.698041 0.681338
    outer loop
      vertex 10.5472 17.0035 1.4
      vertex 11.0522 18.3961 2.99
      vertex 10.4141 17.0455 1.4
    endloop
  endfacet
  facet normal -0.243517 -0.689966 0.68165
    outer loop
      vertex 11.0522 18.3961 2.99
      vertex 10.5472 17.0035 1.4
      vertex 11.0539 18.3955 2.99
    endloop
  endfacet
  facet normal -0.256909 -0.685092 0.68165
    outer loop
      vertex 10.5472 17.0035 1.4
      vertex 11.0555 18.3949 2.99
      vertex 11.0539 18.3955 2.99
    endloop
  endfacet
  facet normal -0.279962 -0.676313 0.681338
    outer loop
      vertex 11.0555 18.3949 2.99
      vertex 10.5472 17.0035 1.4
      vertex 10.6762 16.9501 1.4
    endloop
  endfacet
  facet normal -0.158349 -0.714668 0.681304
    outer loop
      vertex 10.4141 17.0455 1.4
      vertex 10.7958 18.4767 2.99
      vertex 10.2778 17.0757 1.4
    endloop
  endfacet
  facet normal -0.127376 -0.721795 0.680285
    outer loop
      vertex 10.7958 18.4767 2.99
      vertex 10.4141 17.0455 1.4
      vertex 10.7975 18.4764 2.99
    endloop
  endfacet
  facet normal 0.158382 0.714659 0.681306
    outer loop
      vertex 9.58589 13.9545 1.4
      vertex 9.20418 12.5233 2.99
      vertex 9.72216 13.9243 1.4
    endloop
  endfacet
  facet normal 0.127376 0.721795 0.680285
    outer loop
      vertex 9.20418 12.5233 2.99
      vertex 9.58589 13.9545 1.4
      vertex 9.20248 12.5236 2.99
    endloop
  endfacet
  facet normal 0.382098 -0.624094 0.681548
    outer loop
      vertex 8.45785 18.1676 2.99
      vertex 9.2 16.8856 1.4
      vertex 8.45932 18.1685 2.99
    endloop
  endfacet
  facet normal 0.393306 -0.617333 0.681329
    outer loop
      vertex 9.2 16.8856 1.4
      vertex 8.45785 18.1676 2.99
      vertex 9.08228 16.8106 1.4
    endloop
  endfacet
  facet normal -0.580709 -0.445603 0.681333
    outer loop
      vertex 12.5241 17.2674 2.99
      vertex 12.3615 17.4793 2.99
      vertex 11.3106 16.4177 1.4
    endloop
  endfacet
  facet normal 0.731287 0.0319202 0.681323
    outer loop
      vertex 6.93036 15.2314 2.99
      vertex 8.40609 15.3605 1.4
      vertex 6.91871 15.4983 2.99
    endloop
  endfacet
  facet normal -0.61578 -0.395859 0.681256
    outer loop
      vertex 12.6676 17.0421 2.99
      vertex 11.3856 16.3 1.4
      vertex 12.6685 17.0407 2.99
    endloop
  endfacet
  facet normal -0.617309 -0.393358 0.681322
    outer loop
      vertex 11.3856 16.3 1.4
      vertex 12.6676 17.0421 2.99
      vertex 11.3106 16.4177 1.4
    endloop
  endfacet
  facet normal -0.279962 0.676313 0.681338
    outer loop
      vertex 10.5472 13.9965 1.4
      vertex 11.0555 12.6051 2.99
      vertex 10.6762 14.0499 1.4
    endloop
  endfacet
  facet normal -0.256909 0.685092 0.68165
    outer loop
      vertex 11.0555 12.6051 2.99
      vertex 10.5472 13.9965 1.4
      vertex 11.0539 12.6045 2.99
    endloop
  endfacet
  facet normal -0.243517 0.689966 0.68165
    outer loop
      vertex 10.5472 13.9965 1.4
      vertex 11.0522 12.6039 2.99
      vertex 11.0539 12.6045 2.99
    endloop
  endfacet
  facet normal -0.220268 0.698041 0.681338
    outer loop
      vertex 11.0522 12.6039 2.99
      vertex 10.5472 13.9965 1.4
      vertex 10.4141 13.9545 1.4
    endloop
  endfacet
  facet normal 0.338191 0.649168 0.681328
    outer loop
      vertex 9.2 14.1144 1.4
      vertex 8.46085 12.8307 2.99
      vertex 9.32381 14.0499 1.4
    endloop
  endfacet
  facet normal 0.339158 0.64864 0.681351
    outer loop
      vertex 8.46085 12.8307 2.99
      vertex 9.2 14.1144 1.4
      vertex 8.45932 12.8315 2.99
    endloop
  endfacet
  facet normal -0.0320002 0.731283 0.681323
    outer loop
      vertex 10 13.9 1.4
      vertex 10.0017 12.4187 2.99
      vertex 10.1394 13.9061 1.4
    endloop
  endfacet
  facet normal -0.0429985 0.730975 0.681048
    outer loop
      vertex 10.0017 12.4187 2.99
      vertex 10 13.9 1.4
      vertex 10 12.4186 2.99
    endloop
  endfacet
  facet normal 0.393306 0.617333 0.681329
    outer loop
      vertex 8.45785 12.8324 2.99
      vertex 9.2 14.1144 1.4
      vertex 9.08228 14.1894 1.4
    endloop
  endfacet
  facet normal 0.382098 0.624094 0.681548
    outer loop
      vertex 9.2 14.1144 1.4
      vertex 8.45785 12.8324 2.99
      vertex 8.45932 12.8315 2.99
    endloop
  endfacet
  facet normal -0.382644 -0.923896 0
    outer loop
      vertex 6.7378 46.0119 2.99
      vertex 8.32558 45.3543 6
      vertex 6.7378 46.0119 6
    endloop
  endfacet
  facet normal -0.382644 -0.923896 -0
    outer loop
      vertex 8.32558 45.3543 6
      vertex 6.7378 46.0119 2.99
      vertex 8.32558 45.3543 2.99
    endloop
  endfacet
  facet normal -0.991447 -0.130513 0
    outer loop
      vertex 19.625 29.217 2.99
      vertex 19.4007 30.9209 6
      vertex 19.4007 30.9209 2.99
    endloop
  endfacet
  facet normal -0.991447 -0.130513 0
    outer loop
      vertex 19.4007 30.9209 6
      vertex 19.625 29.217 2.99
      vertex 19.625 29.217 6
    endloop
  endfacet
  facet normal -0.999047 -0.0436392 0
    outer loop
      vertex 19.7 27.5 2.99
      vertex 19.625 29.217 6
      vertex 19.625 29.217 2.99
    endloop
  endfacet
  facet normal -0.999047 -0.0436392 0
    outer loop
      vertex 19.625 29.217 6
      vertex 19.7 27.5 2.99
      vertex 19.7 27.5 6
    endloop
  endfacet
  facet normal -0.976291 -0.216462 0
    outer loop
      vertex 19.4007 30.9209 2.99
      vertex 19.0287 32.5987 6
      vertex 19.0287 32.5987 2.99
    endloop
  endfacet
  facet normal -0.976291 -0.216462 0
    outer loop
      vertex 19.0287 32.5987 6
      vertex 19.4007 30.9209 2.99
      vertex 19.4007 30.9209 6
    endloop
  endfacet
  facet normal -0.13053 0.991444 0
    outer loop
      vertex 3.42087 8.09929 2.99
      vertex 1.71697 7.87496 6
      vertex 3.42087 8.09929 6
    endloop
  endfacet
  facet normal -0.13053 0.991444 0
    outer loop
      vertex 1.71697 7.87496 6
      vertex 3.42087 8.09929 2.99
      vertex 1.71697 7.87496 2.99
    endloop
  endfacet
  facet normal 0.991447 0.130513 0
    outer loop
      vertex -19.4007 24.0791 6
      vertex -19.625 25.783 2.99
      vertex -19.625 25.783 6
    endloop
  endfacet
  facet normal 0.991447 0.130513 0
    outer loop
      vertex -19.625 25.783 2.99
      vertex -19.4007 24.0791 6
      vertex -19.4007 24.0791 2.99
    endloop
  endfacet
  facet normal 0.461766 -0.887002 0
    outer loop
      vertex -9.85 44.5607 2.99
      vertex -8.32558 45.3543 6
      vertex -9.85 44.5607 6
    endloop
  endfacet
  facet normal 0.461766 -0.887002 0
    outer loop
      vertex -8.32558 45.3543 6
      vertex -9.85 44.5607 2.99
      vertex -8.32558 45.3543 2.99
    endloop
  endfacet
  facet normal -0.382683 0.92388 0
    outer loop
      vertex 8.32558 9.64574 2.99
      vertex 6.7378 8.98806 6
      vertex 8.32558 9.64574 6
    endloop
  endfacet
  facet normal -0.382683 0.92388 0
    outer loop
      vertex 6.7378 8.98806 6
      vertex 8.32558 9.64574 2.99
      vertex 6.7378 8.98806 2.99
    endloop
  endfacet
  facet normal -0.608771 0.793346 0
    outer loop
      vertex 12.6629 12.4089 2.99
      vertex 11.2995 11.3627 6
      vertex 12.6629 12.4089 6
    endloop
  endfacet
  facet normal -0.608771 0.793346 0
    outer loop
      vertex 11.2995 11.3627 6
      vertex 12.6629 12.4089 2.99
      vertex 11.2995 11.3627 2.99
    endloop
  endfacet
  facet normal -0.8434 -0.537286 0
    outer loop
      vertex 17.0607 37.35 2.99
      vertex 16.1373 38.7995 6
      vertex 16.1373 38.7995 2.99
    endloop
  endfacet
  facet normal -0.8434 -0.537286 0
    outer loop
      vertex 16.1373 38.7995 6
      vertex 17.0607 37.35 2.99
      vertex 17.0607 37.35 6
    endloop
  endfacet
  facet normal -0.886999 -0.46177 0
    outer loop
      vertex 17.8543 35.8256 2.99
      vertex 17.0607 37.35 6
      vertex 17.0607 37.35 2.99
    endloop
  endfacet
  facet normal -0.886999 -0.46177 0
    outer loop
      vertex 17.0607 37.35 6
      vertex 17.8543 35.8256 2.99
      vertex 17.8543 35.8256 6
    endloop
  endfacet
  facet normal -0.737272 -0.675596 0
    outer loop
      vertex 15.0911 40.1629 2.99
      vertex 13.93 41.43 6
      vertex 13.93 41.43 2.99
    endloop
  endfacet
  facet normal -0.737272 -0.675596 0
    outer loop
      vertex 13.93 41.43 6
      vertex 15.0911 40.1629 2.99
      vertex 15.0911 40.1629 6
    endloop
  endfacet
  facet normal -0.953718 0.300702 0
    outer loop
      vertex 18.5119 20.7622 2.99
      vertex 19.0287 22.4013 6
      vertex 19.0287 22.4013 2.99
    endloop
  endfacet
  facet normal -0.953718 0.300702 0
    outer loop
      vertex 19.0287 22.4013 6
      vertex 18.5119 20.7622 2.99
      vertex 18.5119 20.7622 6
    endloop
  endfacet
  facet normal -0.216438 0.976296 0
    outer loop
      vertex 5.09873 8.47126 2.99
      vertex 3.42087 8.09929 6
      vertex 5.09873 8.47126 6
    endloop
  endfacet
  facet normal -0.216438 0.976296 0
    outer loop
      vertex 3.42087 8.09929 6
      vertex 5.09873 8.47126 2.99
      vertex 3.42087 8.09929 2.99
    endloop
  endfacet
  facet normal -0.216455 -0.976293 0
    outer loop
      vertex 3.42087 46.9007 2.99
      vertex 5.09873 46.5287 6
      vertex 3.42087 46.9007 6
    endloop
  endfacet
  facet normal -0.216455 -0.976293 -0
    outer loop
      vertex 5.09873 46.5287 6
      vertex 3.42087 46.9007 2.99
      vertex 5.09873 46.5287 2.99
    endloop
  endfacet
  facet normal 0.737272 -0.675596 0
    outer loop
      vertex -15.0911 40.1629 6
      vertex -13.93 41.43 2.99
      vertex -13.93 41.43 6
    endloop
  endfacet
  facet normal 0.737272 -0.675596 0
    outer loop
      vertex -13.93 41.43 2.99
      vertex -15.0911 40.1629 6
      vertex -15.0911 40.1629 2.99
    endloop
  endfacet
  facet normal 0.953718 0.300702 0
    outer loop
      vertex -18.5119 20.7622 6
      vertex -19.0287 22.4013 2.99
      vertex -19.0287 22.4013 6
    endloop
  endfacet
  facet normal 0.953718 0.300702 0
    outer loop
      vertex -19.0287 22.4013 2.99
      vertex -18.5119 20.7622 6
      vertex -18.5119 20.7622 2.99
    endloop
  endfacet
  facet normal -0.991447 0.130513 0
    outer loop
      vertex 19.4007 24.0791 2.99
      vertex 19.625 25.783 6
      vertex 19.625 25.783 2.99
    endloop
  endfacet
  facet normal -0.991447 0.130513 0
    outer loop
      vertex 19.625 25.783 6
      vertex 19.4007 24.0791 2.99
      vertex 19.4007 24.0791 6
    endloop
  endfacet
  facet normal 0.300708 -0.953716 0
    outer loop
      vertex -6.7378 46.0119 2.99
      vertex -5.09873 46.5287 6
      vertex -6.7378 46.0119 6
    endloop
  endfacet
  facet normal 0.300708 -0.953716 0
    outer loop
      vertex -5.09873 46.5287 6
      vertex -6.7378 46.0119 2.99
      vertex -5.09873 46.5287 2.99
    endloop
  endfacet
  facet normal 0.8434 0.537286 0
    outer loop
      vertex -16.1373 16.2005 6
      vertex -17.0607 17.65 2.99
      vertex -17.0607 17.65 6
    endloop
  endfacet
  facet normal 0.8434 0.537286 0
    outer loop
      vertex -17.0607 17.65 2.99
      vertex -16.1373 16.2005 6
      vertex -16.1373 16.2005 2.99
    endloop
  endfacet
  facet normal 0.793346 -0.608771 0
    outer loop
      vertex -16.1373 38.7995 6
      vertex -15.0911 40.1629 2.99
      vertex -15.0911 40.1629 6
    endloop
  endfacet
  facet normal 0.793346 -0.608771 0
    outer loop
      vertex -15.0911 40.1629 2.99
      vertex -16.1373 38.7995 6
      vertex -16.1373 38.7995 2.99
    endloop
  endfacet
  facet normal 0.999047 -0.0436392 0
    outer loop
      vertex -19.7 27.5 6
      vertex -19.625 29.217 2.99
      vertex -19.625 29.217 6
    endloop
  endfacet
  facet normal 0.999047 -0.0436392 0
    outer loop
      vertex -19.625 29.217 2.99
      vertex -19.7 27.5 6
      vertex -19.7 27.5 2.99
    endloop
  endfacet
  facet normal 0.382644 -0.923896 0
    outer loop
      vertex -8.32558 45.3543 2.99
      vertex -6.7378 46.0119 6
      vertex -8.32558 45.3543 6
    endloop
  endfacet
  facet normal 0.382644 -0.923896 0
    outer loop
      vertex -6.7378 46.0119 6
      vertex -8.32558 45.3543 2.99
      vertex -6.7378 46.0119 2.99
    endloop
  endfacet
  facet normal 0.886999 -0.46177 0
    outer loop
      vertex -17.8543 35.8256 6
      vertex -17.0607 37.35 2.99
      vertex -17.0607 37.35 6
    endloop
  endfacet
  facet normal 0.886999 -0.46177 0
    outer loop
      vertex -17.0607 37.35 2.99
      vertex -17.8543 35.8256 6
      vertex -17.8543 35.8256 2.99
    endloop
  endfacet
  facet normal -0.976291 0.216462 0
    outer loop
      vertex 19.0287 22.4013 2.99
      vertex 19.4007 24.0791 6
      vertex 19.4007 24.0791 2.99
    endloop
  endfacet
  facet normal -0.976291 0.216462 0
    outer loop
      vertex 19.4007 24.0791 6
      vertex 19.0287 22.4013 2.99
      vertex 19.0287 22.4013 6
    endloop
  endfacet
  facet normal -0.923898 -0.38264 0
    outer loop
      vertex 18.5119 34.2378 2.99
      vertex 17.8543 35.8256 6
      vertex 17.8543 35.8256 2.99
    endloop
  endfacet
  facet normal -0.923898 -0.38264 0
    outer loop
      vertex 17.8543 35.8256 6
      vertex 18.5119 34.2378 2.99
      vertex 18.5119 34.2378 6
    endloop
  endfacet
  facet normal 0.8434 -0.537286 0
    outer loop
      vertex -17.0607 37.35 6
      vertex -16.1373 38.7995 2.99
      vertex -16.1373 38.7995 6
    endloop
  endfacet
  facet normal 0.8434 -0.537286 0
    outer loop
      vertex -16.1373 38.7995 2.99
      vertex -17.0607 37.35 6
      vertex -17.0607 37.35 2.99
    endloop
  endfacet
  facet normal 0.923898 0.38264 0
    outer loop
      vertex -17.8543 19.1744 6
      vertex -18.5119 20.7622 2.99
      vertex -18.5119 20.7622 6
    endloop
  endfacet
  facet normal 0.923898 0.38264 0
    outer loop
      vertex -18.5119 20.7622 2.99
      vertex -17.8543 19.1744 6
      vertex -17.8543 19.1744 2.99
    endloop
  endfacet
  facet normal -0.461766 -0.887002 0
    outer loop
      vertex 8.32558 45.3543 2.99
      vertex 9.85 44.5607 6
      vertex 8.32558 45.3543 6
    endloop
  endfacet
  facet normal -0.461766 -0.887002 -0
    outer loop
      vertex 9.85 44.5607 6
      vertex 8.32558 45.3543 2.99
      vertex 9.85 44.5607 2.99
    endloop
  endfacet
  facet normal -0.953718 -0.300702 0
    outer loop
      vertex 19.0287 32.5987 2.99
      vertex 18.5119 34.2378 6
      vertex 18.5119 34.2378 2.99
    endloop
  endfacet
  facet normal -0.953718 -0.300702 0
    outer loop
      vertex 18.5119 34.2378 6
      vertex 19.0287 32.5987 2.99
      vertex 19.0287 32.5987 6
    endloop
  endfacet
  facet normal -0.793346 0.608771 0
    outer loop
      vertex 15.0911 14.8371 2.99
      vertex 16.1373 16.2005 6
      vertex 16.1373 16.2005 2.99
    endloop
  endfacet
  facet normal -0.793346 0.608771 0
    outer loop
      vertex 16.1373 16.2005 6
      vertex 15.0911 14.8371 2.99
      vertex 15.0911 14.8371 6
    endloop
  endfacet
  facet normal -0.537286 -0.8434 0
    outer loop
      vertex 9.85 44.5607 2.99
      vertex 11.2995 43.6373 6
      vertex 9.85 44.5607 6
    endloop
  endfacet
  facet normal -0.537286 -0.8434 -0
    outer loop
      vertex 11.2995 43.6373 6
      vertex 9.85 44.5607 2.99
      vertex 11.2995 43.6373 2.99
    endloop
  endfacet
  facet normal -0.999047 0.0436392 0
    outer loop
      vertex 19.625 25.783 2.99
      vertex 19.7 27.5 6
      vertex 19.7 27.5 2.99
    endloop
  endfacet
  facet normal -0.999047 0.0436392 0
    outer loop
      vertex 19.7 27.5 6
      vertex 19.625 25.783 2.99
      vertex 19.625 25.783 6
    endloop
  endfacet
  facet normal 0.953718 -0.300702 0
    outer loop
      vertex -19.0287 32.5987 6
      vertex -18.5119 34.2378 2.99
      vertex -18.5119 34.2378 6
    endloop
  endfacet
  facet normal 0.953718 -0.300702 0
    outer loop
      vertex -18.5119 34.2378 2.99
      vertex -19.0287 32.5987 6
      vertex -19.0287 32.5987 2.99
    endloop
  endfacet
  facet normal -0.608771 -0.793346 0
    outer loop
      vertex 11.2995 43.6373 2.99
      vertex 12.6629 42.5911 6
      vertex 11.2995 43.6373 6
    endloop
  endfacet
  facet normal -0.608771 -0.793346 -0
    outer loop
      vertex 12.6629 42.5911 6
      vertex 11.2995 43.6373 2.99
      vertex 12.6629 42.5911 2.99
    endloop
  endfacet
  facet normal -0.675596 -0.737272 0
    outer loop
      vertex 12.6629 42.5911 2.99
      vertex 13.93 41.43 6
      vertex 12.6629 42.5911 6
    endloop
  endfacet
  facet normal -0.675596 -0.737272 -0
    outer loop
      vertex 13.93 41.43 6
      vertex 12.6629 42.5911 2.99
      vertex 13.93 41.43 2.99
    endloop
  endfacet
  facet normal -0.461747 0.887012 0
    outer loop
      vertex 9.85 10.4393 2.99
      vertex 8.32558 9.64574 6
      vertex 9.85 10.4393 6
    endloop
  endfacet
  facet normal -0.461747 0.887012 0
    outer loop
      vertex 8.32558 9.64574 6
      vertex 9.85 10.4393 2.99
      vertex 8.32558 9.64574 2.99
    endloop
  endfacet
  facet normal 0.886999 0.46177 0
    outer loop
      vertex -17.0607 17.65 6
      vertex -17.8543 19.1744 2.99
      vertex -17.8543 19.1744 6
    endloop
  endfacet
  facet normal 0.886999 0.46177 0
    outer loop
      vertex -17.8543 19.1744 2.99
      vertex -17.0607 17.65 6
      vertex -17.0607 17.65 2.99
    endloop
  endfacet
  facet normal 0.216455 -0.976293 0
    outer loop
      vertex -5.09873 46.5287 2.99
      vertex -3.42087 46.9007 6
      vertex -5.09873 46.5287 6
    endloop
  endfacet
  facet normal 0.216455 -0.976293 0
    outer loop
      vertex -3.42087 46.9007 6
      vertex -5.09873 46.5287 2.99
      vertex -3.42087 46.9007 2.99
    endloop
  endfacet
  facet normal 0.130513 -0.991447 0
    outer loop
      vertex -3.42087 46.9007 2.99
      vertex -1.71697 47.125 6
      vertex -3.42087 46.9007 6
    endloop
  endfacet
  facet normal 0.130513 -0.991447 0
    outer loop
      vertex -1.71697 47.125 6
      vertex -3.42087 46.9007 2.99
      vertex -1.71697 47.125 2.99
    endloop
  endfacet
  facet normal -0.04364 -0.999047 0
    outer loop
      vertex 0 47.2 2.99
      vertex 1.71697 47.125 6
      vertex 0 47.2 6
    endloop
  endfacet
  facet normal -0.04364 -0.999047 -0
    outer loop
      vertex 1.71697 47.125 6
      vertex 0 47.2 2.99
      vertex 1.71697 47.125 2.99
    endloop
  endfacet
  facet normal 0.675596 -0.737272 0
    outer loop
      vertex -13.93 41.43 2.99
      vertex -12.6629 42.5911 6
      vertex -13.93 41.43 6
    endloop
  endfacet
  facet normal 0.675596 -0.737272 0
    outer loop
      vertex -12.6629 42.5911 6
      vertex -13.93 41.43 2.99
      vertex -12.6629 42.5911 2.99
    endloop
  endfacet
  facet normal -0.923898 0.38264 0
    outer loop
      vertex 17.8543 19.1744 2.99
      vertex 18.5119 20.7622 6
      vertex 18.5119 20.7622 2.99
    endloop
  endfacet
  facet normal -0.923898 0.38264 0
    outer loop
      vertex 18.5119 20.7622 6
      vertex 17.8543 19.1744 2.99
      vertex 17.8543 19.1744 6
    endloop
  endfacet
  facet normal -0.0436168 0.999048 0
    outer loop
      vertex 1.71697 7.87496 2.99
      vertex 0 7.8 6
      vertex 1.71697 7.87496 6
    endloop
  endfacet
  facet normal -0.0436168 0.999048 0
    outer loop
      vertex 0 7.8 6
      vertex 1.71697 7.87496 2.99
      vertex 0 7.8 2.99
    endloop
  endfacet
  facet normal 0.793346 0.608771 0
    outer loop
      vertex -15.0911 14.8371 6
      vertex -16.1373 16.2005 2.99
      vertex -16.1373 16.2005 6
    endloop
  endfacet
  facet normal 0.793346 0.608771 0
    outer loop
      vertex -16.1373 16.2005 2.99
      vertex -15.0911 14.8371 6
      vertex -15.0911 14.8371 2.99
    endloop
  endfacet
  facet normal 0.04364 -0.999047 0
    outer loop
      vertex -1.71697 47.125 2.99
      vertex 0 47.2 6
      vertex -1.71697 47.125 6
    endloop
  endfacet
  facet normal 0.04364 -0.999047 0
    outer loop
      vertex 0 47.2 6
      vertex -1.71697 47.125 2.99
      vertex 0 47.2 2.99
    endloop
  endfacet
  facet normal 0.608771 0.793346 -0
    outer loop
      vertex -11.2995 11.3627 2.99
      vertex -12.6629 12.4089 6
      vertex -11.2995 11.3627 6
    endloop
  endfacet
  facet normal 0.608771 0.793346 0
    outer loop
      vertex -12.6629 12.4089 6
      vertex -11.2995 11.3627 2.99
      vertex -12.6629 12.4089 2.99
    endloop
  endfacet
  facet normal -0.537286 0.8434 0
    outer loop
      vertex 11.2995 11.3627 2.99
      vertex 9.85 10.4393 6
      vertex 11.2995 11.3627 6
    endloop
  endfacet
  facet normal -0.537286 0.8434 0
    outer loop
      vertex 9.85 10.4393 6
      vertex 11.2995 11.3627 2.99
      vertex 9.85 10.4393 2.99
    endloop
  endfacet
  facet normal 0.737272 0.675596 0
    outer loop
      vertex -13.93 13.57 6
      vertex -15.0911 14.8371 2.99
      vertex -15.0911 14.8371 6
    endloop
  endfacet
  facet normal 0.737272 0.675596 0
    outer loop
      vertex -15.0911 14.8371 2.99
      vertex -13.93 13.57 6
      vertex -13.93 13.57 2.99
    endloop
  endfacet
  facet normal -0.8434 0.537286 0
    outer loop
      vertex 16.1373 16.2005 2.99
      vertex 17.0607 17.65 6
      vertex 17.0607 17.65 2.99
    endloop
  endfacet
  facet normal -0.8434 0.537286 0
    outer loop
      vertex 17.0607 17.65 6
      vertex 16.1373 16.2005 2.99
      vertex 16.1373 16.2005 6
    endloop
  endfacet
  facet normal 0.0436168 0.999048 -0
    outer loop
      vertex 0 7.8 2.99
      vertex -1.71697 7.87496 6
      vertex 0 7.8 6
    endloop
  endfacet
  facet normal 0.0436168 0.999048 0
    outer loop
      vertex -1.71697 7.87496 6
      vertex 0 7.8 2.99
      vertex -1.71697 7.87496 2.99
    endloop
  endfacet
  facet normal -0.300708 -0.953716 0
    outer loop
      vertex 5.09873 46.5287 2.99
      vertex 6.7378 46.0119 6
      vertex 5.09873 46.5287 6
    endloop
  endfacet
  facet normal -0.300708 -0.953716 -0
    outer loop
      vertex 6.7378 46.0119 6
      vertex 5.09873 46.5287 2.99
      vertex 6.7378 46.0119 2.99
    endloop
  endfacet
  facet normal 0.991447 -0.130513 0
    outer loop
      vertex -19.625 29.217 6
      vertex -19.4007 30.9209 2.99
      vertex -19.4007 30.9209 6
    endloop
  endfacet
  facet normal 0.991447 -0.130513 0
    outer loop
      vertex -19.4007 30.9209 2.99
      vertex -19.625 29.217 6
      vertex -19.625 29.217 2.99
    endloop
  endfacet
  facet normal 0.608771 -0.793346 0
    outer loop
      vertex -12.6629 42.5911 2.99
      vertex -11.2995 43.6373 6
      vertex -12.6629 42.5911 6
    endloop
  endfacet
  facet normal 0.608771 -0.793346 0
    outer loop
      vertex -11.2995 43.6373 6
      vertex -12.6629 42.5911 2.99
      vertex -11.2995 43.6373 2.99
    endloop
  endfacet
  facet normal 0.216438 0.976296 -0
    outer loop
      vertex -3.42087 8.09929 2.99
      vertex -5.09873 8.47126 6
      vertex -3.42087 8.09929 6
    endloop
  endfacet
  facet normal 0.216438 0.976296 0
    outer loop
      vertex -5.09873 8.47126 6
      vertex -3.42087 8.09929 2.99
      vertex -5.09873 8.47126 2.99
    endloop
  endfacet
  facet normal -0.737272 0.675596 0
    outer loop
      vertex 13.93 13.57 2.99
      vertex 15.0911 14.8371 6
      vertex 15.0911 14.8371 2.99
    endloop
  endfacet
  facet normal -0.737272 0.675596 0
    outer loop
      vertex 15.0911 14.8371 6
      vertex 13.93 13.57 2.99
      vertex 13.93 13.57 6
    endloop
  endfacet
  facet normal -0.793346 -0.608771 0
    outer loop
      vertex 16.1373 38.7995 2.99
      vertex 15.0911 40.1629 6
      vertex 15.0911 40.1629 2.99
    endloop
  endfacet
  facet normal -0.793346 -0.608771 0
    outer loop
      vertex 15.0911 40.1629 6
      vertex 16.1373 38.7995 2.99
      vertex 16.1373 38.7995 6
    endloop
  endfacet
  facet normal -0.300708 0.953716 0
    outer loop
      vertex 6.7378 8.98806 2.99
      vertex 5.09873 8.47126 6
      vertex 6.7378 8.98806 6
    endloop
  endfacet
  facet normal -0.300708 0.953716 0
    outer loop
      vertex 5.09873 8.47126 6
      vertex 6.7378 8.98806 2.99
      vertex 5.09873 8.47126 2.99
    endloop
  endfacet
  facet normal -0.886999 0.46177 0
    outer loop
      vertex 17.0607 17.65 2.99
      vertex 17.8543 19.1744 6
      vertex 17.8543 19.1744 2.99
    endloop
  endfacet
  facet normal -0.886999 0.46177 0
    outer loop
      vertex 17.8543 19.1744 6
      vertex 17.0607 17.65 2.99
      vertex 17.0607 17.65 6
    endloop
  endfacet
  facet normal -0.675596 0.737272 0
    outer loop
      vertex 13.93 13.57 2.99
      vertex 12.6629 12.4089 6
      vertex 13.93 13.57 6
    endloop
  endfacet
  facet normal -0.675596 0.737272 0
    outer loop
      vertex 12.6629 12.4089 6
      vertex 13.93 13.57 2.99
      vertex 12.6629 12.4089 2.99
    endloop
  endfacet
  facet normal -0.130513 -0.991447 0
    outer loop
      vertex 1.71697 47.125 2.99
      vertex 3.42087 46.9007 6
      vertex 1.71697 47.125 6
    endloop
  endfacet
  facet normal -0.130513 -0.991447 -0
    outer loop
      vertex 3.42087 46.9007 6
      vertex 1.71697 47.125 2.99
      vertex 3.42087 46.9007 2.99
    endloop
  endfacet
  facet normal 0.537286 -0.8434 0
    outer loop
      vertex -11.2995 43.6373 2.99
      vertex -9.85 44.5607 6
      vertex -11.2995 43.6373 6
    endloop
  endfacet
  facet normal 0.537286 -0.8434 0
    outer loop
      vertex -9.85 44.5607 6
      vertex -11.2995 43.6373 2.99
      vertex -9.85 44.5607 2.99
    endloop
  endfacet
  facet normal 0.999047 0.0436392 0
    outer loop
      vertex -19.625 25.783 6
      vertex -19.7 27.5 2.99
      vertex -19.7 27.5 6
    endloop
  endfacet
  facet normal 0.999047 0.0436392 0
    outer loop
      vertex -19.7 27.5 2.99
      vertex -19.625 25.783 6
      vertex -19.625 25.783 2.99
    endloop
  endfacet
  facet normal 0.300708 0.953716 -0
    outer loop
      vertex -5.09873 8.47126 2.99
      vertex -6.7378 8.98806 6
      vertex -5.09873 8.47126 6
    endloop
  endfacet
  facet normal 0.300708 0.953716 0
    outer loop
      vertex -6.7378 8.98806 6
      vertex -5.09873 8.47126 2.99
      vertex -6.7378 8.98806 2.99
    endloop
  endfacet
  facet normal 0.675596 0.737272 -0
    outer loop
      vertex -12.6629 12.4089 2.99
      vertex -13.93 13.57 6
      vertex -12.6629 12.4089 6
    endloop
  endfacet
  facet normal 0.675596 0.737272 0
    outer loop
      vertex -13.93 13.57 6
      vertex -12.6629 12.4089 2.99
      vertex -13.93 13.57 2.99
    endloop
  endfacet
  facet normal 0.976291 0.216462 0
    outer loop
      vertex -19.0287 22.4013 6
      vertex -19.4007 24.0791 2.99
      vertex -19.4007 24.0791 6
    endloop
  endfacet
  facet normal 0.976291 0.216462 0
    outer loop
      vertex -19.4007 24.0791 2.99
      vertex -19.0287 22.4013 6
      vertex -19.0287 22.4013 2.99
    endloop
  endfacet
  facet normal 0.382683 0.92388 -0
    outer loop
      vertex -6.7378 8.98806 2.99
      vertex -8.32558 9.64574 6
      vertex -6.7378 8.98806 6
    endloop
  endfacet
  facet normal 0.382683 0.92388 0
    outer loop
      vertex -8.32558 9.64574 6
      vertex -6.7378 8.98806 2.99
      vertex -8.32558 9.64574 2.99
    endloop
  endfacet
  facet normal 0.13053 0.991444 -0
    outer loop
      vertex -1.71697 7.87496 2.99
      vertex -3.42087 8.09929 6
      vertex -1.71697 7.87496 6
    endloop
  endfacet
  facet normal 0.13053 0.991444 0
    outer loop
      vertex -3.42087 8.09929 6
      vertex -1.71697 7.87496 2.99
      vertex -3.42087 8.09929 2.99
    endloop
  endfacet
  facet normal 0 0 1
    outer loop
      vertex -6.93058 15.2297 2.99
      vertex -2.68972 15.7353 2.99
      vertex -6.93036 15.2314 2.99
    endloop
  endfacet
  facet normal 0 0 1
    outer loop
      vertex -6.96545 14.9649 2.99
      vertex -2.68972 15.7353 2.99
      vertex -6.93058 15.2297 2.99
    endloop
  endfacet
  facet normal 0 0 1
    outer loop
      vertex -7.02325 14.7042 2.99
      vertex -2.68972 15.7353 2.99
      vertex -6.96545 14.9649 2.99
    endloop
  endfacet
  facet normal 0 0 1
    outer loop
      vertex -7.02363 14.7025 2.99
      vertex -2.68972 15.7353 2.99
      vertex -7.02325 14.7042 2.99
    endloop
  endfacet
  facet normal 0 0 1
    outer loop
      vertex -7.10394 14.4478 2.99
      vertex -2.68972 15.7353 2.99
      vertex -7.02363 14.7025 2.99
    endloop
  endfacet
  facet normal 0 0 1
    outer loop
      vertex -7.10446 14.4461 2.99
      vertex -2.68972 15.7353 2.99
      vertex -7.10394 14.4478 2.99
    endloop
  endfacet
  facet normal 0 0 1
    outer loop
      vertex -7.10512 14.4445 2.99
      vertex -2.68972 15.7353 2.99
      vertex -7.10446 14.4461 2.99
    endloop
  endfacet
  facet normal 0 0 1
    outer loop
      vertex -7.20733 14.1978 2.99
      vertex -2.68972 15.7353 2.99
      vertex -7.10512 14.4445 2.99
    endloop
  endfacet
  facet normal 0 0 1
    outer loop
      vertex -7.33066 13.9609 2.99
      vertex -2.68972 15.7353 2.99
      vertex -7.20733 14.1978 2.99
    endloop
  endfacet
  facet normal 0 0 1
    outer loop
      vertex -7.33146 13.9593 2.99
      vertex -2.68972 15.7353 2.99
      vertex -7.33066 13.9609 2.99
    endloop
  endfacet
  facet normal 0 0 1
    outer loop
      vertex -2.68972 15.7353 2.99
      vertex -7.33146 13.9593 2.99
      vertex -5.09873 8.47126 2.99
    endloop
  endfacet
  facet normal -0 0 1
    outer loop
      vertex -7.33239 13.9579 2.99
      vertex -5.09873 8.47126 2.99
      vertex -7.33146 13.9593 2.99
    endloop
  endfacet
  facet normal -0 0 1
    outer loop
      vertex -7.47589 13.7326 2.99
      vertex -5.09873 8.47126 2.99
      vertex -7.33239 13.9579 2.99
    endloop
  endfacet
  facet normal 0 0 1
    outer loop
      vertex -5.09873 8.47126 2.99
      vertex -7.47589 13.7326 2.99
      vertex -6.7378 8.98806 2.99
    endloop
  endfacet
  facet normal -0 0 1
    outer loop
      vertex -7.63848 13.5207 2.99
      vertex -6.7378 8.98806 2.99
      vertex -7.47589 13.7326 2.99
    endloop
  endfacet
  facet normal -0 0 1
    outer loop
      vertex -7.63953 13.5193 2.99
      vertex -6.7378 8.98806 2.99
      vertex -7.63848 13.5207 2.99
    endloop
  endfacet
  facet normal -0 0 1
    outer loop
      vertex -7.64071 13.5181 2.99
      vertex -6.7378 8.98806 2.99
      vertex -7.63953 13.5193 2.99
    endloop
  endfacet
  facet normal -0 0 1
    outer loop
      vertex -7.82114 13.3211 2.99
      vertex -6.7378 8.98806 2.99
      vertex -7.64071 13.5181 2.99
    endloop
  endfacet
  facet normal -0 0 1
    outer loop
      vertex -8.01806 13.1407 2.99
      vertex -6.7378 8.98806 2.99
      vertex -7.82114 13.3211 2.99
    endloop
  endfacet
  facet normal -0 0 1
    outer loop
      vertex -8.01933 13.1395 2.99
      vertex -6.7378 8.98806 2.99
      vertex -8.01806 13.1407 2.99
    endloop
  endfacet
  facet normal -0 0 1
    outer loop
      vertex -8.02071 13.1385 2.99
      vertex -6.7378 8.98806 2.99
      vertex -8.01933 13.1395 2.99
    endloop
  endfacet
  facet normal 0 0 1
    outer loop
      vertex -8.32558 9.64574 2.99
      vertex -8.02071 13.1385 2.99
      vertex -8.2326 12.9759 2.99
    endloop
  endfacet
  facet normal 0 0 1
    outer loop
      vertex -8.02071 13.1385 2.99
      vertex -8.32558 9.64574 2.99
      vertex -6.7378 8.98806 2.99
    endloop
  endfacet
  facet normal -0 0 1
    outer loop
      vertex -8.45785 12.8324 2.99
      vertex -8.32558 9.64574 2.99
      vertex -8.2326 12.9759 2.99
    endloop
  endfacet
  facet normal -0 0 1
    outer loop
      vertex -8.45932 12.8315 2.99
      vertex -8.32558 9.64574 2.99
      vertex -8.45785 12.8324 2.99
    endloop
  endfacet
  facet normal -0 0 1
    outer loop
      vertex -8.46085 12.8307 2.99
      vertex -8.32558 9.64574 2.99
      vertex -8.45932 12.8315 2.99
    endloop
  endfacet
  facet normal -0 0 1
    outer loop
      vertex -8.69776 12.7073 2.99
      vertex -8.32558 9.64574 2.99
      vertex -8.46085 12.8307 2.99
    endloop
  endfacet
  facet normal -0 0 1
    outer loop
      vertex -8.94451 12.6051 2.99
      vertex -8.32558 9.64574 2.99
      vertex -8.69776 12.7073 2.99
    endloop
  endfacet
  facet normal -0 0 1
    outer loop
      vertex -8.94611 12.6045 2.99
      vertex -8.32558 9.64574 2.99
      vertex -8.94451 12.6051 2.99
    endloop
  endfacet
  facet normal -0 0 1
    outer loop
      vertex -8.94776 12.6039 2.99
      vertex -8.32558 9.64574 2.99
      vertex -8.94611 12.6045 2.99
    endloop
  endfacet
  facet normal 0 0 1
    outer loop
      vertex -9.85 10.4393 2.99
      vertex -8.94776 12.6039 2.99
      vertex -9.20248 12.5236 2.99
    endloop
  endfacet
  facet normal 0 0 1
    outer loop
      vertex -9.85 10.4393 2.99
      vertex -9.20248 12.5236 2.99
      vertex -9.20418 12.5233 2.99
    endloop
  endfacet
  facet normal 0 0 1
    outer loop
      vertex -9.85 10.4393 2.99
      vertex -9.20418 12.5233 2.99
      vertex -9.46493 12.4654 2.99
    endloop
  endfacet
  facet normal 0 0 1
    outer loop
      vertex -9.85 10.4393 2.99
      vertex -9.46493 12.4654 2.99
      vertex -9.72972 12.4306 2.99
    endloop
  endfacet
  facet normal 0 0 1
    outer loop
      vertex -9.85 10.4393 2.99
      vertex -9.72972 12.4306 2.99
      vertex -9.73144 12.4304 2.99
    endloop
  endfacet
  facet normal 0 0 1
    outer loop
      vertex -8.94776 12.6039 2.99
      vertex -9.85 10.4393 2.99
      vertex -8.32558 9.64574 2.99
    endloop
  endfacet
  facet normal -0 0 1
    outer loop
      vertex -9.99827 12.4187 2.99
      vertex -9.85 10.4393 2.99
      vertex -9.73144 12.4304 2.99
    endloop
  endfacet
  facet normal -0 0 1
    outer loop
      vertex -10 12.4186 2.99
      vertex -9.85 10.4393 2.99
      vertex -9.99827 12.4187 2.99
    endloop
  endfacet
  facet normal 0 0 1
    outer loop
      vertex -10.0017 12.4187 2.99
      vertex -9.85 10.4393 2.99
      vertex -10 12.4186 2.99
    endloop
  endfacet
  facet normal 0 0 1
    outer loop
      vertex -10.2686 12.4304 2.99
      vertex -9.85 10.4393 2.99
      vertex -10.0017 12.4187 2.99
    endloop
  endfacet
  facet normal 0 0 1
    outer loop
      vertex -11.2995 11.3627 2.99
      vertex -10.2686 12.4304 2.99
      vertex -10.2703 12.4306 2.99
    endloop
  endfacet
  facet normal 0 0 1
    outer loop
      vertex -11.2995 11.3627 2.99
      vertex -10.2703 12.4306 2.99
      vertex -10.5351 12.4654 2.99
    endloop
  endfacet
  facet normal 0 0 1
    outer loop
      vertex -11.2995 11.3627 2.99
      vertex -10.5351 12.4654 2.99
      vertex -10.7958 12.5233 2.99
    endloop
  endfacet
  facet normal 0 0 1
    outer loop
      vertex -11.2995 11.3627 2.99
      vertex -10.7958 12.5233 2.99
      vertex -10.7975 12.5236 2.99
    endloop
  endfacet
  facet normal 0 0 1
    outer loop
      vertex -11.2995 11.3627 2.99
      vertex -10.7975 12.5236 2.99
      vertex -11.0522 12.6039 2.99
    endloop
  endfacet
  facet normal 0 0 1
    outer loop
      vertex -11.2995 11.3627 2.99
      vertex -11.0522 12.6039 2.99
      vertex -11.0539 12.6045 2.99
    endloop
  endfacet
  facet normal 0 0 1
    outer loop
      vertex -11.2995 11.3627 2.99
      vertex -11.0539 12.6045 2.99
      vertex -11.0555 12.6051 2.99
    endloop
  endfacet
  facet normal 0 0 1
    outer loop
      vertex -10.2686 12.4304 2.99
      vertex -11.2995 11.3627 2.99
      vertex -9.85 10.4393 2.99
    endloop
  endfacet
  facet normal 0 0 1
    outer loop
      vertex -11.3022 12.7073 2.99
      vertex -11.2995 11.3627 2.99
      vertex -11.0555 12.6051 2.99
    endloop
  endfacet
  facet normal 0 0 1
    outer loop
      vertex -11.5391 12.8307 2.99
      vertex -11.2995 11.3627 2.99
      vertex -11.3022 12.7073 2.99
    endloop
  endfacet
  facet normal 0 0 1
    outer loop
      vertex -12.6629 12.4089 2.99
      vertex -11.5391 12.8307 2.99
      vertex -11.5407 12.8315 2.99
    endloop
  endfacet
  facet normal 0 0 1
    outer loop
      vertex -12.6629 12.4089 2.99
      vertex -11.5407 12.8315 2.99
      vertex -11.5421 12.8324 2.99
    endloop
  endfacet
  facet normal 0 0 1
    outer loop
      vertex -12.6629 12.4089 2.99
      vertex -11.5421 12.8324 2.99
      vertex -11.7674 12.9759 2.99
    endloop
  endfacet
  facet normal 0 0 1
    outer loop
      vertex -12.6629 12.4089 2.99
      vertex -11.7674 12.9759 2.99
      vertex -11.9793 13.1385 2.99
    endloop
  endfacet
  facet normal 0 0 1
    outer loop
      vertex -12.6629 12.4089 2.99
      vertex -11.9793 13.1385 2.99
      vertex -11.9807 13.1395 2.99
    endloop
  endfacet
  facet normal 0 0 1
    outer loop
      vertex -12.6629 12.4089 2.99
      vertex -11.9807 13.1395 2.99
      vertex -11.9819 13.1407 2.99
    endloop
  endfacet
  facet normal 0 0 1
    outer loop
      vertex -12.6629 12.4089 2.99
      vertex -11.9819 13.1407 2.99
      vertex -12.1789 13.3211 2.99
    endloop
  endfacet
  facet normal 0 0 1
    outer loop
      vertex -12.6629 12.4089 2.99
      vertex -12.1789 13.3211 2.99
      vertex -12.3593 13.5181 2.99
    endloop
  endfacet
  facet normal 0 0 1
    outer loop
      vertex -12.6629 12.4089 2.99
      vertex -12.3593 13.5181 2.99
      vertex -12.3605 13.5193 2.99
    endloop
  endfacet
  facet normal 0 0 1
    outer loop
      vertex -12.6629 12.4089 2.99
      vertex -12.3605 13.5193 2.99
      vertex -12.3615 13.5207 2.99
    endloop
  endfacet
  facet normal 0 0 1
    outer loop
      vertex -12.6629 12.4089 2.99
      vertex -12.3615 13.5207 2.99
      vertex -12.5241 13.7326 2.99
    endloop
  endfacet
  facet normal 0 0 1
    outer loop
      vertex -11.5391 12.8307 2.99
      vertex -12.6629 12.4089 2.99
      vertex -11.2995 11.3627 2.99
    endloop
  endfacet
  facet normal 0 0 1
    outer loop
      vertex -13.93 13.57 2.99
      vertex -12.5241 13.7326 2.99
      vertex -12.6676 13.9579 2.99
    endloop
  endfacet
  facet normal 0 0 1
    outer loop
      vertex -13.93 13.57 2.99
      vertex -12.6676 13.9579 2.99
      vertex -12.6685 13.9593 2.99
    endloop
  endfacet
  facet normal 0 0 1
    outer loop
      vertex -13.93 13.57 2.99
      vertex -12.6685 13.9593 2.99
      vertex -12.6693 13.9609 2.99
    endloop
  endfacet
  facet normal 0 0 1
    outer loop
      vertex -13.93 13.57 2.99
      vertex -12.6693 13.9609 2.99
      vertex -12.7927 14.1978 2.99
    endloop
  endfacet
  facet normal 0 0 1
    outer loop
      vertex -13.93 13.57 2.99
      vertex -12.7927 14.1978 2.99
      vertex -12.8949 14.4445 2.99
    endloop
  endfacet
  facet normal 0 0 1
    outer loop
      vertex -13.93 13.57 2.99
      vertex -12.8949 14.4445 2.99
      vertex -12.8955 14.4461 2.99
    endloop
  endfacet
  facet normal 0 0 1
    outer loop
      vertex -13.93 13.57 2.99
      vertex -12.8955 14.4461 2.99
      vertex -12.8961 14.4478 2.99
    endloop
  endfacet
  facet normal 0 0 1
    outer loop
      vertex -13.93 13.57 2.99
      vertex -12.8961 14.4478 2.99
      vertex -12.9764 14.7025 2.99
    endloop
  endfacet
  facet normal 0 0 1
    outer loop
      vertex -13.93 13.57 2.99
      vertex -12.9764 14.7025 2.99
      vertex -12.9767 14.7042 2.99
    endloop
  endfacet
  facet normal 0 0 1
    outer loop
      vertex -13.93 13.57 2.99
      vertex -12.9767 14.7042 2.99
      vertex -13.0346 14.9649 2.99
    endloop
  endfacet
  facet normal 0 0 1
    outer loop
      vertex -13.93 13.57 2.99
      vertex -13.0813 15.4983 2.99
      vertex -13.0814 15.5 2.99
    endloop
  endfacet
  facet normal 0 0 1
    outer loop
      vertex -12.5241 13.7326 2.99
      vertex -13.93 13.57 2.99
      vertex -12.6629 12.4089 2.99
    endloop
  endfacet
  facet normal 0 0 1
    outer loop
      vertex -13.0694 15.2297 2.99
      vertex -13.93 13.57 2.99
      vertex -13.0346 14.9649 2.99
    endloop
  endfacet
  facet normal 0 0 1
    outer loop
      vertex -13.0696 15.2314 2.99
      vertex -13.93 13.57 2.99
      vertex -13.0694 15.2297 2.99
    endloop
  endfacet
  facet normal 0 0 1
    outer loop
      vertex -13.0813 15.4983 2.99
      vertex -13.93 13.57 2.99
      vertex -13.0696 15.2314 2.99
    endloop
  endfacet
  facet normal 0 0 1
    outer loop
      vertex -13.0813 15.5017 2.99
      vertex -13.93 13.57 2.99
      vertex -13.0814 15.5 2.99
    endloop
  endfacet
  facet normal 0 0 1
    outer loop
      vertex -11.9819 17.8593 2.99
      vertex -17.8543 19.1744 2.99
      vertex -12.1789 17.6789 2.99
    endloop
  endfacet
  facet normal 0 0 1
    outer loop
      vertex -12.9764 16.2975 2.99
      vertex -15.0911 14.8371 2.99
      vertex -13.93 13.57 2.99
    endloop
  endfacet
  facet normal 0 -0 1
    outer loop
      vertex -17.0607 17.65 2.99
      vertex -12.1789 17.6789 2.99
      vertex -17.8543 19.1744 2.99
    endloop
  endfacet
  facet normal 0 0 1
    outer loop
      vertex -12.9764 16.2975 2.99
      vertex -16.1373 16.2005 2.99
      vertex -15.0911 14.8371 2.99
    endloop
  endfacet
  facet normal 0 0 1
    outer loop
      vertex -12.1789 17.6789 2.99
      vertex -17.0607 17.65 2.99
      vertex -12.3593 17.4819 2.99
    endloop
  endfacet
  facet normal 0 0 1
    outer loop
      vertex -12.8961 16.5522 2.99
      vertex -16.1373 16.2005 2.99
      vertex -12.9764 16.2975 2.99
    endloop
  endfacet
  facet normal 0 0 1
    outer loop
      vertex -12.3593 17.4819 2.99
      vertex -17.0607 17.65 2.99
      vertex -12.3605 17.4807 2.99
    endloop
  endfacet
  facet normal 0 0 1
    outer loop
      vertex -12.8955 16.5539 2.99
      vertex -16.1373 16.2005 2.99
      vertex -12.8961 16.5522 2.99
    endloop
  endfacet
  facet normal 0 0 1
    outer loop
      vertex -12.3605 17.4807 2.99
      vertex -17.0607 17.65 2.99
      vertex -12.3615 17.4793 2.99
    endloop
  endfacet
  facet normal 0 0 1
    outer loop
      vertex -12.8949 16.5555 2.99
      vertex -16.1373 16.2005 2.99
      vertex -12.8955 16.5539 2.99
    endloop
  endfacet
  facet normal 0 0 1
    outer loop
      vertex -12.3615 17.4793 2.99
      vertex -17.0607 17.65 2.99
      vertex -12.5241 17.2674 2.99
    endloop
  endfacet
  facet normal 0 0 1
    outer loop
      vertex -12.7927 16.8022 2.99
      vertex -16.1373 16.2005 2.99
      vertex -12.8949 16.5555 2.99
    endloop
  endfacet
  facet normal 0 0 1
    outer loop
      vertex -12.5241 17.2674 2.99
      vertex -17.0607 17.65 2.99
      vertex -12.6676 17.0421 2.99
    endloop
  endfacet
  facet normal 0 0 1
    outer loop
      vertex -12.6693 17.0391 2.99
      vertex -16.1373 16.2005 2.99
      vertex -12.7927 16.8022 2.99
    endloop
  endfacet
  facet normal 0 0 1
    outer loop
      vertex -12.6676 17.0421 2.99
      vertex -17.0607 17.65 2.99
      vertex -12.6685 17.0407 2.99
    endloop
  endfacet
  facet normal 0 -0 1
    outer loop
      vertex -16.1373 16.2005 2.99
      vertex -12.6693 17.0391 2.99
      vertex -17.0607 17.65 2.99
    endloop
  endfacet
  facet normal 0 0 1
    outer loop
      vertex -12.6685 17.0407 2.99
      vertex -17.0607 17.65 2.99
      vertex -12.6693 17.0391 2.99
    endloop
  endfacet
  facet normal 0 0 1
    outer loop
      vertex 2.33827 14.15 2.99
      vertex 7.20733 14.1978 2.99
      vertex 2.44703 14.3589 2.99
    endloop
  endfacet
  facet normal 0 0 1
    outer loop
      vertex 7.20733 14.1978 2.99
      vertex 2.33827 14.15 2.99
      vertex 7.33066 13.9609 2.99
    endloop
  endfacet
  facet normal 0 0 1
    outer loop
      vertex 7.33066 13.9609 2.99
      vertex 2.33827 14.15 2.99
      vertex 7.33146 13.9593 2.99
    endloop
  endfacet
  facet normal 0 0 1
    outer loop
      vertex 2.21171 13.9513 2.99
      vertex 7.33146 13.9593 2.99
      vertex 2.33827 14.15 2.99
    endloop
  endfacet
  facet normal 0 0 1
    outer loop
      vertex 7.33146 13.9593 2.99
      vertex 2.21171 13.9513 2.99
      vertex 7.33239 13.9579 2.99
    endloop
  endfacet
  facet normal 0 0 1
    outer loop
      vertex 7.33239 13.9579 2.99
      vertex 2.21171 13.9513 2.99
      vertex 5.09873 8.47126 2.99
    endloop
  endfacet
  facet normal -0 0 1
    outer loop
      vertex 2.06832 13.7645 2.99
      vertex 5.09873 8.47126 2.99
      vertex 2.21171 13.9513 2.99
    endloop
  endfacet
  facet normal -0 0 1
    outer loop
      vertex 1.90919 13.5908 2.99
      vertex 5.09873 8.47126 2.99
      vertex 2.06832 13.7645 2.99
    endloop
  endfacet
  facet normal -0 0 1
    outer loop
      vertex 1.73553 13.4317 2.99
      vertex 5.09873 8.47126 2.99
      vertex 1.90919 13.5908 2.99
    endloop
  endfacet
  facet normal 0 0 1
    outer loop
      vertex 5.09873 8.47126 2.99
      vertex 1.73553 13.4317 2.99
      vertex 3.42087 8.09929 2.99
    endloop
  endfacet
  facet normal -0 0 1
    outer loop
      vertex 1.54866 13.2883 2.99
      vertex 3.42087 8.09929 2.99
      vertex 1.73553 13.4317 2.99
    endloop
  endfacet
  facet normal -0 0 1
    outer loop
      vertex 1.35 13.1617 2.99
      vertex 3.42087 8.09929 2.99
      vertex 1.54866 13.2883 2.99
    endloop
  endfacet
  facet normal -0 0 1
    outer loop
      vertex 1.14107 13.053 2.99
      vertex 3.42087 8.09929 2.99
      vertex 1.35 13.1617 2.99
    endloop
  endfacet
  facet normal 0 0 1
    outer loop
      vertex 3.42087 8.09929 2.99
      vertex 1.14107 13.053 2.99
      vertex 1.71697 7.87496 2.99
    endloop
  endfacet
  facet normal -0 0 1
    outer loop
      vertex 0.923454 12.9628 2.99
      vertex 1.71697 7.87496 2.99
      vertex 1.14107 13.053 2.99
    endloop
  endfacet
  facet normal -0 0 1
    outer loop
      vertex 0.698811 12.892 2.99
      vertex 1.71697 7.87496 2.99
      vertex 0.923454 12.9628 2.99
    endloop
  endfacet
  facet normal -0 0 1
    outer loop
      vertex 0.468849 12.841 2.99
      vertex 1.71697 7.87496 2.99
      vertex 0.698811 12.892 2.99
    endloop
  endfacet
  facet normal 0 0 1
    outer loop
      vertex 0 7.8 2.99
      vertex 0.468849 12.841 2.99
      vertex 0.23532 12.8103 2.99
    endloop
  endfacet
  facet normal 0 0 1
    outer loop
      vertex 0 7.8 2.99
      vertex 0.23532 12.8103 2.99
      vertex 0 12.8 2.99
    endloop
  endfacet
  facet normal 0 0 1
    outer loop
      vertex 0.468849 12.841 2.99
      vertex 0 7.8 2.99
      vertex 1.71697 7.87496 2.99
    endloop
  endfacet
  facet normal 0 0 1
    outer loop
      vertex -0.23532 12.8103 2.99
      vertex 0 7.8 2.99
      vertex 0 12.8 2.99
    endloop
  endfacet
  facet normal 0 0 1
    outer loop
      vertex -0.468849 12.841 2.99
      vertex 0 7.8 2.99
      vertex -0.23532 12.8103 2.99
    endloop
  endfacet
  facet normal 0 0 1
    outer loop
      vertex -1.71697 7.87496 2.99
      vertex -0.468849 12.841 2.99
      vertex -0.698811 12.892 2.99
    endloop
  endfacet
  facet normal 0 0 1
    outer loop
      vertex -1.71697 7.87496 2.99
      vertex -0.698811 12.892 2.99
      vertex -0.923454 12.9628 2.99
    endloop
  endfacet
  facet normal 0 0 1
    outer loop
      vertex -1.71697 7.87496 2.99
      vertex -0.923454 12.9628 2.99
      vertex -1.14107 13.053 2.99
    endloop
  endfacet
  facet normal 0 0 1
    outer loop
      vertex -3.42087 8.09929 2.99
      vertex -1.14107 13.053 2.99
      vertex -1.35 13.1617 2.99
    endloop
  endfacet
  facet normal 0 0 1
    outer loop
      vertex -3.42087 8.09929 2.99
      vertex -1.35 13.1617 2.99
      vertex -1.54866 13.2883 2.99
    endloop
  endfacet
  facet normal 0 0 1
    outer loop
      vertex -0.468849 12.841 2.99
      vertex -1.71697 7.87496 2.99
      vertex 0 7.8 2.99
    endloop
  endfacet
  facet normal 0 0 1
    outer loop
      vertex -3.42087 8.09929 2.99
      vertex -1.54866 13.2883 2.99
      vertex -1.73553 13.4317 2.99
    endloop
  endfacet
  facet normal 0 0 1
    outer loop
      vertex -3.42087 8.09929 2.99
      vertex -1.73553 13.4317 2.99
      vertex -1.90919 13.5908 2.99
    endloop
  endfacet
  facet normal 0 0 1
    outer loop
      vertex -3.42087 8.09929 2.99
      vertex -1.90919 13.5908 2.99
      vertex -2.06832 13.7645 2.99
    endloop
  endfacet
  facet normal 0 0 1
    outer loop
      vertex -3.42087 8.09929 2.99
      vertex -2.06832 13.7645 2.99
      vertex -2.21171 13.9513 2.99
    endloop
  endfacet
  facet normal 0 0 1
    outer loop
      vertex -3.42087 8.09929 2.99
      vertex -2.21171 13.9513 2.99
      vertex -2.33827 14.15 2.99
    endloop
  endfacet
  facet normal 0 0 1
    outer loop
      vertex -3.42087 8.09929 2.99
      vertex -2.33827 14.15 2.99
      vertex -2.44703 14.3589 2.99
    endloop
  endfacet
  facet normal 0 0 1
    outer loop
      vertex -3.42087 8.09929 2.99
      vertex -2.44703 14.3589 2.99
      vertex -2.53717 14.5765 2.99
    endloop
  endfacet
  facet normal 0 0 1
    outer loop
      vertex -3.42087 8.09929 2.99
      vertex -2.53717 14.5765 2.99
      vertex -2.608 14.8012 2.99
    endloop
  endfacet
  facet normal 0 0 1
    outer loop
      vertex -3.42087 8.09929 2.99
      vertex -2.608 14.8012 2.99
      vertex -2.65898 15.0311 2.99
    endloop
  endfacet
  facet normal 0 0 1
    outer loop
      vertex -3.42087 8.09929 2.99
      vertex -2.65898 15.0311 2.99
      vertex -2.68972 15.2647 2.99
    endloop
  endfacet
  facet normal 0 0 1
    outer loop
      vertex -1.14107 13.053 2.99
      vertex -3.42087 8.09929 2.99
      vertex -1.71697 7.87496 2.99
    endloop
  endfacet
  facet normal 0 0 1
    outer loop
      vertex -2.7 15.5 2.99
      vertex -3.42087 8.09929 2.99
      vertex -2.68972 15.2647 2.99
    endloop
  endfacet
  facet normal 0 0 1
    outer loop
      vertex -2.68972 15.7353 2.99
      vertex -3.42087 8.09929 2.99
      vertex -2.7 15.5 2.99
    endloop
  endfacet
  facet normal 0 0 1
    outer loop
      vertex -8.45932 18.1685 2.99
      vertex -3.42087 46.9007 2.99
      vertex -5.09873 46.5287 2.99
    endloop
  endfacet
  facet normal 0 0 1
    outer loop
      vertex -2.608 16.1988 2.99
      vertex -6.96545 16.0351 2.99
      vertex -2.65898 15.9688 2.99
    endloop
  endfacet
  facet normal 0 0 1
    outer loop
      vertex -8.45932 18.1685 2.99
      vertex -5.09873 46.5287 2.99
      vertex -6.7378 46.0119 2.99
    endloop
  endfacet
  facet normal -0 -0 1
    outer loop
      vertex -6.93036 15.7686 2.99
      vertex -2.68972 15.7353 2.99
      vertex -6.93058 15.7703 2.99
    endloop
  endfacet
  facet normal 0 0 1
    outer loop
      vertex -6.93036 15.2314 2.99
      vertex -2.68972 15.7353 2.99
      vertex -6.91871 15.4983 2.99
    endloop
  endfacet
  facet normal 0 0 1
    outer loop
      vertex -2.68972 15.7353 2.99
      vertex -5.09873 8.47126 2.99
      vertex -3.42087 8.09929 2.99
    endloop
  endfacet
  facet normal 0 0 1
    outer loop
      vertex -6.91871 15.4983 2.99
      vertex -2.68972 15.7353 2.99
      vertex -6.91863 15.5 2.99
    endloop
  endfacet
  facet normal 0 -0 1
    outer loop
      vertex -6.91863 15.5 2.99
      vertex -2.68972 15.7353 2.99
      vertex -6.91871 15.5017 2.99
    endloop
  endfacet
  facet normal 0 -0 1
    outer loop
      vertex -6.91871 15.5017 2.99
      vertex -2.68972 15.7353 2.99
      vertex -6.93036 15.7686 2.99
    endloop
  endfacet
  facet normal 0 0 1
    outer loop
      vertex -2.65898 15.9688 2.99
      vertex -6.93058 15.7703 2.99
      vertex -2.68972 15.7353 2.99
    endloop
  endfacet
  facet normal 0 -0 1
    outer loop
      vertex -6.93058 15.7703 2.99
      vertex -2.65898 15.9688 2.99
      vertex -6.96545 16.0351 2.99
    endloop
  endfacet
  facet normal 0 -0 1
    outer loop
      vertex -6.96545 16.0351 2.99
      vertex -2.608 16.1988 2.99
      vertex -7.02325 16.2958 2.99
    endloop
  endfacet
  facet normal -0 -0 1
    outer loop
      vertex -7.02325 16.2958 2.99
      vertex -2.608 16.1988 2.99
      vertex -7.02363 16.2975 2.99
    endloop
  endfacet
  facet normal 0 0 1
    outer loop
      vertex -2.53717 16.4235 2.99
      vertex -7.02363 16.2975 2.99
      vertex -2.608 16.1988 2.99
    endloop
  endfacet
  facet normal 0 -0 1
    outer loop
      vertex -7.02363 16.2975 2.99
      vertex -2.53717 16.4235 2.99
      vertex -7.10394 16.5522 2.99
    endloop
  endfacet
  facet normal -0 -0 1
    outer loop
      vertex -7.10394 16.5522 2.99
      vertex -2.53717 16.4235 2.99
      vertex -7.10446 16.5539 2.99
    endloop
  endfacet
  facet normal -0 -0 1
    outer loop
      vertex -7.10446 16.5539 2.99
      vertex -2.53717 16.4235 2.99
      vertex -7.10512 16.5555 2.99
    endloop
  endfacet
  facet normal 0 0 1
    outer loop
      vertex -2.44703 16.6411 2.99
      vertex -7.10512 16.5555 2.99
      vertex -2.53717 16.4235 2.99
    endloop
  endfacet
  facet normal 0 -0 1
    outer loop
      vertex -7.10512 16.5555 2.99
      vertex -2.44703 16.6411 2.99
      vertex -7.20733 16.8022 2.99
    endloop
  endfacet
  facet normal 0 0 1
    outer loop
      vertex -2.33827 16.85 2.99
      vertex -7.20733 16.8022 2.99
      vertex -2.44703 16.6411 2.99
    endloop
  endfacet
  facet normal 0 -0 1
    outer loop
      vertex -7.20733 16.8022 2.99
      vertex -2.33827 16.85 2.99
      vertex -7.33066 17.0391 2.99
    endloop
  endfacet
  facet normal -0 -0 1
    outer loop
      vertex -7.33066 17.0391 2.99
      vertex -2.33827 16.85 2.99
      vertex -7.33146 17.0407 2.99
    endloop
  endfacet
  facet normal 0 0 1
    outer loop
      vertex -2.21171 17.0487 2.99
      vertex -7.33146 17.0407 2.99
      vertex -2.33827 16.85 2.99
    endloop
  endfacet
  facet normal 0 -0 1
    outer loop
      vertex -7.33146 17.0407 2.99
      vertex -2.21171 17.0487 2.99
      vertex -7.33239 17.0421 2.99
    endloop
  endfacet
  facet normal 0 -0 1
    outer loop
      vertex -7.33239 17.0421 2.99
      vertex -2.21171 17.0487 2.99
      vertex -7.47589 17.2674 2.99
    endloop
  endfacet
  facet normal 0 0 1
    outer loop
      vertex -2.06832 17.2355 2.99
      vertex -7.47589 17.2674 2.99
      vertex -2.21171 17.0487 2.99
    endloop
  endfacet
  facet normal -0 -0 1
    outer loop
      vertex -7.47589 17.2674 2.99
      vertex -2.06832 17.2355 2.99
      vertex -7.63848 17.4793 2.99
    endloop
  endfacet
  facet normal 0 0 1
    outer loop
      vertex -8.69776 18.2927 2.99
      vertex -6.7378 46.0119 2.99
      vertex -8.32558 45.3543 2.99
    endloop
  endfacet
  facet normal 0 0 1
    outer loop
      vertex -3.42087 46.9007 2.99
      vertex -8.45785 18.1676 2.99
      vertex -8.2326 18.0241 2.99
    endloop
  endfacet
  facet normal 0 0 1
    outer loop
      vertex -3.42087 46.9007 2.99
      vertex -8.45932 18.1685 2.99
      vertex -8.45785 18.1676 2.99
    endloop
  endfacet
  facet normal 0 0 1
    outer loop
      vertex -6.7378 46.0119 2.99
      vertex -8.46085 18.1693 2.99
      vertex -8.45932 18.1685 2.99
    endloop
  endfacet
  facet normal 0 0 1
    outer loop
      vertex -6.7378 46.0119 2.99
      vertex -8.69776 18.2927 2.99
      vertex -8.46085 18.1693 2.99
    endloop
  endfacet
  facet normal -0 0 1
    outer loop
      vertex -9.85 44.5607 2.99
      vertex -8.69776 18.2927 2.99
      vertex -8.32558 45.3543 2.99
    endloop
  endfacet
  facet normal -0 0 1
    outer loop
      vertex -11.2995 43.6373 2.99
      vertex -8.69776 18.2927 2.99
      vertex -9.85 44.5607 2.99
    endloop
  endfacet
  facet normal 0 0 1
    outer loop
      vertex -8.69776 18.2927 2.99
      vertex -11.2995 43.6373 2.99
      vertex -8.94451 18.3949 2.99
    endloop
  endfacet
  facet normal -0 0 1
    outer loop
      vertex -12.6629 42.5911 2.99
      vertex -8.94451 18.3949 2.99
      vertex -11.2995 43.6373 2.99
    endloop
  endfacet
  facet normal 0 0 1
    outer loop
      vertex -8.94451 18.3949 2.99
      vertex -12.6629 42.5911 2.99
      vertex -8.94611 18.3955 2.99
    endloop
  endfacet
  facet normal -0 0 1
    outer loop
      vertex -13.93 41.43 2.99
      vertex -8.94611 18.3955 2.99
      vertex -12.6629 42.5911 2.99
    endloop
  endfacet
  facet normal -0 0 1
    outer loop
      vertex -15.0911 40.1629 2.99
      vertex -8.94611 18.3955 2.99
      vertex -13.93 41.43 2.99
    endloop
  endfacet
  facet normal 0 0 1
    outer loop
      vertex -8.94611 18.3955 2.99
      vertex -15.0911 40.1629 2.99
      vertex -8.94776 18.3961 2.99
    endloop
  endfacet
  facet normal 0 0 1
    outer loop
      vertex -8.94776 18.3961 2.99
      vertex -15.0911 40.1629 2.99
      vertex -9.20248 18.4764 2.99
    endloop
  endfacet
  facet normal -0 0 1
    outer loop
      vertex -16.1373 38.7995 2.99
      vertex -9.20248 18.4764 2.99
      vertex -15.0911 40.1629 2.99
    endloop
  endfacet
  facet normal -0 0 1
    outer loop
      vertex -17.0607 37.35 2.99
      vertex -9.20248 18.4764 2.99
      vertex -16.1373 38.7995 2.99
    endloop
  endfacet
  facet normal -0 0 1
    outer loop
      vertex -17.8543 35.8256 2.99
      vertex -9.20248 18.4764 2.99
      vertex -17.0607 37.35 2.99
    endloop
  endfacet
  facet normal 0 0 1
    outer loop
      vertex -9.20248 18.4764 2.99
      vertex -17.8543 35.8256 2.99
      vertex -9.20418 18.4767 2.99
    endloop
  endfacet
  facet normal 0 0 1
    outer loop
      vertex -9.20418 18.4767 2.99
      vertex -17.8543 35.8256 2.99
      vertex -9.46493 18.5346 2.99
    endloop
  endfacet
  facet normal -0 0 1
    outer loop
      vertex -18.5119 34.2378 2.99
      vertex -9.46493 18.5346 2.99
      vertex -17.8543 35.8256 2.99
    endloop
  endfacet
  facet normal -0 0 1
    outer loop
      vertex -19.0287 32.5987 2.99
      vertex -9.46493 18.5346 2.99
      vertex -18.5119 34.2378 2.99
    endloop
  endfacet
  facet normal 0 0 1
    outer loop
      vertex -9.46493 18.5346 2.99
      vertex -19.0287 32.5987 2.99
      vertex -9.72972 18.5694 2.99
    endloop
  endfacet
  facet normal 0 0 1
    outer loop
      vertex -9.72972 18.5694 2.99
      vertex -19.0287 32.5987 2.99
      vertex -9.73144 18.5696 2.99
    endloop
  endfacet
  facet normal -0 0 1
    outer loop
      vertex -19.4007 30.9209 2.99
      vertex -9.73144 18.5696 2.99
      vertex -19.0287 32.5987 2.99
    endloop
  endfacet
  facet normal 0 0 1
    outer loop
      vertex -9.73144 18.5696 2.99
      vertex -19.4007 30.9209 2.99
      vertex -9.99827 18.5813 2.99
    endloop
  endfacet
  facet normal -0 0 1
    outer loop
      vertex -19.625 29.217 2.99
      vertex -9.99827 18.5813 2.99
      vertex -19.4007 30.9209 2.99
    endloop
  endfacet
  facet normal 0 0 1
    outer loop
      vertex -9.99827 18.5813 2.99
      vertex -19.625 29.217 2.99
      vertex -10 18.5814 2.99
    endloop
  endfacet
  facet normal 0 0 1
    outer loop
      vertex -10 18.5814 2.99
      vertex -19.625 29.217 2.99
      vertex -10.0017 18.5813 2.99
    endloop
  endfacet
  facet normal -0 0 1
    outer loop
      vertex -19.7 27.5 2.99
      vertex -10.0017 18.5813 2.99
      vertex -19.625 29.217 2.99
    endloop
  endfacet
  facet normal 0 0 1
    outer loop
      vertex -10.0017 18.5813 2.99
      vertex -19.7 27.5 2.99
      vertex -10.2686 18.5696 2.99
    endloop
  endfacet
  facet normal -0 -0 1
    outer loop
      vertex -19.625 25.783 2.99
      vertex -10.2686 18.5696 2.99
      vertex -19.7 27.5 2.99
    endloop
  endfacet
  facet normal 0 0 1
    outer loop
      vertex -10.2686 18.5696 2.99
      vertex -19.625 25.783 2.99
      vertex -10.2703 18.5694 2.99
    endloop
  endfacet
  facet normal 0 0 1
    outer loop
      vertex -10.2703 18.5694 2.99
      vertex -19.625 25.783 2.99
      vertex -10.5351 18.5346 2.99
    endloop
  endfacet
  facet normal -0 -0 1
    outer loop
      vertex -19.4007 24.0791 2.99
      vertex -10.5351 18.5346 2.99
      vertex -19.625 25.783 2.99
    endloop
  endfacet
  facet normal 0 0 1
    outer loop
      vertex -10.5351 18.5346 2.99
      vertex -19.4007 24.0791 2.99
      vertex -10.7958 18.4767 2.99
    endloop
  endfacet
  facet normal 0 0 1
    outer loop
      vertex -10.7958 18.4767 2.99
      vertex -19.4007 24.0791 2.99
      vertex -10.7975 18.4764 2.99
    endloop
  endfacet
  facet normal 0 0 1
    outer loop
      vertex -10.7975 18.4764 2.99
      vertex -19.4007 24.0791 2.99
      vertex -11.0522 18.3961 2.99
    endloop
  endfacet
  facet normal -0 -0 1
    outer loop
      vertex -19.0287 22.4013 2.99
      vertex -11.0522 18.3961 2.99
      vertex -19.4007 24.0791 2.99
    endloop
  endfacet
  facet normal 0 0 1
    outer loop
      vertex -11.0522 18.3961 2.99
      vertex -19.0287 22.4013 2.99
      vertex -11.0539 18.3955 2.99
    endloop
  endfacet
  facet normal 0 0 1
    outer loop
      vertex -11.0539 18.3955 2.99
      vertex -19.0287 22.4013 2.99
      vertex -11.0555 18.3949 2.99
    endloop
  endfacet
  facet normal 0 0 1
    outer loop
      vertex -11.0555 18.3949 2.99
      vertex -19.0287 22.4013 2.99
      vertex -11.3022 18.2927 2.99
    endloop
  endfacet
  facet normal -0 -0 1
    outer loop
      vertex -18.5119 20.7622 2.99
      vertex -11.3022 18.2927 2.99
      vertex -19.0287 22.4013 2.99
    endloop
  endfacet
  facet normal 0 0 1
    outer loop
      vertex -11.3022 18.2927 2.99
      vertex -18.5119 20.7622 2.99
      vertex -11.5391 18.1693 2.99
    endloop
  endfacet
  facet normal 0 0 1
    outer loop
      vertex -11.5391 18.1693 2.99
      vertex -18.5119 20.7622 2.99
      vertex -11.5407 18.1685 2.99
    endloop
  endfacet
  facet normal 0 0 1
    outer loop
      vertex -11.5407 18.1685 2.99
      vertex -18.5119 20.7622 2.99
      vertex -11.5421 18.1676 2.99
    endloop
  endfacet
  facet normal 0 0 1
    outer loop
      vertex -11.5421 18.1676 2.99
      vertex -18.5119 20.7622 2.99
      vertex -11.7674 18.0241 2.99
    endloop
  endfacet
  facet normal -0 -0 1
    outer loop
      vertex -17.8543 19.1744 2.99
      vertex -11.7674 18.0241 2.99
      vertex -18.5119 20.7622 2.99
    endloop
  endfacet
  facet normal 0 0 1
    outer loop
      vertex -11.7674 18.0241 2.99
      vertex -17.8543 19.1744 2.99
      vertex -11.9793 17.8615 2.99
    endloop
  endfacet
  facet normal 0 0 1
    outer loop
      vertex -11.9793 17.8615 2.99
      vertex -17.8543 19.1744 2.99
      vertex -11.9807 17.8605 2.99
    endloop
  endfacet
  facet normal 0 0 1
    outer loop
      vertex -11.9807 17.8605 2.99
      vertex -17.8543 19.1744 2.99
      vertex -11.9819 17.8593 2.99
    endloop
  endfacet
  facet normal 0 0 1
    outer loop
      vertex -12.9764 16.2975 2.99
      vertex -13.93 13.57 2.99
      vertex -12.9767 16.2958 2.99
    endloop
  endfacet
  facet normal 0 0 1
    outer loop
      vertex -12.9767 16.2958 2.99
      vertex -13.93 13.57 2.99
      vertex -13.0346 16.0351 2.99
    endloop
  endfacet
  facet normal 0 0 1
    outer loop
      vertex -13.0346 16.0351 2.99
      vertex -13.93 13.57 2.99
      vertex -13.0694 15.7703 2.99
    endloop
  endfacet
  facet normal 0 0 1
    outer loop
      vertex -13.0694 15.7703 2.99
      vertex -13.93 13.57 2.99
      vertex -13.0696 15.7686 2.99
    endloop
  endfacet
  facet normal 0 0 1
    outer loop
      vertex -13.0696 15.7686 2.99
      vertex -13.93 13.57 2.99
      vertex -13.0813 15.5017 2.99
    endloop
  endfacet
  facet normal 0 0 1
    outer loop
      vertex 10.0017 18.5813 2.99
      vertex 19.7 27.5 2.99
      vertex 19.625 29.217 2.99
    endloop
  endfacet
  facet normal 0 0 1
    outer loop
      vertex 9.99827 18.5813 2.99
      vertex 19.625 29.217 2.99
      vertex 19.4007 30.9209 2.99
    endloop
  endfacet
  facet normal 0 0 1
    outer loop
      vertex 19.7 27.5 2.99
      vertex 10.2686 18.5696 2.99
      vertex 19.625 25.783 2.99
    endloop
  endfacet
  facet normal 0 0 1
    outer loop
      vertex 9.73144 18.5696 2.99
      vertex 19.4007 30.9209 2.99
      vertex 19.0287 32.5987 2.99
    endloop
  endfacet
  facet normal 0 -0 1
    outer loop
      vertex 10.2703 18.5694 2.99
      vertex 19.625 25.783 2.99
      vertex 10.2686 18.5696 2.99
    endloop
  endfacet
  facet normal 0 0 1
    outer loop
      vertex 9.46493 18.5346 2.99
      vertex 19.0287 32.5987 2.99
      vertex 18.5119 34.2378 2.99
    endloop
  endfacet
  facet normal 0 -0 1
    outer loop
      vertex 10.5351 18.5346 2.99
      vertex 19.625 25.783 2.99
      vertex 10.2703 18.5694 2.99
    endloop
  endfacet
  facet normal 0 0 1
    outer loop
      vertex 9.46493 18.5346 2.99
      vertex 18.5119 34.2378 2.99
      vertex 17.8543 35.8256 2.99
    endloop
  endfacet
  facet normal 0 -0 1
    outer loop
      vertex 10.7975 18.4764 2.99
      vertex 19.4007 24.0791 2.99
      vertex 10.7958 18.4767 2.99
    endloop
  endfacet
  facet normal 0 0 1
    outer loop
      vertex 9.20248 18.4764 2.99
      vertex 17.8543 35.8256 2.99
      vertex 17.0607 37.35 2.99
    endloop
  endfacet
  facet normal 0 -0 1
    outer loop
      vertex 11.0539 18.3955 2.99
      vertex 19.0287 22.4013 2.99
      vertex 11.0522 18.3961 2.99
    endloop
  endfacet
  facet normal 0 0 1
    outer loop
      vertex 9.20248 18.4764 2.99
      vertex 17.0607 37.35 2.99
      vertex 16.1373 38.7995 2.99
    endloop
  endfacet
  facet normal 0 -0 1
    outer loop
      vertex 11.5407 18.1685 2.99
      vertex 18.5119 20.7622 2.99
      vertex 11.5391 18.1693 2.99
    endloop
  endfacet
  facet normal 0 0 1
    outer loop
      vertex 9.20248 18.4764 2.99
      vertex 16.1373 38.7995 2.99
      vertex 15.0911 40.1629 2.99
    endloop
  endfacet
  facet normal 0 -0 1
    outer loop
      vertex 11.9807 17.8605 2.99
      vertex 17.8543 19.1744 2.99
      vertex 11.9793 17.8615 2.99
    endloop
  endfacet
  facet normal 0 0 1
    outer loop
      vertex 8.94611 18.3955 2.99
      vertex 15.0911 40.1629 2.99
      vertex 13.93 41.43 2.99
    endloop
  endfacet
  facet normal 0 -0 1
    outer loop
      vertex 12.5241 17.2674 2.99
      vertex 17.0607 17.65 2.99
      vertex 12.3615 17.4793 2.99
    endloop
  endfacet
  facet normal 0 -0 1
    outer loop
      vertex 13.0346 16.0351 2.99
      vertex 16.1373 16.2005 2.99
      vertex 12.9767 16.2958 2.99
    endloop
  endfacet
  facet normal -0 0 1
    outer loop
      vertex 13.0813 15.4983 2.99
      vertex 15.0911 14.8371 2.99
      vertex 13.0814 15.5 2.99
    endloop
  endfacet
  facet normal -0 -0 1
    outer loop
      vertex 13.0814 15.5 2.99
      vertex 15.0911 14.8371 2.99
      vertex 13.0813 15.5017 2.99
    endloop
  endfacet
  facet normal -0 -0 1
    outer loop
      vertex 13.0813 15.5017 2.99
      vertex 15.0911 14.8371 2.99
      vertex 13.0696 15.7686 2.99
    endloop
  endfacet
  facet normal -0 -0 1
    outer loop
      vertex 13.0696 15.7686 2.99
      vertex 15.0911 14.8371 2.99
      vertex 13.0694 15.7703 2.99
    endloop
  endfacet
  facet normal -0 -0 1
    outer loop
      vertex 13.0694 15.7703 2.99
      vertex 15.0911 14.8371 2.99
      vertex 13.0346 16.0351 2.99
    endloop
  endfacet
  facet normal 0 0 1
    outer loop
      vertex 16.1373 16.2005 2.99
      vertex 13.0346 16.0351 2.99
      vertex 15.0911 14.8371 2.99
    endloop
  endfacet
  facet normal -0 -0 1
    outer loop
      vertex 12.9767 16.2958 2.99
      vertex 16.1373 16.2005 2.99
      vertex 12.9764 16.2975 2.99
    endloop
  endfacet
  facet normal -0 -0 1
    outer loop
      vertex 12.9764 16.2975 2.99
      vertex 16.1373 16.2005 2.99
      vertex 12.8961 16.5522 2.99
    endloop
  endfacet
  facet normal -0 -0 1
    outer loop
      vertex 12.8961 16.5522 2.99
      vertex 16.1373 16.2005 2.99
      vertex 12.8955 16.5539 2.99
    endloop
  endfacet
  facet normal -0 -0 1
    outer loop
      vertex 12.8955 16.5539 2.99
      vertex 16.1373 16.2005 2.99
      vertex 12.8949 16.5555 2.99
    endloop
  endfacet
  facet normal -0 -0 1
    outer loop
      vertex 12.8949 16.5555 2.99
      vertex 16.1373 16.2005 2.99
      vertex 12.7927 16.8022 2.99
    endloop
  endfacet
  facet normal -0 -0 1
    outer loop
      vertex 12.7927 16.8022 2.99
      vertex 16.1373 16.2005 2.99
      vertex 12.6693 17.0391 2.99
    endloop
  endfacet
  facet normal 0 0 1
    outer loop
      vertex 17.0607 17.65 2.99
      vertex 12.6693 17.0391 2.99
      vertex 16.1373 16.2005 2.99
    endloop
  endfacet
  facet normal 0 0 1
    outer loop
      vertex 1.35 17.8383 2.99
      vertex 13.93 41.43 2.99
      vertex 12.6629 42.5911 2.99
    endloop
  endfacet
  facet normal 0 -0 1
    outer loop
      vertex 12.6693 17.0391 2.99
      vertex 17.0607 17.65 2.99
      vertex 12.6685 17.0407 2.99
    endloop
  endfacet
  facet normal 0 -0 1
    outer loop
      vertex 12.6685 17.0407 2.99
      vertex 17.0607 17.65 2.99
      vertex 12.6676 17.0421 2.99
    endloop
  endfacet
  facet normal 0 -0 1
    outer loop
      vertex 12.6676 17.0421 2.99
      vertex 17.0607 17.65 2.99
      vertex 12.5241 17.2674 2.99
    endloop
  endfacet
  facet normal 0 -0 1
    outer loop
      vertex 12.3615 17.4793 2.99
      vertex 17.0607 17.65 2.99
      vertex 12.3605 17.4807 2.99
    endloop
  endfacet
  facet normal 0 -0 1
    outer loop
      vertex 12.3605 17.4807 2.99
      vertex 17.0607 17.65 2.99
      vertex 12.3593 17.4819 2.99
    endloop
  endfacet
  facet normal 0 -0 1
    outer loop
      vertex 12.3593 17.4819 2.99
      vertex 17.0607 17.65 2.99
      vertex 12.1789 17.6789 2.99
    endloop
  endfacet
  facet normal 0 0 1
    outer loop
      vertex 17.8543 19.1744 2.99
      vertex 12.1789 17.6789 2.99
      vertex 17.0607 17.65 2.99
    endloop
  endfacet
  facet normal 0 -0 1
    outer loop
      vertex 12.1789 17.6789 2.99
      vertex 17.8543 19.1744 2.99
      vertex 11.9819 17.8593 2.99
    endloop
  endfacet
  facet normal 0 -0 1
    outer loop
      vertex 11.9819 17.8593 2.99
      vertex 17.8543 19.1744 2.99
      vertex 11.9807 17.8605 2.99
    endloop
  endfacet
  facet normal 0 -0 1
    outer loop
      vertex 11.9793 17.8615 2.99
      vertex 17.8543 19.1744 2.99
      vertex 11.7674 18.0241 2.99
    endloop
  endfacet
  facet normal 0 0 1
    outer loop
      vertex 18.5119 20.7622 2.99
      vertex 11.7674 18.0241 2.99
      vertex 17.8543 19.1744 2.99
    endloop
  endfacet
  facet normal 0 -0 1
    outer loop
      vertex 11.7674 18.0241 2.99
      vertex 18.5119 20.7622 2.99
      vertex 11.5421 18.1676 2.99
    endloop
  endfacet
  facet normal 0 -0 1
    outer loop
      vertex 11.5421 18.1676 2.99
      vertex 18.5119 20.7622 2.99
      vertex 11.5407 18.1685 2.99
    endloop
  endfacet
  facet normal 0 0 1
    outer loop
      vertex 1.35 17.8383 2.99
      vertex 12.6629 42.5911 2.99
      vertex 11.2995 43.6373 2.99
    endloop
  endfacet
  facet normal 0 -0 1
    outer loop
      vertex 11.5391 18.1693 2.99
      vertex 18.5119 20.7622 2.99
      vertex 11.3022 18.2927 2.99
    endloop
  endfacet
  facet normal 0 0 1
    outer loop
      vertex 19.0287 22.4013 2.99
      vertex 11.3022 18.2927 2.99
      vertex 18.5119 20.7622 2.99
    endloop
  endfacet
  facet normal 0 -0 1
    outer loop
      vertex 11.3022 18.2927 2.99
      vertex 19.0287 22.4013 2.99
      vertex 11.0555 18.3949 2.99
    endloop
  endfacet
  facet normal 0 -0 1
    outer loop
      vertex 11.0555 18.3949 2.99
      vertex 19.0287 22.4013 2.99
      vertex 11.0539 18.3955 2.99
    endloop
  endfacet
  facet normal 0 -0 1
    outer loop
      vertex 11.0522 18.3961 2.99
      vertex 19.0287 22.4013 2.99
      vertex 10.7975 18.4764 2.99
    endloop
  endfacet
  facet normal 0 0 1
    outer loop
      vertex 19.4007 24.0791 2.99
      vertex 10.7975 18.4764 2.99
      vertex 19.0287 22.4013 2.99
    endloop
  endfacet
  facet normal 0 -0 1
    outer loop
      vertex 10.7958 18.4767 2.99
      vertex 19.4007 24.0791 2.99
      vertex 10.5351 18.5346 2.99
    endloop
  endfacet
  facet normal 0 0 1
    outer loop
      vertex 19.625 25.783 2.99
      vertex 10.5351 18.5346 2.99
      vertex 19.4007 24.0791 2.99
    endloop
  endfacet
  facet normal 0 0 1
    outer loop
      vertex 19.7 27.5 2.99
      vertex 10.0017 18.5813 2.99
      vertex 10.2686 18.5696 2.99
    endloop
  endfacet
  facet normal 0 0 1
    outer loop
      vertex 19.625 29.217 2.99
      vertex 10 18.5814 2.99
      vertex 10.0017 18.5813 2.99
    endloop
  endfacet
  facet normal 0 0 1
    outer loop
      vertex 19.625 29.217 2.99
      vertex 9.99827 18.5813 2.99
      vertex 10 18.5814 2.99
    endloop
  endfacet
  facet normal 0 0 1
    outer loop
      vertex 1.35 17.8383 2.99
      vertex 11.2995 43.6373 2.99
      vertex 9.85 44.5607 2.99
    endloop
  endfacet
  facet normal 0 0 1
    outer loop
      vertex 19.4007 30.9209 2.99
      vertex 9.73144 18.5696 2.99
      vertex 9.99827 18.5813 2.99
    endloop
  endfacet
  facet normal 0 0 1
    outer loop
      vertex 19.0287 32.5987 2.99
      vertex 9.72972 18.5694 2.99
      vertex 9.73144 18.5696 2.99
    endloop
  endfacet
  facet normal 0 0 1
    outer loop
      vertex 19.0287 32.5987 2.99
      vertex 9.46493 18.5346 2.99
      vertex 9.72972 18.5694 2.99
    endloop
  endfacet
  facet normal 0 0 1
    outer loop
      vertex 17.8543 35.8256 2.99
      vertex 9.20418 18.4767 2.99
      vertex 9.46493 18.5346 2.99
    endloop
  endfacet
  facet normal 0 0 1
    outer loop
      vertex 17.8543 35.8256 2.99
      vertex 9.20248 18.4764 2.99
      vertex 9.20418 18.4767 2.99
    endloop
  endfacet
  facet normal 0 0 1
    outer loop
      vertex 15.0911 40.1629 2.99
      vertex 8.94776 18.3961 2.99
      vertex 9.20248 18.4764 2.99
    endloop
  endfacet
  facet normal 0 0 1
    outer loop
      vertex 15.0911 40.1629 2.99
      vertex 8.94611 18.3955 2.99
      vertex 8.94776 18.3961 2.99
    endloop
  endfacet
  facet normal 0 0 1
    outer loop
      vertex 13.93 41.43 2.99
      vertex 1.35 17.8383 2.99
      vertex 8.94611 18.3955 2.99
    endloop
  endfacet
  facet normal 0 0 1
    outer loop
      vertex 8.94611 18.3955 2.99
      vertex 1.35 17.8383 2.99
      vertex 8.94451 18.3949 2.99
    endloop
  endfacet
  facet normal 0 0 1
    outer loop
      vertex 8.94451 18.3949 2.99
      vertex 1.35 17.8383 2.99
      vertex 8.69776 18.2927 2.99
    endloop
  endfacet
  facet normal 0 0 1
    outer loop
      vertex 8.69776 18.2927 2.99
      vertex 1.35 17.8383 2.99
      vertex 8.46085 18.1693 2.99
    endloop
  endfacet
  facet normal 0 0 1
    outer loop
      vertex 8.46085 18.1693 2.99
      vertex 1.35 17.8383 2.99
      vertex 8.45932 18.1685 2.99
    endloop
  endfacet
  facet normal 0 0 1
    outer loop
      vertex 1.35 17.8383 2.99
      vertex 9.85 44.5607 2.99
      vertex 8.32558 45.3543 2.99
    endloop
  endfacet
  facet normal 0 0 1
    outer loop
      vertex 8.45932 18.1685 2.99
      vertex 1.35 17.8383 2.99
      vertex 8.45785 18.1676 2.99
    endloop
  endfacet
  facet normal 0 0 1
    outer loop
      vertex 8.45785 18.1676 2.99
      vertex 1.35 17.8383 2.99
      vertex 8.2326 18.0241 2.99
    endloop
  endfacet
  facet normal 0 -0 1
    outer loop
      vertex 1.54866 17.7117 2.99
      vertex 8.2326 18.0241 2.99
      vertex 1.35 17.8383 2.99
    endloop
  endfacet
  facet normal 0 0 1
    outer loop
      vertex 8.2326 18.0241 2.99
      vertex 1.54866 17.7117 2.99
      vertex 8.02071 17.8615 2.99
    endloop
  endfacet
  facet normal 0 0 1
    outer loop
      vertex 8.02071 17.8615 2.99
      vertex 1.54866 17.7117 2.99
      vertex 8.01933 17.8605 2.99
    endloop
  endfacet
  facet normal 0 -0 1
    outer loop
      vertex 1.73553 17.5683 2.99
      vertex 8.01933 17.8605 2.99
      vertex 1.54866 17.7117 2.99
    endloop
  endfacet
  facet normal 0 0 1
    outer loop
      vertex 8.01933 17.8605 2.99
      vertex 1.73553 17.5683 2.99
      vertex 8.01806 17.8593 2.99
    endloop
  endfacet
  facet normal 0 0 1
    outer loop
      vertex 8.01806 17.8593 2.99
      vertex 1.73553 17.5683 2.99
      vertex 7.82114 17.6789 2.99
    endloop
  endfacet
  facet normal 0 -0 1
    outer loop
      vertex 1.90919 17.4092 2.99
      vertex 7.82114 17.6789 2.99
      vertex 1.73553 17.5683 2.99
    endloop
  endfacet
  facet normal 0 0 1
    outer loop
      vertex 7.82114 17.6789 2.99
      vertex 1.90919 17.4092 2.99
      vertex 7.64071 17.4819 2.99
    endloop
  endfacet
  facet normal 0 0 1
    outer loop
      vertex 7.64071 17.4819 2.99
      vertex 1.90919 17.4092 2.99
      vertex 7.63953 17.4807 2.99
    endloop
  endfacet
  facet normal 0 -0 1
    outer loop
      vertex 2.06832 17.2355 2.99
      vertex 7.63953 17.4807 2.99
      vertex 1.90919 17.4092 2.99
    endloop
  endfacet
  facet normal 0 0 1
    outer loop
      vertex 7.63953 17.4807 2.99
      vertex 2.06832 17.2355 2.99
      vertex 7.63848 17.4793 2.99
    endloop
  endfacet
  facet normal 0 0 1
    outer loop
      vertex 7.63848 17.4793 2.99
      vertex 2.06832 17.2355 2.99
      vertex 7.47589 17.2674 2.99
    endloop
  endfacet
  facet normal 0 -0 1
    outer loop
      vertex 2.21171 17.0487 2.99
      vertex 7.47589 17.2674 2.99
      vertex 2.06832 17.2355 2.99
    endloop
  endfacet
  facet normal 0 0 1
    outer loop
      vertex 7.47589 17.2674 2.99
      vertex 2.21171 17.0487 2.99
      vertex 7.33239 17.0421 2.99
    endloop
  endfacet
  facet normal 0 0 1
    outer loop
      vertex 7.33239 17.0421 2.99
      vertex 2.21171 17.0487 2.99
      vertex 7.33146 17.0407 2.99
    endloop
  endfacet
  facet normal 0 -0 1
    outer loop
      vertex 2.33827 16.85 2.99
      vertex 7.33146 17.0407 2.99
      vertex 2.21171 17.0487 2.99
    endloop
  endfacet
  facet normal 0 0 1
    outer loop
      vertex 7.33146 17.0407 2.99
      vertex 2.33827 16.85 2.99
      vertex 7.33066 17.0391 2.99
    endloop
  endfacet
  facet normal 0 0 1
    outer loop
      vertex 7.33066 17.0391 2.99
      vertex 2.33827 16.85 2.99
      vertex 7.20733 16.8022 2.99
    endloop
  endfacet
  facet normal 0 -0 1
    outer loop
      vertex 2.44703 16.6411 2.99
      vertex 7.20733 16.8022 2.99
      vertex 2.33827 16.85 2.99
    endloop
  endfacet
  facet normal -0 0 1
    outer loop
      vertex 2.68972 15.7353 2.99
      vertex 6.91871 15.5017 2.99
      vertex 6.93036 15.7686 2.99
    endloop
  endfacet
  facet normal 0 0 1
    outer loop
      vertex 7.20733 16.8022 2.99
      vertex 2.44703 16.6411 2.99
      vertex 7.10512 16.5555 2.99
    endloop
  endfacet
  facet normal 0 0 1
    outer loop
      vertex 1.35 17.8383 2.99
      vertex 8.32558 45.3543 2.99
      vertex 6.7378 46.0119 2.99
    endloop
  endfacet
  facet normal -0 0 1
    outer loop
      vertex 13.0696 15.2314 2.99
      vertex 15.0911 14.8371 2.99
      vertex 13.0813 15.4983 2.99
    endloop
  endfacet
  facet normal -0 0 1
    outer loop
      vertex 13.0694 15.2297 2.99
      vertex 15.0911 14.8371 2.99
      vertex 13.0696 15.2314 2.99
    endloop
  endfacet
  facet normal -0 0 1
    outer loop
      vertex 13.0346 14.9649 2.99
      vertex 15.0911 14.8371 2.99
      vertex 13.0694 15.2297 2.99
    endloop
  endfacet
  facet normal 0 0 1
    outer loop
      vertex 15.0911 14.8371 2.99
      vertex 13.0346 14.9649 2.99
      vertex 13.93 13.57 2.99
    endloop
  endfacet
  facet normal -0 0 1
    outer loop
      vertex 12.9767 14.7042 2.99
      vertex 13.93 13.57 2.99
      vertex 13.0346 14.9649 2.99
    endloop
  endfacet
  facet normal -0 0 1
    outer loop
      vertex 12.9764 14.7025 2.99
      vertex 13.93 13.57 2.99
      vertex 12.9767 14.7042 2.99
    endloop
  endfacet
  facet normal -0 0 1
    outer loop
      vertex 12.8961 14.4478 2.99
      vertex 13.93 13.57 2.99
      vertex 12.9764 14.7025 2.99
    endloop
  endfacet
  facet normal -0 0 1
    outer loop
      vertex 12.8955 14.4461 2.99
      vertex 13.93 13.57 2.99
      vertex 12.8961 14.4478 2.99
    endloop
  endfacet
  facet normal -0 0 1
    outer loop
      vertex 12.8949 14.4445 2.99
      vertex 13.93 13.57 2.99
      vertex 12.8955 14.4461 2.99
    endloop
  endfacet
  facet normal -0 0 1
    outer loop
      vertex 12.7927 14.1978 2.99
      vertex 13.93 13.57 2.99
      vertex 12.8949 14.4445 2.99
    endloop
  endfacet
  facet normal -0 0 1
    outer loop
      vertex 12.6693 13.9609 2.99
      vertex 13.93 13.57 2.99
      vertex 12.7927 14.1978 2.99
    endloop
  endfacet
  facet normal -0 0 1
    outer loop
      vertex 12.6685 13.9593 2.99
      vertex 13.93 13.57 2.99
      vertex 12.6693 13.9609 2.99
    endloop
  endfacet
  facet normal -0 0 1
    outer loop
      vertex 12.6676 13.9579 2.99
      vertex 13.93 13.57 2.99
      vertex 12.6685 13.9593 2.99
    endloop
  endfacet
  facet normal -0 0 1
    outer loop
      vertex 12.5241 13.7326 2.99
      vertex 13.93 13.57 2.99
      vertex 12.6676 13.9579 2.99
    endloop
  endfacet
  facet normal 0 0 1
    outer loop
      vertex 13.93 13.57 2.99
      vertex 12.5241 13.7326 2.99
      vertex 12.6629 12.4089 2.99
    endloop
  endfacet
  facet normal -0 0 1
    outer loop
      vertex 12.3615 13.5207 2.99
      vertex 12.6629 12.4089 2.99
      vertex 12.5241 13.7326 2.99
    endloop
  endfacet
  facet normal -0 0 1
    outer loop
      vertex 12.3605 13.5193 2.99
      vertex 12.6629 12.4089 2.99
      vertex 12.3615 13.5207 2.99
    endloop
  endfacet
  facet normal -0 0 1
    outer loop
      vertex 12.3593 13.5181 2.99
      vertex 12.6629 12.4089 2.99
      vertex 12.3605 13.5193 2.99
    endloop
  endfacet
  facet normal -0 0 1
    outer loop
      vertex 12.1789 13.3211 2.99
      vertex 12.6629 12.4089 2.99
      vertex 12.3593 13.5181 2.99
    endloop
  endfacet
  facet normal -0 0 1
    outer loop
      vertex 11.9819 13.1407 2.99
      vertex 12.6629 12.4089 2.99
      vertex 12.1789 13.3211 2.99
    endloop
  endfacet
  facet normal -0 0 1
    outer loop
      vertex 11.9807 13.1395 2.99
      vertex 12.6629 12.4089 2.99
      vertex 11.9819 13.1407 2.99
    endloop
  endfacet
  facet normal -0 0 1
    outer loop
      vertex 11.9793 13.1385 2.99
      vertex 12.6629 12.4089 2.99
      vertex 11.9807 13.1395 2.99
    endloop
  endfacet
  facet normal -0 0 1
    outer loop
      vertex 11.7674 12.9759 2.99
      vertex 12.6629 12.4089 2.99
      vertex 11.9793 13.1385 2.99
    endloop
  endfacet
  facet normal -0 0 1
    outer loop
      vertex 11.5421 12.8324 2.99
      vertex 12.6629 12.4089 2.99
      vertex 11.7674 12.9759 2.99
    endloop
  endfacet
  facet normal -0 0 1
    outer loop
      vertex 11.5407 12.8315 2.99
      vertex 12.6629 12.4089 2.99
      vertex 11.5421 12.8324 2.99
    endloop
  endfacet
  facet normal -0 0 1
    outer loop
      vertex 11.5391 12.8307 2.99
      vertex 12.6629 12.4089 2.99
      vertex 11.5407 12.8315 2.99
    endloop
  endfacet
  facet normal 0 0 1
    outer loop
      vertex 11.2995 11.3627 2.99
      vertex 11.5391 12.8307 2.99
      vertex 11.3022 12.7073 2.99
    endloop
  endfacet
  facet normal 0 0 1
    outer loop
      vertex 11.5391 12.8307 2.99
      vertex 11.2995 11.3627 2.99
      vertex 12.6629 12.4089 2.99
    endloop
  endfacet
  facet normal -0 0 1
    outer loop
      vertex 11.0555 12.6051 2.99
      vertex 11.2995 11.3627 2.99
      vertex 11.3022 12.7073 2.99
    endloop
  endfacet
  facet normal -0 0 1
    outer loop
      vertex 11.0539 12.6045 2.99
      vertex 11.2995 11.3627 2.99
      vertex 11.0555 12.6051 2.99
    endloop
  endfacet
  facet normal -0 0 1
    outer loop
      vertex 11.0522 12.6039 2.99
      vertex 11.2995 11.3627 2.99
      vertex 11.0539 12.6045 2.99
    endloop
  endfacet
  facet normal -0 0 1
    outer loop
      vertex 10.7975 12.5236 2.99
      vertex 11.2995 11.3627 2.99
      vertex 11.0522 12.6039 2.99
    endloop
  endfacet
  facet normal -0 0 1
    outer loop
      vertex 10.7958 12.5233 2.99
      vertex 11.2995 11.3627 2.99
      vertex 10.7975 12.5236 2.99
    endloop
  endfacet
  facet normal -0 0 1
    outer loop
      vertex 10.5351 12.4654 2.99
      vertex 11.2995 11.3627 2.99
      vertex 10.7958 12.5233 2.99
    endloop
  endfacet
  facet normal -0 0 1
    outer loop
      vertex 10.2703 12.4306 2.99
      vertex 11.2995 11.3627 2.99
      vertex 10.5351 12.4654 2.99
    endloop
  endfacet
  facet normal -0 0 1
    outer loop
      vertex 10.2686 12.4304 2.99
      vertex 11.2995 11.3627 2.99
      vertex 10.2703 12.4306 2.99
    endloop
  endfacet
  facet normal 0 0 1
    outer loop
      vertex 9.85 10.4393 2.99
      vertex 10.2686 12.4304 2.99
      vertex 10.0017 12.4187 2.99
    endloop
  endfacet
  facet normal 0 0 1
    outer loop
      vertex 9.85 10.4393 2.99
      vertex 10.0017 12.4187 2.99
      vertex 10 12.4186 2.99
    endloop
  endfacet
  facet normal 0 0 1
    outer loop
      vertex 9.85 10.4393 2.99
      vertex 10 12.4186 2.99
      vertex 9.99827 12.4187 2.99
    endloop
  endfacet
  facet normal 0 0 1
    outer loop
      vertex 10.2686 12.4304 2.99
      vertex 9.85 10.4393 2.99
      vertex 11.2995 11.3627 2.99
    endloop
  endfacet
  facet normal 0 0 1
    outer loop
      vertex 9.73144 12.4304 2.99
      vertex 9.85 10.4393 2.99
      vertex 9.99827 12.4187 2.99
    endloop
  endfacet
  facet normal 0 0 1
    outer loop
      vertex 9.72972 12.4306 2.99
      vertex 9.85 10.4393 2.99
      vertex 9.73144 12.4304 2.99
    endloop
  endfacet
  facet normal 0 0 1
    outer loop
      vertex 9.46493 12.4654 2.99
      vertex 9.85 10.4393 2.99
      vertex 9.72972 12.4306 2.99
    endloop
  endfacet
  facet normal 0 0 1
    outer loop
      vertex 9.20418 12.5233 2.99
      vertex 9.85 10.4393 2.99
      vertex 9.46493 12.4654 2.99
    endloop
  endfacet
  facet normal 0 0 1
    outer loop
      vertex 9.20248 12.5236 2.99
      vertex 9.85 10.4393 2.99
      vertex 9.20418 12.5233 2.99
    endloop
  endfacet
  facet normal 0 0 1
    outer loop
      vertex 8.94776 12.6039 2.99
      vertex 9.85 10.4393 2.99
      vertex 9.20248 12.5236 2.99
    endloop
  endfacet
  facet normal 0 0 1
    outer loop
      vertex 8.32558 9.64574 2.99
      vertex 8.94776 12.6039 2.99
      vertex 8.94611 12.6045 2.99
    endloop
  endfacet
  facet normal 0 0 1
    outer loop
      vertex 8.32558 9.64574 2.99
      vertex 8.94611 12.6045 2.99
      vertex 8.94451 12.6051 2.99
    endloop
  endfacet
  facet normal 0 0 1
    outer loop
      vertex 8.32558 9.64574 2.99
      vertex 8.94451 12.6051 2.99
      vertex 8.69776 12.7073 2.99
    endloop
  endfacet
  facet normal 0 0 1
    outer loop
      vertex 8.32558 9.64574 2.99
      vertex 8.69776 12.7073 2.99
      vertex 8.46085 12.8307 2.99
    endloop
  endfacet
  facet normal 0 0 1
    outer loop
      vertex 8.32558 9.64574 2.99
      vertex 8.46085 12.8307 2.99
      vertex 8.45932 12.8315 2.99
    endloop
  endfacet
  facet normal 0 0 1
    outer loop
      vertex 8.32558 9.64574 2.99
      vertex 8.45932 12.8315 2.99
      vertex 8.45785 12.8324 2.99
    endloop
  endfacet
  facet normal 0 0 1
    outer loop
      vertex 8.94776 12.6039 2.99
      vertex 8.32558 9.64574 2.99
      vertex 9.85 10.4393 2.99
    endloop
  endfacet
  facet normal 0 0 1
    outer loop
      vertex 8.2326 12.9759 2.99
      vertex 8.32558 9.64574 2.99
      vertex 8.45785 12.8324 2.99
    endloop
  endfacet
  facet normal 0 0 1
    outer loop
      vertex 8.02071 13.1385 2.99
      vertex 8.32558 9.64574 2.99
      vertex 8.2326 12.9759 2.99
    endloop
  endfacet
  facet normal 0 0 1
    outer loop
      vertex 6.7378 8.98806 2.99
      vertex 8.02071 13.1385 2.99
      vertex 8.01933 13.1395 2.99
    endloop
  endfacet
  facet normal 0 0 1
    outer loop
      vertex 6.7378 8.98806 2.99
      vertex 8.01933 13.1395 2.99
      vertex 8.01806 13.1407 2.99
    endloop
  endfacet
  facet normal 0 0 1
    outer loop
      vertex 6.7378 8.98806 2.99
      vertex 8.01806 13.1407 2.99
      vertex 7.82114 13.3211 2.99
    endloop
  endfacet
  facet normal 0 0 1
    outer loop
      vertex 6.7378 8.98806 2.99
      vertex 7.82114 13.3211 2.99
      vertex 7.64071 13.5181 2.99
    endloop
  endfacet
  facet normal 0 0 1
    outer loop
      vertex 6.7378 8.98806 2.99
      vertex 7.64071 13.5181 2.99
      vertex 7.63953 13.5193 2.99
    endloop
  endfacet
  facet normal 0 0 1
    outer loop
      vertex 6.7378 8.98806 2.99
      vertex 7.63953 13.5193 2.99
      vertex 7.63848 13.5207 2.99
    endloop
  endfacet
  facet normal 0 0 1
    outer loop
      vertex 6.7378 8.98806 2.99
      vertex 7.63848 13.5207 2.99
      vertex 7.47589 13.7326 2.99
    endloop
  endfacet
  facet normal 0 0 1
    outer loop
      vertex 5.09873 8.47126 2.99
      vertex 7.47589 13.7326 2.99
      vertex 7.33239 13.9579 2.99
    endloop
  endfacet
  facet normal 0 0 1
    outer loop
      vertex 7.10512 14.4445 2.99
      vertex 2.44703 14.3589 2.99
      vertex 7.20733 14.1978 2.99
    endloop
  endfacet
  facet normal 0 0 1
    outer loop
      vertex 7.10394 14.4478 2.99
      vertex 2.53717 14.5765 2.99
      vertex 7.10446 14.4461 2.99
    endloop
  endfacet
  facet normal 0 0 1
    outer loop
      vertex 7.02363 14.7025 2.99
      vertex 2.53717 14.5765 2.99
      vertex 7.10394 14.4478 2.99
    endloop
  endfacet
  facet normal 0 0 1
    outer loop
      vertex 2.53717 14.5765 2.99
      vertex 7.02363 14.7025 2.99
      vertex 2.608 14.8012 2.99
    endloop
  endfacet
  facet normal 0 0 1
    outer loop
      vertex 7.02325 14.7042 2.99
      vertex 2.608 14.8012 2.99
      vertex 7.02363 14.7025 2.99
    endloop
  endfacet
  facet normal 0 0 1
    outer loop
      vertex 6.96545 14.9649 2.99
      vertex 2.608 14.8012 2.99
      vertex 7.02325 14.7042 2.99
    endloop
  endfacet
  facet normal 0 0 1
    outer loop
      vertex 2.608 14.8012 2.99
      vertex 6.96545 14.9649 2.99
      vertex 2.65898 15.0311 2.99
    endloop
  endfacet
  facet normal 0 0 1
    outer loop
      vertex 2.65898 15.0311 2.99
      vertex 6.93058 15.2297 2.99
      vertex 2.68972 15.2647 2.99
    endloop
  endfacet
  facet normal -0 0 1
    outer loop
      vertex 2.7 15.5 2.99
      vertex 6.91871 15.4983 2.99
      vertex 6.91863 15.5 2.99
    endloop
  endfacet
  facet normal 0 0 1
    outer loop
      vertex 8.02071 13.1385 2.99
      vertex 6.7378 8.98806 2.99
      vertex 8.32558 9.64574 2.99
    endloop
  endfacet
  facet normal 0 0 1
    outer loop
      vertex 6.93058 15.2297 2.99
      vertex 2.65898 15.0311 2.99
      vertex 6.96545 14.9649 2.99
    endloop
  endfacet
  facet normal 0 0 1
    outer loop
      vertex 6.93036 15.2314 2.99
      vertex 2.68972 15.2647 2.99
      vertex 6.93058 15.2297 2.99
    endloop
  endfacet
  facet normal -0 0 1
    outer loop
      vertex 2.68972 15.2647 2.99
      vertex 6.93036 15.2314 2.99
      vertex 2.7 15.5 2.99
    endloop
  endfacet
  facet normal 0 0 1
    outer loop
      vertex 6.91871 15.4983 2.99
      vertex 2.7 15.5 2.99
      vertex 6.93036 15.2314 2.99
    endloop
  endfacet
  facet normal 0 -0 1
    outer loop
      vertex 2.53717 16.4235 2.99
      vertex 7.10446 16.5539 2.99
      vertex 2.44703 16.6411 2.99
    endloop
  endfacet
  facet normal 0 0 1
    outer loop
      vertex 0.23532 18.1897 2.99
      vertex 6.7378 46.0119 2.99
      vertex 5.09873 46.5287 2.99
    endloop
  endfacet
  facet normal 0 -0 1
    outer loop
      vertex 2.68972 15.7353 2.99
      vertex 6.93058 15.7703 2.99
      vertex 2.65898 15.9688 2.99
    endloop
  endfacet
  facet normal 0 0 1
    outer loop
      vertex 0.23532 18.1897 2.99
      vertex 5.09873 46.5287 2.99
      vertex 3.42087 46.9007 2.99
    endloop
  endfacet
  facet normal 0 -0 1
    outer loop
      vertex 2.7 15.5 2.99
      vertex 6.91871 15.5017 2.99
      vertex 2.68972 15.7353 2.99
    endloop
  endfacet
  facet normal 0 0 1
    outer loop
      vertex 7.47589 13.7326 2.99
      vertex 5.09873 8.47126 2.99
      vertex 6.7378 8.98806 2.99
    endloop
  endfacet
  facet normal 0 0 1
    outer loop
      vertex 7.10446 14.4461 2.99
      vertex 2.44703 14.3589 2.99
      vertex 7.10512 14.4445 2.99
    endloop
  endfacet
  facet normal 0 0 1
    outer loop
      vertex 2.44703 14.3589 2.99
      vertex 7.10446 14.4461 2.99
      vertex 2.53717 14.5765 2.99
    endloop
  endfacet
  facet normal 0 0 1
    outer loop
      vertex 6.91871 15.5017 2.99
      vertex 2.7 15.5 2.99
      vertex 6.91863 15.5 2.99
    endloop
  endfacet
  facet normal 0 0 1
    outer loop
      vertex 6.93058 15.7703 2.99
      vertex 2.68972 15.7353 2.99
      vertex 6.93036 15.7686 2.99
    endloop
  endfacet
  facet normal 0 0 1
    outer loop
      vertex 6.96545 16.0351 2.99
      vertex 2.65898 15.9688 2.99
      vertex 6.93058 15.7703 2.99
    endloop
  endfacet
  facet normal 0 -0 1
    outer loop
      vertex 2.65898 15.9688 2.99
      vertex 6.96545 16.0351 2.99
      vertex 2.608 16.1988 2.99
    endloop
  endfacet
  facet normal 0 0 1
    outer loop
      vertex 7.02325 16.2958 2.99
      vertex 2.608 16.1988 2.99
      vertex 6.96545 16.0351 2.99
    endloop
  endfacet
  facet normal 0 0 1
    outer loop
      vertex 7.02363 16.2975 2.99
      vertex 2.608 16.1988 2.99
      vertex 7.02325 16.2958 2.99
    endloop
  endfacet
  facet normal 0 -0 1
    outer loop
      vertex 2.608 16.1988 2.99
      vertex 7.02363 16.2975 2.99
      vertex 2.53717 16.4235 2.99
    endloop
  endfacet
  facet normal 0 0 1
    outer loop
      vertex 7.10394 16.5522 2.99
      vertex 2.53717 16.4235 2.99
      vertex 7.02363 16.2975 2.99
    endloop
  endfacet
  facet normal 0 0 1
    outer loop
      vertex 0.23532 18.1897 2.99
      vertex 3.42087 46.9007 2.99
      vertex 1.71697 47.125 2.99
    endloop
  endfacet
  facet normal 0 0 1
    outer loop
      vertex 7.10446 16.5539 2.99
      vertex 2.53717 16.4235 2.99
      vertex 7.10394 16.5522 2.99
    endloop
  endfacet
  facet normal 0 0 1
    outer loop
      vertex 7.10512 16.5555 2.99
      vertex 2.44703 16.6411 2.99
      vertex 7.10446 16.5539 2.99
    endloop
  endfacet
  facet normal 0 0 1
    outer loop
      vertex 6.7378 46.0119 2.99
      vertex 1.14107 17.947 2.99
      vertex 1.35 17.8383 2.99
    endloop
  endfacet
  facet normal 0 0 1
    outer loop
      vertex 6.7378 46.0119 2.99
      vertex 0.923454 18.0372 2.99
      vertex 1.14107 17.947 2.99
    endloop
  endfacet
  facet normal 0 0 1
    outer loop
      vertex 6.7378 46.0119 2.99
      vertex 0.698811 18.108 2.99
      vertex 0.923454 18.0372 2.99
    endloop
  endfacet
  facet normal 0 0 1
    outer loop
      vertex 6.7378 46.0119 2.99
      vertex 0.468849 18.159 2.99
      vertex 0.698811 18.108 2.99
    endloop
  endfacet
  facet normal 0 0 1
    outer loop
      vertex 6.7378 46.0119 2.99
      vertex 0.23532 18.1897 2.99
      vertex 0.468849 18.159 2.99
    endloop
  endfacet
  facet normal 0 0 1
    outer loop
      vertex 0 18.2 2.99
      vertex 1.71697 47.125 2.99
      vertex 0 47.2 2.99
    endloop
  endfacet
  facet normal 0 0 1
    outer loop
      vertex 1.71697 47.125 2.99
      vertex 0 18.2 2.99
      vertex 0.23532 18.1897 2.99
    endloop
  endfacet
  facet normal -0 0 1
    outer loop
      vertex -1.71697 47.125 2.99
      vertex 0 18.2 2.99
      vertex 0 47.2 2.99
    endloop
  endfacet
  facet normal 0 0 1
    outer loop
      vertex 0 18.2 2.99
      vertex -1.71697 47.125 2.99
      vertex -0.23532 18.1897 2.99
    endloop
  endfacet
  facet normal -0 0 1
    outer loop
      vertex -3.42087 46.9007 2.99
      vertex -0.23532 18.1897 2.99
      vertex -1.71697 47.125 2.99
    endloop
  endfacet
  facet normal 0 0 1
    outer loop
      vertex -0.23532 18.1897 2.99
      vertex -3.42087 46.9007 2.99
      vertex -0.468849 18.159 2.99
    endloop
  endfacet
  facet normal 0 0 1
    outer loop
      vertex -0.468849 18.159 2.99
      vertex -3.42087 46.9007 2.99
      vertex -0.698811 18.108 2.99
    endloop
  endfacet
  facet normal 0 0 1
    outer loop
      vertex -8.2326 18.0241 2.99
      vertex -0.698811 18.108 2.99
      vertex -3.42087 46.9007 2.99
    endloop
  endfacet
  facet normal 0 0 1
    outer loop
      vertex -0.698811 18.108 2.99
      vertex -8.2326 18.0241 2.99
      vertex -0.923454 18.0372 2.99
    endloop
  endfacet
  facet normal 0 0 1
    outer loop
      vertex -0.923454 18.0372 2.99
      vertex -8.2326 18.0241 2.99
      vertex -1.14107 17.947 2.99
    endloop
  endfacet
  facet normal 0 0 1
    outer loop
      vertex -1.14107 17.947 2.99
      vertex -8.2326 18.0241 2.99
      vertex -1.35 17.8383 2.99
    endloop
  endfacet
  facet normal 0 0 1
    outer loop
      vertex -1.35 17.8383 2.99
      vertex -8.2326 18.0241 2.99
      vertex -1.54866 17.7117 2.99
    endloop
  endfacet
  facet normal -0 -0 1
    outer loop
      vertex -8.02071 17.8615 2.99
      vertex -1.54866 17.7117 2.99
      vertex -8.2326 18.0241 2.99
    endloop
  endfacet
  facet normal -0 -0 1
    outer loop
      vertex -8.01933 17.8605 2.99
      vertex -1.54866 17.7117 2.99
      vertex -8.02071 17.8615 2.99
    endloop
  endfacet
  facet normal 0 0 1
    outer loop
      vertex -1.54866 17.7117 2.99
      vertex -8.01933 17.8605 2.99
      vertex -1.73553 17.5683 2.99
    endloop
  endfacet
  facet normal -0 -0 1
    outer loop
      vertex -8.01806 17.8593 2.99
      vertex -1.73553 17.5683 2.99
      vertex -8.01933 17.8605 2.99
    endloop
  endfacet
  facet normal -0 -0 1
    outer loop
      vertex -7.82114 17.6789 2.99
      vertex -1.73553 17.5683 2.99
      vertex -8.01806 17.8593 2.99
    endloop
  endfacet
  facet normal 0 0 1
    outer loop
      vertex -1.73553 17.5683 2.99
      vertex -7.82114 17.6789 2.99
      vertex -1.90919 17.4092 2.99
    endloop
  endfacet
  facet normal -0 -0 1
    outer loop
      vertex -7.64071 17.4819 2.99
      vertex -1.90919 17.4092 2.99
      vertex -7.82114 17.6789 2.99
    endloop
  endfacet
  facet normal -0 -0 1
    outer loop
      vertex -7.63953 17.4807 2.99
      vertex -1.90919 17.4092 2.99
      vertex -7.64071 17.4819 2.99
    endloop
  endfacet
  facet normal 0 0 1
    outer loop
      vertex -1.90919 17.4092 2.99
      vertex -7.63953 17.4807 2.99
      vertex -2.06832 17.2355 2.99
    endloop
  endfacet
  facet normal -0 -0 1
    outer loop
      vertex -7.63848 17.4793 2.99
      vertex -2.06832 17.2355 2.99
      vertex -7.63953 17.4807 2.99
    endloop
  endfacet
  facet normal 0.976291 -0.216462 0
    outer loop
      vertex -19.4007 30.9209 6
      vertex -19.0287 32.5987 2.99
      vertex -19.0287 32.5987 6
    endloop
  endfacet
  facet normal 0.976291 -0.216462 0
    outer loop
      vertex -19.0287 32.5987 2.99
      vertex -19.4007 30.9209 6
      vertex -19.4007 30.9209 2.99
    endloop
  endfacet
  facet normal 0.537286 0.8434 -0
    outer loop
      vertex -9.85 10.4393 2.99
      vertex -11.2995 11.3627 6
      vertex -9.85 10.4393 6
    endloop
  endfacet
  facet normal 0.537286 0.8434 0
    outer loop
      vertex -11.2995 11.3627 6
      vertex -9.85 10.4393 2.99
      vertex -11.2995 11.3627 2.99
    endloop
  endfacet
  facet normal 0.461747 0.887012 -0
    outer loop
      vertex -8.32558 9.64574 2.99
      vertex -9.85 10.4393 6
      vertex -8.32558 9.64574 6
    endloop
  endfacet
  facet normal 0.461747 0.887012 0
    outer loop
      vertex -9.85 10.4393 6
      vertex -8.32558 9.64574 2.99
      vertex -9.85 10.4393 2.99
    endloop
  endfacet
  facet normal 0.923898 -0.38264 0
    outer loop
      vertex -18.5119 34.2378 6
      vertex -17.8543 35.8256 2.99
      vertex -17.8543 35.8256 6
    endloop
  endfacet
  facet normal 0.923898 -0.38264 0
    outer loop
      vertex -17.8543 35.8256 2.99
      vertex -18.5119 34.2378 6
      vertex -18.5119 34.2378 2.99
    endloop
  endfacet
  facet normal -0.608787 -0.793334 0
    outer loop
      vertex 1.54866 17.7117 0
      vertex 1.73553 17.5683 2.99
      vertex 1.54866 17.7117 2.99
    endloop
  endfacet
  facet normal -0.608787 -0.793334 -0
    outer loop
      vertex 1.73553 17.5683 2.99
      vertex 1.54866 17.7117 0
      vertex 1.73553 17.5683 0
    endloop
  endfacet
  facet normal -0.991445 -0.130523 0
    outer loop
      vertex 2.68972 15.7353 0
      vertex 2.65898 15.9688 2.99
      vertex 2.65898 15.9688 0
    endloop
  endfacet
  facet normal -0.991445 -0.130523 0
    outer loop
      vertex 2.65898 15.9688 2.99
      vertex 2.68972 15.7353 0
      vertex 2.68972 15.7353 2.99
    endloop
  endfacet
  facet normal -0.999047 -0.0436473 0
    outer loop
      vertex 2.7 15.5 0
      vertex 2.68972 15.7353 2.99
      vertex 2.68972 15.7353 0
    endloop
  endfacet
  facet normal -0.999047 -0.0436473 0
    outer loop
      vertex 2.68972 15.7353 2.99
      vertex 2.7 15.5 0
      vertex 2.7 15.5 2.99
    endloop
  endfacet
  facet normal -0.976305 -0.2164 0
    outer loop
      vertex 2.65898 15.9688 0
      vertex 2.608 16.1988 2.99
      vertex 2.608 16.1988 0
    endloop
  endfacet
  facet normal -0.976305 -0.2164 0
    outer loop
      vertex 2.608 16.1988 2.99
      vertex 2.65898 15.9688 0
      vertex 2.65898 15.9688 2.99
    endloop
  endfacet
  facet normal -0.0437283 -0.999043 0
    outer loop
      vertex 0 18.2 0
      vertex 0.23532 18.1897 2.99
      vertex 0 18.2 2.99
    endloop
  endfacet
  facet normal -0.0437283 -0.999043 -0
    outer loop
      vertex 0.23532 18.1897 2.99
      vertex 0 18.2 0
      vertex 0.23532 18.1897 0
    endloop
  endfacet
  facet normal 0.216515 -0.976279 0
    outer loop
      vertex -0.698811 18.108 0
      vertex -0.468849 18.159 2.99
      vertex -0.698811 18.108 2.99
    endloop
  endfacet
  facet normal 0.216515 -0.976279 0
    outer loop
      vertex -0.468849 18.159 2.99
      vertex -0.698811 18.108 0
      vertex -0.468849 18.159 0
    endloop
  endfacet
  facet normal -0.953738 0.300638 0
    outer loop
      vertex 2.53717 14.5765 0
      vertex 2.608 14.8012 2.99
      vertex 2.608 14.8012 0
    endloop
  endfacet
  facet normal -0.953738 0.300638 0
    outer loop
      vertex 2.608 14.8012 2.99
      vertex 2.53717 14.5765 0
      vertex 2.53717 14.5765 2.99
    endloop
  endfacet
  facet normal -0.382903 -0.923789 0
    outer loop
      vertex 0.923454 18.0372 0
      vertex 1.14107 17.947 2.99
      vertex 0.923454 18.0372 2.99
    endloop
  endfacet
  facet normal -0.382903 -0.923789 -0
    outer loop
      vertex 1.14107 17.947 2.99
      vertex 0.923454 18.0372 0
      vertex 1.14107 17.947 0
    endloop
  endfacet
  facet normal -0.999047 0.0436473 0
    outer loop
      vertex 2.68972 15.2647 0
      vertex 2.7 15.5 2.99
      vertex 2.7 15.5 0
    endloop
  endfacet
  facet normal -0.999047 0.0436473 0
    outer loop
      vertex 2.7 15.5 2.99
      vertex 2.68972 15.2647 0
      vertex 2.68972 15.2647 2.99
    endloop
  endfacet
  facet normal -0.382903 0.923789 0
    outer loop
      vertex 1.14107 13.053 0
      vertex 0.923454 12.9628 2.99
      vertex 1.14107 13.053 2.99
    endloop
  endfacet
  facet normal -0.382903 0.923789 0
    outer loop
      vertex 0.923454 12.9628 2.99
      vertex 1.14107 13.053 0
      vertex 0.923454 12.9628 0
    endloop
  endfacet
  facet normal -0.300591 0.953753 0
    outer loop
      vertex 0.923454 12.9628 0
      vertex 0.698811 12.892 2.99
      vertex 0.923454 12.9628 2.99
    endloop
  endfacet
  facet normal -0.300591 0.953753 0
    outer loop
      vertex 0.698811 12.892 2.99
      vertex 0.923454 12.9628 0
      vertex 0.698811 12.892 0
    endloop
  endfacet
  facet normal 0.976305 -0.2164 0
    outer loop
      vertex -2.65898 15.9688 2.99
      vertex -2.608 16.1988 0
      vertex -2.608 16.1988 2.99
    endloop
  endfacet
  facet normal 0.976305 -0.2164 0
    outer loop
      vertex -2.608 16.1988 0
      vertex -2.65898 15.9688 2.99
      vertex -2.65898 15.9688 0
    endloop
  endfacet
  facet normal -0.953738 -0.300638 0
    outer loop
      vertex 2.608 16.1988 0
      vertex 2.53717 16.4235 2.99
      vertex 2.53717 16.4235 0
    endloop
  endfacet
  facet normal -0.953738 -0.300638 0
    outer loop
      vertex 2.53717 16.4235 2.99
      vertex 2.608 16.1988 0
      vertex 2.608 16.1988 2.99
    endloop
  endfacet
  facet normal 0.923869 0.382709 0
    outer loop
      vertex -2.44703 14.3589 2.99
      vertex -2.53717 14.5765 0
      vertex -2.53717 14.5765 2.99
    endloop
  endfacet
  facet normal 0.923869 0.382709 0
    outer loop
      vertex -2.53717 14.5765 0
      vertex -2.44703 14.3589 2.99
      vertex -2.44703 14.3589 0
    endloop
  endfacet
  facet normal -0.537419 -0.843315 0
    outer loop
      vertex 1.35 17.8383 0
      vertex 1.54866 17.7117 2.99
      vertex 1.35 17.8383 2.99
    endloop
  endfacet
  facet normal -0.537419 -0.843315 -0
    outer loop
      vertex 1.54866 17.7117 2.99
      vertex 1.35 17.8383 0
      vertex 1.54866 17.7117 0
    endloop
  endfacet
  facet normal 0.991445 -0.130523 0
    outer loop
      vertex -2.68972 15.7353 2.99
      vertex -2.65898 15.9688 0
      vertex -2.65898 15.9688 2.99
    endloop
  endfacet
  facet normal 0.991445 -0.130523 0
    outer loop
      vertex -2.65898 15.9688 0
      vertex -2.68972 15.7353 2.99
      vertex -2.68972 15.7353 0
    endloop
  endfacet
  facet normal 0.675521 0.737341 -0
    outer loop
      vertex -1.73553 13.4317 0
      vertex -1.90919 13.5908 2.99
      vertex -1.73553 13.4317 2.99
    endloop
  endfacet
  facet normal 0.675521 0.737341 0
    outer loop
      vertex -1.90919 13.5908 2.99
      vertex -1.73553 13.4317 0
      vertex -1.90919 13.5908 0
    endloop
  endfacet
  facet normal 0.537419 0.843315 -0
    outer loop
      vertex -1.35 13.1617 0
      vertex -1.54866 13.2883 2.99
      vertex -1.35 13.1617 2.99
    endloop
  endfacet
  facet normal 0.537419 0.843315 0
    outer loop
      vertex -1.54866 13.2883 2.99
      vertex -1.35 13.1617 0
      vertex -1.54866 13.2883 0
    endloop
  endfacet
  facet normal 0.737355 0.675505 0
    outer loop
      vertex -1.90919 13.5908 2.99
      vertex -2.06832 13.7645 0
      vertex -2.06832 13.7645 2.99
    endloop
  endfacet
  facet normal 0.737355 0.675505 0
    outer loop
      vertex -2.06832 13.7645 0
      vertex -1.90919 13.5908 2.99
      vertex -1.90919 13.5908 0
    endloop
  endfacet
  facet normal -0.461541 -0.887119 0
    outer loop
      vertex 1.14107 17.947 0
      vertex 1.35 17.8383 2.99
      vertex 1.14107 17.947 2.99
    endloop
  endfacet
  facet normal -0.461541 -0.887119 -0
    outer loop
      vertex 1.35 17.8383 2.99
      vertex 1.14107 17.947 0
      vertex 1.35 17.8383 0
    endloop
  endfacet
  facet normal -0.608787 0.793334 0
    outer loop
      vertex 1.73553 13.4317 0
      vertex 1.54866 13.2883 2.99
      vertex 1.73553 13.4317 2.99
    endloop
  endfacet
  facet normal -0.608787 0.793334 0
    outer loop
      vertex 1.54866 13.2883 2.99
      vertex 1.73553 13.4317 0
      vertex 1.54866 13.2883 0
    endloop
  endfacet
  facet normal -0.886987 0.461794 0
    outer loop
      vertex 2.33827 14.15 0
      vertex 2.44703 14.3589 2.99
      vertex 2.44703 14.3589 0
    endloop
  endfacet
  facet normal -0.886987 0.461794 0
    outer loop
      vertex 2.44703 14.3589 2.99
      vertex 2.33827 14.15 0
      vertex 2.33827 14.15 2.99
    endloop
  endfacet
  facet normal 0.675521 -0.737341 0
    outer loop
      vertex -1.90919 17.4092 0
      vertex -1.73553 17.5683 2.99
      vertex -1.90919 17.4092 2.99
    endloop
  endfacet
  facet normal 0.675521 -0.737341 0
    outer loop
      vertex -1.73553 17.5683 2.99
      vertex -1.90919 17.4092 0
      vertex -1.73553 17.5683 0
    endloop
  endfacet
  facet normal 0.991453 0.130468 0
    outer loop
      vertex -2.65898 15.0311 2.99
      vertex -2.68972 15.2647 0
      vertex -2.68972 15.2647 2.99
    endloop
  endfacet
  facet normal 0.991453 0.130468 0
    outer loop
      vertex -2.68972 15.2647 0
      vertex -2.65898 15.0311 2.99
      vertex -2.65898 15.0311 0
    endloop
  endfacet
  facet normal 0.0437283 -0.999043 0
    outer loop
      vertex -0.23532 18.1897 0
      vertex 0 18.2 2.99
      vertex -0.23532 18.1897 2.99
    endloop
  endfacet
  facet normal 0.0437283 -0.999043 0
    outer loop
      vertex 0 18.2 2.99
      vertex -0.23532 18.1897 0
      vertex 0 18.2 0
    endloop
  endfacet
  facet normal -0.886987 -0.461794 0
    outer loop
      vertex 2.44703 16.6411 0
      vertex 2.33827 16.85 2.99
      vertex 2.33827 16.85 0
    endloop
  endfacet
  facet normal -0.886987 -0.461794 0
    outer loop
      vertex 2.33827 16.85 2.99
      vertex 2.44703 16.6411 0
      vertex 2.44703 16.6411 2.99
    endloop
  endfacet
  facet normal -0.793244 -0.608904 0
    outer loop
      vertex 2.21171 17.0487 0
      vertex 2.06832 17.2355 2.99
      vertex 2.06832 17.2355 0
    endloop
  endfacet
  facet normal -0.793244 -0.608904 0
    outer loop
      vertex 2.06832 17.2355 2.99
      vertex 2.21171 17.0487 0
      vertex 2.21171 17.0487 2.99
    endloop
  endfacet
  facet normal 0.976285 0.21649 0
    outer loop
      vertex -2.608 14.8012 2.99
      vertex -2.65898 15.0311 0
      vertex -2.65898 15.0311 2.99
    endloop
  endfacet
  facet normal 0.976285 0.21649 0
    outer loop
      vertex -2.65898 15.0311 0
      vertex -2.608 14.8012 2.99
      vertex -2.608 14.8012 0
    endloop
  endfacet
  facet normal -0.0437283 0.999043 0
    outer loop
      vertex 0.23532 12.8103 0
      vertex 0 12.8 2.99
      vertex 0.23532 12.8103 2.99
    endloop
  endfacet
  facet normal -0.0437283 0.999043 0
    outer loop
      vertex 0 12.8 2.99
      vertex 0.23532 12.8103 0
      vertex 0 12.8 0
    endloop
  endfacet
  facet normal -0.991453 0.130468 0
    outer loop
      vertex 2.65898 15.0311 0
      vertex 2.68972 15.2647 2.99
      vertex 2.68972 15.2647 0
    endloop
  endfacet
  facet normal -0.991453 0.130468 0
    outer loop
      vertex 2.68972 15.2647 2.99
      vertex 2.65898 15.0311 0
      vertex 2.65898 15.0311 2.99
    endloop
  endfacet
  facet normal -0.923869 0.382709 0
    outer loop
      vertex 2.44703 14.3589 0
      vertex 2.53717 14.5765 2.99
      vertex 2.53717 14.5765 0
    endloop
  endfacet
  facet normal -0.923869 0.382709 0
    outer loop
      vertex 2.53717 14.5765 2.99
      vertex 2.44703 14.3589 0
      vertex 2.44703 14.3589 2.99
    endloop
  endfacet
  facet normal 0.300591 -0.953753 0
    outer loop
      vertex -0.923454 18.0372 0
      vertex -0.698811 18.108 2.99
      vertex -0.923454 18.0372 2.99
    endloop
  endfacet
  facet normal 0.300591 -0.953753 0
    outer loop
      vertex -0.698811 18.108 2.99
      vertex -0.923454 18.0372 0
      vertex -0.698811 18.108 0
    endloop
  endfacet
  facet normal 0.843441 -0.537222 0
    outer loop
      vertex -2.33827 16.85 2.99
      vertex -2.21171 17.0487 0
      vertex -2.21171 17.0487 2.99
    endloop
  endfacet
  facet normal 0.843441 -0.537222 0
    outer loop
      vertex -2.21171 17.0487 0
      vertex -2.33827 16.85 2.99
      vertex -2.33827 16.85 0
    endloop
  endfacet
  facet normal 0.793244 0.608904 0
    outer loop
      vertex -2.06832 13.7645 2.99
      vertex -2.21171 13.9513 0
      vertex -2.21171 13.9513 2.99
    endloop
  endfacet
  facet normal 0.793244 0.608904 0
    outer loop
      vertex -2.21171 13.9513 0
      vertex -2.06832 13.7645 2.99
      vertex -2.06832 13.7645 0
    endloop
  endfacet
  facet normal 0.923869 -0.382709 0
    outer loop
      vertex -2.53717 16.4235 2.99
      vertex -2.44703 16.6411 0
      vertex -2.44703 16.6411 2.99
    endloop
  endfacet
  facet normal 0.923869 -0.382709 0
    outer loop
      vertex -2.44703 16.6411 0
      vertex -2.53717 16.4235 2.99
      vertex -2.53717 16.4235 0
    endloop
  endfacet
  facet normal 0.461541 -0.887119 0
    outer loop
      vertex -1.35 17.8383 0
      vertex -1.14107 17.947 2.99
      vertex -1.35 17.8383 2.99
    endloop
  endfacet
  facet normal 0.461541 -0.887119 0
    outer loop
      vertex -1.14107 17.947 2.99
      vertex -1.35 17.8383 0
      vertex -1.14107 17.947 0
    endloop
  endfacet
  facet normal -0.13034 -0.991469 0
    outer loop
      vertex 0.23532 18.1897 0
      vertex 0.468849 18.159 2.99
      vertex 0.23532 18.1897 2.99
    endloop
  endfacet
  facet normal -0.13034 -0.991469 -0
    outer loop
      vertex 0.468849 18.159 2.99
      vertex 0.23532 18.1897 0
      vertex 0.468849 18.159 0
    endloop
  endfacet
  facet normal -0.793244 0.608904 0
    outer loop
      vertex 2.06832 13.7645 0
      vertex 2.21171 13.9513 2.99
      vertex 2.21171 13.9513 0
    endloop
  endfacet
  facet normal -0.793244 0.608904 0
    outer loop
      vertex 2.21171 13.9513 2.99
      vertex 2.06832 13.7645 0
      vertex 2.06832 13.7645 2.99
    endloop
  endfacet
  facet normal -0.13034 0.991469 0
    outer loop
      vertex 0.468849 12.841 0
      vertex 0.23532 12.8103 2.99
      vertex 0.468849 12.841 2.99
    endloop
  endfacet
  facet normal -0.13034 0.991469 0
    outer loop
      vertex 0.23532 12.8103 2.99
      vertex 0.468849 12.841 0
      vertex 0.23532 12.8103 0
    endloop
  endfacet
  facet normal 0.382903 -0.923789 0
    outer loop
      vertex -1.14107 17.947 0
      vertex -0.923454 18.0372 2.99
      vertex -1.14107 17.947 2.99
    endloop
  endfacet
  facet normal 0.382903 -0.923789 0
    outer loop
      vertex -0.923454 18.0372 2.99
      vertex -1.14107 17.947 0
      vertex -0.923454 18.0372 0
    endloop
  endfacet
  facet normal -0.923869 -0.382709 0
    outer loop
      vertex 2.53717 16.4235 0
      vertex 2.44703 16.6411 2.99
      vertex 2.44703 16.6411 0
    endloop
  endfacet
  facet normal -0.923869 -0.382709 0
    outer loop
      vertex 2.44703 16.6411 2.99
      vertex 2.53717 16.4235 0
      vertex 2.53717 16.4235 2.99
    endloop
  endfacet
  facet normal 0.999047 -0.0436473 0
    outer loop
      vertex -2.7 15.5 2.99
      vertex -2.68972 15.7353 0
      vertex -2.68972 15.7353 2.99
    endloop
  endfacet
  facet normal 0.999047 -0.0436473 0
    outer loop
      vertex -2.68972 15.7353 0
      vertex -2.7 15.5 2.99
      vertex -2.7 15.5 0
    endloop
  endfacet
  facet normal -0.976285 0.21649 0
    outer loop
      vertex 2.608 14.8012 0
      vertex 2.65898 15.0311 2.99
      vertex 2.65898 15.0311 0
    endloop
  endfacet
  facet normal -0.976285 0.21649 0
    outer loop
      vertex 2.65898 15.0311 2.99
      vertex 2.608 14.8012 0
      vertex 2.608 14.8012 2.99
    endloop
  endfacet
  facet normal 0.13034 0.991469 -0
    outer loop
      vertex -0.23532 12.8103 0
      vertex -0.468849 12.841 2.99
      vertex -0.23532 12.8103 2.99
    endloop
  endfacet
  facet normal 0.13034 0.991469 0
    outer loop
      vertex -0.468849 12.841 2.99
      vertex -0.23532 12.8103 0
      vertex -0.468849 12.841 0
    endloop
  endfacet
  facet normal 0.216515 0.976279 -0
    outer loop
      vertex -0.468849 12.841 0
      vertex -0.698811 12.892 2.99
      vertex -0.468849 12.841 2.99
    endloop
  endfacet
  facet normal 0.216515 0.976279 0
    outer loop
      vertex -0.698811 12.892 2.99
      vertex -0.468849 12.841 0
      vertex -0.698811 12.892 0
    endloop
  endfacet
  facet normal 0.13034 -0.991469 0
    outer loop
      vertex -0.468849 18.159 0
      vertex -0.23532 18.1897 2.99
      vertex -0.468849 18.159 2.99
    endloop
  endfacet
  facet normal 0.13034 -0.991469 0
    outer loop
      vertex -0.23532 18.1897 2.99
      vertex -0.468849 18.159 0
      vertex -0.23532 18.1897 0
    endloop
  endfacet
  facet normal -0.216515 -0.976279 0
    outer loop
      vertex 0.468849 18.159 0
      vertex 0.698811 18.108 2.99
      vertex 0.468849 18.159 2.99
    endloop
  endfacet
  facet normal -0.216515 -0.976279 -0
    outer loop
      vertex 0.698811 18.108 2.99
      vertex 0.468849 18.159 0
      vertex 0.698811 18.108 0
    endloop
  endfacet
  facet normal 0.953738 0.300638 0
    outer loop
      vertex -2.53717 14.5765 2.99
      vertex -2.608 14.8012 0
      vertex -2.608 14.8012 2.99
    endloop
  endfacet
  facet normal 0.953738 0.300638 0
    outer loop
      vertex -2.608 14.8012 0
      vertex -2.53717 14.5765 2.99
      vertex -2.53717 14.5765 0
    endloop
  endfacet
  facet normal -0.216515 0.976279 0
    outer loop
      vertex 0.698811 12.892 0
      vertex 0.468849 12.841 2.99
      vertex 0.698811 12.892 2.99
    endloop
  endfacet
  facet normal -0.216515 0.976279 0
    outer loop
      vertex 0.468849 12.841 2.99
      vertex 0.698811 12.892 0
      vertex 0.468849 12.841 0
    endloop
  endfacet
  facet normal 0.608787 0.793334 -0
    outer loop
      vertex -1.54866 13.2883 0
      vertex -1.73553 13.4317 2.99
      vertex -1.54866 13.2883 2.99
    endloop
  endfacet
  facet normal 0.608787 0.793334 0
    outer loop
      vertex -1.73553 13.4317 2.99
      vertex -1.54866 13.2883 0
      vertex -1.73553 13.4317 0
    endloop
  endfacet
  facet normal 0.999047 0.0436473 0
    outer loop
      vertex -2.68972 15.2647 2.99
      vertex -2.7 15.5 0
      vertex -2.7 15.5 2.99
    endloop
  endfacet
  facet normal 0.999047 0.0436473 0
    outer loop
      vertex -2.7 15.5 0
      vertex -2.68972 15.2647 2.99
      vertex -2.68972 15.2647 0
    endloop
  endfacet
  facet normal 0.737355 -0.675505 0
    outer loop
      vertex -2.06832 17.2355 2.99
      vertex -1.90919 17.4092 0
      vertex -1.90919 17.4092 2.99
    endloop
  endfacet
  facet normal 0.737355 -0.675505 0
    outer loop
      vertex -1.90919 17.4092 0
      vertex -2.06832 17.2355 2.99
      vertex -2.06832 17.2355 0
    endloop
  endfacet
  facet normal 0.300591 0.953753 -0
    outer loop
      vertex -0.698811 12.892 0
      vertex -0.923454 12.9628 2.99
      vertex -0.698811 12.892 2.99
    endloop
  endfacet
  facet normal 0.300591 0.953753 0
    outer loop
      vertex -0.923454 12.9628 2.99
      vertex -0.698811 12.892 0
      vertex -0.923454 12.9628 0
    endloop
  endfacet
  facet normal -0.300591 -0.953753 0
    outer loop
      vertex 0.698811 18.108 0
      vertex 0.923454 18.0372 2.99
      vertex 0.698811 18.108 2.99
    endloop
  endfacet
  facet normal -0.300591 -0.953753 -0
    outer loop
      vertex 0.923454 18.0372 2.99
      vertex 0.698811 18.108 0
      vertex 0.923454 18.0372 0
    endloop
  endfacet
  facet normal -0.675521 0.737341 0
    outer loop
      vertex 1.90919 13.5908 0
      vertex 1.73553 13.4317 2.99
      vertex 1.90919 13.5908 2.99
    endloop
  endfacet
  facet normal -0.675521 0.737341 0
    outer loop
      vertex 1.73553 13.4317 2.99
      vertex 1.90919 13.5908 0
      vertex 1.73553 13.4317 0
    endloop
  endfacet
  facet normal -0.843441 0.537222 0
    outer loop
      vertex 2.21171 13.9513 0
      vertex 2.33827 14.15 2.99
      vertex 2.33827 14.15 0
    endloop
  endfacet
  facet normal -0.843441 0.537222 0
    outer loop
      vertex 2.33827 14.15 2.99
      vertex 2.21171 13.9513 0
      vertex 2.21171 13.9513 2.99
    endloop
  endfacet
  facet normal -0.737355 -0.675505 0
    outer loop
      vertex 2.06832 17.2355 0
      vertex 1.90919 17.4092 2.99
      vertex 1.90919 17.4092 0
    endloop
  endfacet
  facet normal -0.737355 -0.675505 0
    outer loop
      vertex 1.90919 17.4092 2.99
      vertex 2.06832 17.2355 0
      vertex 2.06832 17.2355 2.99
    endloop
  endfacet
  facet normal -0.675521 -0.737341 0
    outer loop
      vertex 1.73553 17.5683 0
      vertex 1.90919 17.4092 2.99
      vertex 1.73553 17.5683 2.99
    endloop
  endfacet
  facet normal -0.675521 -0.737341 -0
    outer loop
      vertex 1.90919 17.4092 2.99
      vertex 1.73553 17.5683 0
      vertex 1.90919 17.4092 0
    endloop
  endfacet
  facet normal 0.608787 -0.793334 0
    outer loop
      vertex -1.73553 17.5683 0
      vertex -1.54866 17.7117 2.99
      vertex -1.73553 17.5683 2.99
    endloop
  endfacet
  facet normal 0.608787 -0.793334 0
    outer loop
      vertex -1.54866 17.7117 2.99
      vertex -1.73553 17.5683 0
      vertex -1.54866 17.7117 0
    endloop
  endfacet
  facet normal 0.953738 -0.300638 0
    outer loop
      vertex -2.608 16.1988 2.99
      vertex -2.53717 16.4235 0
      vertex -2.53717 16.4235 2.99
    endloop
  endfacet
  facet normal 0.953738 -0.300638 0
    outer loop
      vertex -2.53717 16.4235 0
      vertex -2.608 16.1988 2.99
      vertex -2.608 16.1988 0
    endloop
  endfacet
  facet normal -0.843441 -0.537222 0
    outer loop
      vertex 2.33827 16.85 0
      vertex 2.21171 17.0487 2.99
      vertex 2.21171 17.0487 0
    endloop
  endfacet
  facet normal -0.843441 -0.537222 0
    outer loop
      vertex 2.21171 17.0487 2.99
      vertex 2.33827 16.85 0
      vertex 2.33827 16.85 2.99
    endloop
  endfacet
  facet normal 0.843441 0.537222 0
    outer loop
      vertex -2.21171 13.9513 2.99
      vertex -2.33827 14.15 0
      vertex -2.33827 14.15 2.99
    endloop
  endfacet
  facet normal 0.843441 0.537222 0
    outer loop
      vertex -2.33827 14.15 0
      vertex -2.21171 13.9513 2.99
      vertex -2.21171 13.9513 0
    endloop
  endfacet
  facet normal 0.0437283 0.999043 -0
    outer loop
      vertex 0 12.8 0
      vertex -0.23532 12.8103 2.99
      vertex 0 12.8 2.99
    endloop
  endfacet
  facet normal 0.0437283 0.999043 0
    outer loop
      vertex -0.23532 12.8103 2.99
      vertex 0 12.8 0
      vertex -0.23532 12.8103 0
    endloop
  endfacet
  facet normal 0.793244 -0.608904 0
    outer loop
      vertex -2.21171 17.0487 2.99
      vertex -2.06832 17.2355 0
      vertex -2.06832 17.2355 2.99
    endloop
  endfacet
  facet normal 0.793244 -0.608904 0
    outer loop
      vertex -2.06832 17.2355 0
      vertex -2.21171 17.0487 2.99
      vertex -2.21171 17.0487 0
    endloop
  endfacet
  facet normal -0.737355 0.675505 0
    outer loop
      vertex 1.90919 13.5908 0
      vertex 2.06832 13.7645 2.99
      vertex 2.06832 13.7645 0
    endloop
  endfacet
  facet normal -0.737355 0.675505 0
    outer loop
      vertex 2.06832 13.7645 2.99
      vertex 1.90919 13.5908 0
      vertex 1.90919 13.5908 2.99
    endloop
  endfacet
  facet normal 0.886987 -0.461794 0
    outer loop
      vertex -2.44703 16.6411 2.99
      vertex -2.33827 16.85 0
      vertex -2.33827 16.85 2.99
    endloop
  endfacet
  facet normal 0.886987 -0.461794 0
    outer loop
      vertex -2.33827 16.85 0
      vertex -2.44703 16.6411 2.99
      vertex -2.44703 16.6411 0
    endloop
  endfacet
  facet normal -0.537419 0.843315 0
    outer loop
      vertex 1.54866 13.2883 0
      vertex 1.35 13.1617 2.99
      vertex 1.54866 13.2883 2.99
    endloop
  endfacet
  facet normal -0.537419 0.843315 0
    outer loop
      vertex 1.35 13.1617 2.99
      vertex 1.54866 13.2883 0
      vertex 1.35 13.1617 0
    endloop
  endfacet
  facet normal -0.461541 0.887119 0
    outer loop
      vertex 1.35 13.1617 0
      vertex 1.14107 13.053 2.99
      vertex 1.35 13.1617 2.99
    endloop
  endfacet
  facet normal -0.461541 0.887119 0
    outer loop
      vertex 1.14107 13.053 2.99
      vertex 1.35 13.1617 0
      vertex 1.14107 13.053 0
    endloop
  endfacet
  facet normal 0.382903 0.923789 -0
    outer loop
      vertex -0.923454 12.9628 0
      vertex -1.14107 13.053 2.99
      vertex -0.923454 12.9628 2.99
    endloop
  endfacet
  facet normal 0.382903 0.923789 0
    outer loop
      vertex -1.14107 13.053 2.99
      vertex -0.923454 12.9628 0
      vertex -1.14107 13.053 0
    endloop
  endfacet
  facet normal 0.886987 0.461794 0
    outer loop
      vertex -2.33827 14.15 2.99
      vertex -2.44703 14.3589 0
      vertex -2.44703 14.3589 2.99
    endloop
  endfacet
  facet normal 0.886987 0.461794 0
    outer loop
      vertex -2.44703 14.3589 0
      vertex -2.33827 14.15 2.99
      vertex -2.33827 14.15 0
    endloop
  endfacet
  facet normal 0.537419 -0.843315 0
    outer loop
      vertex -1.54866 17.7117 0
      vertex -1.35 17.8383 2.99
      vertex -1.54866 17.7117 2.99
    endloop
  endfacet
  facet normal 0.537419 -0.843315 0
    outer loop
      vertex -1.35 17.8383 2.99
      vertex -1.54866 17.7117 0
      vertex -1.35 17.8383 0
    endloop
  endfacet
  facet normal 0.461541 0.887119 -0
    outer loop
      vertex -1.14107 13.053 0
      vertex -1.35 13.1617 2.99
      vertex -1.14107 13.053 2.99
    endloop
  endfacet
  facet normal 0.461541 0.887119 0
    outer loop
      vertex -1.35 13.1617 2.99
      vertex -1.14107 13.053 0
      vertex -1.35 13.1617 0
    endloop
  endfacet
endsolid OpenSCAD_Model
