solid OpenSCAD_Model
  facet normal -0.843404 0.537281 0
    outer loop
      vertex -2.90119 17.175 -7.62939e-07
      vertex -2.74416 17.4215 1.7
      vertex -2.74416 17.4215 -7.62939e-07
    endloop
  endfacet
  facet normal -0.843404 0.537281 0
    outer loop
      vertex -2.74416 17.4215 1.7
      vertex -2.90119 17.175 -7.62939e-07
      vertex -2.90119 17.175 1.7
    endloop
  endfacet
  facet normal 0.991445 0.130527 0
    outer loop
      vertex 3.33725 15.792 1.7
      vertex 3.29911 16.0817 -7.62939e-07
      vertex 3.29911 16.0817 1.7
    endloop
  endfacet
  facet normal 0.991445 0.130527 0
    outer loop
      vertex 3.29911 16.0817 -7.62939e-07
      vertex 3.33725 15.792 1.7
      vertex 3.33725 15.792 -7.62939e-07
    endloop
  endfacet
  facet normal 0.999048 0.0436228 0
    outer loop
      vertex 3.35 15.5 1.7
      vertex 3.33725 15.792 -7.62939e-07
      vertex 3.33725 15.792 1.7
    endloop
  endfacet
  facet normal 0.999048 0.0436228 0
    outer loop
      vertex 3.33725 15.792 -7.62939e-07
      vertex 3.35 15.5 1.7
      vertex 3.35 15.5 -7.62939e-07
    endloop
  endfacet
  facet normal -0.300761 0.9537 0
    outer loop
      vertex -0.867043 18.7359 -7.62939e-07
      vertex -1.14577 18.648 1.7
      vertex -0.867043 18.7359 1.7
    endloop
  endfacet
  facet normal -0.300761 0.9537 0
    outer loop
      vertex -1.14577 18.648 1.7
      vertex -0.867043 18.7359 -7.62939e-07
      vertex -1.14577 18.648 -7.62939e-07
    endloop
  endfacet
  facet normal 0.923877 0.38269 0
    outer loop
      vertex 3.14797 16.6458 1.7
      vertex 3.03613 16.9158 -7.62939e-07
      vertex 3.03613 16.9158 1.7
    endloop
  endfacet
  facet normal 0.923877 0.38269 0
    outer loop
      vertex 3.03613 16.9158 -7.62939e-07
      vertex 3.14797 16.6458 1.7
      vertex 3.14797 16.6458 -7.62939e-07
    endloop
  endfacet
  facet normal 0.0434564 -0.999055 0
    outer loop
      vertex 0 12.15 -7.62939e-07
      vertex 0.291971 12.1627 1.7
      vertex 0 12.15 1.7
    endloop
  endfacet
  facet normal 0.0434564 -0.999055 0
    outer loop
      vertex 0.291971 12.1627 1.7
      vertex 0 12.15 -7.62939e-07
      vertex 0.291971 12.1627 -7.62939e-07
    endloop
  endfacet
  facet normal 0.60895 0.793209 -0
    outer loop
      vertex 2.15334 18.0662 -7.62939e-07
      vertex 1.92148 18.2442 1.7
      vertex 2.15334 18.0662 1.7
    endloop
  endfacet
  facet normal 0.60895 0.793209 0
    outer loop
      vertex 1.92148 18.2442 1.7
      vertex 2.15334 18.0662 -7.62939e-07
      vertex 1.92148 18.2442 -7.62939e-07
    endloop
  endfacet
  facet normal 0.976288 -0.216474 0
    outer loop
      vertex 3.23585 14.633 1.7
      vertex 3.29911 14.9183 -7.62939e-07
      vertex 3.29911 14.9183 1.7
    endloop
  endfacet
  facet normal 0.976288 -0.216474 0
    outer loop
      vertex 3.29911 14.9183 -7.62939e-07
      vertex 3.23585 14.633 1.7
      vertex 3.23585 14.633 -7.62939e-07
    endloop
  endfacet
  facet normal -0.991445 -0.130527 0
    outer loop
      vertex -3.29911 14.9183 -7.62939e-07
      vertex -3.33725 15.208 1.7
      vertex -3.33725 15.208 -7.62939e-07
    endloop
  endfacet
  facet normal -0.991445 -0.130527 0
    outer loop
      vertex -3.33725 15.208 1.7
      vertex -3.29911 14.9183 -7.62939e-07
      vertex -3.29911 14.9183 1.7
    endloop
  endfacet
  facet normal -0.737327 -0.675536 0
    outer loop
      vertex -2.36881 13.1312 -7.62939e-07
      vertex -2.56625 13.3467 1.7
      vertex -2.56625 13.3467 -7.62939e-07
    endloop
  endfacet
  facet normal -0.737327 -0.675536 0
    outer loop
      vertex -2.56625 13.3467 1.7
      vertex -2.36881 13.1312 -7.62939e-07
      vertex -2.36881 13.1312 1.7
    endloop
  endfacet
  facet normal 0.675512 0.737349 -0
    outer loop
      vertex 2.36881 17.8688 -7.62939e-07
      vertex 2.15334 18.0662 1.7
      vertex 2.36881 17.8688 1.7
    endloop
  endfacet
  facet normal 0.675512 0.737349 0
    outer loop
      vertex 2.15334 18.0662 1.7
      vertex 2.36881 17.8688 -7.62939e-07
      vertex 2.15334 18.0662 -7.62939e-07
    endloop
  endfacet
  facet normal -0.886998 -0.461773 0
    outer loop
      vertex -2.90119 13.825 -7.62939e-07
      vertex -3.03613 14.0842 1.7
      vertex -3.03613 14.0842 -7.62939e-07
    endloop
  endfacet
  facet normal -0.886998 -0.461773 0
    outer loop
      vertex -3.03613 14.0842 1.7
      vertex -2.90119 13.825 -7.62939e-07
      vertex -2.90119 13.825 1.7
    endloop
  endfacet
  facet normal 0.300761 0.9537 -0
    outer loop
      vertex 1.14577 18.648 -7.62939e-07
      vertex 0.867043 18.7359 1.7
      vertex 1.14577 18.648 1.7
    endloop
  endfacet
  facet normal 0.300761 0.9537 0
    outer loop
      vertex 0.867043 18.7359 1.7
      vertex 1.14577 18.648 -7.62939e-07
      vertex 0.867043 18.7359 -7.62939e-07
    endloop
  endfacet
  facet normal 0.461623 -0.887076 0
    outer loop
      vertex 1.41577 12.4639 -7.62939e-07
      vertex 1.675 12.5988 1.7
      vertex 1.41577 12.4639 1.7
    endloop
  endfacet
  facet normal 0.461623 -0.887076 0
    outer loop
      vertex 1.675 12.5988 1.7
      vertex 1.41577 12.4639 -7.62939e-07
      vertex 1.675 12.5988 -7.62939e-07
    endloop
  endfacet
  facet normal -0.793281 0.608855 0
    outer loop
      vertex -2.74416 17.4215 -7.62939e-07
      vertex -2.56625 17.6533 1.7
      vertex -2.56625 17.6533 -7.62939e-07
    endloop
  endfacet
  facet normal -0.793281 0.608855 0
    outer loop
      vertex -2.56625 17.6533 1.7
      vertex -2.74416 17.4215 -7.62939e-07
      vertex -2.74416 17.4215 1.7
    endloop
  endfacet
  facet normal 0.382865 0.923804 -0
    outer loop
      vertex 1.41577 18.5361 -7.62939e-07
      vertex 1.14577 18.648 1.7
      vertex 1.41577 18.5361 1.7
    endloop
  endfacet
  facet normal 0.382865 0.923804 0
    outer loop
      vertex 1.14577 18.648 1.7
      vertex 1.41577 18.5361 -7.62939e-07
      vertex 1.14577 18.648 -7.62939e-07
    endloop
  endfacet
  facet normal 0.216262 0.976335 -0
    outer loop
      vertex 0.867043 18.7359 -7.62939e-07
      vertex 0.581721 18.7991 1.7
      vertex 0.867043 18.7359 1.7
    endloop
  endfacet
  facet normal 0.216262 0.976335 0
    outer loop
      vertex 0.581721 18.7991 1.7
      vertex 0.867043 18.7359 -7.62939e-07
      vertex 0.581721 18.7991 -7.62939e-07
    endloop
  endfacet
  facet normal 0.737327 -0.675536 0
    outer loop
      vertex 2.36881 13.1312 1.7
      vertex 2.56625 13.3467 -7.62939e-07
      vertex 2.56625 13.3467 1.7
    endloop
  endfacet
  facet normal 0.737327 -0.675536 0
    outer loop
      vertex 2.56625 13.3467 -7.62939e-07
      vertex 2.36881 13.1312 1.7
      vertex 2.36881 13.1312 -7.62939e-07
    endloop
  endfacet
  facet normal 0.793281 -0.608855 0
    outer loop
      vertex 2.56625 13.3467 1.7
      vertex 2.74416 13.5785 -7.62939e-07
      vertex 2.74416 13.5785 1.7
    endloop
  endfacet
  facet normal 0.793281 -0.608855 0
    outer loop
      vertex 2.74416 13.5785 -7.62939e-07
      vertex 2.56625 13.3467 1.7
      vertex 2.56625 13.3467 -7.62939e-07
    endloop
  endfacet
  facet normal 0.953742 0.300627 0
    outer loop
      vertex 3.23585 16.367 1.7
      vertex 3.14797 16.6458 -7.62939e-07
      vertex 3.14797 16.6458 1.7
    endloop
  endfacet
  facet normal 0.953742 0.300627 0
    outer loop
      vertex 3.14797 16.6458 -7.62939e-07
      vertex 3.23585 16.367 1.7
      vertex 3.23585 16.367 -7.62939e-07
    endloop
  endfacet
  facet normal -0.675512 -0.737349 0
    outer loop
      vertex -2.36881 13.1312 -7.62939e-07
      vertex -2.15334 12.9338 1.7
      vertex -2.36881 13.1312 1.7
    endloop
  endfacet
  facet normal -0.675512 -0.737349 -0
    outer loop
      vertex -2.15334 12.9338 1.7
      vertex -2.36881 13.1312 -7.62939e-07
      vertex -2.15334 12.9338 -7.62939e-07
    endloop
  endfacet
  facet normal 0.216262 -0.976335 0
    outer loop
      vertex 0.581721 12.2009 -7.62939e-07
      vertex 0.867043 12.2641 1.7
      vertex 0.581721 12.2009 1.7
    endloop
  endfacet
  facet normal 0.216262 -0.976335 0
    outer loop
      vertex 0.867043 12.2641 1.7
      vertex 0.581721 12.2009 -7.62939e-07
      vertex 0.867043 12.2641 -7.62939e-07
    endloop
  endfacet
  facet normal -0.675512 0.737349 0
    outer loop
      vertex -2.15334 18.0662 -7.62939e-07
      vertex -2.36881 17.8688 1.7
      vertex -2.15334 18.0662 1.7
    endloop
  endfacet
  facet normal -0.675512 0.737349 0
    outer loop
      vertex -2.36881 17.8688 1.7
      vertex -2.15334 18.0662 -7.62939e-07
      vertex -2.36881 17.8688 -7.62939e-07
    endloop
  endfacet
  facet normal 0.537239 0.84343 -0
    outer loop
      vertex 1.92148 18.2442 -7.62939e-07
      vertex 1.675 18.4012 1.7
      vertex 1.92148 18.2442 1.7
    endloop
  endfacet
  facet normal 0.537239 0.84343 0
    outer loop
      vertex 1.675 18.4012 1.7
      vertex 1.92148 18.2442 -7.62939e-07
      vertex 1.675 18.4012 -7.62939e-07
    endloop
  endfacet
  facet normal 0.300761 -0.9537 0
    outer loop
      vertex 0.867043 12.2641 -7.62939e-07
      vertex 1.14577 12.352 1.7
      vertex 0.867043 12.2641 1.7
    endloop
  endfacet
  facet normal 0.300761 -0.9537 0
    outer loop
      vertex 1.14577 12.352 1.7
      vertex 0.867043 12.2641 -7.62939e-07
      vertex 1.14577 12.352 -7.62939e-07
    endloop
  endfacet
  facet normal 0.130707 0.991421 -0
    outer loop
      vertex 0.581721 18.7991 -7.62939e-07
      vertex 0.291971 18.8373 1.7
      vertex 0.581721 18.7991 1.7
    endloop
  endfacet
  facet normal 0.130707 0.991421 0
    outer loop
      vertex 0.291971 18.8373 1.7
      vertex 0.581721 18.7991 -7.62939e-07
      vertex 0.291971 18.8373 -7.62939e-07
    endloop
  endfacet
  facet normal 0.886998 0.461773 0
    outer loop
      vertex 3.03613 16.9158 1.7
      vertex 2.90119 17.175 -7.62939e-07
      vertex 2.90119 17.175 1.7
    endloop
  endfacet
  facet normal 0.886998 0.461773 0
    outer loop
      vertex 2.90119 17.175 -7.62939e-07
      vertex 3.03613 16.9158 1.7
      vertex 3.03613 16.9158 -7.62939e-07
    endloop
  endfacet
  facet normal 0.461623 0.887076 -0
    outer loop
      vertex 1.675 18.4012 -7.62939e-07
      vertex 1.41577 18.5361 1.7
      vertex 1.675 18.4012 1.7
    endloop
  endfacet
  facet normal 0.461623 0.887076 0
    outer loop
      vertex 1.41577 18.5361 1.7
      vertex 1.675 18.4012 -7.62939e-07
      vertex 1.41577 18.5361 -7.62939e-07
    endloop
  endfacet
  facet normal 0.382865 -0.923804 0
    outer loop
      vertex 1.14577 12.352 -7.62939e-07
      vertex 1.41577 12.4639 1.7
      vertex 1.14577 12.352 1.7
    endloop
  endfacet
  facet normal 0.382865 -0.923804 0
    outer loop
      vertex 1.41577 12.4639 1.7
      vertex 1.14577 12.352 -7.62939e-07
      vertex 1.41577 12.4639 -7.62939e-07
    endloop
  endfacet
  facet normal 0.793281 0.608855 0
    outer loop
      vertex 2.74416 17.4215 1.7
      vertex 2.56625 17.6533 -7.62939e-07
      vertex 2.56625 17.6533 1.7
    endloop
  endfacet
  facet normal 0.793281 0.608855 0
    outer loop
      vertex 2.56625 17.6533 -7.62939e-07
      vertex 2.74416 17.4215 1.7
      vertex 2.74416 17.4215 -7.62939e-07
    endloop
  endfacet
  facet normal -0.737327 0.675536 0
    outer loop
      vertex -2.56625 17.6533 -7.62939e-07
      vertex -2.36881 17.8688 1.7
      vertex -2.36881 17.8688 -7.62939e-07
    endloop
  endfacet
  facet normal -0.737327 0.675536 0
    outer loop
      vertex -2.36881 17.8688 1.7
      vertex -2.56625 17.6533 -7.62939e-07
      vertex -2.56625 17.6533 1.7
    endloop
  endfacet
  facet normal -0.999048 0.0436228 0
    outer loop
      vertex -3.35 15.5 -7.62939e-07
      vertex -3.33725 15.792 1.7
      vertex -3.33725 15.792 -7.62939e-07
    endloop
  endfacet
  facet normal -0.999048 0.0436228 0
    outer loop
      vertex -3.33725 15.792 1.7
      vertex -3.35 15.5 -7.62939e-07
      vertex -3.35 15.5 1.7
    endloop
  endfacet
  facet normal -0.953742 -0.300627 0
    outer loop
      vertex -3.14797 14.3542 -7.62939e-07
      vertex -3.23585 14.633 1.7
      vertex -3.23585 14.633 -7.62939e-07
    endloop
  endfacet
  facet normal -0.953742 -0.300627 0
    outer loop
      vertex -3.23585 14.633 1.7
      vertex -3.14797 14.3542 -7.62939e-07
      vertex -3.14797 14.3542 1.7
    endloop
  endfacet
  facet normal -0.216262 0.976335 0
    outer loop
      vertex -0.581721 18.7991 -7.62939e-07
      vertex -0.867043 18.7359 1.7
      vertex -0.581721 18.7991 1.7
    endloop
  endfacet
  facet normal -0.216262 0.976335 0
    outer loop
      vertex -0.867043 18.7359 1.7
      vertex -0.581721 18.7991 -7.62939e-07
      vertex -0.867043 18.7359 -7.62939e-07
    endloop
  endfacet
  facet normal -0.461623 0.887076 0
    outer loop
      vertex -1.41577 18.5361 -7.62939e-07
      vertex -1.675 18.4012 1.7
      vertex -1.41577 18.5361 1.7
    endloop
  endfacet
  facet normal -0.461623 0.887076 0
    outer loop
      vertex -1.675 18.4012 1.7
      vertex -1.41577 18.5361 -7.62939e-07
      vertex -1.675 18.4012 -7.62939e-07
    endloop
  endfacet
  facet normal 0.843404 0.537281 0
    outer loop
      vertex 2.90119 17.175 1.7
      vertex 2.74416 17.4215 -7.62939e-07
      vertex 2.74416 17.4215 1.7
    endloop
  endfacet
  facet normal 0.843404 0.537281 0
    outer loop
      vertex 2.74416 17.4215 -7.62939e-07
      vertex 2.90119 17.175 1.7
      vertex 2.90119 17.175 -7.62939e-07
    endloop
  endfacet
  facet normal -0.537239 0.84343 0
    outer loop
      vertex -1.675 18.4012 -7.62939e-07
      vertex -1.92148 18.2442 1.7
      vertex -1.675 18.4012 1.7
    endloop
  endfacet
  facet normal -0.537239 0.84343 0
    outer loop
      vertex -1.92148 18.2442 1.7
      vertex -1.675 18.4012 -7.62939e-07
      vertex -1.92148 18.2442 -7.62939e-07
    endloop
  endfacet
  facet normal 0.0434564 0.999055 -0
    outer loop
      vertex 0.291971 18.8373 -7.62939e-07
      vertex 0 18.85 1.7
      vertex 0.291971 18.8373 1.7
    endloop
  endfacet
  facet normal 0.0434564 0.999055 0
    outer loop
      vertex 0 18.85 1.7
      vertex 0.291971 18.8373 -7.62939e-07
      vertex 0 18.85 -7.62939e-07
    endloop
  endfacet
  facet normal 0.953742 -0.300627 0
    outer loop
      vertex 3.14797 14.3542 1.7
      vertex 3.23585 14.633 -7.62939e-07
      vertex 3.23585 14.633 1.7
    endloop
  endfacet
  facet normal 0.953742 -0.300627 0
    outer loop
      vertex 3.23585 14.633 -7.62939e-07
      vertex 3.14797 14.3542 1.7
      vertex 3.14797 14.3542 -7.62939e-07
    endloop
  endfacet
  facet normal 0.991445 -0.130527 0
    outer loop
      vertex 3.29911 14.9183 1.7
      vertex 3.33725 15.208 -7.62939e-07
      vertex 3.33725 15.208 1.7
    endloop
  endfacet
  facet normal 0.991445 -0.130527 0
    outer loop
      vertex 3.33725 15.208 -7.62939e-07
      vertex 3.29911 14.9183 1.7
      vertex 3.29911 14.9183 -7.62939e-07
    endloop
  endfacet
  facet normal 0.843404 -0.537281 0
    outer loop
      vertex 2.74416 13.5785 1.7
      vertex 2.90119 13.825 -7.62939e-07
      vertex 2.90119 13.825 1.7
    endloop
  endfacet
  facet normal 0.843404 -0.537281 0
    outer loop
      vertex 2.90119 13.825 -7.62939e-07
      vertex 2.74416 13.5785 1.7
      vertex 2.74416 13.5785 -7.62939e-07
    endloop
  endfacet
  facet normal -0.60895 0.793209 0
    outer loop
      vertex -1.92148 18.2442 -7.62939e-07
      vertex -2.15334 18.0662 1.7
      vertex -1.92148 18.2442 1.7
    endloop
  endfacet
  facet normal -0.60895 0.793209 0
    outer loop
      vertex -2.15334 18.0662 1.7
      vertex -1.92148 18.2442 -7.62939e-07
      vertex -2.15334 18.0662 -7.62939e-07
    endloop
  endfacet
  facet normal 0.537239 -0.84343 0
    outer loop
      vertex 1.675 12.5988 -7.62939e-07
      vertex 1.92148 12.7558 1.7
      vertex 1.675 12.5988 1.7
    endloop
  endfacet
  facet normal 0.537239 -0.84343 0
    outer loop
      vertex 1.92148 12.7558 1.7
      vertex 1.675 12.5988 -7.62939e-07
      vertex 1.92148 12.7558 -7.62939e-07
    endloop
  endfacet
  facet normal -0.461623 -0.887076 0
    outer loop
      vertex -1.675 12.5988 -7.62939e-07
      vertex -1.41577 12.4639 1.7
      vertex -1.675 12.5988 1.7
    endloop
  endfacet
  facet normal -0.461623 -0.887076 -0
    outer loop
      vertex -1.41577 12.4639 1.7
      vertex -1.675 12.5988 -7.62939e-07
      vertex -1.41577 12.4639 -7.62939e-07
    endloop
  endfacet
  facet normal 0.737327 0.675536 0
    outer loop
      vertex 2.56625 17.6533 1.7
      vertex 2.36881 17.8688 -7.62939e-07
      vertex 2.36881 17.8688 1.7
    endloop
  endfacet
  facet normal 0.737327 0.675536 0
    outer loop
      vertex 2.36881 17.8688 -7.62939e-07
      vertex 2.56625 17.6533 1.7
      vertex 2.56625 17.6533 -7.62939e-07
    endloop
  endfacet
  facet normal -0.382865 -0.923804 0
    outer loop
      vertex -1.41577 12.4639 -7.62939e-07
      vertex -1.14577 12.352 1.7
      vertex -1.41577 12.4639 1.7
    endloop
  endfacet
  facet normal -0.382865 -0.923804 -0
    outer loop
      vertex -1.14577 12.352 1.7
      vertex -1.41577 12.4639 -7.62939e-07
      vertex -1.14577 12.352 -7.62939e-07
    endloop
  endfacet
  facet normal 0.923877 -0.38269 0
    outer loop
      vertex 3.03613 14.0842 1.7
      vertex 3.14797 14.3542 -7.62939e-07
      vertex 3.14797 14.3542 1.7
    endloop
  endfacet
  facet normal 0.923877 -0.38269 0
    outer loop
      vertex 3.14797 14.3542 -7.62939e-07
      vertex 3.03613 14.0842 1.7
      vertex 3.03613 14.0842 -7.62939e-07
    endloop
  endfacet
  facet normal -0.382865 0.923804 0
    outer loop
      vertex -1.14577 18.648 -7.62939e-07
      vertex -1.41577 18.5361 1.7
      vertex -1.14577 18.648 1.7
    endloop
  endfacet
  facet normal -0.382865 0.923804 0
    outer loop
      vertex -1.41577 18.5361 1.7
      vertex -1.14577 18.648 -7.62939e-07
      vertex -1.41577 18.5361 -7.62939e-07
    endloop
  endfacet
  facet normal -0.216262 -0.976335 0
    outer loop
      vertex -0.867043 12.2641 -7.62939e-07
      vertex -0.581721 12.2009 1.7
      vertex -0.867043 12.2641 1.7
    endloop
  endfacet
  facet normal -0.216262 -0.976335 -0
    outer loop
      vertex -0.581721 12.2009 1.7
      vertex -0.867043 12.2641 -7.62939e-07
      vertex -0.581721 12.2009 -7.62939e-07
    endloop
  endfacet
  facet normal 0 0 1
    outer loop
      vertex 2.7 15.5 1.7
      vertex 3.35 15.5 1.7
      vertex 3.33725 15.792 1.7
    endloop
  endfacet
  facet normal 0 0 1
    outer loop
      vertex 2.68972 15.7353 1.7
      vertex 3.33725 15.792 1.7
      vertex 3.29911 16.0817 1.7
    endloop
  endfacet
  facet normal 0 0 1
    outer loop
      vertex 3.35 15.5 1.7
      vertex 2.7 15.5 1.7
      vertex 3.33725 15.208 1.7
    endloop
  endfacet
  facet normal 0 0 1
    outer loop
      vertex 2.65898 15.9688 1.7
      vertex 3.29911 16.0817 1.7
      vertex 3.23585 16.367 1.7
    endloop
  endfacet
  facet normal -0 0 1
    outer loop
      vertex 2.68972 15.2647 1.7
      vertex 3.33725 15.208 1.7
      vertex 2.7 15.5 1.7
    endloop
  endfacet
  facet normal 0 0 1
    outer loop
      vertex 2.608 16.1988 1.7
      vertex 3.23585 16.367 1.7
      vertex 3.14797 16.6458 1.7
    endloop
  endfacet
  facet normal 0 0 1
    outer loop
      vertex 3.33725 15.208 1.7
      vertex 2.68972 15.2647 1.7
      vertex 3.29911 14.9183 1.7
    endloop
  endfacet
  facet normal 0 0 1
    outer loop
      vertex 2.53717 16.4235 1.7
      vertex 3.14797 16.6458 1.7
      vertex 3.03613 16.9158 1.7
    endloop
  endfacet
  facet normal -0 0 1
    outer loop
      vertex 2.65898 15.0311 1.7
      vertex 3.29911 14.9183 1.7
      vertex 2.68972 15.2647 1.7
    endloop
  endfacet
  facet normal 0 0 1
    outer loop
      vertex 2.44703 16.6411 1.7
      vertex 3.03613 16.9158 1.7
      vertex 2.90119 17.175 1.7
    endloop
  endfacet
  facet normal 0 0 1
    outer loop
      vertex 3.29911 14.9183 1.7
      vertex 2.65898 15.0311 1.7
      vertex 3.23585 14.633 1.7
    endloop
  endfacet
  facet normal 0 0 1
    outer loop
      vertex 2.33827 16.85 1.7
      vertex 2.90119 17.175 1.7
      vertex 2.74416 17.4215 1.7
    endloop
  endfacet
  facet normal -0 0 1
    outer loop
      vertex 2.608 14.8012 1.7
      vertex 3.23585 14.633 1.7
      vertex 2.65898 15.0311 1.7
    endloop
  endfacet
  facet normal 0 0 1
    outer loop
      vertex 3.23585 14.633 1.7
      vertex 2.608 14.8012 1.7
      vertex 3.14797 14.3542 1.7
    endloop
  endfacet
  facet normal 0 0 1
    outer loop
      vertex 3.33725 15.792 1.7
      vertex 2.68972 15.7353 1.7
      vertex 2.7 15.5 1.7
    endloop
  endfacet
  facet normal 0 0 1
    outer loop
      vertex 3.29911 16.0817 1.7
      vertex 2.65898 15.9688 1.7
      vertex 2.68972 15.7353 1.7
    endloop
  endfacet
  facet normal 0 0 1
    outer loop
      vertex 3.23585 16.367 1.7
      vertex 2.608 16.1988 1.7
      vertex 2.65898 15.9688 1.7
    endloop
  endfacet
  facet normal 0 0 1
    outer loop
      vertex 2.21171 17.0487 1.7
      vertex 2.74416 17.4215 1.7
      vertex 2.56625 17.6533 1.7
    endloop
  endfacet
  facet normal 0 0 1
    outer loop
      vertex 3.14797 16.6458 1.7
      vertex 2.53717 16.4235 1.7
      vertex 2.608 16.1988 1.7
    endloop
  endfacet
  facet normal 0 0 1
    outer loop
      vertex 3.03613 16.9158 1.7
      vertex 2.44703 16.6411 1.7
      vertex 2.53717 16.4235 1.7
    endloop
  endfacet
  facet normal 0 0 1
    outer loop
      vertex 2.06832 17.2355 1.7
      vertex 2.56625 17.6533 1.7
      vertex 2.36881 17.8688 1.7
    endloop
  endfacet
  facet normal 0 0 1
    outer loop
      vertex 2.90119 17.175 1.7
      vertex 2.33827 16.85 1.7
      vertex 2.44703 16.6411 1.7
    endloop
  endfacet
  facet normal 0 0 1
    outer loop
      vertex 2.74416 17.4215 1.7
      vertex 2.21171 17.0487 1.7
      vertex 2.33827 16.85 1.7
    endloop
  endfacet
  facet normal 0 0 1
    outer loop
      vertex 1.90919 17.4092 1.7
      vertex 2.36881 17.8688 1.7
      vertex 2.15334 18.0662 1.7
    endloop
  endfacet
  facet normal 0 0 1
    outer loop
      vertex 2.56625 17.6533 1.7
      vertex 2.06832 17.2355 1.7
      vertex 2.21171 17.0487 1.7
    endloop
  endfacet
  facet normal 0 0 1
    outer loop
      vertex 1.73553 17.5683 1.7
      vertex 2.15334 18.0662 1.7
      vertex 1.92148 18.2442 1.7
    endloop
  endfacet
  facet normal 0 0 1
    outer loop
      vertex 2.36881 17.8688 1.7
      vertex 1.90919 17.4092 1.7
      vertex 2.06832 17.2355 1.7
    endloop
  endfacet
  facet normal 0 0 1
    outer loop
      vertex 2.15334 18.0662 1.7
      vertex 1.73553 17.5683 1.7
      vertex 1.90919 17.4092 1.7
    endloop
  endfacet
  facet normal 0 0 1
    outer loop
      vertex 1.54866 17.7117 1.7
      vertex 1.92148 18.2442 1.7
      vertex 1.675 18.4012 1.7
    endloop
  endfacet
  facet normal 0 0 1
    outer loop
      vertex 1.92148 18.2442 1.7
      vertex 1.54866 17.7117 1.7
      vertex 1.73553 17.5683 1.7
    endloop
  endfacet
  facet normal 0 0 1
    outer loop
      vertex 1.35 17.8383 1.7
      vertex 1.675 18.4012 1.7
      vertex 1.41577 18.5361 1.7
    endloop
  endfacet
  facet normal 0 0 1
    outer loop
      vertex 1.675 18.4012 1.7
      vertex 1.35 17.8383 1.7
      vertex 1.54866 17.7117 1.7
    endloop
  endfacet
  facet normal 0 0 1
    outer loop
      vertex 1.14107 17.947 1.7
      vertex 1.41577 18.5361 1.7
      vertex 1.14577 18.648 1.7
    endloop
  endfacet
  facet normal 0 0 1
    outer loop
      vertex 1.41577 18.5361 1.7
      vertex 1.14107 17.947 1.7
      vertex 1.35 17.8383 1.7
    endloop
  endfacet
  facet normal 0 0 1
    outer loop
      vertex 1.14577 18.648 1.7
      vertex 0.923454 18.0372 1.7
      vertex 1.14107 17.947 1.7
    endloop
  endfacet
  facet normal 0 0 1
    outer loop
      vertex 0.867043 18.7359 1.7
      vertex 0.923454 18.0372 1.7
      vertex 1.14577 18.648 1.7
    endloop
  endfacet
  facet normal 0 0 1
    outer loop
      vertex 0.867043 18.7359 1.7
      vertex 0.698811 18.108 1.7
      vertex 0.923454 18.0372 1.7
    endloop
  endfacet
  facet normal 0 0 1
    outer loop
      vertex 0.581721 18.7991 1.7
      vertex 0.698811 18.108 1.7
      vertex 0.867043 18.7359 1.7
    endloop
  endfacet
  facet normal 0 0 1
    outer loop
      vertex 0.581721 18.7991 1.7
      vertex 0.468849 18.159 1.7
      vertex 0.698811 18.108 1.7
    endloop
  endfacet
  facet normal 0 0 1
    outer loop
      vertex 0.291971 18.8373 1.7
      vertex 0.468849 18.159 1.7
      vertex 0.581721 18.7991 1.7
    endloop
  endfacet
  facet normal 0 0 1
    outer loop
      vertex 0.291971 18.8373 1.7
      vertex 0.23532 18.1897 1.7
      vertex 0.468849 18.159 1.7
    endloop
  endfacet
  facet normal 0 0 1
    outer loop
      vertex 0 18.85 1.7
      vertex 0.23532 18.1897 1.7
      vertex 0.291971 18.8373 1.7
    endloop
  endfacet
  facet normal 0 0 1
    outer loop
      vertex 0 18.85 1.7
      vertex 0 18.2 1.7
      vertex 0.23532 18.1897 1.7
    endloop
  endfacet
  facet normal 0 0 1
    outer loop
      vertex 0 18.85 1.7
      vertex -0.23532 18.1897 1.7
      vertex 0 18.2 1.7
    endloop
  endfacet
  facet normal -0 0 1
    outer loop
      vertex -0.291971 18.8373 1.7
      vertex -0.23532 18.1897 1.7
      vertex 0 18.85 1.7
    endloop
  endfacet
  facet normal 0 0 1
    outer loop
      vertex -0.291971 18.8373 1.7
      vertex -0.468849 18.159 1.7
      vertex -0.23532 18.1897 1.7
    endloop
  endfacet
  facet normal -0 0 1
    outer loop
      vertex -0.581721 18.7991 1.7
      vertex -0.468849 18.159 1.7
      vertex -0.291971 18.8373 1.7
    endloop
  endfacet
  facet normal 0 0 1
    outer loop
      vertex -0.581721 18.7991 1.7
      vertex -0.698811 18.108 1.7
      vertex -0.468849 18.159 1.7
    endloop
  endfacet
  facet normal -0 0 1
    outer loop
      vertex -0.867043 18.7359 1.7
      vertex -0.698811 18.108 1.7
      vertex -0.581721 18.7991 1.7
    endloop
  endfacet
  facet normal 0 0 1
    outer loop
      vertex -0.867043 18.7359 1.7
      vertex -0.923454 18.0372 1.7
      vertex -0.698811 18.108 1.7
    endloop
  endfacet
  facet normal -0 0 1
    outer loop
      vertex -1.14577 18.648 1.7
      vertex -0.923454 18.0372 1.7
      vertex -0.867043 18.7359 1.7
    endloop
  endfacet
  facet normal 0 0 1
    outer loop
      vertex -0.923454 18.0372 1.7
      vertex -1.14577 18.648 1.7
      vertex -1.14107 17.947 1.7
    endloop
  endfacet
  facet normal -0 0 1
    outer loop
      vertex -1.41577 18.5361 1.7
      vertex -1.14107 17.947 1.7
      vertex -1.14577 18.648 1.7
    endloop
  endfacet
  facet normal 0 0 1
    outer loop
      vertex -1.14107 17.947 1.7
      vertex -1.41577 18.5361 1.7
      vertex -1.35 17.8383 1.7
    endloop
  endfacet
  facet normal -0 0 1
    outer loop
      vertex -1.675 18.4012 1.7
      vertex -1.35 17.8383 1.7
      vertex -1.41577 18.5361 1.7
    endloop
  endfacet
  facet normal 0 0 1
    outer loop
      vertex -1.35 17.8383 1.7
      vertex -1.675 18.4012 1.7
      vertex -1.54866 17.7117 1.7
    endloop
  endfacet
  facet normal -0 0 1
    outer loop
      vertex -1.92148 18.2442 1.7
      vertex -1.54866 17.7117 1.7
      vertex -1.675 18.4012 1.7
    endloop
  endfacet
  facet normal 0 0 1
    outer loop
      vertex -1.54866 17.7117 1.7
      vertex -1.92148 18.2442 1.7
      vertex -1.73553 17.5683 1.7
    endloop
  endfacet
  facet normal -0 0 1
    outer loop
      vertex -2.15334 18.0662 1.7
      vertex -1.73553 17.5683 1.7
      vertex -1.92148 18.2442 1.7
    endloop
  endfacet
  facet normal 0 0 1
    outer loop
      vertex -1.73553 17.5683 1.7
      vertex -2.15334 18.0662 1.7
      vertex -1.90919 17.4092 1.7
    endloop
  endfacet
  facet normal -0 0 1
    outer loop
      vertex -2.36881 17.8688 1.7
      vertex -1.90919 17.4092 1.7
      vertex -2.15334 18.0662 1.7
    endloop
  endfacet
  facet normal 0 0 1
    outer loop
      vertex -1.90919 17.4092 1.7
      vertex -2.36881 17.8688 1.7
      vertex -2.06832 17.2355 1.7
    endloop
  endfacet
  facet normal -0 0 1
    outer loop
      vertex -2.56625 17.6533 1.7
      vertex -2.06832 17.2355 1.7
      vertex -2.36881 17.8688 1.7
    endloop
  endfacet
  facet normal 0 0 1
    outer loop
      vertex -2.06832 17.2355 1.7
      vertex -2.56625 17.6533 1.7
      vertex -2.21171 17.0487 1.7
    endloop
  endfacet
  facet normal -0 0 1
    outer loop
      vertex -2.74416 17.4215 1.7
      vertex -2.21171 17.0487 1.7
      vertex -2.56625 17.6533 1.7
    endloop
  endfacet
  facet normal 0 0 1
    outer loop
      vertex -2.21171 17.0487 1.7
      vertex -2.74416 17.4215 1.7
      vertex -2.33827 16.85 1.7
    endloop
  endfacet
  facet normal -0 0 1
    outer loop
      vertex -2.90119 17.175 1.7
      vertex -2.33827 16.85 1.7
      vertex -2.74416 17.4215 1.7
    endloop
  endfacet
  facet normal 0 0 1
    outer loop
      vertex -2.33827 16.85 1.7
      vertex -2.90119 17.175 1.7
      vertex -2.44703 16.6411 1.7
    endloop
  endfacet
  facet normal -0 0 1
    outer loop
      vertex -3.03613 16.9158 1.7
      vertex -2.44703 16.6411 1.7
      vertex -2.90119 17.175 1.7
    endloop
  endfacet
  facet normal 0 0 1
    outer loop
      vertex -2.44703 16.6411 1.7
      vertex -3.03613 16.9158 1.7
      vertex -2.53717 16.4235 1.7
    endloop
  endfacet
  facet normal 0 0 1
    outer loop
      vertex -2.53717 16.4235 1.7
      vertex -3.14797 16.6458 1.7
      vertex -2.608 16.1988 1.7
    endloop
  endfacet
  facet normal -0 0 1
    outer loop
      vertex -3.14797 16.6458 1.7
      vertex -2.53717 16.4235 1.7
      vertex -3.03613 16.9158 1.7
    endloop
  endfacet
  facet normal -0 0 1
    outer loop
      vertex 2.53717 14.5765 1.7
      vertex 3.14797 14.3542 1.7
      vertex 2.608 14.8012 1.7
    endloop
  endfacet
  facet normal 0 0 1
    outer loop
      vertex 3.14797 14.3542 1.7
      vertex 2.53717 14.5765 1.7
      vertex 3.03613 14.0842 1.7
    endloop
  endfacet
  facet normal -0 0 1
    outer loop
      vertex 2.44703 14.3589 1.7
      vertex 3.03613 14.0842 1.7
      vertex 2.53717 14.5765 1.7
    endloop
  endfacet
  facet normal 0 0 1
    outer loop
      vertex 3.03613 14.0842 1.7
      vertex 2.44703 14.3589 1.7
      vertex 2.90119 13.825 1.7
    endloop
  endfacet
  facet normal -0 0 1
    outer loop
      vertex 2.33827 14.15 1.7
      vertex 2.90119 13.825 1.7
      vertex 2.44703 14.3589 1.7
    endloop
  endfacet
  facet normal 0 0 1
    outer loop
      vertex 2.90119 13.825 1.7
      vertex 2.33827 14.15 1.7
      vertex 2.74416 13.5785 1.7
    endloop
  endfacet
  facet normal -0 0 1
    outer loop
      vertex 2.21171 13.9513 1.7
      vertex 2.74416 13.5785 1.7
      vertex 2.33827 14.15 1.7
    endloop
  endfacet
  facet normal 0 0 1
    outer loop
      vertex 2.74416 13.5785 1.7
      vertex 2.21171 13.9513 1.7
      vertex 2.56625 13.3467 1.7
    endloop
  endfacet
  facet normal -0 0 1
    outer loop
      vertex 2.06832 13.7645 1.7
      vertex 2.56625 13.3467 1.7
      vertex 2.21171 13.9513 1.7
    endloop
  endfacet
  facet normal 0 0 1
    outer loop
      vertex 2.56625 13.3467 1.7
      vertex 2.06832 13.7645 1.7
      vertex 2.36881 13.1312 1.7
    endloop
  endfacet
  facet normal -0 0 1
    outer loop
      vertex 1.90919 13.5908 1.7
      vertex 2.36881 13.1312 1.7
      vertex 2.06832 13.7645 1.7
    endloop
  endfacet
  facet normal 0 0 1
    outer loop
      vertex 2.36881 13.1312 1.7
      vertex 1.90919 13.5908 1.7
      vertex 2.15334 12.9338 1.7
    endloop
  endfacet
  facet normal -0 0 1
    outer loop
      vertex 1.73553 13.4317 1.7
      vertex 2.15334 12.9338 1.7
      vertex 1.90919 13.5908 1.7
    endloop
  endfacet
  facet normal 0 0 1
    outer loop
      vertex 2.15334 12.9338 1.7
      vertex 1.73553 13.4317 1.7
      vertex 1.92148 12.7558 1.7
    endloop
  endfacet
  facet normal -0 0 1
    outer loop
      vertex 1.54866 13.2883 1.7
      vertex 1.92148 12.7558 1.7
      vertex 1.73553 13.4317 1.7
    endloop
  endfacet
  facet normal 0 0 1
    outer loop
      vertex 1.92148 12.7558 1.7
      vertex 1.54866 13.2883 1.7
      vertex 1.675 12.5988 1.7
    endloop
  endfacet
  facet normal -0 0 1
    outer loop
      vertex 1.35 13.1617 1.7
      vertex 1.675 12.5988 1.7
      vertex 1.54866 13.2883 1.7
    endloop
  endfacet
  facet normal 0 0 1
    outer loop
      vertex 1.675 12.5988 1.7
      vertex 1.35 13.1617 1.7
      vertex 1.41577 12.4639 1.7
    endloop
  endfacet
  facet normal -0 0 1
    outer loop
      vertex 1.14107 13.053 1.7
      vertex 1.41577 12.4639 1.7
      vertex 1.35 13.1617 1.7
    endloop
  endfacet
  facet normal 0 0 1
    outer loop
      vertex 1.41577 12.4639 1.7
      vertex 1.14107 13.053 1.7
      vertex 1.14577 12.352 1.7
    endloop
  endfacet
  facet normal -0 0 1
    outer loop
      vertex 0.923454 12.9628 1.7
      vertex 1.14577 12.352 1.7
      vertex 1.14107 13.053 1.7
    endloop
  endfacet
  facet normal 0 0 1
    outer loop
      vertex 0.923454 12.9628 1.7
      vertex 0.867043 12.2641 1.7
      vertex 1.14577 12.352 1.7
    endloop
  endfacet
  facet normal -0 0 1
    outer loop
      vertex 0.698811 12.892 1.7
      vertex 0.867043 12.2641 1.7
      vertex 0.923454 12.9628 1.7
    endloop
  endfacet
  facet normal 0 0 1
    outer loop
      vertex 0.698811 12.892 1.7
      vertex 0.581721 12.2009 1.7
      vertex 0.867043 12.2641 1.7
    endloop
  endfacet
  facet normal -0 0 1
    outer loop
      vertex 0.468849 12.841 1.7
      vertex 0.581721 12.2009 1.7
      vertex 0.698811 12.892 1.7
    endloop
  endfacet
  facet normal 0 0 1
    outer loop
      vertex 0.468849 12.841 1.7
      vertex 0.291971 12.1627 1.7
      vertex 0.581721 12.2009 1.7
    endloop
  endfacet
  facet normal -0 0 1
    outer loop
      vertex 0.23532 12.8103 1.7
      vertex 0.291971 12.1627 1.7
      vertex 0.468849 12.841 1.7
    endloop
  endfacet
  facet normal -0 0 1
    outer loop
      vertex 0 12.8 1.7
      vertex 0.291971 12.1627 1.7
      vertex 0.23532 12.8103 1.7
    endloop
  endfacet
  facet normal 0 0 1
    outer loop
      vertex 0 12.8 1.7
      vertex 0 12.15 1.7
      vertex 0.291971 12.1627 1.7
    endloop
  endfacet
  facet normal 0 0 1
    outer loop
      vertex -0.23532 12.8103 1.7
      vertex 0 12.15 1.7
      vertex 0 12.8 1.7
    endloop
  endfacet
  facet normal 0 0 1
    outer loop
      vertex -0.23532 12.8103 1.7
      vertex -0.291971 12.1627 1.7
      vertex 0 12.15 1.7
    endloop
  endfacet
  facet normal 0 0 1
    outer loop
      vertex -0.468849 12.841 1.7
      vertex -0.291971 12.1627 1.7
      vertex -0.23532 12.8103 1.7
    endloop
  endfacet
  facet normal 0 0 1
    outer loop
      vertex -0.468849 12.841 1.7
      vertex -0.581721 12.2009 1.7
      vertex -0.291971 12.1627 1.7
    endloop
  endfacet
  facet normal 0 0 1
    outer loop
      vertex -0.698811 12.892 1.7
      vertex -0.581721 12.2009 1.7
      vertex -0.468849 12.841 1.7
    endloop
  endfacet
  facet normal 0 0 1
    outer loop
      vertex -0.698811 12.892 1.7
      vertex -0.867043 12.2641 1.7
      vertex -0.581721 12.2009 1.7
    endloop
  endfacet
  facet normal 0 0 1
    outer loop
      vertex -0.923454 12.9628 1.7
      vertex -0.867043 12.2641 1.7
      vertex -0.698811 12.892 1.7
    endloop
  endfacet
  facet normal 0 0 1
    outer loop
      vertex -1.14577 12.352 1.7
      vertex -0.923454 12.9628 1.7
      vertex -1.14107 13.053 1.7
    endloop
  endfacet
  facet normal 0 0 1
    outer loop
      vertex -0.923454 12.9628 1.7
      vertex -1.14577 12.352 1.7
      vertex -0.867043 12.2641 1.7
    endloop
  endfacet
  facet normal 0 0 1
    outer loop
      vertex -1.41577 12.4639 1.7
      vertex -1.14107 13.053 1.7
      vertex -1.35 13.1617 1.7
    endloop
  endfacet
  facet normal 0 0 1
    outer loop
      vertex -1.14107 13.053 1.7
      vertex -1.41577 12.4639 1.7
      vertex -1.14577 12.352 1.7
    endloop
  endfacet
  facet normal 0 0 1
    outer loop
      vertex -1.675 12.5988 1.7
      vertex -1.35 13.1617 1.7
      vertex -1.54866 13.2883 1.7
    endloop
  endfacet
  facet normal 0 0 1
    outer loop
      vertex -1.35 13.1617 1.7
      vertex -1.675 12.5988 1.7
      vertex -1.41577 12.4639 1.7
    endloop
  endfacet
  facet normal 0 0 1
    outer loop
      vertex -1.92148 12.7558 1.7
      vertex -1.54866 13.2883 1.7
      vertex -1.73553 13.4317 1.7
    endloop
  endfacet
  facet normal 0 0 1
    outer loop
      vertex -2.15334 12.9338 1.7
      vertex -1.73553 13.4317 1.7
      vertex -1.90919 13.5908 1.7
    endloop
  endfacet
  facet normal 0 0 1
    outer loop
      vertex -1.54866 13.2883 1.7
      vertex -1.92148 12.7558 1.7
      vertex -1.675 12.5988 1.7
    endloop
  endfacet
  facet normal 0 0 1
    outer loop
      vertex -2.36881 13.1312 1.7
      vertex -1.90919 13.5908 1.7
      vertex -2.06832 13.7645 1.7
    endloop
  endfacet
  facet normal 0 0 1
    outer loop
      vertex -1.73553 13.4317 1.7
      vertex -2.15334 12.9338 1.7
      vertex -1.92148 12.7558 1.7
    endloop
  endfacet
  facet normal 0 0 1
    outer loop
      vertex -2.56625 13.3467 1.7
      vertex -2.06832 13.7645 1.7
      vertex -2.21171 13.9513 1.7
    endloop
  endfacet
  facet normal 0 0 1
    outer loop
      vertex -2.74416 13.5785 1.7
      vertex -2.21171 13.9513 1.7
      vertex -2.33827 14.15 1.7
    endloop
  endfacet
  facet normal 0 0 1
    outer loop
      vertex -1.90919 13.5908 1.7
      vertex -2.36881 13.1312 1.7
      vertex -2.15334 12.9338 1.7
    endloop
  endfacet
  facet normal 0 0 1
    outer loop
      vertex -2.90119 13.825 1.7
      vertex -2.33827 14.15 1.7
      vertex -2.44703 14.3589 1.7
    endloop
  endfacet
  facet normal 0 0 1
    outer loop
      vertex -3.03613 14.0842 1.7
      vertex -2.44703 14.3589 1.7
      vertex -2.53717 14.5765 1.7
    endloop
  endfacet
  facet normal 0 0 1
    outer loop
      vertex -2.06832 13.7645 1.7
      vertex -2.56625 13.3467 1.7
      vertex -2.36881 13.1312 1.7
    endloop
  endfacet
  facet normal 0 0 1
    outer loop
      vertex -3.14797 14.3542 1.7
      vertex -2.53717 14.5765 1.7
      vertex -2.608 14.8012 1.7
    endloop
  endfacet
  facet normal 0 0 1
    outer loop
      vertex -3.23585 14.633 1.7
      vertex -2.608 14.8012 1.7
      vertex -2.65898 15.0311 1.7
    endloop
  endfacet
  facet normal 0 0 1
    outer loop
      vertex -3.29911 14.9183 1.7
      vertex -2.65898 15.0311 1.7
      vertex -2.68972 15.2647 1.7
    endloop
  endfacet
  facet normal 0 0 1
    outer loop
      vertex -2.21171 13.9513 1.7
      vertex -2.74416 13.5785 1.7
      vertex -2.56625 13.3467 1.7
    endloop
  endfacet
  facet normal 0 0 1
    outer loop
      vertex -3.33725 15.208 1.7
      vertex -2.68972 15.2647 1.7
      vertex -2.7 15.5 1.7
    endloop
  endfacet
  facet normal -0 0 1
    outer loop
      vertex -3.23585 16.367 1.7
      vertex -2.608 16.1988 1.7
      vertex -3.14797 16.6458 1.7
    endloop
  endfacet
  facet normal 0 0 1
    outer loop
      vertex -2.608 16.1988 1.7
      vertex -3.23585 16.367 1.7
      vertex -2.65898 15.9688 1.7
    endloop
  endfacet
  facet normal 0 0 1
    outer loop
      vertex -2.33827 14.15 1.7
      vertex -2.90119 13.825 1.7
      vertex -2.74416 13.5785 1.7
    endloop
  endfacet
  facet normal -0 0 1
    outer loop
      vertex -3.29911 16.0817 1.7
      vertex -2.65898 15.9688 1.7
      vertex -3.23585 16.367 1.7
    endloop
  endfacet
  facet normal 0 0 1
    outer loop
      vertex -2.44703 14.3589 1.7
      vertex -3.03613 14.0842 1.7
      vertex -2.90119 13.825 1.7
    endloop
  endfacet
  facet normal 0 0 1
    outer loop
      vertex -2.65898 15.9688 1.7
      vertex -3.29911 16.0817 1.7
      vertex -2.68972 15.7353 1.7
    endloop
  endfacet
  facet normal 0 0 1
    outer loop
      vertex -2.53717 14.5765 1.7
      vertex -3.14797 14.3542 1.7
      vertex -3.03613 14.0842 1.7
    endloop
  endfacet
  facet normal -0 0 1
    outer loop
      vertex -3.33725 15.792 1.7
      vertex -2.68972 15.7353 1.7
      vertex -3.29911 16.0817 1.7
    endloop
  endfacet
  facet normal 0 0 1
    outer loop
      vertex -2.608 14.8012 1.7
      vertex -3.23585 14.633 1.7
      vertex -3.14797 14.3542 1.7
    endloop
  endfacet
  facet normal 0 0 1
    outer loop
      vertex -2.68972 15.7353 1.7
      vertex -3.33725 15.792 1.7
      vertex -2.7 15.5 1.7
    endloop
  endfacet
  facet normal 0 0 1
    outer loop
      vertex -2.65898 15.0311 1.7
      vertex -3.29911 14.9183 1.7
      vertex -3.23585 14.633 1.7
    endloop
  endfacet
  facet normal 0 0 1
    outer loop
      vertex -3.35 15.5 1.7
      vertex -2.7 15.5 1.7
      vertex -3.33725 15.792 1.7
    endloop
  endfacet
  facet normal 0 0 1
    outer loop
      vertex -2.68972 15.2647 1.7
      vertex -3.33725 15.208 1.7
      vertex -3.29911 14.9183 1.7
    endloop
  endfacet
  facet normal 0 0 1
    outer loop
      vertex -2.7 15.5 1.7
      vertex -3.35 15.5 1.7
      vertex -3.33725 15.208 1.7
    endloop
  endfacet
  facet normal 0.886998 -0.461773 0
    outer loop
      vertex 2.90119 13.825 1.7
      vertex 3.03613 14.0842 -7.62939e-07
      vertex 3.03613 14.0842 1.7
    endloop
  endfacet
  facet normal 0.886998 -0.461773 0
    outer loop
      vertex 3.03613 14.0842 -7.62939e-07
      vertex 2.90119 13.825 1.7
      vertex 2.90119 13.825 -7.62939e-07
    endloop
  endfacet
  facet normal -0.793281 -0.608855 0
    outer loop
      vertex -2.56625 13.3467 -7.62939e-07
      vertex -2.74416 13.5785 1.7
      vertex -2.74416 13.5785 -7.62939e-07
    endloop
  endfacet
  facet normal -0.793281 -0.608855 0
    outer loop
      vertex -2.74416 13.5785 1.7
      vertex -2.56625 13.3467 -7.62939e-07
      vertex -2.56625 13.3467 1.7
    endloop
  endfacet
  facet normal -0.130707 0.991421 0
    outer loop
      vertex -0.291971 18.8373 -7.62939e-07
      vertex -0.581721 18.7991 1.7
      vertex -0.291971 18.8373 1.7
    endloop
  endfacet
  facet normal -0.130707 0.991421 0
    outer loop
      vertex -0.581721 18.7991 1.7
      vertex -0.291971 18.8373 -7.62939e-07
      vertex -0.581721 18.7991 -7.62939e-07
    endloop
  endfacet
  facet normal -0.886998 0.461773 0
    outer loop
      vertex -3.03613 16.9158 -7.62939e-07
      vertex -2.90119 17.175 1.7
      vertex -2.90119 17.175 -7.62939e-07
    endloop
  endfacet
  facet normal -0.886998 0.461773 0
    outer loop
      vertex -2.90119 17.175 1.7
      vertex -3.03613 16.9158 -7.62939e-07
      vertex -3.03613 16.9158 1.7
    endloop
  endfacet
  facet normal -0.130707 -0.991421 0
    outer loop
      vertex -0.581721 12.2009 -7.62939e-07
      vertex -0.291971 12.1627 1.7
      vertex -0.581721 12.2009 1.7
    endloop
  endfacet
  facet normal -0.130707 -0.991421 -0
    outer loop
      vertex -0.291971 12.1627 1.7
      vertex -0.581721 12.2009 -7.62939e-07
      vertex -0.291971 12.1627 -7.62939e-07
    endloop
  endfacet
  facet normal -0.976288 -0.216474 0
    outer loop
      vertex -3.23585 14.633 -7.62939e-07
      vertex -3.29911 14.9183 1.7
      vertex -3.29911 14.9183 -7.62939e-07
    endloop
  endfacet
  facet normal -0.976288 -0.216474 0
    outer loop
      vertex -3.29911 14.9183 1.7
      vertex -3.23585 14.633 -7.62939e-07
      vertex -3.23585 14.633 1.7
    endloop
  endfacet
  facet normal -0.923877 -0.38269 0
    outer loop
      vertex -3.03613 14.0842 -7.62939e-07
      vertex -3.14797 14.3542 1.7
      vertex -3.14797 14.3542 -7.62939e-07
    endloop
  endfacet
  facet normal -0.923877 -0.38269 0
    outer loop
      vertex -3.14797 14.3542 1.7
      vertex -3.03613 14.0842 -7.62939e-07
      vertex -3.03613 14.0842 1.7
    endloop
  endfacet
  facet normal 0.675512 -0.737349 0
    outer loop
      vertex 2.15334 12.9338 -7.62939e-07
      vertex 2.36881 13.1312 1.7
      vertex 2.15334 12.9338 1.7
    endloop
  endfacet
  facet normal 0.675512 -0.737349 0
    outer loop
      vertex 2.36881 13.1312 1.7
      vertex 2.15334 12.9338 -7.62939e-07
      vertex 2.36881 13.1312 -7.62939e-07
    endloop
  endfacet
  facet normal -0.0434564 0.999055 0
    outer loop
      vertex 0 18.85 -7.62939e-07
      vertex -0.291971 18.8373 1.7
      vertex 0 18.85 1.7
    endloop
  endfacet
  facet normal -0.0434564 0.999055 0
    outer loop
      vertex -0.291971 18.8373 1.7
      vertex 0 18.85 -7.62939e-07
      vertex -0.291971 18.8373 -7.62939e-07
    endloop
  endfacet
  facet normal 0.999048 -0.0436228 0
    outer loop
      vertex 3.33725 15.208 1.7
      vertex 3.35 15.5 -7.62939e-07
      vertex 3.35 15.5 1.7
    endloop
  endfacet
  facet normal 0.999048 -0.0436228 0
    outer loop
      vertex 3.35 15.5 -7.62939e-07
      vertex 3.33725 15.208 1.7
      vertex 3.33725 15.208 -7.62939e-07
    endloop
  endfacet
  facet normal 0.130707 -0.991421 0
    outer loop
      vertex 0.291971 12.1627 -7.62939e-07
      vertex 0.581721 12.2009 1.7
      vertex 0.291971 12.1627 1.7
    endloop
  endfacet
  facet normal 0.130707 -0.991421 0
    outer loop
      vertex 0.581721 12.2009 1.7
      vertex 0.291971 12.1627 -7.62939e-07
      vertex 0.581721 12.2009 -7.62939e-07
    endloop
  endfacet
  facet normal 0.976288 0.216474 0
    outer loop
      vertex 3.29911 16.0817 1.7
      vertex 3.23585 16.367 -7.62939e-07
      vertex 3.23585 16.367 1.7
    endloop
  endfacet
  facet normal 0.976288 0.216474 0
    outer loop
      vertex 3.23585 16.367 -7.62939e-07
      vertex 3.29911 16.0817 1.7
      vertex 3.29911 16.0817 -7.62939e-07
    endloop
  endfacet
  facet normal -0.0434564 -0.999055 0
    outer loop
      vertex -0.291971 12.1627 -7.62939e-07
      vertex 0 12.15 1.7
      vertex -0.291971 12.1627 1.7
    endloop
  endfacet
  facet normal -0.0434564 -0.999055 -0
    outer loop
      vertex 0 12.15 1.7
      vertex -0.291971 12.1627 -7.62939e-07
      vertex 0 12.15 -7.62939e-07
    endloop
  endfacet
  facet normal -0.953742 0.300627 0
    outer loop
      vertex -3.23585 16.367 -7.62939e-07
      vertex -3.14797 16.6458 1.7
      vertex -3.14797 16.6458 -7.62939e-07
    endloop
  endfacet
  facet normal -0.953742 0.300627 0
    outer loop
      vertex -3.14797 16.6458 1.7
      vertex -3.23585 16.367 -7.62939e-07
      vertex -3.23585 16.367 1.7
    endloop
  endfacet
  facet normal -0.976288 0.216474 0
    outer loop
      vertex -3.29911 16.0817 -7.62939e-07
      vertex -3.23585 16.367 1.7
      vertex -3.23585 16.367 -7.62939e-07
    endloop
  endfacet
  facet normal -0.976288 0.216474 0
    outer loop
      vertex -3.23585 16.367 1.7
      vertex -3.29911 16.0817 -7.62939e-07
      vertex -3.29911 16.0817 1.7
    endloop
  endfacet
  facet normal -0.60895 -0.793209 0
    outer loop
      vertex -2.15334 12.9338 -7.62939e-07
      vertex -1.92148 12.7558 1.7
      vertex -2.15334 12.9338 1.7
    endloop
  endfacet
  facet normal -0.60895 -0.793209 -0
    outer loop
      vertex -1.92148 12.7558 1.7
      vertex -2.15334 12.9338 -7.62939e-07
      vertex -1.92148 12.7558 -7.62939e-07
    endloop
  endfacet
  facet normal -0.537239 -0.84343 0
    outer loop
      vertex -1.92148 12.7558 -7.62939e-07
      vertex -1.675 12.5988 1.7
      vertex -1.92148 12.7558 1.7
    endloop
  endfacet
  facet normal -0.537239 -0.84343 -0
    outer loop
      vertex -1.675 12.5988 1.7
      vertex -1.92148 12.7558 -7.62939e-07
      vertex -1.675 12.5988 -7.62939e-07
    endloop
  endfacet
  facet normal -0.923877 0.38269 0
    outer loop
      vertex -3.14797 16.6458 -7.62939e-07
      vertex -3.03613 16.9158 1.7
      vertex -3.03613 16.9158 -7.62939e-07
    endloop
  endfacet
  facet normal -0.923877 0.38269 0
    outer loop
      vertex -3.03613 16.9158 1.7
      vertex -3.14797 16.6458 -7.62939e-07
      vertex -3.14797 16.6458 1.7
    endloop
  endfacet
  facet normal -0.843404 -0.537281 0
    outer loop
      vertex -2.74416 13.5785 -7.62939e-07
      vertex -2.90119 13.825 1.7
      vertex -2.90119 13.825 -7.62939e-07
    endloop
  endfacet
  facet normal -0.843404 -0.537281 0
    outer loop
      vertex -2.90119 13.825 1.7
      vertex -2.74416 13.5785 -7.62939e-07
      vertex -2.74416 13.5785 1.7
    endloop
  endfacet
  facet normal -0.999048 -0.0436228 0
    outer loop
      vertex -3.33725 15.208 -7.62939e-07
      vertex -3.35 15.5 1.7
      vertex -3.35 15.5 -7.62939e-07
    endloop
  endfacet
  facet normal -0.999048 -0.0436228 0
    outer loop
      vertex -3.35 15.5 1.7
      vertex -3.33725 15.208 -7.62939e-07
      vertex -3.33725 15.208 1.7
    endloop
  endfacet
  facet normal -0.300761 -0.9537 0
    outer loop
      vertex -1.14577 12.352 -7.62939e-07
      vertex -0.867043 12.2641 1.7
      vertex -1.14577 12.352 1.7
    endloop
  endfacet
  facet normal -0.300761 -0.9537 -0
    outer loop
      vertex -0.867043 12.2641 1.7
      vertex -1.14577 12.352 -7.62939e-07
      vertex -0.867043 12.2641 -7.62939e-07
    endloop
  endfacet
  facet normal -0.991445 0.130527 0
    outer loop
      vertex -3.33725 15.792 -7.62939e-07
      vertex -3.29911 16.0817 1.7
      vertex -3.29911 16.0817 -7.62939e-07
    endloop
  endfacet
  facet normal -0.991445 0.130527 0
    outer loop
      vertex -3.29911 16.0817 1.7
      vertex -3.33725 15.792 -7.62939e-07
      vertex -3.33725 15.792 1.7
    endloop
  endfacet
  facet normal 0.60895 -0.793209 0
    outer loop
      vertex 1.92148 12.7558 -7.62939e-07
      vertex 2.15334 12.9338 1.7
      vertex 1.92148 12.7558 1.7
    endloop
  endfacet
  facet normal 0.60895 -0.793209 0
    outer loop
      vertex 2.15334 12.9338 1.7
      vertex 1.92148 12.7558 -7.62939e-07
      vertex 2.15334 12.9338 -7.62939e-07
    endloop
  endfacet
  facet normal 0 0 -1
    outer loop
      vertex 2.7 15.5 -7.62939e-07
      vertex 3.35 15.5 -7.62939e-07
      vertex 3.33725 15.208 -7.62939e-07
    endloop
  endfacet
  facet normal 0 0 -1
    outer loop
      vertex 2.68972 15.2647 -7.62939e-07
      vertex 3.33725 15.208 -7.62939e-07
      vertex 3.29911 14.9183 -7.62939e-07
    endloop
  endfacet
  facet normal 0 0 -1
    outer loop
      vertex 3.35 15.5 -7.62939e-07
      vertex 2.7 15.5 -7.62939e-07
      vertex 3.33725 15.792 -7.62939e-07
    endloop
  endfacet
  facet normal 0 0 -1
    outer loop
      vertex 2.65898 15.0311 -7.62939e-07
      vertex 3.29911 14.9183 -7.62939e-07
      vertex 3.23585 14.633 -7.62939e-07
    endloop
  endfacet
  facet normal 0 0 -1
    outer loop
      vertex 2.68972 15.7353 -7.62939e-07
      vertex 3.33725 15.792 -7.62939e-07
      vertex 2.7 15.5 -7.62939e-07
    endloop
  endfacet
  facet normal 0 0 -1
    outer loop
      vertex 2.608 14.8012 -7.62939e-07
      vertex 3.23585 14.633 -7.62939e-07
      vertex 3.14797 14.3542 -7.62939e-07
    endloop
  endfacet
  facet normal -0 0 -1
    outer loop
      vertex 3.33725 15.792 -7.62939e-07
      vertex 2.68972 15.7353 -7.62939e-07
      vertex 3.29911 16.0817 -7.62939e-07
    endloop
  endfacet
  facet normal 0 0 -1
    outer loop
      vertex 2.53717 14.5765 -7.62939e-07
      vertex 3.14797 14.3542 -7.62939e-07
      vertex 3.03613 14.0842 -7.62939e-07
    endloop
  endfacet
  facet normal 0 0 -1
    outer loop
      vertex 2.65898 15.9688 -7.62939e-07
      vertex 3.29911 16.0817 -7.62939e-07
      vertex 2.68972 15.7353 -7.62939e-07
    endloop
  endfacet
  facet normal 0 0 -1
    outer loop
      vertex 2.44703 14.3589 -7.62939e-07
      vertex 3.03613 14.0842 -7.62939e-07
      vertex 2.90119 13.825 -7.62939e-07
    endloop
  endfacet
  facet normal -0 0 -1
    outer loop
      vertex 3.29911 16.0817 -7.62939e-07
      vertex 2.65898 15.9688 -7.62939e-07
      vertex 3.23585 16.367 -7.62939e-07
    endloop
  endfacet
  facet normal 0 0 -1
    outer loop
      vertex 2.33827 14.15 -7.62939e-07
      vertex 2.90119 13.825 -7.62939e-07
      vertex 2.74416 13.5785 -7.62939e-07
    endloop
  endfacet
  facet normal 0 0 -1
    outer loop
      vertex 2.608 16.1988 -7.62939e-07
      vertex 3.23585 16.367 -7.62939e-07
      vertex 2.65898 15.9688 -7.62939e-07
    endloop
  endfacet
  facet normal -0 0 -1
    outer loop
      vertex 3.23585 16.367 -7.62939e-07
      vertex 2.608 16.1988 -7.62939e-07
      vertex 3.14797 16.6458 -7.62939e-07
    endloop
  endfacet
  facet normal 0 0 -1
    outer loop
      vertex 3.33725 15.208 -7.62939e-07
      vertex 2.68972 15.2647 -7.62939e-07
      vertex 2.7 15.5 -7.62939e-07
    endloop
  endfacet
  facet normal 0 0 -1
    outer loop
      vertex 3.29911 14.9183 -7.62939e-07
      vertex 2.65898 15.0311 -7.62939e-07
      vertex 2.68972 15.2647 -7.62939e-07
    endloop
  endfacet
  facet normal 0 0 -1
    outer loop
      vertex 3.23585 14.633 -7.62939e-07
      vertex 2.608 14.8012 -7.62939e-07
      vertex 2.65898 15.0311 -7.62939e-07
    endloop
  endfacet
  facet normal 0 0 -1
    outer loop
      vertex 2.21171 13.9513 -7.62939e-07
      vertex 2.74416 13.5785 -7.62939e-07
      vertex 2.56625 13.3467 -7.62939e-07
    endloop
  endfacet
  facet normal 0 0 -1
    outer loop
      vertex 3.14797 14.3542 -7.62939e-07
      vertex 2.53717 14.5765 -7.62939e-07
      vertex 2.608 14.8012 -7.62939e-07
    endloop
  endfacet
  facet normal 0 0 -1
    outer loop
      vertex 3.03613 14.0842 -7.62939e-07
      vertex 2.44703 14.3589 -7.62939e-07
      vertex 2.53717 14.5765 -7.62939e-07
    endloop
  endfacet
  facet normal 0 0 -1
    outer loop
      vertex 2.06832 13.7645 -7.62939e-07
      vertex 2.56625 13.3467 -7.62939e-07
      vertex 2.36881 13.1312 -7.62939e-07
    endloop
  endfacet
  facet normal 0 0 -1
    outer loop
      vertex 2.90119 13.825 -7.62939e-07
      vertex 2.33827 14.15 -7.62939e-07
      vertex 2.44703 14.3589 -7.62939e-07
    endloop
  endfacet
  facet normal 0 0 -1
    outer loop
      vertex 2.74416 13.5785 -7.62939e-07
      vertex 2.21171 13.9513 -7.62939e-07
      vertex 2.33827 14.15 -7.62939e-07
    endloop
  endfacet
  facet normal 0 0 -1
    outer loop
      vertex 1.90919 13.5908 -7.62939e-07
      vertex 2.36881 13.1312 -7.62939e-07
      vertex 2.15334 12.9338 -7.62939e-07
    endloop
  endfacet
  facet normal 0 0 -1
    outer loop
      vertex 2.56625 13.3467 -7.62939e-07
      vertex 2.06832 13.7645 -7.62939e-07
      vertex 2.21171 13.9513 -7.62939e-07
    endloop
  endfacet
  facet normal 0 0 -1
    outer loop
      vertex 1.73553 13.4317 -7.62939e-07
      vertex 2.15334 12.9338 -7.62939e-07
      vertex 1.92148 12.7558 -7.62939e-07
    endloop
  endfacet
  facet normal 0 0 -1
    outer loop
      vertex 2.36881 13.1312 -7.62939e-07
      vertex 1.90919 13.5908 -7.62939e-07
      vertex 2.06832 13.7645 -7.62939e-07
    endloop
  endfacet
  facet normal 0 0 -1
    outer loop
      vertex 2.15334 12.9338 -7.62939e-07
      vertex 1.73553 13.4317 -7.62939e-07
      vertex 1.90919 13.5908 -7.62939e-07
    endloop
  endfacet
  facet normal 0 0 -1
    outer loop
      vertex 1.54866 13.2883 -7.62939e-07
      vertex 1.92148 12.7558 -7.62939e-07
      vertex 1.675 12.5988 -7.62939e-07
    endloop
  endfacet
  facet normal 0 0 -1
    outer loop
      vertex 1.92148 12.7558 -7.62939e-07
      vertex 1.54866 13.2883 -7.62939e-07
      vertex 1.73553 13.4317 -7.62939e-07
    endloop
  endfacet
  facet normal 0 0 -1
    outer loop
      vertex 1.35 13.1617 -7.62939e-07
      vertex 1.675 12.5988 -7.62939e-07
      vertex 1.41577 12.4639 -7.62939e-07
    endloop
  endfacet
  facet normal 0 0 -1
    outer loop
      vertex 1.675 12.5988 -7.62939e-07
      vertex 1.35 13.1617 -7.62939e-07
      vertex 1.54866 13.2883 -7.62939e-07
    endloop
  endfacet
  facet normal 0 0 -1
    outer loop
      vertex 1.14107 13.053 -7.62939e-07
      vertex 1.41577 12.4639 -7.62939e-07
      vertex 1.14577 12.352 -7.62939e-07
    endloop
  endfacet
  facet normal 0 0 -1
    outer loop
      vertex 1.41577 12.4639 -7.62939e-07
      vertex 1.14107 13.053 -7.62939e-07
      vertex 1.35 13.1617 -7.62939e-07
    endloop
  endfacet
  facet normal 0 0 -1
    outer loop
      vertex 1.14577 12.352 -7.62939e-07
      vertex 0.923454 12.9628 -7.62939e-07
      vertex 1.14107 13.053 -7.62939e-07
    endloop
  endfacet
  facet normal 0 0 -1
    outer loop
      vertex 0.867043 12.2641 -7.62939e-07
      vertex 0.923454 12.9628 -7.62939e-07
      vertex 1.14577 12.352 -7.62939e-07
    endloop
  endfacet
  facet normal 0 0 -1
    outer loop
      vertex 0.867043 12.2641 -7.62939e-07
      vertex 0.698811 12.892 -7.62939e-07
      vertex 0.923454 12.9628 -7.62939e-07
    endloop
  endfacet
  facet normal 0 0 -1
    outer loop
      vertex 0.581721 12.2009 -7.62939e-07
      vertex 0.698811 12.892 -7.62939e-07
      vertex 0.867043 12.2641 -7.62939e-07
    endloop
  endfacet
  facet normal 0 0 -1
    outer loop
      vertex 0.581721 12.2009 -7.62939e-07
      vertex 0.468849 12.841 -7.62939e-07
      vertex 0.698811 12.892 -7.62939e-07
    endloop
  endfacet
  facet normal 0 0 -1
    outer loop
      vertex 0.291971 12.1627 -7.62939e-07
      vertex 0.468849 12.841 -7.62939e-07
      vertex 0.581721 12.2009 -7.62939e-07
    endloop
  endfacet
  facet normal 0 0 -1
    outer loop
      vertex 0.291971 12.1627 -7.62939e-07
      vertex 0.23532 12.8103 -7.62939e-07
      vertex 0.468849 12.841 -7.62939e-07
    endloop
  endfacet
  facet normal 0 0 -1
    outer loop
      vertex 0 12.15 -7.62939e-07
      vertex 0.23532 12.8103 -7.62939e-07
      vertex 0.291971 12.1627 -7.62939e-07
    endloop
  endfacet
  facet normal 0 0 -1
    outer loop
      vertex 0 12.15 -7.62939e-07
      vertex 0 12.8 -7.62939e-07
      vertex 0.23532 12.8103 -7.62939e-07
    endloop
  endfacet
  facet normal 0 0 -1
    outer loop
      vertex 0 12.15 -7.62939e-07
      vertex -0.23532 12.8103 -7.62939e-07
      vertex 0 12.8 -7.62939e-07
    endloop
  endfacet
  facet normal 0 0 -1
    outer loop
      vertex -0.291971 12.1627 -7.62939e-07
      vertex -0.23532 12.8103 -7.62939e-07
      vertex 0 12.15 -7.62939e-07
    endloop
  endfacet
  facet normal 0 0 -1
    outer loop
      vertex -0.291971 12.1627 -7.62939e-07
      vertex -0.468849 12.841 -7.62939e-07
      vertex -0.23532 12.8103 -7.62939e-07
    endloop
  endfacet
  facet normal 0 0 -1
    outer loop
      vertex -0.581721 12.2009 -7.62939e-07
      vertex -0.468849 12.841 -7.62939e-07
      vertex -0.291971 12.1627 -7.62939e-07
    endloop
  endfacet
  facet normal 0 0 -1
    outer loop
      vertex -0.581721 12.2009 -7.62939e-07
      vertex -0.698811 12.892 -7.62939e-07
      vertex -0.468849 12.841 -7.62939e-07
    endloop
  endfacet
  facet normal 0 0 -1
    outer loop
      vertex -0.867043 12.2641 -7.62939e-07
      vertex -0.698811 12.892 -7.62939e-07
      vertex -0.581721 12.2009 -7.62939e-07
    endloop
  endfacet
  facet normal 0 0 -1
    outer loop
      vertex -0.867043 12.2641 -7.62939e-07
      vertex -0.923454 12.9628 -7.62939e-07
      vertex -0.698811 12.892 -7.62939e-07
    endloop
  endfacet
  facet normal 0 0 -1
    outer loop
      vertex -1.14577 12.352 -7.62939e-07
      vertex -0.923454 12.9628 -7.62939e-07
      vertex -0.867043 12.2641 -7.62939e-07
    endloop
  endfacet
  facet normal -0 0 -1
    outer loop
      vertex -0.923454 12.9628 -7.62939e-07
      vertex -1.14577 12.352 -7.62939e-07
      vertex -1.14107 13.053 -7.62939e-07
    endloop
  endfacet
  facet normal 0 0 -1
    outer loop
      vertex -1.41577 12.4639 -7.62939e-07
      vertex -1.14107 13.053 -7.62939e-07
      vertex -1.14577 12.352 -7.62939e-07
    endloop
  endfacet
  facet normal -0 0 -1
    outer loop
      vertex -1.14107 13.053 -7.62939e-07
      vertex -1.41577 12.4639 -7.62939e-07
      vertex -1.35 13.1617 -7.62939e-07
    endloop
  endfacet
  facet normal 0 0 -1
    outer loop
      vertex -1.675 12.5988 -7.62939e-07
      vertex -1.35 13.1617 -7.62939e-07
      vertex -1.41577 12.4639 -7.62939e-07
    endloop
  endfacet
  facet normal -0 0 -1
    outer loop
      vertex -1.35 13.1617 -7.62939e-07
      vertex -1.675 12.5988 -7.62939e-07
      vertex -1.54866 13.2883 -7.62939e-07
    endloop
  endfacet
  facet normal 0 0 -1
    outer loop
      vertex -1.92148 12.7558 -7.62939e-07
      vertex -1.54866 13.2883 -7.62939e-07
      vertex -1.675 12.5988 -7.62939e-07
    endloop
  endfacet
  facet normal -0 0 -1
    outer loop
      vertex -1.54866 13.2883 -7.62939e-07
      vertex -1.92148 12.7558 -7.62939e-07
      vertex -1.73553 13.4317 -7.62939e-07
    endloop
  endfacet
  facet normal 0 0 -1
    outer loop
      vertex -2.15334 12.9338 -7.62939e-07
      vertex -1.73553 13.4317 -7.62939e-07
      vertex -1.92148 12.7558 -7.62939e-07
    endloop
  endfacet
  facet normal -0 0 -1
    outer loop
      vertex -1.73553 13.4317 -7.62939e-07
      vertex -2.15334 12.9338 -7.62939e-07
      vertex -1.90919 13.5908 -7.62939e-07
    endloop
  endfacet
  facet normal 0 0 -1
    outer loop
      vertex -2.36881 13.1312 -7.62939e-07
      vertex -1.90919 13.5908 -7.62939e-07
      vertex -2.15334 12.9338 -7.62939e-07
    endloop
  endfacet
  facet normal -0 0 -1
    outer loop
      vertex -1.90919 13.5908 -7.62939e-07
      vertex -2.36881 13.1312 -7.62939e-07
      vertex -2.06832 13.7645 -7.62939e-07
    endloop
  endfacet
  facet normal 0 0 -1
    outer loop
      vertex -2.56625 13.3467 -7.62939e-07
      vertex -2.06832 13.7645 -7.62939e-07
      vertex -2.36881 13.1312 -7.62939e-07
    endloop
  endfacet
  facet normal -0 0 -1
    outer loop
      vertex -2.06832 13.7645 -7.62939e-07
      vertex -2.56625 13.3467 -7.62939e-07
      vertex -2.21171 13.9513 -7.62939e-07
    endloop
  endfacet
  facet normal 0 0 -1
    outer loop
      vertex -2.74416 13.5785 -7.62939e-07
      vertex -2.21171 13.9513 -7.62939e-07
      vertex -2.56625 13.3467 -7.62939e-07
    endloop
  endfacet
  facet normal -0 0 -1
    outer loop
      vertex -2.21171 13.9513 -7.62939e-07
      vertex -2.74416 13.5785 -7.62939e-07
      vertex -2.33827 14.15 -7.62939e-07
    endloop
  endfacet
  facet normal 0 0 -1
    outer loop
      vertex -2.90119 13.825 -7.62939e-07
      vertex -2.33827 14.15 -7.62939e-07
      vertex -2.74416 13.5785 -7.62939e-07
    endloop
  endfacet
  facet normal -0 0 -1
    outer loop
      vertex -2.33827 14.15 -7.62939e-07
      vertex -2.90119 13.825 -7.62939e-07
      vertex -2.44703 14.3589 -7.62939e-07
    endloop
  endfacet
  facet normal 0 0 -1
    outer loop
      vertex -3.03613 14.0842 -7.62939e-07
      vertex -2.44703 14.3589 -7.62939e-07
      vertex -2.90119 13.825 -7.62939e-07
    endloop
  endfacet
  facet normal -0 0 -1
    outer loop
      vertex -2.44703 14.3589 -7.62939e-07
      vertex -3.03613 14.0842 -7.62939e-07
      vertex -2.53717 14.5765 -7.62939e-07
    endloop
  endfacet
  facet normal -0 0 -1
    outer loop
      vertex -2.53717 14.5765 -7.62939e-07
      vertex -3.14797 14.3542 -7.62939e-07
      vertex -2.608 14.8012 -7.62939e-07
    endloop
  endfacet
  facet normal 0 0 -1
    outer loop
      vertex -3.14797 14.3542 -7.62939e-07
      vertex -2.53717 14.5765 -7.62939e-07
      vertex -3.03613 14.0842 -7.62939e-07
    endloop
  endfacet
  facet normal 0 0 -1
    outer loop
      vertex 2.53717 16.4235 -7.62939e-07
      vertex 3.14797 16.6458 -7.62939e-07
      vertex 2.608 16.1988 -7.62939e-07
    endloop
  endfacet
  facet normal -0 0 -1
    outer loop
      vertex 3.14797 16.6458 -7.62939e-07
      vertex 2.53717 16.4235 -7.62939e-07
      vertex 3.03613 16.9158 -7.62939e-07
    endloop
  endfacet
  facet normal 0 0 -1
    outer loop
      vertex 2.44703 16.6411 -7.62939e-07
      vertex 3.03613 16.9158 -7.62939e-07
      vertex 2.53717 16.4235 -7.62939e-07
    endloop
  endfacet
  facet normal -0 0 -1
    outer loop
      vertex 3.03613 16.9158 -7.62939e-07
      vertex 2.44703 16.6411 -7.62939e-07
      vertex 2.90119 17.175 -7.62939e-07
    endloop
  endfacet
  facet normal 0 0 -1
    outer loop
      vertex 2.33827 16.85 -7.62939e-07
      vertex 2.90119 17.175 -7.62939e-07
      vertex 2.44703 16.6411 -7.62939e-07
    endloop
  endfacet
  facet normal -0 0 -1
    outer loop
      vertex 2.90119 17.175 -7.62939e-07
      vertex 2.33827 16.85 -7.62939e-07
      vertex 2.74416 17.4215 -7.62939e-07
    endloop
  endfacet
  facet normal 0 0 -1
    outer loop
      vertex 2.21171 17.0487 -7.62939e-07
      vertex 2.74416 17.4215 -7.62939e-07
      vertex 2.33827 16.85 -7.62939e-07
    endloop
  endfacet
  facet normal -0 0 -1
    outer loop
      vertex 2.74416 17.4215 -7.62939e-07
      vertex 2.21171 17.0487 -7.62939e-07
      vertex 2.56625 17.6533 -7.62939e-07
    endloop
  endfacet
  facet normal 0 0 -1
    outer loop
      vertex 2.06832 17.2355 -7.62939e-07
      vertex 2.56625 17.6533 -7.62939e-07
      vertex 2.21171 17.0487 -7.62939e-07
    endloop
  endfacet
  facet normal -0 0 -1
    outer loop
      vertex 2.56625 17.6533 -7.62939e-07
      vertex 2.06832 17.2355 -7.62939e-07
      vertex 2.36881 17.8688 -7.62939e-07
    endloop
  endfacet
  facet normal 0 0 -1
    outer loop
      vertex 1.90919 17.4092 -7.62939e-07
      vertex 2.36881 17.8688 -7.62939e-07
      vertex 2.06832 17.2355 -7.62939e-07
    endloop
  endfacet
  facet normal -0 0 -1
    outer loop
      vertex 2.36881 17.8688 -7.62939e-07
      vertex 1.90919 17.4092 -7.62939e-07
      vertex 2.15334 18.0662 -7.62939e-07
    endloop
  endfacet
  facet normal 0 0 -1
    outer loop
      vertex 1.73553 17.5683 -7.62939e-07
      vertex 2.15334 18.0662 -7.62939e-07
      vertex 1.90919 17.4092 -7.62939e-07
    endloop
  endfacet
  facet normal -0 0 -1
    outer loop
      vertex 2.15334 18.0662 -7.62939e-07
      vertex 1.73553 17.5683 -7.62939e-07
      vertex 1.92148 18.2442 -7.62939e-07
    endloop
  endfacet
  facet normal 0 0 -1
    outer loop
      vertex 1.54866 17.7117 -7.62939e-07
      vertex 1.92148 18.2442 -7.62939e-07
      vertex 1.73553 17.5683 -7.62939e-07
    endloop
  endfacet
  facet normal -0 0 -1
    outer loop
      vertex 1.92148 18.2442 -7.62939e-07
      vertex 1.54866 17.7117 -7.62939e-07
      vertex 1.675 18.4012 -7.62939e-07
    endloop
  endfacet
  facet normal 0 0 -1
    outer loop
      vertex 1.35 17.8383 -7.62939e-07
      vertex 1.675 18.4012 -7.62939e-07
      vertex 1.54866 17.7117 -7.62939e-07
    endloop
  endfacet
  facet normal -0 0 -1
    outer loop
      vertex 1.675 18.4012 -7.62939e-07
      vertex 1.35 17.8383 -7.62939e-07
      vertex 1.41577 18.5361 -7.62939e-07
    endloop
  endfacet
  facet normal 0 0 -1
    outer loop
      vertex 1.14107 17.947 -7.62939e-07
      vertex 1.41577 18.5361 -7.62939e-07
      vertex 1.35 17.8383 -7.62939e-07
    endloop
  endfacet
  facet normal -0 0 -1
    outer loop
      vertex 1.41577 18.5361 -7.62939e-07
      vertex 1.14107 17.947 -7.62939e-07
      vertex 1.14577 18.648 -7.62939e-07
    endloop
  endfacet
  facet normal 0 0 -1
    outer loop
      vertex 0.923454 18.0372 -7.62939e-07
      vertex 1.14577 18.648 -7.62939e-07
      vertex 1.14107 17.947 -7.62939e-07
    endloop
  endfacet
  facet normal 0 0 -1
    outer loop
      vertex 0.923454 18.0372 -7.62939e-07
      vertex 0.867043 18.7359 -7.62939e-07
      vertex 1.14577 18.648 -7.62939e-07
    endloop
  endfacet
  facet normal 0 0 -1
    outer loop
      vertex 0.698811 18.108 -7.62939e-07
      vertex 0.867043 18.7359 -7.62939e-07
      vertex 0.923454 18.0372 -7.62939e-07
    endloop
  endfacet
  facet normal 0 0 -1
    outer loop
      vertex 0.698811 18.108 -7.62939e-07
      vertex 0.581721 18.7991 -7.62939e-07
      vertex 0.867043 18.7359 -7.62939e-07
    endloop
  endfacet
  facet normal 0 0 -1
    outer loop
      vertex 0.468849 18.159 -7.62939e-07
      vertex 0.581721 18.7991 -7.62939e-07
      vertex 0.698811 18.108 -7.62939e-07
    endloop
  endfacet
  facet normal 0 0 -1
    outer loop
      vertex 0.468849 18.159 -7.62939e-07
      vertex 0.291971 18.8373 -7.62939e-07
      vertex 0.581721 18.7991 -7.62939e-07
    endloop
  endfacet
  facet normal 0 0 -1
    outer loop
      vertex 0.23532 18.1897 -7.62939e-07
      vertex 0.291971 18.8373 -7.62939e-07
      vertex 0.468849 18.159 -7.62939e-07
    endloop
  endfacet
  facet normal 0 0 -1
    outer loop
      vertex 0 18.2 -7.62939e-07
      vertex 0.291971 18.8373 -7.62939e-07
      vertex 0.23532 18.1897 -7.62939e-07
    endloop
  endfacet
  facet normal 0 0 -1
    outer loop
      vertex 0 18.2 -7.62939e-07
      vertex 0 18.85 -7.62939e-07
      vertex 0.291971 18.8373 -7.62939e-07
    endloop
  endfacet
  facet normal 0 0 -1
    outer loop
      vertex -0.23532 18.1897 -7.62939e-07
      vertex 0 18.85 -7.62939e-07
      vertex 0 18.2 -7.62939e-07
    endloop
  endfacet
  facet normal 0 0 -1
    outer loop
      vertex -0.23532 18.1897 -7.62939e-07
      vertex -0.291971 18.8373 -7.62939e-07
      vertex 0 18.85 -7.62939e-07
    endloop
  endfacet
  facet normal 0 0 -1
    outer loop
      vertex -0.468849 18.159 -7.62939e-07
      vertex -0.291971 18.8373 -7.62939e-07
      vertex -0.23532 18.1897 -7.62939e-07
    endloop
  endfacet
  facet normal 0 0 -1
    outer loop
      vertex -0.468849 18.159 -7.62939e-07
      vertex -0.581721 18.7991 -7.62939e-07
      vertex -0.291971 18.8373 -7.62939e-07
    endloop
  endfacet
  facet normal 0 0 -1
    outer loop
      vertex -0.698811 18.108 -7.62939e-07
      vertex -0.581721 18.7991 -7.62939e-07
      vertex -0.468849 18.159 -7.62939e-07
    endloop
  endfacet
  facet normal 0 0 -1
    outer loop
      vertex -0.698811 18.108 -7.62939e-07
      vertex -0.867043 18.7359 -7.62939e-07
      vertex -0.581721 18.7991 -7.62939e-07
    endloop
  endfacet
  facet normal 0 0 -1
    outer loop
      vertex -0.923454 18.0372 -7.62939e-07
      vertex -0.867043 18.7359 -7.62939e-07
      vertex -0.698811 18.108 -7.62939e-07
    endloop
  endfacet
  facet normal 0 0 -1
    outer loop
      vertex -1.14577 18.648 -7.62939e-07
      vertex -0.923454 18.0372 -7.62939e-07
      vertex -1.14107 17.947 -7.62939e-07
    endloop
  endfacet
  facet normal 0 0 -1
    outer loop
      vertex -0.923454 18.0372 -7.62939e-07
      vertex -1.14577 18.648 -7.62939e-07
      vertex -0.867043 18.7359 -7.62939e-07
    endloop
  endfacet
  facet normal 0 0 -1
    outer loop
      vertex -1.41577 18.5361 -7.62939e-07
      vertex -1.14107 17.947 -7.62939e-07
      vertex -1.35 17.8383 -7.62939e-07
    endloop
  endfacet
  facet normal 0 0 -1
    outer loop
      vertex -1.14107 17.947 -7.62939e-07
      vertex -1.41577 18.5361 -7.62939e-07
      vertex -1.14577 18.648 -7.62939e-07
    endloop
  endfacet
  facet normal 0 0 -1
    outer loop
      vertex -1.675 18.4012 -7.62939e-07
      vertex -1.35 17.8383 -7.62939e-07
      vertex -1.54866 17.7117 -7.62939e-07
    endloop
  endfacet
  facet normal 0 0 -1
    outer loop
      vertex -1.35 17.8383 -7.62939e-07
      vertex -1.675 18.4012 -7.62939e-07
      vertex -1.41577 18.5361 -7.62939e-07
    endloop
  endfacet
  facet normal 0 0 -1
    outer loop
      vertex -1.92148 18.2442 -7.62939e-07
      vertex -1.54866 17.7117 -7.62939e-07
      vertex -1.73553 17.5683 -7.62939e-07
    endloop
  endfacet
  facet normal 0 0 -1
    outer loop
      vertex -2.15334 18.0662 -7.62939e-07
      vertex -1.73553 17.5683 -7.62939e-07
      vertex -1.90919 17.4092 -7.62939e-07
    endloop
  endfacet
  facet normal 0 0 -1
    outer loop
      vertex -1.54866 17.7117 -7.62939e-07
      vertex -1.92148 18.2442 -7.62939e-07
      vertex -1.675 18.4012 -7.62939e-07
    endloop
  endfacet
  facet normal 0 0 -1
    outer loop
      vertex -2.36881 17.8688 -7.62939e-07
      vertex -1.90919 17.4092 -7.62939e-07
      vertex -2.06832 17.2355 -7.62939e-07
    endloop
  endfacet
  facet normal 0 0 -1
    outer loop
      vertex -1.73553 17.5683 -7.62939e-07
      vertex -2.15334 18.0662 -7.62939e-07
      vertex -1.92148 18.2442 -7.62939e-07
    endloop
  endfacet
  facet normal 0 0 -1
    outer loop
      vertex -2.56625 17.6533 -7.62939e-07
      vertex -2.06832 17.2355 -7.62939e-07
      vertex -2.21171 17.0487 -7.62939e-07
    endloop
  endfacet
  facet normal 0 0 -1
    outer loop
      vertex -2.74416 17.4215 -7.62939e-07
      vertex -2.21171 17.0487 -7.62939e-07
      vertex -2.33827 16.85 -7.62939e-07
    endloop
  endfacet
  facet normal 0 0 -1
    outer loop
      vertex -1.90919 17.4092 -7.62939e-07
      vertex -2.36881 17.8688 -7.62939e-07
      vertex -2.15334 18.0662 -7.62939e-07
    endloop
  endfacet
  facet normal 0 0 -1
    outer loop
      vertex -2.90119 17.175 -7.62939e-07
      vertex -2.33827 16.85 -7.62939e-07
      vertex -2.44703 16.6411 -7.62939e-07
    endloop
  endfacet
  facet normal 0 0 -1
    outer loop
      vertex -3.03613 16.9158 -7.62939e-07
      vertex -2.44703 16.6411 -7.62939e-07
      vertex -2.53717 16.4235 -7.62939e-07
    endloop
  endfacet
  facet normal 0 0 -1
    outer loop
      vertex -2.06832 17.2355 -7.62939e-07
      vertex -2.56625 17.6533 -7.62939e-07
      vertex -2.36881 17.8688 -7.62939e-07
    endloop
  endfacet
  facet normal 0 0 -1
    outer loop
      vertex -3.14797 16.6458 -7.62939e-07
      vertex -2.53717 16.4235 -7.62939e-07
      vertex -2.608 16.1988 -7.62939e-07
    endloop
  endfacet
  facet normal 0 0 -1
    outer loop
      vertex -3.23585 16.367 -7.62939e-07
      vertex -2.608 16.1988 -7.62939e-07
      vertex -2.65898 15.9688 -7.62939e-07
    endloop
  endfacet
  facet normal 0 0 -1
    outer loop
      vertex -3.29911 16.0817 -7.62939e-07
      vertex -2.65898 15.9688 -7.62939e-07
      vertex -2.68972 15.7353 -7.62939e-07
    endloop
  endfacet
  facet normal 0 0 -1
    outer loop
      vertex -2.21171 17.0487 -7.62939e-07
      vertex -2.74416 17.4215 -7.62939e-07
      vertex -2.56625 17.6533 -7.62939e-07
    endloop
  endfacet
  facet normal 0 0 -1
    outer loop
      vertex -3.33725 15.792 -7.62939e-07
      vertex -2.68972 15.7353 -7.62939e-07
      vertex -2.7 15.5 -7.62939e-07
    endloop
  endfacet
  facet normal 0 0 -1
    outer loop
      vertex -3.23585 14.633 -7.62939e-07
      vertex -2.608 14.8012 -7.62939e-07
      vertex -3.14797 14.3542 -7.62939e-07
    endloop
  endfacet
  facet normal -0 0 -1
    outer loop
      vertex -2.608 14.8012 -7.62939e-07
      vertex -3.23585 14.633 -7.62939e-07
      vertex -2.65898 15.0311 -7.62939e-07
    endloop
  endfacet
  facet normal 0 0 -1
    outer loop
      vertex -2.33827 16.85 -7.62939e-07
      vertex -2.90119 17.175 -7.62939e-07
      vertex -2.74416 17.4215 -7.62939e-07
    endloop
  endfacet
  facet normal 0 0 -1
    outer loop
      vertex -3.29911 14.9183 -7.62939e-07
      vertex -2.65898 15.0311 -7.62939e-07
      vertex -3.23585 14.633 -7.62939e-07
    endloop
  endfacet
  facet normal 0 0 -1
    outer loop
      vertex -2.44703 16.6411 -7.62939e-07
      vertex -3.03613 16.9158 -7.62939e-07
      vertex -2.90119 17.175 -7.62939e-07
    endloop
  endfacet
  facet normal -0 0 -1
    outer loop
      vertex -2.65898 15.0311 -7.62939e-07
      vertex -3.29911 14.9183 -7.62939e-07
      vertex -2.68972 15.2647 -7.62939e-07
    endloop
  endfacet
  facet normal 0 0 -1
    outer loop
      vertex -2.53717 16.4235 -7.62939e-07
      vertex -3.14797 16.6458 -7.62939e-07
      vertex -3.03613 16.9158 -7.62939e-07
    endloop
  endfacet
  facet normal 0 0 -1
    outer loop
      vertex -3.33725 15.208 -7.62939e-07
      vertex -2.68972 15.2647 -7.62939e-07
      vertex -3.29911 14.9183 -7.62939e-07
    endloop
  endfacet
  facet normal 0 0 -1
    outer loop
      vertex -2.608 16.1988 -7.62939e-07
      vertex -3.23585 16.367 -7.62939e-07
      vertex -3.14797 16.6458 -7.62939e-07
    endloop
  endfacet
  facet normal -0 0 -1
    outer loop
      vertex -2.68972 15.2647 -7.62939e-07
      vertex -3.33725 15.208 -7.62939e-07
      vertex -2.7 15.5 -7.62939e-07
    endloop
  endfacet
  facet normal 0 0 -1
    outer loop
      vertex -2.65898 15.9688 -7.62939e-07
      vertex -3.29911 16.0817 -7.62939e-07
      vertex -3.23585 16.367 -7.62939e-07
    endloop
  endfacet
  facet normal 0 0 -1
    outer loop
      vertex -3.35 15.5 -7.62939e-07
      vertex -2.7 15.5 -7.62939e-07
      vertex -3.33725 15.208 -7.62939e-07
    endloop
  endfacet
  facet normal 0 0 -1
    outer loop
      vertex -2.68972 15.7353 -7.62939e-07
      vertex -3.33725 15.792 -7.62939e-07
      vertex -3.29911 16.0817 -7.62939e-07
    endloop
  endfacet
  facet normal 0 0 -1
    outer loop
      vertex -2.7 15.5 -7.62939e-07
      vertex -3.35 15.5 -7.62939e-07
      vertex -3.33725 15.792 -7.62939e-07
    endloop
  endfacet
  facet normal -0.608787 -0.793334 0
    outer loop
      vertex 1.54866 17.7117 -7.62939e-07
      vertex 1.73553 17.5683 1.7
      vertex 1.54866 17.7117 1.7
    endloop
  endfacet
  facet normal -0.608787 -0.793334 -0
    outer loop
      vertex 1.73553 17.5683 1.7
      vertex 1.54866 17.7117 -7.62939e-07
      vertex 1.73553 17.5683 -7.62939e-07
    endloop
  endfacet
  facet normal -0.991445 -0.130523 0
    outer loop
      vertex 2.68972 15.7353 -7.62939e-07
      vertex 2.65898 15.9688 1.7
      vertex 2.65898 15.9688 -7.62939e-07
    endloop
  endfacet
  facet normal -0.991445 -0.130523 0
    outer loop
      vertex 2.65898 15.9688 1.7
      vertex 2.68972 15.7353 -7.62939e-07
      vertex 2.68972 15.7353 1.7
    endloop
  endfacet
  facet normal -0.999047 -0.0436473 0
    outer loop
      vertex 2.7 15.5 -7.62939e-07
      vertex 2.68972 15.7353 1.7
      vertex 2.68972 15.7353 -7.62939e-07
    endloop
  endfacet
  facet normal -0.999047 -0.0436473 0
    outer loop
      vertex 2.68972 15.7353 1.7
      vertex 2.7 15.5 -7.62939e-07
      vertex 2.7 15.5 1.7
    endloop
  endfacet
  facet normal -0.976305 -0.2164 0
    outer loop
      vertex 2.65898 15.9688 -7.62939e-07
      vertex 2.608 16.1988 1.7
      vertex 2.608 16.1988 -7.62939e-07
    endloop
  endfacet
  facet normal -0.976305 -0.2164 0
    outer loop
      vertex 2.608 16.1988 1.7
      vertex 2.65898 15.9688 -7.62939e-07
      vertex 2.65898 15.9688 1.7
    endloop
  endfacet
  facet normal -0.0437283 -0.999043 0
    outer loop
      vertex 0 18.2 -7.62939e-07
      vertex 0.23532 18.1897 1.7
      vertex 0 18.2 1.7
    endloop
  endfacet
  facet normal -0.0437283 -0.999043 -0
    outer loop
      vertex 0.23532 18.1897 1.7
      vertex 0 18.2 -7.62939e-07
      vertex 0.23532 18.1897 -7.62939e-07
    endloop
  endfacet
  facet normal 0.216515 -0.976279 0
    outer loop
      vertex -0.698811 18.108 -7.62939e-07
      vertex -0.468849 18.159 1.7
      vertex -0.698811 18.108 1.7
    endloop
  endfacet
  facet normal 0.216515 -0.976279 0
    outer loop
      vertex -0.468849 18.159 1.7
      vertex -0.698811 18.108 -7.62939e-07
      vertex -0.468849 18.159 -7.62939e-07
    endloop
  endfacet
  facet normal -0.953738 0.300638 0
    outer loop
      vertex 2.53717 14.5765 -7.62939e-07
      vertex 2.608 14.8012 1.7
      vertex 2.608 14.8012 -7.62939e-07
    endloop
  endfacet
  facet normal -0.953738 0.300638 0
    outer loop
      vertex 2.608 14.8012 1.7
      vertex 2.53717 14.5765 -7.62939e-07
      vertex 2.53717 14.5765 1.7
    endloop
  endfacet
  facet normal -0.382903 -0.923789 0
    outer loop
      vertex 0.923454 18.0372 -7.62939e-07
      vertex 1.14107 17.947 1.7
      vertex 0.923454 18.0372 1.7
    endloop
  endfacet
  facet normal -0.382903 -0.923789 -0
    outer loop
      vertex 1.14107 17.947 1.7
      vertex 0.923454 18.0372 -7.62939e-07
      vertex 1.14107 17.947 -7.62939e-07
    endloop
  endfacet
  facet normal -0.999047 0.0436473 0
    outer loop
      vertex 2.68972 15.2647 -7.62939e-07
      vertex 2.7 15.5 1.7
      vertex 2.7 15.5 -7.62939e-07
    endloop
  endfacet
  facet normal -0.999047 0.0436473 0
    outer loop
      vertex 2.7 15.5 1.7
      vertex 2.68972 15.2647 -7.62939e-07
      vertex 2.68972 15.2647 1.7
    endloop
  endfacet
  facet normal -0.382903 0.923789 0
    outer loop
      vertex 1.14107 13.053 -7.62939e-07
      vertex 0.923454 12.9628 1.7
      vertex 1.14107 13.053 1.7
    endloop
  endfacet
  facet normal -0.382903 0.923789 0
    outer loop
      vertex 0.923454 12.9628 1.7
      vertex 1.14107 13.053 -7.62939e-07
      vertex 0.923454 12.9628 -7.62939e-07
    endloop
  endfacet
  facet normal -0.300591 0.953753 0
    outer loop
      vertex 0.923454 12.9628 -7.62939e-07
      vertex 0.698811 12.892 1.7
      vertex 0.923454 12.9628 1.7
    endloop
  endfacet
  facet normal -0.300591 0.953753 0
    outer loop
      vertex 0.698811 12.892 1.7
      vertex 0.923454 12.9628 -7.62939e-07
      vertex 0.698811 12.892 -7.62939e-07
    endloop
  endfacet
  facet normal 0.976305 -0.2164 0
    outer loop
      vertex -2.65898 15.9688 1.7
      vertex -2.608 16.1988 -7.62939e-07
      vertex -2.608 16.1988 1.7
    endloop
  endfacet
  facet normal 0.976305 -0.2164 0
    outer loop
      vertex -2.608 16.1988 -7.62939e-07
      vertex -2.65898 15.9688 1.7
      vertex -2.65898 15.9688 -7.62939e-07
    endloop
  endfacet
  facet normal -0.953738 -0.300638 0
    outer loop
      vertex 2.608 16.1988 -7.62939e-07
      vertex 2.53717 16.4235 1.7
      vertex 2.53717 16.4235 -7.62939e-07
    endloop
  endfacet
  facet normal -0.953738 -0.300638 0
    outer loop
      vertex 2.53717 16.4235 1.7
      vertex 2.608 16.1988 -7.62939e-07
      vertex 2.608 16.1988 1.7
    endloop
  endfacet
  facet normal 0.923869 0.382709 0
    outer loop
      vertex -2.44703 14.3589 1.7
      vertex -2.53717 14.5765 -7.62939e-07
      vertex -2.53717 14.5765 1.7
    endloop
  endfacet
  facet normal 0.923869 0.382709 0
    outer loop
      vertex -2.53717 14.5765 -7.62939e-07
      vertex -2.44703 14.3589 1.7
      vertex -2.44703 14.3589 -7.62939e-07
    endloop
  endfacet
  facet normal -0.537419 -0.843315 0
    outer loop
      vertex 1.35 17.8383 -7.62939e-07
      vertex 1.54866 17.7117 1.7
      vertex 1.35 17.8383 1.7
    endloop
  endfacet
  facet normal -0.537419 -0.843315 -0
    outer loop
      vertex 1.54866 17.7117 1.7
      vertex 1.35 17.8383 -7.62939e-07
      vertex 1.54866 17.7117 -7.62939e-07
    endloop
  endfacet
  facet normal 0.991445 -0.130523 0
    outer loop
      vertex -2.68972 15.7353 1.7
      vertex -2.65898 15.9688 -7.62939e-07
      vertex -2.65898 15.9688 1.7
    endloop
  endfacet
  facet normal 0.991445 -0.130523 0
    outer loop
      vertex -2.65898 15.9688 -7.62939e-07
      vertex -2.68972 15.7353 1.7
      vertex -2.68972 15.7353 -7.62939e-07
    endloop
  endfacet
  facet normal 0.675521 0.737341 -0
    outer loop
      vertex -1.73553 13.4317 -7.62939e-07
      vertex -1.90919 13.5908 1.7
      vertex -1.73553 13.4317 1.7
    endloop
  endfacet
  facet normal 0.675521 0.737341 0
    outer loop
      vertex -1.90919 13.5908 1.7
      vertex -1.73553 13.4317 -7.62939e-07
      vertex -1.90919 13.5908 -7.62939e-07
    endloop
  endfacet
  facet normal 0.537419 0.843315 -0
    outer loop
      vertex -1.35 13.1617 -7.62939e-07
      vertex -1.54866 13.2883 1.7
      vertex -1.35 13.1617 1.7
    endloop
  endfacet
  facet normal 0.537419 0.843315 0
    outer loop
      vertex -1.54866 13.2883 1.7
      vertex -1.35 13.1617 -7.62939e-07
      vertex -1.54866 13.2883 -7.62939e-07
    endloop
  endfacet
  facet normal 0.737355 0.675505 0
    outer loop
      vertex -1.90919 13.5908 1.7
      vertex -2.06832 13.7645 -7.62939e-07
      vertex -2.06832 13.7645 1.7
    endloop
  endfacet
  facet normal 0.737355 0.675505 0
    outer loop
      vertex -2.06832 13.7645 -7.62939e-07
      vertex -1.90919 13.5908 1.7
      vertex -1.90919 13.5908 -7.62939e-07
    endloop
  endfacet
  facet normal -0.461541 -0.887119 0
    outer loop
      vertex 1.14107 17.947 -7.62939e-07
      vertex 1.35 17.8383 1.7
      vertex 1.14107 17.947 1.7
    endloop
  endfacet
  facet normal -0.461541 -0.887119 -0
    outer loop
      vertex 1.35 17.8383 1.7
      vertex 1.14107 17.947 -7.62939e-07
      vertex 1.35 17.8383 -7.62939e-07
    endloop
  endfacet
  facet normal -0.608787 0.793334 0
    outer loop
      vertex 1.73553 13.4317 -7.62939e-07
      vertex 1.54866 13.2883 1.7
      vertex 1.73553 13.4317 1.7
    endloop
  endfacet
  facet normal -0.608787 0.793334 0
    outer loop
      vertex 1.54866 13.2883 1.7
      vertex 1.73553 13.4317 -7.62939e-07
      vertex 1.54866 13.2883 -7.62939e-07
    endloop
  endfacet
  facet normal -0.886987 0.461794 0
    outer loop
      vertex 2.33827 14.15 -7.62939e-07
      vertex 2.44703 14.3589 1.7
      vertex 2.44703 14.3589 -7.62939e-07
    endloop
  endfacet
  facet normal -0.886987 0.461794 0
    outer loop
      vertex 2.44703 14.3589 1.7
      vertex 2.33827 14.15 -7.62939e-07
      vertex 2.33827 14.15 1.7
    endloop
  endfacet
  facet normal 0.675521 -0.737341 0
    outer loop
      vertex -1.90919 17.4092 -7.62939e-07
      vertex -1.73553 17.5683 1.7
      vertex -1.90919 17.4092 1.7
    endloop
  endfacet
  facet normal 0.675521 -0.737341 0
    outer loop
      vertex -1.73553 17.5683 1.7
      vertex -1.90919 17.4092 -7.62939e-07
      vertex -1.73553 17.5683 -7.62939e-07
    endloop
  endfacet
  facet normal 0.991453 0.130468 0
    outer loop
      vertex -2.65898 15.0311 1.7
      vertex -2.68972 15.2647 -7.62939e-07
      vertex -2.68972 15.2647 1.7
    endloop
  endfacet
  facet normal 0.991453 0.130468 0
    outer loop
      vertex -2.68972 15.2647 -7.62939e-07
      vertex -2.65898 15.0311 1.7
      vertex -2.65898 15.0311 -7.62939e-07
    endloop
  endfacet
  facet normal 0.0437283 -0.999043 0
    outer loop
      vertex -0.23532 18.1897 -7.62939e-07
      vertex 0 18.2 1.7
      vertex -0.23532 18.1897 1.7
    endloop
  endfacet
  facet normal 0.0437283 -0.999043 0
    outer loop
      vertex 0 18.2 1.7
      vertex -0.23532 18.1897 -7.62939e-07
      vertex 0 18.2 -7.62939e-07
    endloop
  endfacet
  facet normal -0.886987 -0.461794 0
    outer loop
      vertex 2.44703 16.6411 -7.62939e-07
      vertex 2.33827 16.85 1.7
      vertex 2.33827 16.85 -7.62939e-07
    endloop
  endfacet
  facet normal -0.886987 -0.461794 0
    outer loop
      vertex 2.33827 16.85 1.7
      vertex 2.44703 16.6411 -7.62939e-07
      vertex 2.44703 16.6411 1.7
    endloop
  endfacet
  facet normal -0.793244 -0.608904 0
    outer loop
      vertex 2.21171 17.0487 -7.62939e-07
      vertex 2.06832 17.2355 1.7
      vertex 2.06832 17.2355 -7.62939e-07
    endloop
  endfacet
  facet normal -0.793244 -0.608904 0
    outer loop
      vertex 2.06832 17.2355 1.7
      vertex 2.21171 17.0487 -7.62939e-07
      vertex 2.21171 17.0487 1.7
    endloop
  endfacet
  facet normal 0.976285 0.21649 0
    outer loop
      vertex -2.608 14.8012 1.7
      vertex -2.65898 15.0311 -7.62939e-07
      vertex -2.65898 15.0311 1.7
    endloop
  endfacet
  facet normal 0.976285 0.21649 0
    outer loop
      vertex -2.65898 15.0311 -7.62939e-07
      vertex -2.608 14.8012 1.7
      vertex -2.608 14.8012 -7.62939e-07
    endloop
  endfacet
  facet normal -0.0437283 0.999043 0
    outer loop
      vertex 0.23532 12.8103 -7.62939e-07
      vertex 0 12.8 1.7
      vertex 0.23532 12.8103 1.7
    endloop
  endfacet
  facet normal -0.0437283 0.999043 0
    outer loop
      vertex 0 12.8 1.7
      vertex 0.23532 12.8103 -7.62939e-07
      vertex 0 12.8 -7.62939e-07
    endloop
  endfacet
  facet normal -0.991453 0.130468 0
    outer loop
      vertex 2.65898 15.0311 -7.62939e-07
      vertex 2.68972 15.2647 1.7
      vertex 2.68972 15.2647 -7.62939e-07
    endloop
  endfacet
  facet normal -0.991453 0.130468 0
    outer loop
      vertex 2.68972 15.2647 1.7
      vertex 2.65898 15.0311 -7.62939e-07
      vertex 2.65898 15.0311 1.7
    endloop
  endfacet
  facet normal -0.923869 0.382709 0
    outer loop
      vertex 2.44703 14.3589 -7.62939e-07
      vertex 2.53717 14.5765 1.7
      vertex 2.53717 14.5765 -7.62939e-07
    endloop
  endfacet
  facet normal -0.923869 0.382709 0
    outer loop
      vertex 2.53717 14.5765 1.7
      vertex 2.44703 14.3589 -7.62939e-07
      vertex 2.44703 14.3589 1.7
    endloop
  endfacet
  facet normal 0.300591 -0.953753 0
    outer loop
      vertex -0.923454 18.0372 -7.62939e-07
      vertex -0.698811 18.108 1.7
      vertex -0.923454 18.0372 1.7
    endloop
  endfacet
  facet normal 0.300591 -0.953753 0
    outer loop
      vertex -0.698811 18.108 1.7
      vertex -0.923454 18.0372 -7.62939e-07
      vertex -0.698811 18.108 -7.62939e-07
    endloop
  endfacet
  facet normal 0.843441 -0.537222 0
    outer loop
      vertex -2.33827 16.85 1.7
      vertex -2.21171 17.0487 -7.62939e-07
      vertex -2.21171 17.0487 1.7
    endloop
  endfacet
  facet normal 0.843441 -0.537222 0
    outer loop
      vertex -2.21171 17.0487 -7.62939e-07
      vertex -2.33827 16.85 1.7
      vertex -2.33827 16.85 -7.62939e-07
    endloop
  endfacet
  facet normal 0.793244 0.608904 0
    outer loop
      vertex -2.06832 13.7645 1.7
      vertex -2.21171 13.9513 -7.62939e-07
      vertex -2.21171 13.9513 1.7
    endloop
  endfacet
  facet normal 0.793244 0.608904 0
    outer loop
      vertex -2.21171 13.9513 -7.62939e-07
      vertex -2.06832 13.7645 1.7
      vertex -2.06832 13.7645 -7.62939e-07
    endloop
  endfacet
  facet normal 0.923869 -0.382709 0
    outer loop
      vertex -2.53717 16.4235 1.7
      vertex -2.44703 16.6411 -7.62939e-07
      vertex -2.44703 16.6411 1.7
    endloop
  endfacet
  facet normal 0.923869 -0.382709 0
    outer loop
      vertex -2.44703 16.6411 -7.62939e-07
      vertex -2.53717 16.4235 1.7
      vertex -2.53717 16.4235 -7.62939e-07
    endloop
  endfacet
  facet normal 0.461541 -0.887119 0
    outer loop
      vertex -1.35 17.8383 -7.62939e-07
      vertex -1.14107 17.947 1.7
      vertex -1.35 17.8383 1.7
    endloop
  endfacet
  facet normal 0.461541 -0.887119 0
    outer loop
      vertex -1.14107 17.947 1.7
      vertex -1.35 17.8383 -7.62939e-07
      vertex -1.14107 17.947 -7.62939e-07
    endloop
  endfacet
  facet normal -0.13034 -0.991469 0
    outer loop
      vertex 0.23532 18.1897 -7.62939e-07
      vertex 0.468849 18.159 1.7
      vertex 0.23532 18.1897 1.7
    endloop
  endfacet
  facet normal -0.13034 -0.991469 -0
    outer loop
      vertex 0.468849 18.159 1.7
      vertex 0.23532 18.1897 -7.62939e-07
      vertex 0.468849 18.159 -7.62939e-07
    endloop
  endfacet
  facet normal -0.793244 0.608904 0
    outer loop
      vertex 2.06832 13.7645 -7.62939e-07
      vertex 2.21171 13.9513 1.7
      vertex 2.21171 13.9513 -7.62939e-07
    endloop
  endfacet
  facet normal -0.793244 0.608904 0
    outer loop
      vertex 2.21171 13.9513 1.7
      vertex 2.06832 13.7645 -7.62939e-07
      vertex 2.06832 13.7645 1.7
    endloop
  endfacet
  facet normal -0.13034 0.991469 0
    outer loop
      vertex 0.468849 12.841 -7.62939e-07
      vertex 0.23532 12.8103 1.7
      vertex 0.468849 12.841 1.7
    endloop
  endfacet
  facet normal -0.13034 0.991469 0
    outer loop
      vertex 0.23532 12.8103 1.7
      vertex 0.468849 12.841 -7.62939e-07
      vertex 0.23532 12.8103 -7.62939e-07
    endloop
  endfacet
  facet normal 0.382903 -0.923789 0
    outer loop
      vertex -1.14107 17.947 -7.62939e-07
      vertex -0.923454 18.0372 1.7
      vertex -1.14107 17.947 1.7
    endloop
  endfacet
  facet normal 0.382903 -0.923789 0
    outer loop
      vertex -0.923454 18.0372 1.7
      vertex -1.14107 17.947 -7.62939e-07
      vertex -0.923454 18.0372 -7.62939e-07
    endloop
  endfacet
  facet normal -0.923869 -0.382709 0
    outer loop
      vertex 2.53717 16.4235 -7.62939e-07
      vertex 2.44703 16.6411 1.7
      vertex 2.44703 16.6411 -7.62939e-07
    endloop
  endfacet
  facet normal -0.923869 -0.382709 0
    outer loop
      vertex 2.44703 16.6411 1.7
      vertex 2.53717 16.4235 -7.62939e-07
      vertex 2.53717 16.4235 1.7
    endloop
  endfacet
  facet normal 0.999047 -0.0436473 0
    outer loop
      vertex -2.7 15.5 1.7
      vertex -2.68972 15.7353 -7.62939e-07
      vertex -2.68972 15.7353 1.7
    endloop
  endfacet
  facet normal 0.999047 -0.0436473 0
    outer loop
      vertex -2.68972 15.7353 -7.62939e-07
      vertex -2.7 15.5 1.7
      vertex -2.7 15.5 -7.62939e-07
    endloop
  endfacet
  facet normal -0.976285 0.21649 0
    outer loop
      vertex 2.608 14.8012 -7.62939e-07
      vertex 2.65898 15.0311 1.7
      vertex 2.65898 15.0311 -7.62939e-07
    endloop
  endfacet
  facet normal -0.976285 0.21649 0
    outer loop
      vertex 2.65898 15.0311 1.7
      vertex 2.608 14.8012 -7.62939e-07
      vertex 2.608 14.8012 1.7
    endloop
  endfacet
  facet normal 0.13034 0.991469 -0
    outer loop
      vertex -0.23532 12.8103 -7.62939e-07
      vertex -0.468849 12.841 1.7
      vertex -0.23532 12.8103 1.7
    endloop
  endfacet
  facet normal 0.13034 0.991469 0
    outer loop
      vertex -0.468849 12.841 1.7
      vertex -0.23532 12.8103 -7.62939e-07
      vertex -0.468849 12.841 -7.62939e-07
    endloop
  endfacet
  facet normal 0.216515 0.976279 -0
    outer loop
      vertex -0.468849 12.841 -7.62939e-07
      vertex -0.698811 12.892 1.7
      vertex -0.468849 12.841 1.7
    endloop
  endfacet
  facet normal 0.216515 0.976279 0
    outer loop
      vertex -0.698811 12.892 1.7
      vertex -0.468849 12.841 -7.62939e-07
      vertex -0.698811 12.892 -7.62939e-07
    endloop
  endfacet
  facet normal 0.13034 -0.991469 0
    outer loop
      vertex -0.468849 18.159 -7.62939e-07
      vertex -0.23532 18.1897 1.7
      vertex -0.468849 18.159 1.7
    endloop
  endfacet
  facet normal 0.13034 -0.991469 0
    outer loop
      vertex -0.23532 18.1897 1.7
      vertex -0.468849 18.159 -7.62939e-07
      vertex -0.23532 18.1897 -7.62939e-07
    endloop
  endfacet
  facet normal -0.216515 -0.976279 0
    outer loop
      vertex 0.468849 18.159 -7.62939e-07
      vertex 0.698811 18.108 1.7
      vertex 0.468849 18.159 1.7
    endloop
  endfacet
  facet normal -0.216515 -0.976279 -0
    outer loop
      vertex 0.698811 18.108 1.7
      vertex 0.468849 18.159 -7.62939e-07
      vertex 0.698811 18.108 -7.62939e-07
    endloop
  endfacet
  facet normal 0.953738 0.300638 0
    outer loop
      vertex -2.53717 14.5765 1.7
      vertex -2.608 14.8012 -7.62939e-07
      vertex -2.608 14.8012 1.7
    endloop
  endfacet
  facet normal 0.953738 0.300638 0
    outer loop
      vertex -2.608 14.8012 -7.62939e-07
      vertex -2.53717 14.5765 1.7
      vertex -2.53717 14.5765 -7.62939e-07
    endloop
  endfacet
  facet normal -0.216515 0.976279 0
    outer loop
      vertex 0.698811 12.892 -7.62939e-07
      vertex 0.468849 12.841 1.7
      vertex 0.698811 12.892 1.7
    endloop
  endfacet
  facet normal -0.216515 0.976279 0
    outer loop
      vertex 0.468849 12.841 1.7
      vertex 0.698811 12.892 -7.62939e-07
      vertex 0.468849 12.841 -7.62939e-07
    endloop
  endfacet
  facet normal 0.608787 0.793334 -0
    outer loop
      vertex -1.54866 13.2883 -7.62939e-07
      vertex -1.73553 13.4317 1.7
      vertex -1.54866 13.2883 1.7
    endloop
  endfacet
  facet normal 0.608787 0.793334 0
    outer loop
      vertex -1.73553 13.4317 1.7
      vertex -1.54866 13.2883 -7.62939e-07
      vertex -1.73553 13.4317 -7.62939e-07
    endloop
  endfacet
  facet normal 0.999047 0.0436473 0
    outer loop
      vertex -2.68972 15.2647 1.7
      vertex -2.7 15.5 -7.62939e-07
      vertex -2.7 15.5 1.7
    endloop
  endfacet
  facet normal 0.999047 0.0436473 0
    outer loop
      vertex -2.7 15.5 -7.62939e-07
      vertex -2.68972 15.2647 1.7
      vertex -2.68972 15.2647 -7.62939e-07
    endloop
  endfacet
  facet normal 0.737355 -0.675505 0
    outer loop
      vertex -2.06832 17.2355 1.7
      vertex -1.90919 17.4092 -7.62939e-07
      vertex -1.90919 17.4092 1.7
    endloop
  endfacet
  facet normal 0.737355 -0.675505 0
    outer loop
      vertex -1.90919 17.4092 -7.62939e-07
      vertex -2.06832 17.2355 1.7
      vertex -2.06832 17.2355 -7.62939e-07
    endloop
  endfacet
  facet normal 0.300591 0.953753 -0
    outer loop
      vertex -0.698811 12.892 -7.62939e-07
      vertex -0.923454 12.9628 1.7
      vertex -0.698811 12.892 1.7
    endloop
  endfacet
  facet normal 0.300591 0.953753 0
    outer loop
      vertex -0.923454 12.9628 1.7
      vertex -0.698811 12.892 -7.62939e-07
      vertex -0.923454 12.9628 -7.62939e-07
    endloop
  endfacet
  facet normal -0.300591 -0.953753 0
    outer loop
      vertex 0.698811 18.108 -7.62939e-07
      vertex 0.923454 18.0372 1.7
      vertex 0.698811 18.108 1.7
    endloop
  endfacet
  facet normal -0.300591 -0.953753 -0
    outer loop
      vertex 0.923454 18.0372 1.7
      vertex 0.698811 18.108 -7.62939e-07
      vertex 0.923454 18.0372 -7.62939e-07
    endloop
  endfacet
  facet normal -0.675521 0.737341 0
    outer loop
      vertex 1.90919 13.5908 -7.62939e-07
      vertex 1.73553 13.4317 1.7
      vertex 1.90919 13.5908 1.7
    endloop
  endfacet
  facet normal -0.675521 0.737341 0
    outer loop
      vertex 1.73553 13.4317 1.7
      vertex 1.90919 13.5908 -7.62939e-07
      vertex 1.73553 13.4317 -7.62939e-07
    endloop
  endfacet
  facet normal -0.843441 0.537222 0
    outer loop
      vertex 2.21171 13.9513 -7.62939e-07
      vertex 2.33827 14.15 1.7
      vertex 2.33827 14.15 -7.62939e-07
    endloop
  endfacet
  facet normal -0.843441 0.537222 0
    outer loop
      vertex 2.33827 14.15 1.7
      vertex 2.21171 13.9513 -7.62939e-07
      vertex 2.21171 13.9513 1.7
    endloop
  endfacet
  facet normal -0.737355 -0.675505 0
    outer loop
      vertex 2.06832 17.2355 -7.62939e-07
      vertex 1.90919 17.4092 1.7
      vertex 1.90919 17.4092 -7.62939e-07
    endloop
  endfacet
  facet normal -0.737355 -0.675505 0
    outer loop
      vertex 1.90919 17.4092 1.7
      vertex 2.06832 17.2355 -7.62939e-07
      vertex 2.06832 17.2355 1.7
    endloop
  endfacet
  facet normal -0.675521 -0.737341 0
    outer loop
      vertex 1.73553 17.5683 -7.62939e-07
      vertex 1.90919 17.4092 1.7
      vertex 1.73553 17.5683 1.7
    endloop
  endfacet
  facet normal -0.675521 -0.737341 -0
    outer loop
      vertex 1.90919 17.4092 1.7
      vertex 1.73553 17.5683 -7.62939e-07
      vertex 1.90919 17.4092 -7.62939e-07
    endloop
  endfacet
  facet normal 0.608787 -0.793334 0
    outer loop
      vertex -1.73553 17.5683 -7.62939e-07
      vertex -1.54866 17.7117 1.7
      vertex -1.73553 17.5683 1.7
    endloop
  endfacet
  facet normal 0.608787 -0.793334 0
    outer loop
      vertex -1.54866 17.7117 1.7
      vertex -1.73553 17.5683 -7.62939e-07
      vertex -1.54866 17.7117 -7.62939e-07
    endloop
  endfacet
  facet normal 0.953738 -0.300638 0
    outer loop
      vertex -2.608 16.1988 1.7
      vertex -2.53717 16.4235 -7.62939e-07
      vertex -2.53717 16.4235 1.7
    endloop
  endfacet
  facet normal 0.953738 -0.300638 0
    outer loop
      vertex -2.53717 16.4235 -7.62939e-07
      vertex -2.608 16.1988 1.7
      vertex -2.608 16.1988 -7.62939e-07
    endloop
  endfacet
  facet normal -0.843441 -0.537222 0
    outer loop
      vertex 2.33827 16.85 -7.62939e-07
      vertex 2.21171 17.0487 1.7
      vertex 2.21171 17.0487 -7.62939e-07
    endloop
  endfacet
  facet normal -0.843441 -0.537222 0
    outer loop
      vertex 2.21171 17.0487 1.7
      vertex 2.33827 16.85 -7.62939e-07
      vertex 2.33827 16.85 1.7
    endloop
  endfacet
  facet normal 0.843441 0.537222 0
    outer loop
      vertex -2.21171 13.9513 1.7
      vertex -2.33827 14.15 -7.62939e-07
      vertex -2.33827 14.15 1.7
    endloop
  endfacet
  facet normal 0.843441 0.537222 0
    outer loop
      vertex -2.33827 14.15 -7.62939e-07
      vertex -2.21171 13.9513 1.7
      vertex -2.21171 13.9513 -7.62939e-07
    endloop
  endfacet
  facet normal 0.0437283 0.999043 -0
    outer loop
      vertex 0 12.8 -7.62939e-07
      vertex -0.23532 12.8103 1.7
      vertex 0 12.8 1.7
    endloop
  endfacet
  facet normal 0.0437283 0.999043 0
    outer loop
      vertex -0.23532 12.8103 1.7
      vertex 0 12.8 -7.62939e-07
      vertex -0.23532 12.8103 -7.62939e-07
    endloop
  endfacet
  facet normal 0.793244 -0.608904 0
    outer loop
      vertex -2.21171 17.0487 1.7
      vertex -2.06832 17.2355 -7.62939e-07
      vertex -2.06832 17.2355 1.7
    endloop
  endfacet
  facet normal 0.793244 -0.608904 0
    outer loop
      vertex -2.06832 17.2355 -7.62939e-07
      vertex -2.21171 17.0487 1.7
      vertex -2.21171 17.0487 -7.62939e-07
    endloop
  endfacet
  facet normal -0.737355 0.675505 0
    outer loop
      vertex 1.90919 13.5908 -7.62939e-07
      vertex 2.06832 13.7645 1.7
      vertex 2.06832 13.7645 -7.62939e-07
    endloop
  endfacet
  facet normal -0.737355 0.675505 0
    outer loop
      vertex 2.06832 13.7645 1.7
      vertex 1.90919 13.5908 -7.62939e-07
      vertex 1.90919 13.5908 1.7
    endloop
  endfacet
  facet normal 0.886987 -0.461794 0
    outer loop
      vertex -2.44703 16.6411 1.7
      vertex -2.33827 16.85 -7.62939e-07
      vertex -2.33827 16.85 1.7
    endloop
  endfacet
  facet normal 0.886987 -0.461794 0
    outer loop
      vertex -2.33827 16.85 -7.62939e-07
      vertex -2.44703 16.6411 1.7
      vertex -2.44703 16.6411 -7.62939e-07
    endloop
  endfacet
  facet normal -0.537419 0.843315 0
    outer loop
      vertex 1.54866 13.2883 -7.62939e-07
      vertex 1.35 13.1617 1.7
      vertex 1.54866 13.2883 1.7
    endloop
  endfacet
  facet normal -0.537419 0.843315 0
    outer loop
      vertex 1.35 13.1617 1.7
      vertex 1.54866 13.2883 -7.62939e-07
      vertex 1.35 13.1617 -7.62939e-07
    endloop
  endfacet
  facet normal -0.461541 0.887119 0
    outer loop
      vertex 1.35 13.1617 -7.62939e-07
      vertex 1.14107 13.053 1.7
      vertex 1.35 13.1617 1.7
    endloop
  endfacet
  facet normal -0.461541 0.887119 0
    outer loop
      vertex 1.14107 13.053 1.7
      vertex 1.35 13.1617 -7.62939e-07
      vertex 1.14107 13.053 -7.62939e-07
    endloop
  endfacet
  facet normal 0.382903 0.923789 -0
    outer loop
      vertex -0.923454 12.9628 -7.62939e-07
      vertex -1.14107 13.053 1.7
      vertex -0.923454 12.9628 1.7
    endloop
  endfacet
  facet normal 0.382903 0.923789 0
    outer loop
      vertex -1.14107 13.053 1.7
      vertex -0.923454 12.9628 -7.62939e-07
      vertex -1.14107 13.053 -7.62939e-07
    endloop
  endfacet
  facet normal 0.886987 0.461794 0
    outer loop
      vertex -2.33827 14.15 1.7
      vertex -2.44703 14.3589 -7.62939e-07
      vertex -2.44703 14.3589 1.7
    endloop
  endfacet
  facet normal 0.886987 0.461794 0
    outer loop
      vertex -2.44703 14.3589 -7.62939e-07
      vertex -2.33827 14.15 1.7
      vertex -2.33827 14.15 -7.62939e-07
    endloop
  endfacet
  facet normal 0.537419 -0.843315 0
    outer loop
      vertex -1.54866 17.7117 -7.62939e-07
      vertex -1.35 17.8383 1.7
      vertex -1.54866 17.7117 1.7
    endloop
  endfacet
  facet normal 0.537419 -0.843315 0
    outer loop
      vertex -1.35 17.8383 1.7
      vertex -1.54866 17.7117 -7.62939e-07
      vertex -1.35 17.8383 -7.62939e-07
    endloop
  endfacet
  facet normal 0.461541 0.887119 -0
    outer loop
      vertex -1.14107 13.053 -7.62939e-07
      vertex -1.35 13.1617 1.7
      vertex -1.14107 13.053 1.7
    endloop
  endfacet
  facet normal 0.461541 0.887119 0
    outer loop
      vertex -1.35 13.1617 1.7
      vertex -1.14107 13.053 -7.62939e-07
      vertex -1.35 13.1617 -7.62939e-07
    endloop
  endfacet
endsolid OpenSCAD_Model
